Hours_Studied_Transformed,Attendance_Transformed,Parental_Involvement_Transformed,Access_to_Resources_Transformed,Extracurricular_Activities_Transformed,Sleep_Hours_Transformed,Previous_Scores_Transformed,Motivation_Level_Transformed,Internet_Access_Transformed,Tutoring_Sessions_Transformed,Family_Income_Transformed,Teacher_Quality_Transformed,School_Type_Transformed,Peer_Influence_Transformed,Physical_Activity_Transformed,Learning_Disabilities_Transformed,Parental_Education_Level_Transformed,Distance_from_Home_Transformed,Gender_Transformed,Exam_Score_Transformed
0.5117,0.6,0.0,1.0,0,0.5,0.46,0.0,1,0.0,0.0,0.5,1,1.0,0.5,0,0.0,0.0,1,0.2666
0.4187,0.1,0.0,0.5,0,0.6665,0.18,0.0,1,0.25,0.5,0.5,1,-1.0,0.6665,0,0.5,0.5,0,0.1333
0.5347,0.95,0.5,0.5,1,0.5,0.82,0.5,1,0.25,0.5,0.5,1,0.0,0.6665,0,1.0,0.0,1,0.422
0.6514,0.725,0.0,0.5,1,0.6665,0.96,0.5,1,0.125,0.5,0.5,1,-1.0,0.6665,0,0.0,0.5,1,0.3555
0.4187,0.8,0.5,0.5,1,0.3333,0.3,0.5,1,0.375,0.5,1.0,1,0.0,0.6665,0,0.5,0.0,0,0.3333
0.4187,0.7,0.5,0.5,1,0.6665,0.78,0.5,1,0.375,0.5,0.5,1,1.0,0.5,0,1.0,0.0,1,0.3555
0.6514,0.6,0.5,0.0,1,0.5,0.36,0.0,1,0.125,0.0,0.5,0,0.0,0.3333,0,0.0,0.5,1,0.2666
0.558,0.45,0.0,1.0,1,0.3333,0.0,0.5,1,0.125,1.0,1.0,1,-1.0,0.3333,0,0.0,1.0,1,0.2444
0.372,0.85,0.5,1.0,0,0.3333,0.6,1.0,1,0.0,0.5,0.0,0,0.0,0.1666,0,0.5,0.0,1,0.311
0.5117,0.95,0.5,0.5,1,0.6665,0.42,0.5,1,0.0,1.0,1.0,1,1.0,0.8335,0,0.0,0.5,1,0.3777
0.372,0.5,0.0,1.0,0,0.6665,0.76,0.5,0,0.5,0.5,1.0,0,0.0,0.6665,0,0.5,0.5,1,0.2888
0.372,0.925,0.5,1.0,1,0.3333,0.74,0.0,1,0.25,0.0,1.0,0,0.0,0.3333,0,0.0,0.0,1,0.3555
0.465,0.575,0.5,0.5,1,0.6665,0.94,0.0,1,0.25,0.5,0.5,1,1.0,0.6665,0,0.0,0.0,1,0.3333
0.186,0.55,0.5,0.5,1,0.6665,0.44,0.5,1,0.25,0.5,0.5,0,1.0,0.5,0,1.0,0.0,1,0.2444
0.2094,0.45,0.5,1.0,1,0.6665,0.48,0.5,1,0.125,0.0,0.5,0,0.0,0.6665,0,1.0,0.0,1,0.2222
0.372,0.2,0.5,0.5,0,0.6665,0.4,0.5,1,0.25,0.5,0.5,0,1.0,0.6665,0,0.0,0.0,0,0.2
0.3022,0.0,0.5,0.0,1,1.0,0.3,0.0,1,0.0,1.0,0.5,0,1.0,0.5,0,0.5,0.0,1,0.1111
0.4883,0.25,0.0,0.5,1,0.3333,0.64,0.5,1,0.125,0.0,1.0,1,0.0,0.5,0,0.0,0.0,0,0.2222
0.3257,0.5,0.5,0.5,1,0.8335,0.82,0.0,1,0.375,0.0,0.5,1,1.0,0.3333,0,0.5,0.5,0,0.2666
0.2559,0.375,0.5,1.0,1,0.5,0.16,0.5,1,0.375,0.5,0.5,0,1.0,0.6665,0,0.5,0.0,1,0.2444
0.6514,0.45,0.5,0.5,0,0.1666,0.98,1.0,1,0.0,1.0,0.5,1,-1.0,0.1666,0,0.0,0.5,0,0.311
0.4187,0.975,0.5,1.0,0,0.3333,0.68,0.5,1,0.125,0.5,1.0,1,0.0,0.5,0,0.0,0.0,1,0.3777
0.442,0.35,0.5,1.0,0,0.6665,0.78,0.0,1,0.125,0.5,0.5,1,-1.0,0.3333,0,0.5,0.5,0,0.2444
0.2325,0.45,1.0,0.5,1,0.6665,1.0,1.0,1,0.125,0.0,0.5,1,0.0,0.5,0,0.0,0.5,1,0.2444
0.372,0.125,0.0,1.0,1,0.1666,0.5,0.5,1,0.25,0.0,0.5,1,1.0,0.5,0,0.0,0.0,0,0.1777
0.465,0.05,1.0,0.0,1,0.3333,0.08,1.0,1,0.0,1.0,1.0,1,1.0,0.5,0,1.0,1.0,1,0.2
0.279,0.775,0.0,0.5,0,0.3333,0.8,0.5,1,0.125,1.0,0.5,1,-1.0,0.3333,1,0.0,0.5,0,0.2222
0.4883,0.575,1.0,1.0,1,0.3333,0.88,0.5,1,0.0,1.0,0.5,1,0.0,0.3333,0,0.5,0.5,1,0.3555
0.3489,0.75,0.5,0.5,0,0.0,0.16,0.5,1,0.125,0.0,0.5,1,0.0,0.5,0,0.0,0.5,0,0.2444
0.3953,0.15,1.0,1.0,0,0.0,0.02,0.0,1,0.25,0.0,0.5,0,0.0,0.3333,0,0.5,0.0,1,0.2
0.3489,0.575,0.0,0.5,0,0.3333,0.14,0.5,1,0.0,1.0,0.0,1,1.0,0.6665,1,0.0,0.0,0,0.1777
0.6978,0.25,0.5,1.0,1,0.5,0.32,0.5,1,0.125,1.0,0.5,1,-1.0,0.5,0,0.5,0.0,1,0.311
0.442,0.225,0.5,0.5,1,0.6665,0.92,0.5,1,0.25,0.5,1.0,1,1.0,0.5,0,0.0,0.0,1,0.2666
0.3022,0.0,1.0,0.5,0,0.1666,0.0,0.5,1,0.25,0.5,0.5,1,0.0,0.5,0,0.5,0.0,0,0.1333
0.558,0.125,1.0,0.5,0,0.1666,0.8,0.5,1,0.25,0.5,0.5,1,1.0,0.5,0,0.5,0.5,0,0.2888
0.279,0.3,0.0,0.5,0,0.3333,0.86,0.0,1,0.125,0.0,0.5,1,-1.0,0.5,0,0.0,0.0,1,0.1333
0.465,0.125,0.5,0.0,1,0.5,0.82,0.0,1,0.25,0.5,1.0,1,1.0,0.5,0,0.0,1.0,0,0.2
0.1628,0.975,0.5,0.5,0,0.8335,0.08,0.0,1,0.25,0.0,0.5,1,0.0,0.8335,0,1.0,0.0,0,0.2666
0.2559,0.3,0.0,0.5,1,0.6665,0.68,0.5,1,0.125,0.0,0.5,1,1.0,0.8335,0,0.0,0.0,0,0.1777
0.465,0.125,0.0,0.5,1,0.3333,0.96,0.0,1,0.125,0.5,1.0,1,-1.0,0.6665,0,0.0,0.0,1,0.2
0.5347,0.2,1.0,0.5,0,0.6665,0.12,0.0,1,0.375,1.0,1.0,1,0.0,0.1666,0,0.5,0.0,1,0.2666
0.465,0.6,0.5,0.5,1,0.3333,0.04,0.0,1,0.125,0.5,1.0,1,0.0,0.3333,1,0.5,1.0,0,0.2222
0.4187,0.075,0.0,1.0,0,0.5,0.88,0.5,1,0.125,0.5,0.5,0,1.0,0.5,0,0.0,0.5,1,0.2
0.3953,0.85,0.5,1.0,1,0.5,0.64,0.5,1,0.375,0.5,0.5,0,-1.0,0.3333,1,0.5,0.0,1,0.3333
0.2325,0.95,0.5,0.5,1,0.8335,0.64,0.0,1,0.125,0.5,0.5,0,1.0,0.5,0,1.0,1.0,1,0.2888
0.3489,0.25,0.5,0.5,1,0.6665,0.96,0.5,1,0.25,0.5,0.5,1,1.0,0.5,0,0.0,0.5,1,0.2222
0.372,0.45,0.5,0.5,1,0.3333,0.76,0.5,1,0.125,0.5,1.0,0,1.0,0.5,0,0.5,0.0,0,0.2888
0.5815,0.025,0.5,0.0,1,0.3333,0.4,0.5,1,0.25,0.0,0.5,1,1.0,0.5,0,0.0,0.5,0,0.2
0.4883,0.65,0.0,0.5,1,0.5,0.44,0.0,1,0.375,0.0,1.0,1,1.0,0.3333,0,0.0,0.5,1,0.2888
0.186,0.425,0.5,0.5,0,0.1666,0.14,0.5,1,0.25,0.5,1.0,1,0.0,0.5,0,0.0,0.0,1,0.1777
0.4883,0.275,0.0,0.5,1,0.5,0.3,0.0,1,0.125,0.5,0.0,1,1.0,0.6665,0,0.5,0.5,1,0.2
0.3953,0.2,1.0,0.5,0,0.5,0.44,0.5,1,0.0,0.5,0.5,1,0.0,0.5,0,0.5,0.0,1,0.2
0.3489,0.65,0.0,0.5,1,0.6665,0.26,0.5,1,0.25,0.5,0.5,1,1.0,0.6665,0,0.0,0.0,1,0.2666
0.5347,0.425,1.0,0.0,0,0.6665,0.92,0.5,1,0.0,0.5,0.5,1,0.0,0.5,0,0.0,0.0,0,0.2666
0.5815,0.175,0.5,1.0,1,0.5,0.02,0.0,1,0.25,1.0,1.0,0,0.0,0.6665,1,1.0,1.0,0,0.2444
0.5815,0.7,0.5,1.0,1,0.1666,0.58,0.5,1,0.125,0.0,1.0,0,1.0,0.6665,0,0.5,0.5,1,0.3777
0.3257,0.575,0.5,1.0,0,0.1666,0.78,0.0,0,0.125,0.5,1.0,1,0.0,0.3333,1,0.0,0.0,0,0.2222
0.3953,0.85,0.5,0.5,1,0.3333,0.74,1.0,1,0.125,0.5,0.5,1,1.0,0.6665,0,0.0,0.0,1,0.3555
0.4883,0.125,1.0,0.0,0,0.6665,0.64,0.5,1,0.25,0.5,1.0,1,1.0,0.1666,0,1.0,0.0,0,0.2444
0.5815,0.775,0.5,0.0,1,0.6665,0.42,0.5,1,0.0,0.0,0.5,0,0.0,0.5,0,0.0,0.5,1,0.2888
0.372,0.675,0.5,0.5,0,0.5,0.92,0.5,1,0.125,1.0,0.5,1,-1.0,0.8335,0,1.0,0.0,0,0.3333
0.4187,0.125,0.5,0.5,1,1.0,0.32,0.0,1,0.0,0.0,0.5,1,1.0,0.5,0,0.0,0.5,1,0.1555
0.279,0.7,0.0,1.0,1,0.8335,0.76,1.0,1,0.25,0.0,1.0,0,-1.0,0.6665,0,1.0,1.0,1,0.2888
0.279,0.45,0.5,1.0,1,0.8335,0.92,1.0,1,0.25,0.0,0.5,1,0.0,0.5,0,0.5,0.5,1,0.2666
0.558,0.95,0.0,1.0,1,0.6665,0.12,0.5,0,0.0,0.5,1.0,0,0.0,0.5,0,1.0,0.0,1,0.3555
0.628,0.15,0.5,1.0,1,0.6665,0.94,0.5,1,0.0,0.5,0.5,1,0.0,0.3333,0,0.0,0.0,1,0.2888
0.442,0.65,0.5,0.5,1,0.6665,0.78,0.5,1,0.125,0.0,0.5,1,-1.0,0.5,0,1.0,0.0,1,0.311
0.5815,0.375,0.0,1.0,1,0.0,0.62,1.0,1,0.375,0.5,1.0,0,1.0,0.3333,0,0.0,0.5,1,0.3333
0.4883,0.95,0.5,1.0,0,0.1666,0.38,0.0,0,0.125,0.0,1.0,1,-1.0,0.6665,0,0.0,0.5,0,0.311
0.3489,0.325,0.5,0.5,0,0.5,0.9,0.5,1,0.125,0.0,0.5,1,-1.0,0.6665,0,0.5,0.0,1,0.2222
0.4883,0.95,0.5,0.0,1,0.5,0.04,0.5,0,0.375,0.5,0.5,1,1.0,0.5,0,0.5,0.0,0,0.3333
0.6514,0.9,0.5,0.0,1,0.5,0.44,0.5,1,0.125,0.0,0.5,1,1.0,0.5,0,0.0,0.5,1,0.3555
0.442,0.275,0.5,0.5,1,0.5,0.76,0.5,1,0.125,0.0,0.0,1,0.0,0.6665,0,0.5,0.0,0,0.2222
0.6514,0.8,0.0,0.5,0,0.0,0.82,0.5,1,0.25,0.5,0.5,1,-1.0,0.1666,0,1.0,0.0,0,0.3777
0.06976,1.0,1.0,1.0,1,0.6665,0.2,1.0,1,0.0,0.5,1.0,0,1.0,0.6665,0,0.5,0.5,1,0.311
0.558,0.25,0.5,0.5,0,0.5,0.04,0.5,1,0.125,0.5,0.5,1,1.0,0.5,0,1.0,0.0,0,0.2444
0.465,0.425,0.0,0.5,1,0.5,0.8,0.5,1,0.5,0.5,0.5,0,0.0,0.5,0,1.0,0.5,1,0.2888
0.3953,0.525,1.0,0.0,1,0.6665,0.42,0.5,1,0.0,0.5,0.5,1,0.0,0.5,0,0.0,0.5,0,0.2222
0.465,0.3,0.5,0.5,1,0.1666,0.14,0.5,1,0.125,1.0,0.5,1,0.0,0.8335,1,0.5,0.5,1,0.2
0.1628,0.025,0.5,0.5,1,0.5,0.08,0.5,1,0.125,1.0,0.5,1,1.0,0.5,0,0.5,0.0,1,0.1111
0.4187,0.225,0.5,1.0,1,0.5,0.64,1.0,1,0.125,0.0,0.5,1,-1.0,0.3333,0,0.0,0.0,1,0.2222
0.4883,0.275,1.0,0.5,0,0.3333,0.58,1.0,1,0.125,0.0,0.0,1,1.0,0.5,0,0.0,0.0,1,0.2444
0.6514,0.45,1.0,1.0,1,0.0,0.86,0.0,1,0.625,0.5,1.0,1,0.0,0.5,0,0.5,0.0,1,0.422
0.372,0.175,0.5,0.5,1,0.1666,0.04,1.0,1,0.25,0.5,0.5,0,-1.0,0.5,0,0.0,1.0,0,0.1555
0.3257,0.875,0.5,0.5,0,0.5,0.86,0.5,1,0.25,0.0,0.5,1,1.0,0.6665,0,0.5,0.5,1,0.3333
0.372,0.7,0.5,1.0,1,0.5,0.88,0.0,1,0.0,0.5,0.5,1,0.0,0.5,0,0.0,0.0,1,0.311
0.558,0.075,0.5,1.0,1,0.5,0.44,0.5,1,0.375,0.5,1.0,0,-1.0,0.6665,0,0.5,1.0,1,0.2666
0.4883,0.65,0.0,0.0,0,0.3333,0.08,0.5,1,0.25,0.5,0.5,1,0.0,0.0,0,0.0,0.5,1,0.2
0.372,0.65,0.5,1.0,0,0.1666,0.94,1.0,1,0.375,1.0,0.5,1,0.0,0.5,0,0.5,0.0,1,0.3555
0.5117,0.95,0.5,0.0,1,0.5,0.08,0.0,1,0.0,0.5,0.5,1,-1.0,0.5,0,0.5,0.0,0,0.2888
0.465,0.0,1.0,0.5,0,0.5,0.6,0.5,1,0.0,0.5,1.0,1,0.0,0.6665,1,0.5,0.0,1,0.2
0.5815,0.25,0.5,0.0,1,0.6665,0.5,0.5,1,0.125,0.5,0.0,0,0.0,0.6665,1,0.0,1.0,0,0.1777
0.3489,0.925,0.5,0.5,1,0.3333,0.84,0.0,1,0.0,1.0,0.5,0,1.0,0.6665,0,0.5,0.0,1,0.3555
0.3953,0.925,1.0,0.5,1,0.0,0.5,0.0,1,0.0,0.0,0.5,1,1.0,0.5,0,0.0,0.5,1,0.311
0.3953,0.725,1.0,0.5,1,0.0,0.46,0.5,1,0.375,1.0,0.5,0,1.0,0.3333,0,0.5,0.0,0,1.0
0.2325,0.775,0.5,0.5,0,0.3333,0.88,0.5,1,0.375,0.5,0.5,1,0.0,0.5,0,0.5,0.5,1,0.2888
0.4883,0.1,0.0,0.5,0,0.5,0.96,0.0,0,0.125,0.5,0.5,1,-1.0,0.5,0,0.0,0.0,1,0.1555
0.4883,0.525,0.5,0.5,1,0.5,0.54,0.0,1,0.25,0.5,0.5,1,1.0,0.5,0,1.0,1.0,0,0.2888
0.442,0.225,1.0,1.0,1,0.3333,0.46,0.5,1,0.25,0.0,0.5,0,1.0,0.5,0,0.0,1.0,1,0.2444
0.4187,0.175,0.0,0.5,0,0.1666,0.84,1.0,1,0.0,0.5,0.5,1,1.0,0.5,0,0.5,0.0,1,0.2
0.2559,0.8,0.5,0.5,0,0.0,0.84,1.0,1,0.25,0.5,1.0,1,0.0,0.5,1,0.0,0.5,1,0.2666
0.372,0.125,0.5,1.0,1,0.6665,0.32,0.5,1,0.125,1.0,1.0,1,0.0,0.6665,1,1.0,0.5,0,0.2222
0.3953,0.475,0.5,0.5,1,0.5,0.58,0.5,1,0.0,0.0,1.0,0,0.0,0.5,0,0.5,1.0,1,0.2222
0.3257,0.95,1.0,0.5,0,0.3333,0.16,1.0,1,0.0,0.0,1.0,1,1.0,0.5,0,0.5,0.0,1,0.311
0.4187,0.175,0.5,0.5,0,0.1666,0.64,1.0,1,0.125,0.0,0.0,0,-1.0,0.5,0,0.0,0.0,1,0.1777
0.4883,0.975,0.5,0.0,1,0.3333,0.84,0.0,1,0.375,0.5,0.5,1,-1.0,0.6665,0,1.0,0.5,1,0.3777
0.6978,1.0,0.5,0.5,0,0.5,0.18,0.5,1,0.25,1.0,1.0,1,1.0,0.8335,0,1.0,0.5,1,0.4666
0.465,0.55,0.5,1.0,1,0.5,0.32,1.0,1,0.375,0.0,0.5,1,1.0,0.5,1,0.5,0.0,0,0.311
0.4883,0.175,0.5,0.5,1,0.5,0.44,1.0,1,0.375,0.0,1.0,1,1.0,0.3333,0,1.0,0.5,0,0.2666
0.442,0.325,1.0,0.5,1,0.8335,0.84,0.5,1,0.25,0.5,1.0,1,1.0,0.5,0,0.5,0.0,1,0.311
0.1628,0.425,1.0,0.5,1,0.3333,0.74,0.5,1,0.0,0.0,0.5,1,0.0,0.3333,0,0.0,0.5,1,0.1777
0.442,0.3,0.5,0.5,0,0.8335,0.32,0.5,1,0.375,0.0,1.0,0,1.0,0.5,0,1.0,0.0,1,0.2666
0.442,0.275,0.0,1.0,1,0.5,0.24,1.0,1,0.25,0.5,0.5,1,-1.0,0.8335,0,0.5,0.0,1,0.2444
0.7905,0.975,1.0,1.0,1,0.5,0.7,0.0,1,0.25,0.5,1.0,0,0.0,0.3333,0,1.0,0.0,0,0.533
0.4187,0.15,0.5,0.5,0,0.6665,0.48,0.5,1,0.125,1.0,0.5,1,0.0,0.5,0,0.0,0.0,0,0.2
0.4883,0.725,1.0,1.0,1,0.3333,0.6,0.5,1,0.125,1.0,1.0,1,1.0,0.5,0,0.0,0.0,0,0.4
0.442,0.0,0.0,1.0,0,0.5,0.64,1.0,1,0.25,0.0,1.0,1,1.0,0.6665,1,0.0,0.0,1,0.1777
0.279,0.6,0.5,0.5,0,0.1666,0.56,0.5,1,0.125,0.0,1.0,1,1.0,0.3333,0,0.0,0.0,1,0.2222
0.6045,0.925,0.0,1.0,1,0.6665,0.62,0.5,1,0.0,1.0,0.5,1,1.0,0.8335,0,0.0,0.0,0,0.4
0.558,0.3,1.0,1.0,1,0.6665,0.88,0.0,1,0.25,0.0,0.5,0,1.0,0.6665,0,0.5,0.5,0,0.3333
0.558,0.175,1.0,0.5,0,0.8335,0.86,1.0,1,0.25,0.0,1.0,1,1.0,0.5,1,0.0,0.0,0,0.2888
0.3257,0.65,0.5,0.5,1,0.5,0.14,0.5,1,0.125,0.5,0.5,1,-1.0,0.5,0,0.5,0.0,1,0.2222
0.628,0.725,0.0,1.0,1,0.8335,0.58,1.0,1,0.0,0.0,0.5,0,1.0,0.1666,0,0.5,0.5,0,0.3555
0.2559,0.7,0.0,0.5,0,0.3333,0.44,0.0,1,0.25,0.5,0.5,1,1.0,0.3333,0,0.5,1.0,1,0.2
0.5347,0.325,0.5,1.0,1,0.6665,0.28,0.5,1,0.5,1.0,0.5,0,0.0,0.5,1,0.5,0.5,1,0.2888
0.744,0.25,0.5,0.5,1,0.3333,0.64,0.0,1,0.125,0.0,1.0,1,0.0,0.6665,0,0.5,0.0,1,0.311
0.3022,0.95,0.5,0.5,0,0.5,0.52,0.5,1,0.0,0.5,1.0,0,1.0,0.6665,0,0.5,0.5,0,0.311
0.372,0.925,0.5,0.5,0,0.6665,0.78,0.5,1,0.125,0.0,0.5,1,0.0,0.6665,0,0.0,1.0,1,0.311
0.465,0.45,0.5,0.5,1,1.0,0.1,0.5,1,0.125,1.0,0.0,0,1.0,0.3333,0,0.5,0.0,1,0.2666
0.372,0.85,0.0,0.5,1,0.6665,0.3,0.0,1,0.5,0.5,0.5,1,0.0,1.0,0,0.0,1.0,0,0.2888
0.2325,0.45,0.5,1.0,1,0.6665,0.02,0.5,1,0.25,0.0,0.5,1,0.0,0.5,0,1.0,0.0,1,0.2
0.442,0.425,0.5,0.5,0,0.3333,0.74,0.0,1,0.0,0.0,1.0,1,1.0,0.6665,0,0.0,0.0,0,0.2444
0.3022,0.15,1.0,0.0,0,0.5,0.92,0.5,1,0.375,0.0,1.0,1,-1.0,0.5,0,0.0,0.0,1,0.1777
0.5117,0.425,0.5,0.5,1,0.5,0.58,0.5,1,0.0,0.0,1.0,1,0.0,0.3333,0,0.0,0.5,1,0.2444
0.3022,0.525,0.5,0.5,0,0.8335,0.62,0.5,1,0.125,0.0,1.0,0,-1.0,0.5,0,1.0,0.0,0,0.2444
0.6514,0.025,0.5,1.0,1,0.5,0.04,0.0,1,0.375,0.0,0.5,0,1.0,0.5,0,0.5,0.0,0,0.2666
0.3257,0.45,1.0,1.0,0,0.8335,0.5,0.0,1,0.125,0.0,0.5,1,-1.0,0.1666,0,0.0,0.0,1,0.2222
0.3953,0.775,0.0,0.5,1,0.1666,0.52,0.5,1,0.125,0.5,0.5,1,0.0,0.5,0,0.0,0.0,0,0.2888
0.558,0.675,0.5,0.0,0,0.8335,0.04,1.0,1,0.125,0.0,1.0,0,1.0,0.3333,0,0.0,0.0,1,0.2888
0.279,0.625,1.0,0.5,0,0.3333,0.78,0.5,1,0.0,1.0,0.5,0,0.0,0.1666,1,0.0,0.0,1,0.2222
0.465,0.9,0.5,0.5,0,0.6665,0.28,1.0,1,0.25,0.5,1.0,1,0.0,0.0,0,0.5,0.0,1,0.3555
0.628,0.025,0.5,1.0,0,0.3333,0.72,1.0,1,0.125,0.0,0.5,0,-1.0,0.5,1,1.0,1.0,1,0.2222
0.2094,0.55,0.5,0.0,0,0.6665,0.4,0.5,1,0.375,0.0,1.0,1,1.0,0.1666,1,1.0,0.0,0,0.2
0.465,0.775,1.0,0.5,0,0.3333,1.0,0.5,1,0.0,1.0,0.5,0,0.0,0.3333,0,1.0,0.0,0,0.3777
0.4883,0.55,0.5,0.5,0,0.8335,0.22,0.5,1,0.25,0.0,0.5,1,-1.0,0.3333,1,0.0,0.0,0,0.2222
0.558,0.325,0.5,1.0,0,0.6665,0.06,1.0,0,0.0,0.0,1.0,0,-1.0,0.8335,0,1.0,0.0,0,0.2444
0.279,0.125,0.0,1.0,0,0.3333,0.98,0.5,1,0.0,0.0,0.5,0,-1.0,0.6665,0,0.0,0.0,1,0.1333
0.2559,0.9,0.0,1.0,1,0.6665,0.24,0.5,1,0.25,0.5,1.0,1,-1.0,0.5,0,0.5,0.0,0,0.2888
0.5117,0.475,1.0,1.0,1,0.6665,0.64,0.0,1,0.375,0.5,0.5,1,-1.0,0.5,1,1.0,0.5,0,0.311
0.4883,0.875,0.5,1.0,1,0.3333,0.38,0.5,1,0.125,0.0,0.5,1,1.0,0.5,0,0.5,0.0,0,0.3777
0.4883,0.575,0.5,1.0,1,0.1666,0.64,0.5,1,0.25,0.0,1.0,1,1.0,0.5,0,1.0,0.0,0,0.3555
0.4883,0.675,1.0,1.0,0,0.1666,0.6,0.0,1,0.25,0.0,1.0,1,-1.0,0.5,0,0.0,0.0,0,0.3333
0.3489,0.8,0.5,1.0,1,0.1666,0.7,0.0,1,0.125,0.0,0.5,1,0.0,0.3333,0,0.0,0.5,1,0.2888
0.465,0.65,0.0,0.5,1,0.1666,0.02,0.5,1,0.25,0.0,1.0,1,1.0,0.3333,0,0.0,0.5,0,0.2666
0.4883,0.4,0.5,0.5,1,0.6665,0.84,0.5,1,0.125,0.0,1.0,1,0.0,0.6665,0,0.0,0.0,0,0.2888
0.3489,0.525,0.5,0.5,1,0.6665,0.48,0.5,1,0.375,0.5,0.5,1,1.0,0.3333,0,1.0,0.0,0,0.2888
0.6978,0.8,0.5,0.5,1,0.0,0.52,0.5,1,0.25,0.5,1.0,1,1.0,0.6665,1,0.0,1.0,1,0.3777
0.5117,0.375,0.0,1.0,0,0.3333,0.42,0.0,1,0.0,0.5,0.5,1,0.0,0.3333,0,0.5,0.0,1,0.2222
0.279,0.4,0.5,1.0,0,0.1666,0.98,0.0,1,0.25,0.5,0.5,0,1.0,0.6665,0,0.0,0.0,0,0.2444
0.5347,0.1,0.5,0.5,1,0.6665,0.8,1.0,1,0.0,0.0,1.0,1,-1.0,0.5,0,0.0,0.0,1,0.2222
0.3022,0.925,0.5,0.5,1,0.3333,0.32,0.5,1,0.25,0.5,0.5,1,-1.0,0.5,1,0.5,0.0,0,0.2666
0.558,0.1,0.5,1.0,0,0.1666,0.78,0.0,1,0.25,0.5,0.5,1,0.0,0.6665,0,0.5,1.0,1,0.2444
0.6045,0.65,0.5,0.5,0,0.5,0.44,0.0,1,0.125,0.5,1.0,1,1.0,0.6665,0,0.0,1.0,1,0.311
0.3257,0.425,0.5,0.5,1,0.6665,0.88,0.0,1,0.0,1.0,1.0,1,1.0,0.5,0,0.5,0.5,1,0.2444
0.5815,0.4,0.5,1.0,1,0.3333,0.04,0.5,1,0.5,1.0,0.0,1,0.0,0.5,0,0.0,0.0,1,0.311
0.4883,0.675,1.0,0.0,1,0.5,0.36,0.5,0,0.0,0.0,0.5,1,0.0,0.3333,0,0.0,0.0,1,0.2666
0.558,0.075,1.0,0.5,1,0.3333,0.42,0.5,1,0.125,0.5,0.0,0,1.0,0.5,0,0.0,0.0,1,0.2444
0.6978,0.6,0.5,0.5,1,0.8335,0.74,0.5,1,0.25,0.0,0.5,0,0.0,0.5,0,0.5,1.0,1,0.3555
0.4187,0.775,1.0,0.0,0,0.3333,0.18,0.5,1,0.625,0.5,1.0,1,0.0,0.6665,0,0.5,0.5,1,0.3333
0.3257,0.825,1.0,0.5,0,0.3333,0.28,0.5,1,0.25,0.5,1.0,1,1.0,0.6665,0,1.0,0.0,1,0.3555
0.3257,0.175,0.5,0.5,1,0.5,0.72,1.0,1,0.125,1.0,0.5,0,1.0,0.5,0,1.0,0.0,1,0.2444
0.3257,0.9,0.5,0.5,0,0.5,0.08,1.0,0,0.375,0.5,1.0,1,-1.0,0.3333,0,0.0,0.0,1,0.2666
0.442,0.65,1.0,0.0,0,0.6665,0.2,0.5,1,0.125,0.5,0.5,1,0.0,0.6665,1,0.5,1.0,0,0.2444
0.4883,0.875,0.5,1.0,0,0.8335,0.76,0.0,1,0.0,0.0,1.0,1,1.0,0.3333,0,1.0,0.0,1,0.3777
0.4883,0.475,0.5,0.5,0,0.8335,0.88,0.5,1,0.125,0.5,0.5,1,1.0,0.5,0,0.0,0.0,1,0.2888
0.558,0.55,0.5,0.5,0,0.3333,0.72,0.5,0,0.375,0.0,1.0,1,1.0,0.5,0,0.0,0.0,0,0.311
0.442,0.925,0.5,0.5,1,0.5,0.52,0.0,1,0.25,0.0,0.0,0,1.0,0.5,0,1.0,0.0,1,0.3555
0.6514,0.9,0.5,0.5,1,0.8335,0.1,0.0,0,0.0,0.5,0.5,1,0.0,0.3333,0,1.0,1.0,0,0.3333
0.3953,0.45,0.5,0.5,0,0.8335,0.82,1.0,1,0.25,1.0,0.0,1,0.0,0.6665,0,0.5,1.0,0,0.2666
0.814,0.275,0.5,0.5,1,0.3333,0.12,0.5,1,0.25,1.0,0.5,1,1.0,0.3333,0,0.0,1.0,1,0.311
0.5347,0.4,0.0,1.0,0,0.6665,0.38,0.0,1,0.25,0.5,0.5,1,0.0,0.1666,0,0.0,0.5,1,0.2222
0.3257,0.4,1.0,1.0,0,0.6665,0.06,0.5,1,0.125,0.0,0.5,1,0.0,0.6665,0,0.5,0.0,1,0.2222
0.3022,0.275,0.5,0.5,1,0.6665,0.7,0.0,1,0.25,0.5,1.0,1,0.0,0.6665,0,0.0,0.0,1,0.2
0.5117,0.275,0.0,0.0,1,0.8335,0.5,0.0,1,0.125,0.0,0.5,1,-1.0,0.3333,0,0.5,0.0,1,0.1777
0.4187,0.85,0.0,0.5,1,0.1666,0.9,0.5,1,0.375,0.0,0.0,1,1.0,0.3333,0,0.0,0.5,1,0.311
0.5347,0.075,0.5,0.0,1,0.3333,0.14,0.5,1,0.125,0.0,1.0,0,0.0,0.8335,0,0.5,0.0,0,0.2
0.5117,0.675,1.0,1.0,1,0.6665,0.82,1.0,1,0.0,1.0,0.5,0,1.0,0.5,0,0.0,0.5,1,0.3777
0.442,0.175,0.0,0.5,1,0.5,0.52,0.5,1,0.0,0.5,0.5,1,0.0,0.6665,0,0.0,0.0,1,0.1777
0.3257,0.35,0.0,1.0,1,0.0,0.36,0.0,1,0.375,0.0,0.5,1,1.0,0.5,0,0.0,0.0,0,0.2
0.2325,0.05,0.5,1.0,1,0.1666,0.64,0.5,1,0.375,1.0,0.5,0,0.0,0.6665,0,0.5,0.5,1,0.2
0.372,0.275,0.5,0.5,1,0.6665,0.8,0.5,1,0.625,0.5,0.5,1,1.0,0.1666,0,1.0,1.0,1,0.2666
0.558,0.775,0.5,0.5,0,0.6665,0.44,0.0,1,0.25,0.5,1.0,1,1.0,0.0,0,1.0,0.0,1,0.3555
0.465,0.875,0.5,0.5,0,0.1666,0.24,1.0,1,0.125,0.5,0.0,1,1.0,0.6665,0,0.0,0.0,1,0.3333
0.279,0.225,0.5,0.0,1,0.8335,0.92,0.0,1,0.0,1.0,0.5,0,0.0,0.6665,0,0.0,1.0,0,0.1333
0.465,0.475,0.5,1.0,1,0.5,0.32,0.0,1,0.25,0.0,0.5,1,-1.0,0.6665,0,0.5,0.5,1,0.2666
0.4883,0.475,1.0,0.5,0,0.1666,1.0,0.5,1,0.5,1.0,1.0,1,-1.0,0.5,0,0.5,0.0,1,0.3777
0.3257,0.875,0.0,0.0,1,0.3333,0.76,0.0,1,0.125,0.0,0.5,1,-1.0,0.8335,0,0.0,0.0,1,0.2444
0.465,0.775,0.5,1.0,1,0.1666,0.68,0.5,1,0.125,1.0,0.0,1,0.0,0.3333,0,0.0,0.0,1,0.3333
0.442,0.525,1.0,0.5,1,0.3333,0.02,1.0,0,0.375,0.5,0.5,1,0.0,0.6665,1,0.0,0.0,1,0.2666
0.279,0.675,1.0,0.0,1,0.0,0.44,0.5,1,0.25,0.5,1.0,1,0.0,0.5,0,0.0,0.5,0,0.2666
0.4883,0.85,0.0,0.5,1,0.5,0.5,1.0,1,0.25,1.0,0.5,1,0.0,0.3333,0,0.5,0.0,0,0.3555
0.5117,0.0,1.0,0.5,1,0.6665,0.38,0.5,1,0.125,0.0,0.5,0,1.0,0.6665,0,0.5,0.0,1,0.2444
0.5815,0.4,0.5,0.5,1,0.1666,0.14,0.5,1,0.125,0.5,0.5,1,1.0,0.6665,0,0.0,0.0,1,0.2888
0.5815,0.9,0.5,0.5,1,0.5,0.36,0.5,1,0.375,1.0,0.5,0,1.0,0.5,0,0.5,0.0,0,0.422
0.2559,0.75,0.5,0.0,1,0.3333,0.08,0.5,0,0.125,1.0,0.5,1,0.0,0.5,0,0.0,0.0,1,0.2
0.3022,0.55,0.5,0.5,0,0.6665,0.3,0.5,1,0.125,0.0,0.5,0,1.0,0.5,0,0.5,0.0,1,0.2222
0.5117,0.525,0.0,0.5,1,0.0,0.08,0.5,1,0.125,0.0,0.5,1,0.0,0.5,0,0.5,0.0,1,0.2444
0.5117,0.35,0.5,1.0,1,0.6665,0.76,0.0,1,0.0,0.5,1.0,1,-1.0,0.5,1,0.0,0.0,1,0.2444
0.5117,0.525,0.5,0.0,0,0.0,0.68,0.5,1,0.25,0.5,0.5,1,1.0,0.8335,0,0.0,0.0,1,0.2888
0.9766,0.65,1.0,0.5,1,0.5,0.94,0.5,1,0.25,0.5,1.0,1,1.0,0.1666,0,0.0,0.0,0,0.511
0.5117,0.425,0.5,1.0,1,0.3333,0.38,0.0,1,0.125,0.5,0.5,0,1.0,0.3333,0,0.0,0.5,0,0.2666
0.6045,0.725,0.5,1.0,1,0.3333,0.78,0.5,1,0.375,0.5,0.5,0,1.0,0.5,0,0.0,0.0,1,0.422
0.5815,0.85,0.5,1.0,0,0.1666,0.58,1.0,1,0.125,0.0,1.0,1,1.0,0.3333,0,1.0,0.0,1,0.422
0.5347,0.15,0.5,0.0,0,0.8335,0.64,0.0,1,0.125,0.5,0.5,1,0.0,0.3333,1,0.0,0.0,0,0.1555
0.3953,0.45,1.0,0.5,1,0.1666,0.54,0.5,0,0.25,0.5,0.5,1,0.0,0.6665,0,0.0,1.0,1,0.2444
0.558,0.4,0.5,0.5,1,0.1666,0.78,1.0,1,0.375,0.5,1.0,1,0.0,0.5,0,0.0,1.0,0,0.311
0.3257,0.675,0.5,1.0,1,1.0,0.04,0.5,1,0.25,0.0,1.0,0,1.0,0.5,0,0.5,0.0,1,0.2888
0.4187,0.25,0.5,0.0,0,0.5,0.08,1.0,1,0.0,0.5,0.5,1,1.0,0.3333,1,0.0,0.5,1,0.7554
0.372,0.65,1.0,0.0,0,0.1666,0.1,0.0,0,0.25,1.0,0.5,0,0.0,0.6665,0,0.5,0.0,1,0.2444
0.442,0.875,0.0,0.5,1,0.5,0.28,0.0,0,0.25,0.5,1.0,1,0.0,0.5,0,0.0,0.0,0,0.2888
0.7676,0.425,0.5,0.0,1,0.5,0.6,0.0,1,0.0,0.5,0.5,1,1.0,0.5,0,0.0,0.0,1,0.311
0.186,0.9,0.5,0.5,1,0.0,0.64,1.0,0,0.0,0.0,0.5,1,1.0,0.6665,0,0.5,0.0,1,0.2666
0.5347,1.0,1.0,1.0,1,0.3333,0.72,0.0,1,0.25,0.5,0.5,0,1.0,0.8335,0,0.0,0.0,1,0.4443
0.2094,0.1,0.5,1.0,0,0.5,0.28,1.0,1,0.0,0.5,0.5,1,1.0,0.6665,1,0.0,0.5,0,0.1111
0.372,0.225,1.0,0.5,1,0.8335,0.66,0.5,1,0.25,0.5,1.0,0,1.0,0.6665,1,0.5,0.5,0,0.2444
0.6045,0.95,0.0,1.0,1,0.5,0.12,0.0,1,0.125,1.0,0.5,0,1.0,0.5,0,0.5,0.0,0,0.4
0.442,0.95,0.5,0.0,0,0.5,0.0,0.0,1,0.125,0.5,1.0,0,0.0,0.3333,0,0.0,0.0,0,0.2888
0.3022,0.1,0.5,0.5,1,0.3333,0.7,0.5,1,0.0,0.5,0.5,1,0.0,0.5,0,0.0,0.0,1,0.1555
0.3489,0.025,0.5,0.5,0,0.8335,0.72,0.0,1,0.25,0.0,1.0,1,1.0,0.3333,0,0.0,0.0,1,0.1555
0.5347,0.15,1.0,0.0,1,0.6665,0.62,1.0,1,0.125,0.5,0.5,1,0.0,0.6665,0,0.0,1.0,1,0.2222
0.3489,1.0,1.0,0.0,1,0.6665,0.26,1.0,1,0.25,0.0,0.5,1,-1.0,0.5,0,0.0,0.5,1,0.311
0.465,0.175,0.5,0.5,0,0.5,0.92,0.0,1,0.375,0.0,0.5,1,0.0,0.3333,0,0.0,1.0,0,0.2
0.442,0.5,0.5,1.0,0,0.1666,0.88,0.5,1,0.0,0.0,0.0,0,1.0,0.6665,1,1.0,0.5,0,0.2666
0.3489,0.85,1.0,1.0,1,0.8335,0.52,0.5,1,0.0,0.0,1.0,1,0.0,0.3333,0,0.0,0.0,1,0.3333
0.744,0.025,0.5,0.5,0,0.5,0.98,1.0,1,0.25,0.5,1.0,1,0.0,0.5,0,0.5,0.0,0,0.3333
0.5347,0.6,1.0,0.0,0,0.5,0.3,0.0,1,0.375,0.5,1.0,1,1.0,0.5,0,0.0,0.0,0,0.311
0.1628,0.275,1.0,0.0,0,0.6665,0.5,0.5,1,0.0,0.5,1.0,1,1.0,0.5,0,0.0,0.0,1,0.1333
0.465,0.85,0.5,0.5,0,0.5,0.92,0.0,1,0.0,0.5,0.5,0,0.0,0.3333,1,1.0,0.5,1,0.311
0.3489,0.275,1.0,0.5,1,0.1666,0.46,0.5,1,0.125,0.5,0.5,1,0.0,0.0,1,0.0,0.0,1,0.1777
0.558,0.675,0.5,0.0,1,0.5,0.48,0.0,1,0.0,0.5,1.0,1,0.0,0.6665,1,0.0,0.0,1,0.2666
0.3257,0.675,0.0,0.5,0,0.0,0.08,0.5,1,0.125,0.5,0.5,1,0.0,1.0,0,0.0,0.5,1,0.2222
0.4187,0.225,0.5,0.5,1,0.5,0.22,1.0,1,0.375,1.0,1.0,1,0.0,0.6665,0,0.0,0.5,1,0.2444
0.5117,0.025,0.0,0.5,0,0.8335,0.16,0.5,1,0.5,0.5,0.5,1,0.0,0.3333,0,0.0,0.0,1,0.1777
0.558,0.4,0.5,1.0,1,0.0,0.56,0.5,1,0.25,0.5,0.5,0,-1.0,0.5,0,0.0,0.5,0,0.2888
0.279,0.3,1.0,1.0,0,0.5,0.32,0.5,1,0.0,0.0,1.0,1,0.0,0.6665,0,1.0,0.0,1,0.2222
0.3953,0.8,0.0,0.5,1,0.6665,0.08,0.5,1,0.125,0.5,0.5,1,1.0,0.5,0,0.0,0.0,1,0.2666
0.372,0.8,0.0,0.0,1,0.6665,0.5,0.5,1,0.25,0.5,1.0,1,0.0,0.5,0,1.0,0.0,0,0.2888
0.3489,0.45,0.5,1.0,0,0.3333,0.66,0.5,1,0.0,0.0,0.0,1,0.0,0.5,1,0.5,0.0,1,0.2
0.6978,0.6,0.5,0.5,0,0.1666,0.74,1.0,1,0.0,0.5,0.5,0,1.0,0.5,0,0.5,0.5,1,0.3555
0.4883,0.6,0.5,0.5,1,0.3333,0.84,0.0,1,0.0,0.5,0.5,1,0.0,0.8335,0,0.0,0.0,0,0.311
0.2559,0.825,0.5,0.5,1,0.8335,0.48,0.0,1,0.125,0.5,0.5,1,0.0,0.5,0,1.0,0.5,1,0.2666
0.5815,0.425,0.0,0.5,0,0.0,0.4,0.0,1,0.25,1.0,0.0,1,0.0,0.5,1,0.5,0.5,0,0.2222
0.744,0.275,0.0,0.5,0,0.1666,0.68,0.5,1,0.125,0.5,0.5,1,1.0,0.3333,0,0.0,0.0,1,0.2888
0.5815,0.275,1.0,0.5,1,0.3333,0.02,0.0,0,0.125,1.0,0.5,0,1.0,0.5,0,1.0,0.5,1,0.2666
0.2325,0.525,0.5,0.5,1,0.3333,0.64,1.0,1,0.375,0.5,1.0,1,0.0,0.6665,0,0.0,0.0,1,0.2666
0.372,0.45,0.5,1.0,1,0.5,0.4,0.5,0,0.25,0.0,1.0,1,1.0,0.5,0,0.0,0.0,1,0.2444
0.628,0.45,1.0,0.5,0,0.8335,0.46,1.0,1,0.25,0.5,0.5,1,0.0,0.6665,0,0.5,0.5,0,0.3333
0.3489,0.1,1.0,0.0,1,0.1666,0.3,0.5,1,0.375,0.5,1.0,0,1.0,0.6665,0,1.0,0.5,0,0.2222
0.5117,0.725,0.0,0.0,1,0.5,0.12,0.0,1,0.5,0.5,0.0,0,1.0,0.6665,0,1.0,0.0,0,0.311
0.558,0.225,0.5,0.5,1,0.5,0.4,0.0,0,0.125,1.0,1.0,1,1.0,0.6665,0,0.0,1.0,0,0.2222
0.3022,0.2,1.0,0.5,0,0.3333,0.3,0.5,1,0.125,1.0,0.5,1,0.0,0.5,1,0.5,0.0,1,0.1777
0.442,0.425,0.5,0.5,0,0.1666,0.96,0.0,1,0.25,0.0,1.0,0,0.0,0.3333,0,1.0,1.0,0,0.2666
0.0,0.225,1.0,0.5,1,0.3333,0.94,0.5,1,0.125,0.0,0.5,1,1.0,0.5,0,0.0,0.0,0,0.1333
0.3022,0.575,0.5,0.0,1,0.3333,0.64,0.5,1,0.0,0.5,0.5,1,1.0,0.3333,0,0.0,0.0,0,0.2222
0.3953,0.375,0.0,1.0,1,0.6665,0.9,0.5,1,0.125,0.0,0.0,1,0.0,0.3333,0,0.5,0.0,0,0.2444
0.279,0.45,0.5,1.0,1,0.6665,0.76,1.0,1,0.0,1.0,0.0,1,0.0,0.5,0,0.5,0.0,1,0.2444
0.6743,0.525,0.5,0.0,1,0.1666,0.34,0.5,1,0.125,1.0,1.0,1,-1.0,0.1666,0,0.0,0.0,1,0.311
0.2325,0.2,0.5,0.5,0,0.3333,0.6,0.5,1,0.25,0.5,0.5,1,1.0,0.5,0,0.5,0.5,0,0.1777
0.372,0.15,0.0,1.0,0,0.3333,0.22,0.5,1,0.125,1.0,0.5,1,1.0,1.0,0,1.0,0.0,1,0.2222
0.465,0.875,0.0,0.0,0,1.0,0.68,0.0,1,0.0,1.0,0.5,1,0.0,0.6665,1,0.0,0.0,1,0.2666
0.6514,0.425,1.0,1.0,1,0.5,0.04,0.5,1,0.25,1.0,0.5,1,-1.0,0.5,1,0.0,0.0,0,0.311
0.2325,0.4,0.0,0.5,1,0.1666,0.84,0.5,1,0.5,0.5,0.0,1,-1.0,0.3333,0,1.0,0.0,1,0.2222
0.6045,0.025,0.5,0.5,0,0.3333,0.58,0.5,1,0.125,0.0,0.5,1,1.0,0.5,0,0.0,0.5,1,0.2222
0.442,0.5,1.0,0.0,1,0.3333,0.06,0.5,1,0.0,0.0,0.5,1,0.0,0.3333,0,0.5,0.5,1,0.2222
0.3022,0.55,0.5,1.0,1,0.6665,0.88,0.0,1,0.25,0.0,1.0,1,-1.0,0.8335,0,0.5,1.0,0,0.2666
0.5117,0.55,0.0,0.5,1,0.6665,0.88,0.5,1,0.125,0.5,0.5,1,-1.0,0.3333,1,0.0,0.0,1,0.2444
0.465,0.7,0.5,1.0,0,0.5,0.86,0.5,1,0.5,0.0,0.5,1,1.0,0.5,0,0.0,0.0,0,0.3777
0.3489,0.175,0.5,1.0,0,0.5,0.78,1.0,1,0.375,0.0,0.5,1,1.0,0.5,0,0.5,0.0,1,0.2444
0.442,0.25,0.5,0.5,1,0.5,0.68,0.0,0,0.25,0.5,1.0,0,0.0,0.6665,0,0.5,1.0,1,0.2222
0.3953,0.8,1.0,0.5,1,0.5,0.4,0.5,1,0.125,0.0,0.5,1,0.0,0.5,0,0.0,0.5,1,0.311
0.465,0.95,0.5,0.0,0,0.0,0.14,0.5,1,0.25,1.0,0.0,1,0.0,0.3333,0,0.0,0.0,0,0.2888
0.5347,0.125,0.5,0.0,0,0.5,0.28,0.0,1,0.125,1.0,0.5,1,0.0,0.1666,0,1.0,0.0,1,0.2
0.6743,0.5,0.0,1.0,0,0.3333,0.34,0.5,1,0.375,0.5,0.5,1,-1.0,0.6665,0,0.5,0.5,0,0.311
0.279,0.225,0.5,0.0,1,0.1666,0.36,0.0,1,0.0,1.0,0.5,1,1.0,0.1666,1,0.0,0.5,0,0.08887
0.744,0.05,1.0,0.5,1,1.0,0.56,0.5,1,0.0,0.5,0.5,0,1.0,0.5,0,0.0,0.5,0,0.2888
0.1628,0.325,0.5,0.5,0,0.5,0.2,0.5,0,0.0,1.0,0.5,0,0.0,0.5,0,0.0,0.0,0,0.1111
0.4187,0.15,0.5,1.0,0,0.5,0.18,0.5,1,0.125,1.0,0.5,1,-1.0,0.5,0,0.0,1.0,1,0.1555
0.5347,0.7,0.0,0.5,1,0.3333,0.72,0.0,1,0.0,0.0,0.0,1,-1.0,0.5,0,0.5,0.0,1,0.2666
0.4883,0.525,0.0,1.0,1,0.6665,0.0,1.0,1,0.5,0.5,0.5,0,1.0,0.8335,0,0.0,1.0,0,0.2888
0.3489,0.15,0.5,1.0,1,0.1666,0.14,1.0,1,0.375,0.5,0.5,1,1.0,0.5,0,0.0,0.5,0,0.2
0.4187,0.0,0.5,1.0,1,0.5,0.44,1.0,1,0.375,0.0,1.0,1,1.0,0.5,0,0.0,0.5,0,0.2222
0.372,0.8,0.0,0.0,1,0.3333,0.14,0.5,1,0.25,0.5,0.5,0,1.0,0.3333,1,0.0,0.5,0,0.2222
0.3489,0.175,1.0,0.5,0,0.6665,0.96,0.5,1,0.0,0.0,0.0,1,0.0,0.5,0,0.0,0.0,0,0.1777
0.558,0.6,0.5,0.0,1,0.3333,0.68,0.0,1,0.25,0.5,1.0,1,1.0,0.5,0,0.0,0.0,1,0.3333
0.4883,0.325,0.0,0.5,1,0.8335,0.44,0.0,1,0.375,0.5,0.5,1,1.0,0.5,0,0.0,0.0,0,0.2444
0.3489,0.575,0.5,1.0,1,0.5,0.12,0.0,1,0.5,1.0,0.5,1,1.0,0.5,0,0.0,0.0,0,0.2888
0.558,0.325,0.0,0.0,0,0.6665,0.38,0.5,1,0.375,0.5,0.5,0,1.0,0.5,0,0.0,0.0,0,0.2444
0.4883,0.075,0.0,0.0,0,0.6665,0.66,0.5,1,0.375,0.5,0.5,0,-1.0,0.1666,0,0.5,0.0,1,0.1777
0.558,0.225,1.0,0.5,1,0.8335,0.96,0.5,1,0.125,0.0,0.5,1,-1.0,0.5,1,0.5,0.5,0,0.2444
0.5347,0.2,0.5,0.5,1,0.3333,0.48,0.5,1,0.125,0.5,0.5,1,0.0,0.5,0,0.0,0.0,0,0.2222
0.3257,0.425,0.5,0.5,1,0.6665,0.7,1.0,1,0.125,0.0,0.5,1,1.0,0.3333,0,1.0,0.5,1,0.2444
0.372,0.65,1.0,0.0,1,0.0,0.2,1.0,1,0.25,1.0,0.0,0,1.0,0.5,1,0.5,0.5,0,0.2666
0.5347,0.275,0.5,0.5,1,0.5,0.62,0.5,1,0.0,0.0,0.5,0,1.0,0.5,0,0.0,0.0,1,0.2444
0.5347,0.0,0.0,0.5,0,0.3333,0.24,1.0,1,0.5,0.0,1.0,1,-1.0,0.5,0,0.0,0.0,0,0.1777
0.442,0.525,0.5,0.5,1,0.1666,0.2,0.0,1,0.375,0.5,0.5,1,1.0,0.6665,1,0.0,0.0,1,0.2444
0.465,0.6,0.5,0.5,0,0.3333,0.5,0.0,0,0.125,1.0,0.5,1,1.0,0.5,0,0.5,0.5,1,0.2666
0.628,0.975,0.5,0.5,1,0.3333,0.22,0.5,0,0.125,0.0,0.5,1,1.0,0.5,0,0.0,0.0,1,0.3555
0.3489,0.6,0.5,1.0,1,0.5,0.72,0.5,1,0.125,0.0,0.5,0,0.0,0.3333,0,0.0,0.0,0,0.2666
0.5117,0.475,0.5,1.0,1,0.3333,0.94,0.5,1,0.125,1.0,0.0,1,0.0,0.6665,0,0.0,0.5,1,0.311
0.4187,0.575,0.5,0.5,1,0.5,0.4,0.5,1,0.25,0.0,0.5,1,-1.0,0.6665,1,1.0,0.0,0,0.2666
0.4187,0.925,1.0,0.5,1,0.3333,0.32,1.0,1,0.25,0.5,0.5,0,1.0,0.3333,0,0.5,0.5,0,0.3777
0.6045,0.825,1.0,0.0,0,0.3333,0.18,1.0,1,0.25,0.0,0.5,0,-1.0,0.6665,0,0.0,0.0,0,0.3333
0.558,0.325,0.5,1.0,1,0.5,0.4,0.0,1,0.0,0.0,0.5,0,0.0,0.6665,0,1.0,0.5,1,0.2666
0.558,0.225,0.0,1.0,1,0.5,0.56,0.5,1,0.0,0.0,1.0,1,-1.0,0.5,0,0.0,1.0,0,0.2
0.628,0.275,0.5,0.5,0,0.6665,0.38,1.0,1,0.125,0.5,1.0,0,0.0,0.1666,0,0.5,0.5,0,0.2666
0.442,0.5,0.0,1.0,0,0.6665,0.62,0.5,1,0.375,0.5,0.5,0,-1.0,0.6665,0,1.0,0.0,1,0.311
0.5347,0.75,0.0,0.0,0,0.5,0.66,0.5,1,0.0,0.0,0.5,0,1.0,0.5,0,0.5,0.0,1,0.2888
0.3953,0.5,0.5,0.5,0,0.6665,0.1,0.0,1,0.25,0.0,0.0,1,0.0,0.5,0,0.0,0.5,1,0.1777
0.4883,0.075,0.5,1.0,1,0.5,0.7,0.5,1,0.5,1.0,1.0,1,-1.0,0.5,0,0.5,0.0,0,0.2888
0.4187,0.725,1.0,0.5,1,0.5,0.9,0.5,1,0.0,0.5,0.5,1,1.0,0.5,0,0.0,0.0,1,0.3333
0.465,0.8,0.5,0.0,1,0.6665,0.02,0.0,1,0.0,0.5,0.5,1,0.0,0.3333,0,0.5,0.5,1,0.2444
0.5347,0.3,1.0,1.0,0,0.3333,0.56,1.0,1,0.0,0.0,1.0,1,-1.0,1.0,0,0.0,0.0,0,0.2888
0.3257,0.675,1.0,0.0,1,0.0,0.6,1.0,1,0.0,0.0,0.5,0,1.0,0.5,0,0.5,0.0,1,0.2666
0.744,0.425,0.0,1.0,1,0.1666,0.7,0.5,1,0.0,0.0,0.5,0,0.0,0.8335,0,0.0,1.0,0,0.311
0.3022,0.9,0.5,0.0,1,0.8335,0.38,1.0,1,0.0,0.5,0.5,0,-1.0,0.5,1,0.5,0.0,0,0.2444
0.279,0.85,0.5,0.5,1,0.5,0.82,0.0,1,0.375,0.0,0.5,1,0.0,0.5,0,0.0,0.0,1,0.2888
0.6045,0.525,0.5,0.5,1,0.5,0.54,0.5,1,0.25,0.5,0.0,1,0.0,0.3333,1,1.0,0.5,0,0.311
0.558,0.7,0.5,0.5,1,0.5,0.4,0.0,1,0.125,0.5,0.5,0,1.0,0.5,0,1.0,0.5,1,0.3333
0.5347,0.875,0.5,1.0,1,0.6665,0.72,1.0,1,0.125,0.5,1.0,0,0.0,0.5,0,0.5,0.0,1,0.422
0.5347,0.5,0.5,1.0,1,0.5,0.92,1.0,1,0.0,0.0,1.0,1,1.0,0.0,0,0.5,0.5,0,0.3333
0.442,0.325,0.5,0.5,1,0.5,0.82,0.0,1,0.125,0.5,1.0,1,0.0,0.3333,0,1.0,0.5,1,0.2444
0.3257,0.75,1.0,0.5,1,0.6665,0.94,0.5,1,0.125,0.0,1.0,0,-1.0,0.5,0,0.5,0.0,0,0.311
0.442,0.225,0.5,1.0,0,0.3333,0.26,0.0,1,0.0,0.0,0.5,1,-1.0,0.5,0,1.0,0.0,1,0.2
0.3489,0.4,0.0,1.0,1,0.6665,0.12,0.5,0,0.125,0.0,0.5,1,1.0,0.1666,0,0.0,0.0,1,0.1555
0.5815,0.875,0.0,1.0,0,0.5,0.54,0.5,1,0.0,0.5,0.5,1,0.0,0.5,0,0.0,0.5,0,0.3333
0.4187,0.725,1.0,0.5,1,0.5,0.04,0.5,1,0.25,0.5,0.5,1,-1.0,0.6665,0,0.0,0.5,1,0.2888
0.3257,0.4,0.5,0.5,1,0.3333,0.68,0.0,1,0.0,0.5,1.0,1,0.0,0.5,0,0.5,0.0,0,0.2222
0.3953,0.225,1.0,1.0,0,0.5,0.24,0.0,1,0.375,0.5,0.5,1,1.0,0.5,0,0.0,0.5,1,0.2222
0.4883,0.35,1.0,1.0,1,0.3333,0.46,0.0,1,0.375,1.0,1.0,1,1.0,0.6665,0,1.0,0.5,0,0.3555
0.372,0.275,1.0,0.5,1,0.8335,0.66,0.0,1,0.25,0.5,0.5,1,0.0,0.8335,0,0.0,0.0,1,0.2444
0.3257,0.175,0.5,0.5,0,0.0,0.48,0.5,1,0.0,0.0,0.5,1,-1.0,0.5,0,0.5,0.5,1,0.1333
0.465,0.75,0.0,0.5,1,0.6665,0.24,0.0,1,0.25,0.5,1.0,1,-1.0,0.8335,1,0.0,0.0,1,0.2666
0.465,0.25,0.0,1.0,1,0.0,0.88,0.5,1,0.0,0.0,1.0,0,0.0,0.3333,0,0.5,1.0,1,0.2222
0.372,0.45,0.5,1.0,0,0.6665,0.76,0.5,1,0.0,0.0,0.5,1,-1.0,0.5,0,0.0,0.0,0,0.2222
0.372,0.375,0.5,1.0,1,0.3333,0.6,0.5,0,0.125,0.0,0.5,0,1.0,0.8335,0,0.0,0.5,1,0.2222
0.465,0.975,0.5,0.5,0,0.6665,0.7,1.0,1,0.5,0.5,0.5,1,1.0,0.6665,0,0.0,0.5,1,0.4
0.2325,0.4,0.5,0.5,1,0.5,0.42,0.5,0,0.125,0.5,0.0,1,0.0,0.3333,0,0.5,0.0,1,0.1555
0.2559,0.075,0.5,1.0,1,0.1666,0.38,0.0,1,0.0,0.5,1.0,1,-1.0,0.3333,0,0.5,0.5,0,0.1111
0.3489,0.1,0.0,0.5,1,0.8335,0.16,0.0,1,0.125,0.5,0.5,1,1.0,0.5,0,0.5,0.5,0,0.1333
0.4187,0.6,0.0,0.5,1,0.6665,0.8,1.0,1,0.25,0.0,0.5,0,0.0,0.5,0,1.0,1.0,1,0.2666
0.4883,0.6,1.0,0.5,0,0.6665,0.38,0.5,0,0.375,0.5,1.0,0,0.0,0.6665,0,0.5,0.0,1,0.3333
0.6514,0.425,0.0,1.0,0,0.3333,0.7,0.5,1,0.125,0.5,0.5,1,1.0,0.1666,0,0.5,0.0,1,0.311
0.558,0.425,0.5,0.0,1,0.6665,0.3,1.0,0,0.0,0.5,0.5,1,1.0,0.8335,0,0.5,1.0,0,0.2444
0.4187,0.05,0.5,0.5,0,0.1666,0.8,0.0,1,0.25,0.0,1.0,1,1.0,0.5,0,0.5,0.5,1,0.2
0.442,0.525,1.0,0.5,1,0.0,0.1,0.5,1,0.125,1.0,0.5,0,1.0,0.3333,0,1.0,0.5,1,0.2888
0.3022,0.5,1.0,0.5,1,0.1666,0.62,0.5,1,0.125,0.0,0.5,1,1.0,0.6665,0,1.0,1.0,0,0.2666
0.442,0.15,0.5,0.5,0,0.3333,0.8,1.0,1,0.0,0.5,0.5,1,0.0,0.1666,0,0.5,0.0,0,0.2
0.3953,0.1,0.5,0.5,1,0.3333,0.66,1.0,1,0.25,0.0,0.5,1,1.0,0.3333,0,0.5,0.0,1,0.2222
0.4883,0.125,0.0,1.0,1,0.3333,0.7,0.5,1,0.25,1.0,0.5,1,1.0,0.5,1,1.0,0.0,0,0.2444
0.3257,0.1,0.5,0.5,1,0.3333,0.52,1.0,1,0.25,0.5,0.5,0,1.0,0.6665,1,0.0,0.0,0,0.1777
0.5117,0.6,1.0,0.5,1,0.3333,0.56,0.0,1,0.25,0.0,0.0,1,-1.0,0.3333,0,0.0,0.5,0,0.2888
0.6514,0.2,0.5,1.0,1,0.0,0.06,0.5,1,0.125,0.5,0.5,0,-1.0,0.6665,0,0.0,1.0,1,0.2444
0.4187,0.25,0.5,0.5,0,0.5,0.26,0.0,0,0.375,0.0,0.0,1,0.0,0.8335,0,0.0,0.0,1,0.1777
0.4883,0.175,0.0,0.5,0,0.5,0.72,0.0,1,0.125,0.0,0.5,1,1.0,0.5,0,0.0,0.5,0,0.1777
0.5347,0.95,1.0,0.5,1,0.3333,0.94,0.5,1,0.125,0.5,0.5,1,1.0,0.6665,0,0.5,1.0,1,0.422
0.3953,0.85,0.5,1.0,1,0.8335,0.54,0.0,1,0.125,0.5,1.0,1,1.0,0.3333,0,0.5,0.5,1,0.3333
0.465,0.225,1.0,1.0,1,0.5,0.72,0.5,1,0.25,0.0,0.5,0,0.0,0.5,0,0.0,0.0,1,0.2888
0.442,0.325,0.5,0.5,1,0.5,0.68,0.5,1,0.0,0.5,0.5,1,0.0,0.6665,0,1.0,0.5,0,0.2444
0.465,0.2,0.5,0.0,0,0.6665,1.0,0.0,1,0.0,0.5,0.5,1,1.0,0.6665,0,0.0,1.0,1,0.1777
0.3257,0.5,0.0,1.0,0,0.1666,0.8,0.5,1,0.5,0.0,0.5,1,1.0,0.5,0,0.5,1.0,0,0.2666
0.442,0.025,0.5,0.5,0,0.5,0.62,0.5,1,0.125,0.5,0.0,1,0.0,0.5,0,0.0,0.5,1,0.1555
0.5117,0.675,1.0,1.0,0,0.6665,0.12,0.5,1,0.125,0.5,1.0,1,1.0,0.5,0,1.0,0.5,1,0.3555
0.6514,0.525,1.0,0.5,0,0.5,0.36,0.5,1,0.25,0.5,0.5,1,0.0,0.6665,0,1.0,0.0,1,0.3777
0.5815,0.9,0.5,0.5,1,0.1666,0.26,0.5,0,0.125,1.0,0.5,0,1.0,0.3333,0,1.0,0.0,1,0.3777
0.744,0.175,0.5,0.5,1,0.3333,0.86,1.0,1,0.0,0.0,1.0,1,0.0,0.5,0,0.0,1.0,0,0.2888
0.3257,0.8,0.5,0.0,1,0.5,0.44,0.0,1,0.125,0.5,0.5,1,-1.0,0.8335,0,0.0,0.0,0,0.2444
0.558,0.8,0.5,0.5,0,0.0,0.54,0.5,1,0.0,0.0,0.5,1,1.0,0.5,0,0.0,0.0,1,0.3333
0.465,0.125,0.5,0.0,1,0.1666,0.96,1.0,0,0.25,0.0,0.5,0,1.0,0.6665,0,1.0,0.0,1,0.2444
0.744,0.4,0.5,0.5,1,1.0,0.84,0.0,1,0.125,1.0,0.5,0,1.0,0.5,0,1.0,0.0,0,0.3777
0.3257,0.175,1.0,0.5,1,0.6665,0.78,0.0,1,0.0,1.0,1.0,1,0.0,0.6665,0,0.0,0.5,0,0.2
0.3257,0.25,1.0,0.5,0,0.8335,0.14,0.5,1,0.125,0.5,0.5,0,-1.0,0.5,0,0.0,0.0,0,0.1777
0.3489,0.275,0.5,0.5,0,0.6665,0.02,0.5,1,0.0,0.0,0.5,1,-1.0,0.3333,0,1.0,1.0,0,0.1333
0.1395,0.55,1.0,1.0,1,0.6665,0.12,0.5,1,0.0,0.0,0.5,0,-1.0,0.3333,0,0.0,1.0,1,0.1555
0.372,0.4,0.5,1.0,0,0.5,0.74,1.0,1,0.125,0.5,1.0,1,1.0,0.6665,0,0.0,0.0,0,0.2888
0.3257,0.95,0.0,0.5,1,0.6665,0.42,0.0,1,0.125,0.5,0.5,1,1.0,0.5,0,0.0,0.0,1,0.2888
0.465,0.125,0.0,0.5,0,0.8335,0.12,1.0,1,0.125,0.5,0.5,1,1.0,0.8335,0,0.0,0.5,1,0.1777
0.4883,0.975,0.5,0.0,1,0.6665,0.74,0.0,1,0.125,0.5,0.5,0,0.0,0.6665,0,0.0,0.5,0,0.3333
0.6978,0.225,1.0,0.0,1,0.5,0.2,0.5,1,0.125,0.0,0.5,1,0.0,0.5,0,1.0,0.0,0,0.2888
0.5815,0.775,1.0,0.5,1,0.5,0.58,0.5,1,0.125,0.0,0.5,0,0.0,0.8335,0,0.0,0.0,0,0.3777
0.372,0.35,0.5,0.5,1,0.6665,0.74,0.5,1,0.5,0.0,0.0,1,1.0,0.5,0,0.5,0.0,1,0.2666
0.3257,0.15,0.0,1.0,0,0.3333,0.6,0.5,0,0.125,0.0,0.5,0,0.0,0.1666,0,0.5,0.0,1,0.1333
0.5117,0.85,0.0,0.5,0,0.6665,1.0,0.5,0,0.0,0.0,0.5,1,0.0,0.5,0,1.0,0.0,1,0.311
0.2559,0.3,0.5,0.0,1,0.3333,0.44,1.0,1,0.25,0.0,1.0,0,-1.0,0.3333,0,0.0,0.5,0,0.1333
0.6978,0.65,1.0,1.0,1,0.3333,0.32,0.5,1,0.375,0.5,0.5,1,1.0,0.5,0,0.5,0.5,1,0.4443
0.6045,0.575,1.0,0.0,0,0.1666,0.2,0.5,1,0.0,1.0,0.0,1,0.0,0.3333,0,0.5,0.5,0,0.2888
0.372,0.475,0.5,0.0,1,0.3333,0.5,0.0,1,0.125,0.5,1.0,1,0.0,0.6665,0,0.0,0.0,1,0.2222
0.2094,0.5,1.0,0.5,1,0.3333,0.86,1.0,1,0.5,0.5,0.5,1,-1.0,0.5,0,0.5,0.5,0,0.2666
0.628,0.725,0.5,1.0,1,1.0,0.94,1.0,1,0.375,0.5,0.0,1,-1.0,1.0,0,0.0,0.0,0,0.4443
0.4187,0.1,0.0,0.5,0,0.3333,0.98,0.5,1,0.125,0.5,0.5,1,1.0,0.5,0,0.5,0.0,1,0.2
0.6045,0.675,0.5,0.5,0,0.6665,0.54,0.5,1,0.125,0.0,1.0,1,0.0,0.6665,0,0.0,0.5,1,0.3333
0.2094,0.9,1.0,1.0,0,0.3333,0.6,0.5,0,0.0,0.5,0.5,1,0.0,0.6665,0,0.0,0.5,0,0.2666
0.3489,0.05,0.5,0.5,1,0.5,0.58,0.0,1,0.25,0.5,0.5,1,0.0,0.5,0,0.0,0.0,1,0.1777
0.442,0.15,1.0,1.0,0,0.5,0.46,0.5,1,0.125,0.5,0.5,1,-1.0,0.6665,0,0.5,0.0,0,0.2222
0.442,0.725,0.5,0.5,1,0.0,0.16,0.5,1,0.125,0.5,0.5,1,1.0,0.5,0,0.0,1.0,0,0.2666
0.372,0.425,0.0,1.0,1,0.1666,0.06,0.5,1,0.25,1.0,0.5,1,0.0,0.5,0,0.5,0.0,1,0.689
0.5347,0.4,0.0,1.0,0,0.3333,0.44,1.0,1,0.375,0.5,1.0,1,0.0,0.5,1,0.0,0.5,0,0.2666
0.3022,0.125,1.0,0.5,0,0.1666,0.18,0.0,1,0.125,1.0,0.5,1,1.0,0.6665,0,1.0,1.0,1,0.1777
0.4187,0.5,0.5,0.5,0,0.5,0.88,0.5,1,0.0,0.5,0.0,1,0.0,0.5,0,0.5,0.5,0,0.2444
0.465,0.125,1.0,1.0,0,0.5,0.76,0.0,1,0.25,0.0,0.5,0,0.0,0.1666,0,0.0,0.0,1,0.2222
0.5117,0.475,0.5,0.5,0,0.1666,0.62,0.5,1,0.125,0.5,0.5,0,0.0,0.5,0,0.0,0.0,0,0.2666
0.5347,0.775,0.5,0.5,0,0.5,0.04,0.0,1,0.0,1.0,1.0,1,0.0,0.6665,0,0.5,0.0,1,0.311
0.279,0.25,1.0,1.0,0,0.3333,0.62,0.5,1,0.25,0.5,0.0,1,1.0,0.3333,0,1.0,0.0,1,0.2444
0.2325,0.475,0.5,0.5,1,0.5,0.62,0.5,1,0.125,1.0,0.5,1,0.0,0.3333,0,0.0,0.5,1,0.2
0.628,1.0,1.0,0.0,1,0.3333,0.44,0.5,1,0.125,0.0,0.5,1,-1.0,0.3333,0,1.0,0.0,0,0.4
0.4883,0.675,0.0,0.5,0,0.6665,0.66,0.0,1,0.125,0.0,0.5,1,0.0,0.1666,0,0.5,1.0,1,0.2444
0.3489,0.85,0.5,0.5,0,0.8335,0.86,0.0,1,0.125,0.0,0.5,1,-1.0,0.6665,0,1.0,0.0,0,0.2888
0.6514,0.425,1.0,0.0,1,0.6665,0.76,0.0,1,0.0,0.5,1.0,1,1.0,0.6665,0,0.5,0.5,1,0.3333
0.465,0.775,1.0,0.5,0,0.8335,0.48,0.5,1,0.25,0.0,0.0,0,-1.0,0.3333,0,0.0,0.0,0,0.311
0.6045,0.05,0.5,1.0,1,0.1666,0.26,0.0,1,0.5,1.0,0.5,1,-1.0,0.6665,0,0.0,0.0,0,0.2666
0.442,0.125,0.5,0.0,0,0.3333,0.48,0.0,1,0.0,0.5,0.5,0,1.0,0.5,0,0.5,0.5,1,0.1555
0.7207,0.2,0.5,0.0,0,0.6665,0.94,1.0,1,0.125,0.0,0.5,1,1.0,0.3333,0,0.0,0.0,1,0.2888
0.6978,0.4,0.5,1.0,1,0.8335,0.82,0.5,1,0.125,0.0,0.5,0,0.0,0.6665,0,1.0,0.0,1,0.3777
0.4187,0.85,0.0,0.5,0,0.6665,0.02,0.5,1,0.375,0.5,0.0,0,1.0,0.8335,0,1.0,0.0,1,0.311
0.5815,0.35,0.0,0.0,0,0.1666,0.78,0.0,1,0.375,1.0,1.0,0,-1.0,0.3333,0,0.0,0.0,1,0.2444
0.5347,0.65,1.0,1.0,0,0.3333,0.18,0.5,1,0.125,0.0,0.5,1,1.0,0.5,0,0.0,0.5,0,0.3333
0.628,0.7,1.0,0.5,0,0.6665,0.58,0.5,1,0.0,0.5,0.5,1,1.0,0.5,0,0.0,1.0,1,0.3555
0.3022,0.575,0.5,0.5,1,0.5,0.8,0.5,1,0.0,0.0,0.0,1,-1.0,0.5,0,0.5,0.0,0,0.2222
0.5347,0.35,1.0,0.5,1,0.3333,0.56,0.5,1,0.375,0.0,1.0,1,1.0,0.5,0,0.5,0.0,0,0.3333
0.5815,0.575,0.0,0.0,0,0.5,0.4,1.0,0,0.25,0.5,1.0,1,-1.0,0.6665,1,0.0,0.5,1,0.2222
0.186,0.35,0.5,1.0,0,0.5,0.32,0.0,1,0.125,1.0,1.0,0,0.0,0.5,0,0.0,1.0,0,0.1555
0.279,0.075,1.0,0.5,1,0.1666,0.3,0.5,1,0.25,1.0,0.5,0,0.0,0.3333,0,0.0,1.0,1,0.1555
0.1628,1.0,1.0,0.5,1,0.6665,0.84,0.5,1,0.125,0.5,1.0,1,0.0,0.5,0,1.0,0.5,0,0.3333
0.3953,0.125,0.5,1.0,1,0.3333,0.82,0.5,0,0.625,0.0,0.5,0,0.0,0.5,0,0.5,0.0,1,0.2444
0.5347,0.075,1.0,0.0,1,0.5,0.82,0.0,1,0.5,0.0,0.5,0,1.0,0.6665,0,0.0,0.0,0,0.2666
0.6514,0.875,0.5,0.0,0,0.8335,0.28,0.5,1,0.125,0.5,1.0,1,1.0,0.5,0,0.0,0.0,0,0.3777
0.442,0.3,1.0,0.0,1,0.5,0.8,0.0,1,0.0,0.0,1.0,0,-1.0,0.5,0,1.0,0.0,0,0.2444
0.6743,0.65,0.5,0.0,1,0.6665,0.04,0.5,1,0.25,0.5,0.5,1,-1.0,0.3333,1,0.5,0.5,0,0.2888
0.2559,0.325,1.0,0.5,0,0.1666,0.2,0.5,1,0.125,0.0,0.5,1,-1.0,0.6665,0,0.0,0.5,1,0.1555
0.2094,0.4,0.0,0.5,1,0.6665,0.52,0.5,1,0.25,1.0,1.0,0,1.0,0.5,1,1.0,0.5,1,0.2
0.442,0.25,0.5,0.5,0,0.6665,0.4,0.5,1,0.0,0.0,0.5,1,0.0,0.8335,0,1.0,0.0,0,0.2222
0.4883,0.35,0.5,0.0,1,0.3333,0.12,0.0,1,0.5,0.5,1.0,1,-1.0,0.5,0,1.0,0.5,1,0.2444
0.442,0.4,0.5,0.0,0,0.5,0.04,0.5,1,0.25,0.0,1.0,0,0.0,0.5,0,0.0,0.0,0,0.2
0.1628,0.725,0.5,1.0,1,0.5,0.62,0.0,1,0.5,0.0,0.5,1,0.0,0.5,0,0.5,0.0,1,0.2666
0.4187,0.5,1.0,0.5,1,0.5,0.32,0.0,1,0.5,0.5,0.5,1,-1.0,0.6665,0,0.5,0.0,0,0.311
0.2559,0.95,1.0,0.5,1,0.6665,0.02,0.5,1,0.0,0.5,0.0,1,1.0,0.8335,0,1.0,0.5,1,0.2888
0.5347,0.05,0.5,0.5,0,0.3333,0.44,1.0,1,0.25,0.0,0.0,1,0.0,0.6665,0,0.0,0.0,1,0.2
0.4883,0.5,1.0,0.5,1,0.5,0.3,0.5,1,0.25,1.0,0.5,0,0.0,0.3333,0,0.0,0.5,0,0.2888
0.3022,0.575,0.0,0.0,1,0.8335,0.58,0.5,1,0.125,0.5,0.0,1,1.0,0.5,0,0.0,0.0,1,0.2
0.372,0.925,0.5,1.0,0,0.8335,0.92,1.0,1,0.0,1.0,0.5,1,-1.0,0.1666,0,1.0,0.0,1,0.3555
0.3022,0.05,1.0,1.0,1,0.6665,0.3,0.0,1,0.375,0.0,0.5,1,-1.0,0.3333,0,0.0,1.0,1,0.1333
0.442,0.575,0.0,0.5,0,0.5,1.0,0.5,1,0.5,0.0,0.5,1,-1.0,0.5,0,0.5,0.0,1,0.2888
0.5815,0.85,1.0,0.5,1,1.0,0.08,0.0,1,0.25,1.0,0.5,1,0.0,0.8335,0,0.0,0.0,1,0.4
0.3022,0.25,1.0,0.5,1,0.8335,0.08,0.5,0,0.375,0.5,0.5,1,1.0,0.1666,0,0.5,0.0,1,0.2
0.5117,0.875,0.5,0.5,1,0.5,0.72,0.5,1,0.375,0.0,0.5,1,1.0,0.6665,1,1.0,1.0,1,0.3777
0.372,0.025,0.5,0.5,1,0.5,0.74,1.0,1,0.625,0.5,0.5,1,0.0,0.5,0,0.0,0.0,1,0.2222
0.3257,0.725,0.5,0.5,1,0.3333,0.42,0.5,1,0.125,0.5,1.0,1,1.0,0.6665,0,0.0,0.0,0,0.2888
0.4187,0.925,1.0,0.0,1,0.6665,0.28,0.5,1,0.25,0.0,1.0,1,1.0,0.5,0,0.0,0.0,1,0.3555
0.3022,0.65,0.5,0.0,1,0.6665,0.8,0.5,0,0.375,0.5,0.5,1,-1.0,0.5,1,1.0,0.0,1,0.2222
0.372,0.45,0.5,0.5,0,0.6665,0.96,0.0,1,0.25,0.5,0.5,0,1.0,0.3333,0,0.0,0.0,1,0.2444
0.279,0.05,0.0,1.0,0,0.5,0.98,0.5,1,0.5,0.5,0.0,1,1.0,0.1666,0,1.0,0.5,0,0.1777
0.7207,0.925,0.5,1.0,0,0.1666,0.64,0.5,1,0.125,0.5,0.5,1,0.0,0.5,0,0.0,0.5,1,0.422
0.442,0.475,1.0,0.0,1,0.5,0.74,0.0,0,0.25,0.5,1.0,0,0.0,0.6665,1,0.0,0.0,0,0.2444
0.3489,0.025,0.5,0.0,0,0.6665,0.82,1.0,1,0.25,0.5,1.0,1,0.0,0.5,0,0.5,0.5,1,0.1777
0.465,0.7,1.0,0.5,1,0.3333,0.8,1.0,1,0.25,1.0,0.5,0,0.0,0.6665,0,0.0,0.5,1,0.3777
0.4187,0.475,0.5,1.0,0,0.5,1.0,0.0,1,0.125,1.0,1.0,1,1.0,0.3333,0,0.5,1.0,0,0.311
0.4187,0.125,0.5,1.0,1,0.8335,0.82,0.5,1,0.125,0.5,1.0,1,1.0,0.6665,0,0.5,0.0,1,0.2666
0.5347,0.225,0.0,1.0,0,0.1666,0.66,0.0,1,0.375,0.0,0.5,0,0.0,0.5,0,0.0,0.0,1,0.2444
0.558,0.075,1.0,0.5,0,0.5,0.38,0.5,1,0.0,0.0,1.0,0,-1.0,0.8335,0,0.0,0.5,0,0.2
0.372,0.575,0.0,0.5,0,0.8335,0.6,0.5,1,0.5,0.5,1.0,1,-1.0,0.3333,0,0.5,0.0,0,0.2666
0.372,0.625,0.5,0.0,0,0.5,0.88,1.0,1,0.5,0.0,0.5,1,1.0,0.5,0,0.5,0.0,0,0.311
0.3953,0.5,0.5,0.0,1,0.3333,0.3,0.5,1,0.25,0.0,1.0,1,-1.0,0.3333,0,0.5,0.0,0,0.2222
0.1163,0.825,0.5,0.5,0,0.5,0.04,1.0,1,0.0,0.5,0.5,1,0.0,0.3333,0,0.5,0.0,0,0.2
0.2325,0.85,0.5,0.0,1,0.6665,0.32,1.0,0,0.125,1.0,0.0,1,0.0,0.6665,0,0.0,0.0,0,0.2222
0.628,0.625,0.5,1.0,1,0.5,0.96,0.5,1,0.25,0.0,1.0,0,1.0,0.1666,1,0.0,0.0,1,0.3777
0.6743,0.025,0.0,1.0,1,0.6665,0.8,0.5,1,0.25,0.0,1.0,1,-1.0,0.3333,0,0.0,0.5,0,0.2444
0.4187,0.7,0.5,0.0,0,0.5,0.18,0.5,1,0.25,0.0,0.5,1,0.0,0.5,0,0.5,0.0,0,0.2444
0.5117,0.425,1.0,1.0,1,0.5,0.02,0.5,1,0.125,0.0,0.0,0,1.0,0.5,0,0.5,0.5,1,0.2666
0.4883,0.575,0.5,0.5,1,0.6665,0.66,1.0,1,0.125,1.0,0.5,0,-1.0,0.5,1,1.0,0.5,1,0.311
0.8604,0.65,0.0,1.0,1,0.5,0.58,0.0,1,0.375,0.0,0.5,1,-1.0,0.5,0,0.0,0.0,1,0.4
0.6045,0.35,0.5,1.0,0,0.3333,0.08,0.5,1,0.375,0.5,0.5,1,0.0,0.5,0,0.5,0.0,0,0.311
0.4187,0.925,0.5,0.0,0,0.6665,0.96,0.5,1,0.125,0.0,0.5,0,0.0,0.6665,1,0.0,0.0,1,0.2888
0.3022,0.125,0.0,0.5,1,0.5,0.62,0.5,1,0.125,0.0,0.5,1,1.0,0.5,0,0.0,0.5,0,0.1333
0.2094,0.675,0.5,0.0,1,0.3333,0.66,0.5,0,0.0,0.0,0.5,1,1.0,0.6665,0,0.0,0.0,1,0.1777
0.465,0.0,0.5,1.0,1,0.6665,0.86,0.0,1,0.0,0.0,0.5,1,1.0,0.3333,0,0.0,1.0,0,0.1777
0.3257,0.925,0.0,0.5,1,0.8335,0.34,0.5,1,0.125,0.0,1.0,1,0.0,0.3333,0,0.5,0.0,1,0.2888
0.2325,0.125,0.5,1.0,0,0.5,0.56,0.5,1,0.25,0.0,0.5,1,0.0,0.5,0,1.0,0.0,0,0.1777
0.3489,0.1,1.0,0.5,1,0.5,0.58,0.5,1,0.375,0.5,0.5,0,1.0,0.6665,1,1.0,0.0,0,0.2444
0.3022,0.325,1.0,0.5,1,0.1666,0.96,0.5,1,0.25,0.0,0.5,1,-1.0,0.6665,0,0.0,0.5,0,0.2222
0.6743,0.375,1.0,1.0,0,0.5,0.14,1.0,1,0.0,0.0,0.5,1,0.0,0.1666,1,0.5,0.0,0,0.2888
0.558,0.225,0.5,0.5,1,0.5,0.76,1.0,1,0.0,0.0,0.5,1,-1.0,0.6665,0,0.5,0.0,0,0.2444
0.442,0.575,0.0,0.0,0,0.5,0.58,0.0,0,0.25,0.5,0.5,1,1.0,0.8335,0,1.0,0.5,1,0.2444
0.6514,0.45,1.0,0.5,0,0.3333,0.84,0.5,1,0.25,0.0,0.5,0,-1.0,0.6665,0,0.0,0.0,1,0.3333
0.442,0.025,0.0,0.0,1,0.6665,0.84,0.5,1,0.0,0.5,0.5,1,-1.0,0.3333,0,0.0,0.0,0,0.1333
0.3257,0.325,0.5,0.0,1,0.5,0.02,0.5,1,0.25,0.0,1.0,0,-1.0,0.5,0,0.0,0.5,1,0.1333
0.6514,0.8,0.5,0.5,1,1.0,0.26,1.0,1,0.125,0.0,1.0,0,-1.0,0.6665,0,0.0,0.5,1,0.3555
0.5117,0.7,0.0,0.5,1,0.5,0.18,0.5,1,0.125,0.5,0.5,1,-1.0,0.3333,0,0.0,0.0,1,0.2666
0.3022,0.725,1.0,1.0,1,0.0,0.46,0.5,1,0.25,0.5,1.0,1,-1.0,0.5,0,0.5,0.0,1,0.3333
0.4187,0.7,1.0,0.5,0,0.1666,0.9,0.5,1,0.25,0.0,0.5,0,-1.0,0.6665,0,0.5,0.5,1,0.311
0.3257,0.3,1.0,1.0,0,0.6665,0.0,0.5,1,0.25,0.5,0.5,1,0.0,0.6665,0,0.0,0.0,0,0.2222
0.2559,0.1,1.0,0.0,1,0.3333,0.48,1.0,1,0.0,0.5,0.5,1,1.0,0.3333,0,0.0,0.5,1,0.1333
0.5815,0.275,0.5,0.0,0,0.3333,0.88,0.0,1,0.375,0.0,0.5,1,1.0,0.6665,0,1.0,0.0,1,0.2888
0.6978,0.825,1.0,0.0,1,0.1666,0.92,0.5,1,0.25,0.0,0.5,1,1.0,0.3333,0,0.0,0.0,1,0.422
0.2559,0.975,0.5,0.5,0,0.3333,0.66,0.0,1,0.125,0.5,0.5,1,-1.0,0.5,0,0.0,0.0,0,0.2666
0.5117,0.5,0.5,0.5,1,0.5,0.82,0.0,1,0.625,1.0,0.5,1,-1.0,0.1666,0,0.0,0.0,0,0.3333
0.3489,0.0,0.0,0.5,1,0.6665,0.32,0.0,1,0.125,1.0,1.0,0,0.0,0.3333,1,0.0,0.5,0,0.08887
0.372,0.15,1.0,1.0,0,0.1666,0.28,0.0,1,0.0,0.5,1.0,0,0.0,0.3333,0,0.5,0.0,1,0.2
0.3489,0.325,1.0,0.5,1,0.6665,0.04,0.5,1,0.25,0.5,1.0,1,1.0,0.6665,0,0.5,0.0,0,0.2444
0.3257,0.575,0.0,0.0,1,0.1666,0.5,0.5,1,0.125,0.5,0.5,1,0.0,0.5,0,0.0,1.0,0,0.1777
0.442,0.075,0.0,0.0,1,0.6665,0.46,0.0,1,0.0,1.0,0.5,1,0.0,0.5,0,0.5,0.0,0,0.1333
0.3257,0.95,0.0,1.0,1,0.6665,0.38,0.0,1,0.25,0.0,0.5,1,0.0,0.6665,0,0.0,0.5,0,0.2888
0.4883,0.375,0.5,0.5,0,0.3333,0.12,0.0,1,0.375,0.5,0.5,0,1.0,0.5,0,0.0,1.0,1,0.2222
0.442,0.925,0.5,1.0,0,0.1666,0.24,0.5,1,0.125,0.5,0.5,0,0.0,0.6665,0,0.0,1.0,1,0.311
0.4187,0.775,1.0,0.0,1,0.6665,0.2,0.5,1,0.25,0.0,0.5,0,0.0,0.6665,0,0.0,0.5,1,0.2888
0.3257,0.75,0.5,0.0,1,0.3333,0.94,0.0,1,0.25,1.0,1.0,1,1.0,0.3333,0,0.0,0.0,1,0.311
0.372,0.6,0.5,0.0,1,0.5,0.96,1.0,1,0.125,0.0,1.0,1,0.0,0.3333,0,0.5,1.0,0,0.2666
0.558,0.625,1.0,1.0,0,0.6665,0.0,1.0,1,0.125,1.0,0.5,1,0.0,0.1666,0,0.5,0.5,0,0.3333
0.5117,0.65,0.5,0.5,1,0.6665,0.18,0.0,1,0.125,0.0,0.5,1,0.0,0.5,0,1.0,0.5,0,0.2888
0.3022,0.625,0.5,0.5,0,0.3333,0.88,0.0,1,0.0,1.0,0.5,1,1.0,0.6665,0,0.5,0.0,1,0.2666
0.465,0.55,1.0,0.5,0,0.5,0.04,0.5,1,0.5,0.0,0.5,1,0.0,0.5,0,0.0,1.0,1,0.2666
0.558,0.975,1.0,0.5,1,0.3333,0.94,1.0,1,0.0,0.5,0.5,1,1.0,0.5,0,0.5,0.5,1,0.4443
0.2094,0.725,0.0,0.0,1,0.6665,0.38,0.0,1,0.375,0.0,0.5,1,-1.0,0.6665,0,0.5,0.5,1,0.1777
0.5117,0.775,0.0,0.5,0,0.8335,0.54,1.0,1,0.125,0.0,0.5,1,1.0,0.8335,0,0.0,0.0,1,0.3333
0.3489,0.875,0.5,0.0,1,0.3333,0.76,0.0,1,0.25,1.0,1.0,1,1.0,0.6665,0,0.0,0.0,0,0.3333
0.5117,0.225,0.5,1.0,1,0.5,0.24,0.5,1,0.125,0.5,0.5,1,0.0,0.6665,1,0.0,1.0,1,0.2
0.3257,0.075,0.5,0.0,0,0.6665,0.1,0.0,1,0.0,0.5,0.0,1,0.0,0.5,0,0.5,0.0,0,0.08887
0.186,0.475,0.5,0.0,0,0.5,0.8,1.0,1,0.125,1.0,0.0,1,0.0,0.5,0,0.0,0.0,1,0.1777
0.2094,0.525,1.0,0.5,1,0.6665,0.98,0.5,0,0.25,0.5,0.5,1,1.0,0.6665,0,1.0,0.5,0,0.2666
0.442,0.825,0.0,1.0,1,0.5,0.66,0.5,1,0.0,0.5,0.5,0,-1.0,0.3333,1,0.0,0.0,1,0.2888
0.4883,0.45,0.5,0.5,1,0.1666,0.82,0.0,1,0.0,0.5,1.0,0,-1.0,0.5,0,1.0,0.0,1,0.2888
0.3257,0.575,0.5,0.5,0,0.5,0.94,0.5,1,0.25,0.0,1.0,0,0.0,0.3333,0,0.0,0.0,0,0.933
0.5347,0.525,0.5,0.0,0,0.8335,0.22,0.5,1,0.125,0.0,0.0,1,1.0,0.6665,0,0.5,0.0,0,0.2444
0.2094,0.05,0.5,0.0,0,0.5,0.36,1.0,1,0.375,0.5,0.5,1,0.0,0.5,0,1.0,0.0,1,0.1333
0.442,0.625,1.0,0.5,0,0.8335,0.22,1.0,1,0.25,1.0,0.5,1,1.0,0.5,0,0.5,0.0,1,0.3333
0.279,0.825,0.0,0.0,1,0.0,0.06,1.0,1,0.125,0.5,0.0,1,1.0,0.1666,0,1.0,0.0,1,0.2222
0.3489,0.15,0.0,0.5,1,0.6665,0.74,1.0,1,0.375,0.5,0.5,1,1.0,0.3333,0,0.0,0.5,0,0.2
0.442,0.6,0.5,1.0,1,0.3333,0.14,1.0,1,0.25,0.5,0.5,1,1.0,0.6665,0,0.0,1.0,0,0.311
0.3257,0.6,0.5,1.0,0,0.3333,0.1,0.0,1,0.125,0.5,0.5,0,-1.0,0.3333,0,0.0,0.0,1,0.2
0.3953,0.175,0.0,0.0,1,0.8335,0.36,0.0,1,0.25,0.0,1.0,0,-1.0,0.3333,0,1.0,0.0,1,0.1333
0.5815,0.125,0.0,0.5,0,0.5,0.06,0.0,1,0.375,1.0,0.5,1,1.0,0.3333,0,0.0,0.0,0,0.2
0.372,0.975,0.5,1.0,0,0.3333,0.18,0.5,1,0.0,0.5,0.5,1,0.0,0.5,0,0.0,0.5,1,0.2888
0.558,0.4,0.5,1.0,0,0.6665,0.06,1.0,1,0.125,1.0,1.0,1,1.0,0.5,1,0.0,1.0,0,0.2666
0.279,0.225,1.0,0.0,0,0.0,0.88,0.5,1,0.375,0.0,0.0,1,1.0,0.5,1,0.0,0.0,1,0.1555
0.5117,0.175,0.5,0.5,1,0.8335,0.78,0.5,1,0.25,0.0,1.0,1,0.0,0.3333,0,0.0,0.0,0,0.2444
0.6514,0.675,0.5,1.0,1,1.0,0.86,1.0,1,0.125,0.0,0.5,1,0.0,0.6665,0,0.0,0.5,1,0.3777
0.093,0.6,0.5,0.5,1,0.6665,0.86,1.0,1,0.5,1.0,1.0,1,1.0,0.5,0,0.5,0.5,1,0.2888
0.3257,0.65,0.5,1.0,1,0.6665,0.94,0.5,1,0.5,1.0,0.5,1,1.0,0.5,0,0.0,0.0,1,0.3555
0.5117,0.1,0.5,0.5,1,0.5,0.18,1.0,1,0.375,0.5,0.5,1,1.0,0.3333,0,0.0,0.5,0,0.2222
0.4187,0.9,0.5,0.0,1,0.1666,0.9,0.0,0,0.25,0.5,0.0,0,0.0,0.5,0,0.0,0.5,0,0.2888
0.4883,0.4,0.5,0.0,0,0.8335,0.52,0.5,1,0.25,0.0,1.0,1,0.0,0.8335,0,0.0,1.0,0,0.2222
0.3489,0.325,1.0,0.0,1,0.6665,0.16,0.5,1,0.125,0.5,0.5,1,0.0,0.6665,0,0.0,0.0,0,0.2
0.465,0.45,0.5,0.0,0,0.6665,0.66,0.5,1,0.25,0.5,0.5,1,1.0,0.6665,1,0.0,1.0,1,0.2222
0.4187,0.4,1.0,1.0,1,0.6665,0.32,0.0,1,0.0,0.0,1.0,0,-1.0,0.6665,1,0.0,0.0,1,0.2222
0.6045,0.875,1.0,0.5,0,0.5,0.04,1.0,1,0.375,0.5,1.0,0,-1.0,0.5,0,0.5,0.5,0,0.4
0.4883,0.925,0.5,1.0,1,0.3333,0.08,0.5,1,0.125,0.0,1.0,1,1.0,0.5,0,1.0,0.0,1,0.3777
0.4883,0.3,0.0,0.5,1,1.0,0.42,0.5,1,0.125,0.5,0.5,0,-1.0,0.1666,0,0.5,0.0,1,0.2
0.3953,0.875,0.5,0.5,1,0.5,0.82,0.0,1,0.0,0.0,0.5,1,1.0,0.6665,1,1.0,0.5,1,0.311
0.372,0.775,0.5,0.5,0,0.3333,0.32,1.0,1,0.125,1.0,0.5,0,1.0,0.5,0,0.0,0.0,1,0.311
0.372,0.925,0.5,1.0,1,0.8335,0.76,0.5,0,0.0,0.5,0.5,1,1.0,0.3333,0,0.0,0.0,1,0.3333
0.4883,0.25,0.0,0.5,0,0.5,0.06,0.0,1,0.125,0.0,0.5,1,1.0,0.5,0,0.0,0.0,0,0.622
0.372,0.575,1.0,0.5,0,0.5,0.4,0.0,1,0.375,0.0,0.5,0,0.0,0.8335,0,1.0,0.0,0,0.2888
0.4883,0.275,0.0,1.0,1,0.8335,0.12,1.0,1,0.125,0.0,1.0,1,0.0,0.5,1,0.5,0.0,0,0.6445
0.7207,0.825,0.5,0.5,1,0.6665,0.86,1.0,1,0.125,0.5,1.0,1,-1.0,0.5,0,1.0,1.0,0,0.4443
0.558,0.0,0.0,1.0,0,0.6665,0.96,0.5,1,0.125,0.5,0.5,1,0.0,0.8335,0,1.0,0.0,0,0.2666
0.3953,0.575,0.5,1.0,1,0.1666,0.32,0.5,1,0.0,1.0,0.5,0,1.0,0.6665,0,1.0,0.0,1,0.311
0.6045,0.35,1.0,0.5,0,0.6665,0.98,1.0,0,0.375,0.5,0.5,1,1.0,0.6665,0,0.0,0.0,1,0.3555
0.3953,0.325,0.5,0.0,1,0.1666,0.76,0.5,1,0.125,0.5,0.5,1,1.0,0.8335,0,0.5,0.0,0,0.2444
0.1628,0.65,0.5,1.0,0,0.3333,0.0,1.0,1,0.125,0.5,0.5,1,1.0,0.3333,0,0.5,0.0,1,0.2222
0.3022,0.85,1.0,0.5,0,0.5,0.48,0.5,1,0.125,1.0,0.5,0,1.0,0.8335,0,0.5,0.0,1,0.3333
0.186,0.6,1.0,0.0,0,0.5,0.84,1.0,1,0.125,0.0,1.0,1,-1.0,0.6665,0,1.0,0.0,1,0.2444
0.3953,0.85,1.0,0.5,1,0.6665,0.54,0.5,1,0.375,0.5,1.0,1,1.0,0.6665,0,1.0,0.0,1,0.422
0.442,0.275,1.0,0.5,0,0.6665,0.54,0.5,1,0.0,1.0,0.5,0,0.0,0.6665,0,0.0,0.5,1,0.2444
0.6743,0.525,0.5,1.0,0,0.6665,0.44,0.0,1,0.0,0.0,0.5,1,0.0,0.3333,0,0.0,0.5,1,0.2888
0.4883,0.45,0.5,1.0,1,0.1666,0.4,0.5,1,0.25,0.0,0.5,1,1.0,0.1666,0,0.5,0.0,1,0.2888
0.4187,0.0,0.5,1.0,0,1.0,0.02,0.5,1,0.0,0.5,0.5,1,1.0,0.5,1,0.5,0.0,0,0.1555
0.558,0.55,0.5,1.0,1,0.5,0.62,0.5,1,0.25,0.5,0.5,0,0.0,0.3333,0,1.0,0.5,1,0.3555
0.1395,0.65,0.5,0.0,0,0.8335,0.76,0.5,1,0.25,0.0,0.5,1,-1.0,0.3333,0,0.5,0.0,0,0.1777
0.465,0.6,1.0,1.0,0,0.0,0.8,0.5,1,0.25,0.5,0.0,1,0.0,0.5,0,0.0,1.0,1,0.311
0.558,0.725,0.5,0.5,1,0.5,0.62,1.0,1,0.375,0.5,0.5,1,-1.0,0.0,0,0.5,0.0,1,0.3555
0.2325,0.575,1.0,0.0,1,0.1666,0.34,0.5,1,0.125,0.5,0.5,1,1.0,0.3333,0,1.0,0.0,1,0.2444
0.6045,0.075,0.5,1.0,0,0.3333,0.02,0.0,1,0.0,0.0,0.5,1,1.0,0.3333,0,1.0,0.5,1,0.2
0.4883,0.125,0.5,0.5,1,0.5,0.9,0.0,1,0.375,0.0,0.5,1,1.0,0.3333,0,0.0,0.5,0,0.2222
0.3953,0.6,0.5,1.0,0,0.3333,0.42,0.5,1,0.5,0.5,0.0,1,1.0,0.3333,0,0.0,0.0,0,0.311
0.5347,0.275,0.5,0.0,0,0.8335,0.6,0.5,1,0.25,0.5,1.0,0,1.0,0.5,0,0.0,0.0,0,0.2444
0.7676,0.075,0.5,1.0,1,1.0,0.2,0.0,1,0.125,0.5,0.5,1,-1.0,0.6665,0,0.0,0.0,0,0.2666
0.465,0.425,0.5,0.0,1,0.3333,0.14,0.5,1,0.5,0.0,0.5,1,-1.0,0.8335,0,0.0,1.0,1,0.2222
0.465,0.55,0.0,0.0,1,0.3333,0.08,1.0,1,0.375,0.0,0.5,1,-1.0,0.3333,0,0.5,0.5,1,0.2222
0.372,0.325,1.0,0.5,0,0.1666,0.8,1.0,1,0.125,0.0,0.5,0,1.0,0.6665,0,0.0,0.0,1,0.2666
0.3257,0.725,0.0,0.5,1,0.8335,0.64,0.0,1,0.125,0.5,0.5,1,0.0,0.5,0,0.5,0.0,1,0.2444
0.558,0.65,0.5,0.5,1,0.5,0.62,0.0,1,0.125,1.0,0.0,1,1.0,0.1666,0,0.0,0.0,1,0.311
0.3257,0.325,0.5,1.0,0,0.5,0.92,0.0,1,0.125,0.0,0.5,1,-1.0,0.3333,0,0.5,0.0,1,0.2
0.442,0.75,0.5,0.5,1,0.5,0.16,1.0,1,0.125,1.0,1.0,0,0.0,0.6665,0,0.0,0.0,1,0.3333
0.372,0.65,1.0,0.5,1,0.5,0.18,0.0,1,0.375,0.0,0.5,1,1.0,0.5,0,1.0,0.5,1,0.2888
0.5117,0.625,1.0,0.0,1,0.3333,0.18,0.0,1,0.125,0.5,0.5,1,-1.0,0.1666,0,0.0,0.0,1,0.2888
0.4883,0.55,1.0,0.5,1,0.5,0.42,0.0,1,0.125,1.0,0.5,0,1.0,0.5,0,0.0,0.0,0,0.311
0.5815,0.0,0.5,0.5,1,0.5,0.88,1.0,1,0.375,1.0,0.5,1,1.0,0.3333,0,0.0,0.5,0,0.2888
0.372,0.7,0.5,0.5,1,0.6665,0.88,0.5,1,0.625,0.5,0.5,1,0.0,0.3333,1,0.5,0.0,0,0.3333
0.3953,0.375,1.0,0.5,1,0.1666,0.6,0.5,1,0.25,0.0,1.0,1,0.0,0.5,0,0.0,0.0,0,0.2666
0.3022,0.95,1.0,1.0,1,0.5,0.66,0.5,0,0.375,0.0,0.5,1,1.0,0.5,0,0.5,0.0,1,0.3777
0.372,0.825,1.0,0.0,0,0.3333,0.9,0.5,1,0.125,0.0,0.5,1,0.0,0.6665,0,0.0,0.0,1,0.311
0.4883,0.6,1.0,0.5,0,0.5,0.62,0.5,1,0.125,0.5,0.0,0,1.0,0.5,0,0.0,0.5,1,0.311
0.558,0.25,0.0,0.5,1,0.6665,0.22,0.0,0,0.375,0.0,0.5,1,1.0,0.6665,0,0.5,0.5,0,0.2
0.3022,0.2,0.0,0.5,1,0.3333,0.7,0.5,1,0.25,0.5,0.5,1,0.0,0.5,0,0.0,0.0,0,0.1777
0.558,0.35,1.0,1.0,1,0.8335,0.76,0.5,1,0.375,0.5,1.0,1,0.0,0.5,1,0.0,0.0,1,0.3333
0.628,0.475,1.0,0.5,1,0.0,0.64,0.5,1,0.0,0.5,0.5,0,1.0,0.5,0,0.0,0.0,1,0.3333
0.4883,0.3,1.0,0.5,1,0.8335,0.28,0.0,1,0.125,0.5,0.5,1,-1.0,0.3333,0,0.5,0.0,0,0.2444
0.6978,0.525,0.5,0.5,0,0.8335,0.4,0.0,1,0.125,0.0,0.5,1,0.0,0.6665,0,1.0,0.0,0,0.3333
0.3257,0.175,0.5,1.0,1,0.3333,0.48,1.0,1,0.0,1.0,0.5,1,1.0,0.3333,0,1.0,0.0,0,0.2444
0.279,0.975,0.5,0.5,1,0.3333,0.14,0.5,1,0.125,0.0,0.5,1,-1.0,0.8335,0,0.5,0.0,1,0.2888
0.186,0.1,0.5,0.5,0,0.1666,0.46,0.5,1,0.125,0.5,0.5,1,1.0,0.6665,0,0.5,0.0,1,0.1333
0.6514,0.925,0.5,0.5,0,0.6665,0.16,0.5,1,0.125,1.0,0.5,0,-1.0,0.6665,0,0.5,0.5,0,0.3777
0.5347,0.925,1.0,0.0,0,0.5,0.5,0.0,1,0.125,0.5,0.5,1,-1.0,0.3333,0,0.0,0.5,0,0.311
0.442,0.525,0.5,0.0,1,0.3333,0.06,0.0,1,0.0,0.5,0.0,1,0.0,0.6665,0,0.0,1.0,0,0.1777
0.4883,0.725,0.5,1.0,1,0.1666,0.94,0.5,1,0.25,0.5,0.5,0,0.0,0.8335,0,0.0,0.0,1,0.3777
0.279,0.425,0.5,0.5,1,1.0,0.24,0.5,1,0.125,1.0,0.5,0,0.0,0.6665,0,0.5,0.5,1,0.2222
0.7905,0.625,0.5,1.0,1,0.3333,0.46,1.0,1,0.125,1.0,0.5,1,-1.0,0.8335,0,0.0,0.5,0,0.422
0.465,0.35,0.5,0.0,1,0.5,0.04,0.0,1,0.125,1.0,0.5,1,-1.0,0.6665,0,0.0,1.0,1,0.1555
0.465,0.3,1.0,0.5,0,0.5,0.2,0.0,1,0.0,0.0,0.5,0,0.0,0.6665,0,1.0,0.0,1,0.2222
0.5347,0.575,0.0,1.0,0,0.3333,0.7,0.0,1,0.125,0.0,1.0,1,0.0,0.6665,0,0.0,0.5,0,0.2888
0.5117,0.5,0.5,0.0,1,0.3333,0.12,0.5,1,0.375,0.5,0.5,1,1.0,0.3333,1,0.0,0.0,1,0.2444
0.465,0.575,1.0,0.5,1,0.3333,0.62,0.0,1,0.375,1.0,0.5,1,-1.0,0.6665,0,1.0,0.5,1,0.3555
0.3257,0.275,0.5,1.0,0,0.6665,0.0,0.0,1,0.125,0.5,0.5,1,0.0,0.3333,1,1.0,0.0,0,0.1555
0.5117,0.375,0.0,1.0,1,0.3333,0.46,0.0,1,0.125,0.0,0.5,1,1.0,0.3333,0,0.0,0.5,0,0.2222
0.6978,0.075,0.5,1.0,0,0.8335,0.72,0.0,1,0.0,1.0,0.5,1,0.0,0.5,0,1.0,0.5,1,0.2888
0.628,0.05,0.5,1.0,0,0.3333,0.92,0.5,1,0.5,0.5,1.0,1,1.0,0.5,0,0.0,0.0,1,0.3333
0.6743,0.25,0.0,0.5,0,0.6665,0.5,0.5,1,0.125,0.5,0.5,0,1.0,0.3333,0,0.0,0.0,0,0.2666
0.372,0.075,0.5,0.5,0,0.0,0.84,0.5,1,0.25,0.0,0.5,1,-1.0,0.6665,0,0.0,0.0,0,0.1777
0.3022,0.1,1.0,1.0,1,0.3333,0.8,0.0,1,0.0,0.0,1.0,0,-1.0,0.3333,0,0.0,0.0,0,0.1777
0.4187,0.825,0.5,1.0,0,0.3333,0.3,0.5,1,0.0,0.5,1.0,1,0.0,0.5,0,0.0,0.0,1,0.311
0.442,0.05,0.0,0.5,1,0.1666,0.88,1.0,1,0.375,0.5,0.5,1,0.0,0.5,0,1.0,0.0,1,0.2444
0.6045,0.65,0.5,0.5,1,0.5,0.64,0.0,1,0.25,0.0,0.5,1,1.0,0.5,0,0.0,0.5,0,0.3333
0.2094,0.275,0.5,0.5,1,0.5,0.1,1.0,1,0.25,0.0,1.0,1,1.0,0.5,0,0.5,0.0,0,0.1777
0.6514,0.875,0.0,0.5,1,0.0,0.94,0.5,1,0.0,0.5,0.5,0,1.0,0.6665,1,0.5,0.5,0,0.3777
0.4187,0.475,1.0,0.5,1,1.0,0.18,0.0,1,0.125,0.5,0.5,1,0.0,0.5,1,0.5,0.5,1,0.2222
0.372,0.3,0.5,1.0,1,0.5,0.48,0.0,1,0.25,1.0,0.5,1,1.0,0.6665,0,1.0,1.0,1,0.2666
0.3022,0.525,0.5,0.5,1,0.5,0.46,0.0,0,0.125,1.0,0.5,0,1.0,0.5,1,0.0,0.5,1,0.1777
0.2094,0.375,1.0,0.5,0,0.8335,0.62,0.5,1,0.375,0.0,1.0,1,-1.0,0.8335,0,0.0,0.0,0,0.2222
0.558,0.575,0.5,0.5,1,0.6665,0.66,0.5,1,0.25,0.0,0.5,1,0.0,0.1666,1,0.0,0.5,0,0.2666
0.442,0.125,0.5,0.0,1,0.5,0.24,1.0,1,0.0,0.5,0.5,1,0.0,0.0,1,1.0,0.0,1,0.5557
0.2559,1.0,0.5,0.5,1,0.0,0.36,0.5,1,0.25,0.0,0.5,1,0.0,0.5,0,0.5,1.0,1,0.2888
0.2559,0.425,0.5,0.5,1,0.6665,0.14,0.5,1,0.25,0.0,1.0,1,-1.0,0.3333,0,0.5,0.5,1,0.1777
0.3953,0.35,0.5,0.5,0,0.3333,0.12,0.5,1,0.125,0.5,0.5,0,1.0,0.5,0,0.5,0.5,1,0.2
0.6743,0.7,0.5,0.5,0,0.8335,0.82,0.5,1,0.375,0.5,0.0,1,1.0,0.5,0,0.0,0.0,0,0.4
0.3953,0.375,0.5,0.5,1,0.3333,0.76,0.0,1,0.25,0.5,1.0,1,-1.0,0.1666,1,1.0,0.0,0,0.2444
0.2325,0.825,0.5,0.5,1,0.3333,0.44,0.0,1,0.25,0.0,0.5,1,-1.0,0.5,0,0.5,0.5,1,0.2444
0.4187,0.45,1.0,1.0,0,0.1666,0.1,0.5,1,0.0,0.5,0.5,1,0.0,0.6665,0,0.0,0.5,1,0.2444
0.3953,0.725,0.5,1.0,1,0.1666,0.44,0.0,1,0.5,0.5,0.0,1,0.0,0.3333,0,0.0,0.0,0,0.311
0.06976,0.1,0.5,1.0,1,0.5,0.3,0.5,1,0.125,0.5,1.0,1,-1.0,0.6665,0,0.0,1.0,1,0.08887
0.442,0.85,0.5,0.5,0,0.5,0.78,0.5,1,0.0,0.0,0.5,0,0.0,0.1666,0,0.0,0.0,1,0.2888
0.4187,0.725,0.5,0.5,0,0.3333,0.1,0.5,1,0.125,0.0,0.5,0,0.0,0.5,0,1.0,0.5,0,0.2666
0.5347,0.2,0.5,0.5,1,1.0,0.46,0.0,1,0.125,0.5,0.5,1,0.0,0.6665,1,0.0,0.5,0,0.2
0.6978,0.15,0.0,1.0,1,0.6665,0.6,0.0,1,0.0,0.0,0.0,0,-1.0,0.6665,0,0.0,0.0,0,0.2222
0.6045,0.325,0.5,0.5,0,0.5,0.98,0.0,1,0.125,0.0,0.5,1,1.0,0.6665,0,0.5,0.0,1,0.2888
0.3953,0.975,0.5,1.0,1,0.0,0.08,0.0,1,0.0,0.5,0.5,1,1.0,0.5,0,1.0,0.5,1,0.3333
0.279,0.25,0.5,0.5,0,0.6665,0.12,0.5,1,0.25,0.5,1.0,1,0.0,0.0,0,0.0,0.0,1,0.1555
0.7905,0.45,1.0,0.0,1,1.0,0.98,0.5,1,0.125,0.0,0.5,0,1.0,0.3333,0,0.0,0.0,1,0.3777
0.442,0.025,0.5,0.0,1,0.5,0.4,0.0,1,0.125,0.5,0.5,0,1.0,0.6665,0,0.0,0.5,0,0.1555
0.442,0.4,1.0,1.0,1,0.3333,0.74,0.0,1,0.125,0.0,0.5,1,-1.0,0.6665,0,1.0,0.5,1,0.2888
0.442,0.575,1.0,0.5,0,0.5,0.78,0.5,1,0.375,0.0,1.0,0,-1.0,0.6665,0,0.0,0.0,0,0.311
0.465,0.95,1.0,0.5,0,0.1666,0.32,0.0,1,0.375,1.0,1.0,1,1.0,0.8335,0,0.0,0.0,1,0.4
0.4187,0.525,1.0,1.0,0,0.6665,0.22,0.0,1,0.375,0.5,0.5,0,-1.0,0.8335,0,1.0,0.0,1,0.311
0.372,0.825,0.5,0.5,1,0.8335,0.28,0.5,1,0.125,0.5,0.5,1,0.0,0.5,0,0.0,0.5,0,0.2666
0.372,0.55,0.5,0.0,0,0.3333,0.76,0.0,1,0.25,0.0,0.0,0,0.0,0.5,0,1.0,0.0,1,0.2222
0.442,0.05,0.0,0.0,0,0.3333,0.84,1.0,1,0.25,0.5,0.5,1,1.0,0.5,0,1.0,0.5,1,0.1777
0.372,0.325,1.0,0.5,1,0.5,0.7,0.5,1,0.25,0.0,0.5,1,1.0,0.3333,0,0.0,0.5,1,0.2444
0.3489,0.575,0.5,0.5,0,0.3333,0.44,0.5,1,0.125,0.0,1.0,1,1.0,0.3333,0,0.5,0.0,1,0.2444
0.465,0.95,0.5,1.0,0,0.1666,0.26,0.0,1,0.0,0.0,1.0,1,0.0,0.3333,0,1.0,0.0,1,0.3333
0.3953,0.85,0.5,0.5,0,0.3333,0.42,0.0,1,0.25,1.0,0.5,1,0.0,0.5,0,1.0,1.0,1,0.311
0.6514,0.225,0.5,1.0,0,0.3333,0.92,0.0,1,0.125,1.0,0.5,1,1.0,0.6665,0,0.0,0.0,0,0.3333
0.06976,0.225,0.5,0.0,0,0.8335,0.86,0.0,0,0.25,0.5,1.0,0,-1.0,0.5,0,0.0,0.5,0,0.06665
0.6045,0.2,0.5,0.5,0,0.8335,0.32,0.5,1,0.375,1.0,0.5,0,1.0,0.5,0,0.0,1.0,1,0.2666
0.6045,0.925,1.0,1.0,1,0.8335,0.32,0.0,1,0.125,0.0,0.5,1,1.0,0.5,0,0.0,1.0,1,0.4
0.1628,0.85,1.0,0.0,0,0.6665,0.78,1.0,1,0.0,0.5,0.5,1,0.0,0.3333,0,0.0,0.0,0,0.2444
0.3953,0.775,1.0,1.0,1,0.5,0.42,1.0,1,0.0,0.5,0.5,1,0.0,0.5,0,0.0,0.0,1,0.3333
0.3953,0.4,1.0,1.0,0,0.3333,0.58,0.5,1,0.125,0.5,0.5,0,1.0,0.3333,0,1.0,1.0,0,0.2666
0.2559,0.5,0.0,0.0,0,0.8335,0.42,1.0,1,0.125,0.0,0.0,0,1.0,0.5,1,0.0,0.5,0,0.1111
0.3257,0.475,1.0,0.5,0,0.6665,0.24,0.0,1,0.125,0.0,0.0,1,1.0,0.5,0,0.5,0.0,1,0.2222
0.279,0.25,0.5,0.5,0,0.1666,0.18,0.5,1,0.0,0.5,1.0,0,1.0,0.3333,0,1.0,0.0,0,0.1777
0.6978,0.5,1.0,1.0,1,0.3333,0.14,0.0,1,0.125,0.5,1.0,0,1.0,0.5,0,0.0,0.0,0,0.3777
0.5815,0.025,0.0,0.5,1,0.1666,0.02,1.0,1,0.0,0.0,0.5,0,0.0,0.8335,0,0.0,0.5,0,0.1555
0.628,0.125,0.5,0.5,1,0.0,0.28,0.5,1,0.75,0.5,1.0,1,0.0,0.5,0,1.0,0.0,1,0.3333
0.5347,0.875,1.0,0.0,1,0.6665,0.18,0.5,1,0.25,0.0,1.0,1,-1.0,0.1666,0,0.5,0.5,1,0.3333
0.279,0.75,0.5,0.5,0,0.1666,0.26,0.5,1,0.0,0.0,0.5,1,0.0,0.6665,0,0.0,0.5,0,0.2
0.372,0.425,0.5,0.5,1,0.3333,0.08,0.0,1,0.375,0.0,0.5,1,0.0,0.6665,0,0.0,0.5,1,0.2
0.5117,0.525,0.5,0.0,1,0.5,0.34,0.5,1,0.0,0.5,1.0,0,1.0,0.8335,0,0.0,0.5,0,0.2666
0.279,0.375,0.5,1.0,1,0.5,0.52,1.0,1,0.125,0.5,1.0,1,-1.0,0.1666,0,0.0,0.5,1,0.2
0.5347,0.75,0.5,0.5,1,0.3333,0.94,0.0,1,0.125,1.0,1.0,1,1.0,0.6665,0,0.0,0.0,1,0.3777
0.4187,0.775,0.5,0.0,0,0.8335,0.34,0.5,1,0.0,0.5,0.5,0,-1.0,0.5,0,0.5,0.0,0,0.2444
0.3953,0.775,0.5,0.5,0,0.1666,0.04,0.5,1,0.25,0.5,0.5,1,-1.0,0.6665,0,0.0,0.5,0,0.2444
0.5347,0.725,0.5,1.0,1,0.1666,0.36,0.5,1,0.0,0.0,1.0,1,1.0,0.3333,0,1.0,0.0,0,0.3555
0.5117,0.2,0.0,0.0,0,0.6665,0.82,0.5,1,0.625,0.0,0.5,1,-1.0,0.8335,0,1.0,0.0,0,0.2444
0.3953,0.35,0.5,0.0,1,0.3333,0.34,1.0,1,0.25,0.0,1.0,1,0.0,0.3333,0,0.0,0.0,1,0.2
0.6045,0.475,0.5,0.0,0,0.3333,0.3,0.0,1,0.0,0.5,0.5,0,-1.0,0.3333,0,0.5,0.0,1,0.2444
0.3022,0.325,0.5,0.0,1,0.1666,0.92,0.0,1,0.125,0.0,0.5,1,-1.0,0.5,0,0.0,0.5,0,0.1555
0.5347,0.75,0.5,0.5,0,0.6665,0.3,0.5,1,0.5,0.0,0.5,1,0.0,0.6665,0,0.0,0.5,1,0.3333
0.5347,0.325,0.5,0.5,1,0.5,0.98,0.5,1,0.375,0.5,1.0,0,0.0,0.5,0,0.0,0.0,0,0.311
0.3953,0.15,1.0,0.5,0,0.5,0.84,0.5,1,0.25,0.0,0.5,0,0.0,0.6665,0,0.0,0.5,1,0.2222
0.4883,0.4,1.0,0.5,1,0.3333,0.68,1.0,1,0.25,0.5,1.0,1,0.0,0.5,0,0.0,0.0,1,0.3333
0.2559,0.975,1.0,1.0,1,0.3333,0.6,0.5,0,0.0,1.0,0.5,1,1.0,0.5,0,0.0,0.5,1,0.3333
0.5815,0.225,0.5,0.5,1,0.5,0.22,0.5,1,0.125,1.0,1.0,1,1.0,0.3333,0,0.5,0.0,1,0.2666
0.4187,0.6,0.5,1.0,1,0.6665,0.74,0.0,1,0.25,0.0,1.0,1,1.0,0.5,0,0.0,0.5,0,0.311
0.372,0.425,0.0,0.5,0,0.8335,0.34,0.0,1,0.0,0.0,1.0,1,0.0,0.8335,1,0.0,0.0,0,0.1555
0.5815,0.075,0.5,1.0,1,0.8335,0.48,0.5,1,0.125,0.0,0.5,0,1.0,0.6665,0,0.0,0.0,0,0.2666
0.3489,0.5,1.0,0.5,0,0.6665,0.1,1.0,0,0.0,0.0,0.5,1,1.0,1.0,0,0.5,0.5,1,0.2222
0.2559,0.7,0.5,0.5,0,0.6665,0.3,0.5,1,0.0,0.0,0.5,1,1.0,0.6665,0,0.0,0.0,1,0.2222
0.2325,0.525,0.5,1.0,1,0.1666,0.52,0.5,1,0.125,0.0,0.5,1,0.0,0.5,0,1.0,1.0,1,0.2222
0.5347,0.875,0.5,0.0,1,0.3333,0.46,0.5,0,0.375,0.0,0.5,1,1.0,0.3333,0,0.0,0.5,1,0.311
0.2559,0.3,0.5,0.5,0,0.6665,0.34,0.0,1,0.5,0.5,0.5,1,0.0,0.6665,0,0.0,0.0,1,0.1777
0.6978,0.075,0.0,1.0,1,0.5,0.48,0.0,1,0.375,0.5,0.5,1,-1.0,0.3333,0,0.5,0.5,1,0.2444
0.1628,0.925,0.5,1.0,1,0.6665,0.74,0.5,1,0.0,0.5,0.5,1,1.0,0.3333,1,0.0,0.0,1,0.2666
0.6743,0.375,0.5,0.5,0,0.6665,0.46,1.0,1,0.125,0.5,0.5,1,-1.0,0.5,0,0.5,0.0,1,0.311
0.465,0.575,0.5,0.5,1,0.6665,0.5,1.0,1,0.125,0.0,1.0,1,0.0,0.3333,0,0.0,1.0,1,0.2666
0.4187,0.8,0.5,0.5,1,0.1666,0.7,0.5,1,0.125,0.5,1.0,0,0.0,0.6665,0,0.0,0.0,1,0.3333
0.372,0.325,1.0,1.0,1,0.5,0.84,0.5,1,0.25,1.0,0.5,0,-1.0,0.3333,0,0.0,0.5,1,0.2666
0.4883,0.725,1.0,0.5,0,0.3333,0.52,0.5,1,0.25,0.0,0.5,1,0.0,0.6665,0,0.0,0.0,1,0.3333
0.442,0.125,1.0,1.0,1,0.3333,0.94,0.5,1,0.0,0.0,0.0,0,-1.0,0.5,0,0.0,0.5,0,0.2222
0.6045,0.3,0.5,0.0,0,0.0,0.36,0.5,0,0.0,0.5,1.0,1,-1.0,0.5,1,0.5,0.0,1,0.1777
0.465,0.15,0.5,0.5,1,0.5,0.26,0.5,1,0.0,1.0,0.5,1,0.0,0.5,0,0.0,0.0,0,0.2
0.465,0.8,1.0,0.5,1,0.0,0.7,0.0,1,0.125,1.0,0.5,1,-1.0,0.5,0,0.0,1.0,1,0.311
0.3953,0.225,0.0,0.5,0,0.6665,0.18,0.0,0,0.125,0.0,0.5,1,1.0,0.6665,0,0.0,0.0,0,0.1111
0.442,0.725,0.0,0.5,1,0.8335,0.9,0.5,1,0.375,0.0,0.5,1,1.0,0.5,0,0.0,0.5,1,0.311
0.4883,0.95,0.5,0.0,1,0.6665,0.38,0.5,1,0.5,1.0,0.5,0,1.0,0.3333,0,0.0,0.0,0,0.3777
0.2094,0.525,0.5,0.0,1,0.5,0.7,0.0,1,0.125,0.0,0.5,1,0.0,0.3333,0,0.5,0.0,1,0.1777
0.2559,0.55,0.0,0.5,0,0.8335,0.58,1.0,1,0.0,0.0,0.5,0,1.0,0.3333,0,0.5,0.5,0,0.1777
0.5347,0.45,1.0,0.0,1,0.5,0.06,1.0,1,0.0,0.5,0.5,1,0.0,0.6665,1,0.0,0.0,1,0.2444
0.465,0.325,0.5,0.5,0,0.3333,0.7,0.5,1,0.75,0.5,1.0,1,0.0,0.8335,0,0.5,0.0,1,0.3333
0.4187,0.475,0.5,1.0,1,0.5,0.8,0.5,1,0.125,1.0,0.5,1,-1.0,0.6665,0,0.5,1.0,0,0.2888
0.442,0.6,0.5,0.5,1,1.0,0.98,0.0,1,0.25,0.5,0.5,0,1.0,0.5,0,0.0,0.5,1,0.311
0.4883,0.975,0.5,0.5,1,0.1666,0.42,1.0,1,0.0,0.5,1.0,1,0.0,0.6665,0,0.5,0.0,0,0.3777
0.372,0.95,0.0,1.0,0,0.1666,0.5,0.0,1,0.125,0.0,0.0,0,1.0,0.5,1,0.5,0.0,1,0.2666
0.3257,0.85,0.0,0.5,0,0.6665,0.88,0.0,1,0.125,1.0,0.5,1,1.0,0.6665,0,0.0,0.5,1,0.2888
0.465,0.9,0.5,1.0,0,0.5,0.26,0.5,1,0.125,0.5,0.5,0,-1.0,0.3333,0,1.0,1.0,0,0.3333
0.3022,0.475,1.0,0.5,1,0.3333,0.18,0.5,1,0.625,0.5,1.0,1,1.0,0.5,0,1.0,1.0,1,0.2888
0.4883,0.65,0.5,0.5,1,0.1666,0.14,1.0,1,0.25,0.5,0.5,1,1.0,0.5,0,0.5,0.5,1,0.311
0.2094,0.9,0.5,0.5,0,0.0,0.98,0.5,1,0.125,0.5,0.5,0,-1.0,0.8335,0,0.5,0.0,0,0.2888
0.5815,0.4,0.5,0.5,0,0.1666,0.28,0.0,1,0.0,0.5,0.5,1,1.0,0.8335,0,0.5,1.0,0,0.2444
0.5117,0.95,0.5,0.5,0,0.8335,0.76,1.0,1,0.125,0.0,0.5,1,-1.0,0.6665,0,1.0,0.5,0,0.3777
0.4883,0.425,0.5,0.5,1,0.5,0.44,0.5,1,0.25,0.5,1.0,1,0.0,0.5,0,0.0,0.0,1,0.2666
0.5815,0.6,0.0,1.0,0,0.0,0.24,0.5,0,0.375,1.0,1.0,1,1.0,0.3333,0,0.0,0.0,1,0.3333
0.6743,0.7,1.0,0.5,1,0.8335,0.92,0.5,1,0.125,0.5,1.0,0,0.0,0.5,1,0.0,0.0,1,0.4
0.5815,0.95,0.5,0.0,1,0.8335,0.46,1.0,1,0.125,1.0,0.0,1,0.0,1.0,0,1.0,0.5,1,0.4
0.186,0.25,0.5,0.5,0,0.8335,0.56,0.0,1,0.125,0.5,0.0,1,0.0,0.3333,0,0.0,0.0,0,0.1111
0.2559,0.75,0.5,1.0,0,0.3333,0.22,0.0,1,0.25,0.5,1.0,1,0.0,0.5,0,0.5,0.0,1,0.2666
0.3489,0.525,1.0,0.5,1,0.5,0.32,0.5,1,0.375,1.0,1.0,0,1.0,0.6665,0,0.0,0.0,1,0.311
0.442,0.275,0.5,0.0,0,0.5,0.74,1.0,1,0.125,0.5,0.5,1,-1.0,0.8335,0,0.0,0.0,1,0.2222
0.5117,0.775,0.0,1.0,1,0.8335,0.34,0.0,1,0.25,0.0,0.5,1,0.0,0.6665,0,0.0,0.0,0,0.3333
0.3489,0.55,1.0,1.0,1,0.3333,0.5,0.0,1,0.375,0.5,0.5,1,0.0,0.5,0,0.5,0.5,0,0.2888
0.465,0.65,0.5,0.0,0,0.3333,0.12,0.5,1,0.125,0.0,1.0,0,-1.0,0.3333,0,0.5,0.0,0,0.2444
0.3257,0.325,0.0,1.0,1,0.6665,0.86,0.5,1,0.125,0.0,1.0,1,1.0,0.6665,0,0.5,1.0,1,0.2222
0.3489,0.475,0.0,0.5,1,0.8335,0.74,0.5,1,0.125,0.0,0.5,1,0.0,0.3333,0,0.5,0.5,0,0.2
0.2559,0.625,1.0,1.0,1,0.5,0.76,1.0,1,0.125,0.0,0.5,1,0.0,0.0,0,0.5,1.0,0,0.2666
0.3022,0.4,1.0,0.5,1,0.6665,0.18,0.0,1,0.375,0.5,0.5,0,0.0,0.8335,0,0.0,0.5,1,0.2222
0.2559,0.2,1.0,1.0,1,0.5,0.5,0.5,1,0.125,0.5,0.0,0,1.0,0.6665,0,0.0,0.0,1,0.2
0.3022,0.95,1.0,1.0,0,0.5,0.02,0.5,1,0.0,0.5,0.0,1,1.0,0.1666,1,0.0,0.0,1,0.2666
0.5815,0.5,0.5,0.0,1,0.3333,0.32,0.5,1,0.25,1.0,0.5,1,0.0,0.6665,0,1.0,0.0,1,0.3333
0.3022,0.725,0.5,0.0,1,0.1666,0.34,0.0,0,0.375,0.0,0.0,0,0.0,0.5,0,0.0,1.0,0,0.1777
0.814,0.4,0.5,0.5,0,0.3333,0.92,0.5,1,0.125,0.0,0.5,0,0.0,0.3333,0,0.5,0.0,1,0.3555
0.5117,0.35,1.0,0.0,0,0.3333,1.0,0.0,1,0.25,1.0,0.0,0,1.0,0.5,0,0.0,0.0,1,0.2888
0.465,0.4,0.5,0.5,0,0.5,0.62,0.5,1,0.0,0.5,1.0,0,1.0,0.3333,0,0.5,0.5,0,0.2666
0.3257,0.4,1.0,1.0,1,0.8335,0.52,0.5,1,0.125,0.5,1.0,1,0.0,0.3333,0,1.0,1.0,0,0.2666
0.5347,0.55,0.0,0.5,1,0.5,0.44,0.5,1,0.0,0.5,1.0,1,1.0,0.3333,0,1.0,0.5,0,0.2888
0.372,0.55,1.0,0.5,0,0.3333,0.02,0.5,1,0.125,0.0,0.5,1,1.0,0.5,0,1.0,0.5,1,0.2444
0.465,0.5,0.5,0.5,1,0.6665,0.8,0.5,1,0.0,0.5,0.5,1,-1.0,0.6665,0,0.5,0.0,1,0.2888
0.7905,0.125,1.0,0.5,1,0.5,0.68,1.0,1,0.0,0.5,0.5,1,1.0,0.3333,0,0.0,0.5,1,0.3333
0.4187,0.5,0.0,0.0,0,0.6665,0.64,0.5,1,0.625,0.0,0.0,1,1.0,0.5,0,0.5,0.0,1,0.2666
0.6045,0.175,0.0,0.5,1,0.3333,0.8,0.5,1,0.25,1.0,1.0,0,0.0,0.5,0,0.0,0.5,1,0.2666
0.3489,0.125,0.0,1.0,0,0.8335,0.92,0.0,1,0.25,0.0,0.5,1,-1.0,0.3333,0,0.0,0.0,1,0.1555
0.442,0.925,0.5,1.0,0,0.8335,0.38,0.0,1,0.0,0.0,0.0,1,-1.0,0.5,1,0.0,0.0,1,0.2666
0.6978,0.6,0.5,1.0,0,0.5,0.42,0.0,1,0.5,0.0,0.5,1,-1.0,0.6665,0,0.0,1.0,1,0.3333
0.3489,0.65,1.0,1.0,0,0.6665,0.98,0.5,1,0.5,0.0,1.0,0,0.0,0.6665,0,0.5,0.0,1,0.3777
0.6978,0.4,0.5,0.5,1,0.8335,0.66,0.5,1,0.25,1.0,0.5,0,-1.0,0.5,0,0.0,0.5,0,0.3333
0.5347,0.9,0.0,1.0,0,0.3333,0.86,0.5,1,0.25,0.0,0.5,1,0.0,0.3333,0,0.0,0.5,0,0.8667
0.372,0.65,0.5,0.5,0,0.5,0.22,0.5,0,0.25,1.0,0.5,1,1.0,0.5,0,0.0,0.5,1,0.2444
0.5347,0.775,0.0,0.0,1,0.5,0.32,1.0,1,0.25,0.0,1.0,1,0.0,0.5,0,0.0,0.0,1,0.311
0.5815,0.375,1.0,0.5,0,0.1666,0.4,0.0,1,0.0,1.0,0.0,0,0.0,0.3333,0,1.0,0.0,1,0.2888
0.5347,0.95,1.0,0.0,0,0.6665,0.32,1.0,1,0.25,0.0,0.5,1,1.0,0.1666,0,0.0,0.5,1,0.3555
0.2325,0.825,1.0,0.5,0,0.8335,0.88,0.5,1,0.5,0.0,1.0,1,0.0,0.6665,0,0.0,0.5,1,0.311
0.3489,0.85,0.5,0.5,0,0.5,0.52,0.0,1,0.25,0.5,0.5,1,0.0,0.5,1,0.0,0.0,0,0.2666
0.4187,0.175,0.0,0.5,1,0.6665,0.96,0.5,1,0.25,0.0,0.5,0,-1.0,0.3333,0,1.0,0.0,0,0.2
0.442,0.275,0.5,0.5,1,0.8335,0.32,0.5,1,0.125,0.5,0.0,0,-1.0,0.8335,1,0.5,0.0,0,0.1777
0.5347,0.275,0.5,1.0,1,0.3333,0.04,0.5,1,0.25,0.5,0.5,0,0.0,0.5,0,0.5,1.0,0,0.2444
0.465,0.275,1.0,0.5,1,0.6665,0.14,0.0,0,0.25,1.0,0.5,1,1.0,0.1666,0,1.0,0.0,0,0.2444
0.2559,0.85,0.0,1.0,1,0.3333,0.22,0.5,1,0.375,1.0,1.0,1,0.0,0.6665,0,0.5,0.0,1,0.311
0.4883,0.025,0.0,0.0,1,0.3333,0.64,0.0,1,0.5,0.5,0.5,1,1.0,0.6665,0,0.0,0.5,0,0.2
0.5347,0.075,1.0,0.5,0,0.6665,0.18,0.0,1,0.125,0.0,0.5,1,0.0,0.5,1,0.0,0.0,1,0.1555
0.5117,0.275,0.5,0.5,1,0.5,0.38,1.0,1,0.375,0.0,0.5,1,1.0,0.8335,1,0.0,1.0,0,0.2444
0.5815,0.2,0.5,1.0,1,0.6665,0.8,0.5,1,0.5,0.0,1.0,0,0.0,0.5,0,0.0,0.0,1,0.3333
0.558,0.225,1.0,0.5,1,0.5,0.12,0.5,1,0.25,0.0,0.5,0,0.0,0.6665,0,0.0,0.0,1,0.2666
0.5117,0.8,0.0,0.5,0,0.6665,0.08,0.5,1,0.0,1.0,0.0,1,1.0,0.1666,0,1.0,0.0,0,0.2888
0.442,0.575,1.0,0.0,0,0.8335,0.54,1.0,1,0.0,0.0,0.5,1,1.0,0.5,1,0.0,0.0,1,0.2666
0.2094,0.0,0.5,0.5,0,0.8335,0.7,0.5,1,0.0,0.5,1.0,1,1.0,0.6665,0,1.0,0.0,1,0.1555
0.5117,0.425,0.0,0.5,1,0.6665,0.92,0.5,1,0.125,1.0,0.5,0,0.0,0.1666,1,0.5,0.0,1,0.2666
0.465,0.4,0.5,1.0,1,0.6665,0.66,0.5,1,0.0,0.0,0.5,1,1.0,0.8335,0,0.0,0.0,1,0.2888
0.4883,0.125,0.0,0.5,0,0.5,0.94,0.0,1,0.25,0.5,1.0,0,0.0,0.6665,0,0.0,0.5,0,0.2
0.2559,0.675,0.5,0.0,1,0.5,0.24,0.5,0,0.25,0.5,0.5,1,0.0,0.6665,0,0.0,0.0,0,0.2
0.3022,0.7,0.5,0.5,0,0.6665,0.34,0.5,1,0.25,1.0,0.0,1,0.0,0.5,0,1.0,1.0,1,0.2444
0.5815,0.725,0.5,0.0,1,0.5,0.84,0.5,1,0.25,0.0,1.0,1,1.0,0.3333,0,1.0,0.5,1,0.3777
0.442,0.725,0.5,1.0,1,0.6665,0.82,0.5,1,0.25,0.5,0.5,1,1.0,0.5,0,0.0,0.0,0,0.3777
0.5347,0.0,0.5,1.0,1,0.8335,0.66,1.0,1,0.25,0.5,0.0,1,1.0,0.5,1,0.0,0.0,1,0.2444
0.442,0.95,0.0,0.5,0,0.5,0.5,1.0,1,0.5,0.5,0.5,0,1.0,0.1666,0,0.5,0.0,1,0.3777
0.442,0.825,1.0,0.5,1,0.0,0.02,0.0,1,0.125,0.5,0.5,1,1.0,0.5,0,0.0,0.0,1,0.311
0.5815,0.9,1.0,1.0,1,1.0,0.28,0.0,1,0.25,0.5,0.5,0,0.0,0.5,1,0.0,0.0,0,0.3777
0.372,0.025,0.0,0.0,1,0.3333,0.16,0.5,1,0.125,0.5,1.0,1,0.0,0.6665,0,0.0,0.0,1,0.1111
0.465,0.925,0.5,0.5,1,0.5,0.06,0.5,1,0.0,1.0,0.5,1,0.0,0.3333,0,0.0,0.5,1,0.311
0.372,0.8,0.5,1.0,0,0.6665,0.78,0.5,1,0.0,0.0,0.0,1,1.0,0.5,1,0.0,0.0,1,0.2888
0.372,0.825,0.0,0.5,1,0.8335,0.14,1.0,1,0.375,0.0,1.0,0,0.0,0.3333,0,0.5,0.0,1,0.311
0.3953,0.1,0.5,0.0,1,1.0,0.36,0.0,1,0.125,0.0,0.5,1,1.0,0.8335,0,0.0,0.0,1,0.1555
0.465,0.75,0.5,0.5,1,0.3333,0.98,0.0,1,0.25,0.0,1.0,1,1.0,0.3333,0,0.0,0.5,1,0.3555
0.372,0.95,0.5,1.0,1,0.8335,0.4,0.0,1,0.125,1.0,0.5,0,-1.0,0.3333,0,0.0,0.0,1,0.3333
0.628,0.675,0.0,0.0,1,0.5,0.14,0.5,1,0.25,0.5,1.0,0,-1.0,0.6665,0,0.0,0.5,1,0.2888
0.3257,0.575,1.0,0.5,1,1.0,0.68,0.5,1,0.125,1.0,1.0,1,-1.0,0.3333,0,0.5,0.0,1,0.2888
0.4187,0.95,0.5,1.0,0,0.8335,0.8,0.0,0,0.125,1.0,0.5,0,1.0,0.3333,0,0.5,1.0,0,0.3333
0.372,0.45,0.5,1.0,0,0.5,0.28,0.5,1,0.0,0.0,0.5,0,0.0,0.5,0,0.0,0.0,0,0.2222
0.6514,0.6,1.0,0.5,1,0.3333,0.8,0.5,1,0.0,0.5,1.0,1,1.0,0.5,0,1.0,1.0,1,0.4
0.465,0.475,1.0,0.5,0,0.0,0.28,0.0,1,0.0,0.0,1.0,1,-1.0,0.6665,0,0.5,0.5,1,0.2444
0.5815,0.925,0.5,0.5,0,0.6665,0.7,0.0,0,0.25,1.0,0.0,1,0.0,0.5,0,0.0,0.0,1,0.3555
0.2325,0.075,1.0,0.5,1,0.8335,0.12,1.0,1,0.25,0.5,0.5,1,0.0,0.5,0,0.0,0.0,0,0.1555
0.4883,0.5,0.5,0.5,1,0.6665,0.42,1.0,1,0.25,0.0,0.5,0,1.0,0.5,0,0.0,0.0,0,0.2888
0.558,0.675,0.5,1.0,0,0.0,0.52,0.0,1,0.125,0.0,1.0,1,1.0,0.6665,0,0.5,1.0,1,0.3333
0.442,0.8,0.5,0.0,0,0.1666,0.72,0.0,1,0.0,0.5,0.5,1,0.0,0.3333,0,1.0,0.5,0,0.2888
0.5815,0.575,1.0,0.0,1,0.6665,0.66,0.5,1,0.25,0.0,1.0,1,0.0,0.3333,0,0.5,0.0,0,0.3555
0.372,0.9,0.5,0.5,1,1.0,0.86,0.5,1,0.25,0.5,0.0,1,-1.0,0.6665,0,0.0,0.0,0,0.3333
0.628,0.95,0.5,0.5,1,0.5,0.18,0.5,1,0.125,0.0,0.5,1,1.0,0.5,0,0.0,0.0,1,0.3777
0.7676,0.075,0.5,1.0,1,0.8335,0.66,0.5,1,0.25,0.5,1.0,1,-1.0,0.3333,0,0.5,0.5,1,0.311
0.3953,0.4,0.5,1.0,0,0.1666,0.12,0.5,1,0.125,0.0,0.0,1,-1.0,0.3333,0,0.5,0.5,1,0.1777
0.372,0.025,0.5,0.5,0,0.5,0.48,1.0,1,0.0,0.5,0.5,1,0.0,0.3333,0,1.0,0.0,0,0.1555
0.6514,0.325,0.5,0.5,0,0.5,0.52,0.5,1,0.25,0.0,1.0,0,0.0,0.5,0,0.0,0.0,0,0.2888
0.6514,0.525,0.0,0.5,1,0.8335,0.02,0.0,1,0.25,0.5,0.5,1,1.0,0.8335,0,1.0,0.0,1,0.3333
0.372,0.9,0.5,0.5,1,0.3333,0.08,0.5,1,0.125,0.5,0.5,0,1.0,0.6665,0,0.0,0.0,1,0.311
0.372,0.85,0.5,0.5,0,1.0,0.84,0.0,1,0.25,0.0,0.5,0,-1.0,0.3333,0,0.0,0.0,1,0.2888
0.3953,0.125,1.0,0.5,1,0.5,0.28,0.5,1,0.25,1.0,0.5,1,1.0,0.1666,0,0.0,0.0,1,0.2222
0.2559,0.1,0.5,0.0,0,0.1666,0.34,0.5,1,0.375,0.0,0.5,0,1.0,0.3333,1,0.0,0.0,1,0.08887
0.3022,0.6,0.5,0.5,0,0.1666,0.64,0.5,1,0.375,0.0,0.5,1,1.0,0.5,0,0.5,1.0,1,0.2444
0.3022,0.525,1.0,0.5,0,0.3333,0.22,0.0,1,0.0,0.0,0.5,1,1.0,0.6665,0,0.0,0.5,1,0.2
0.3257,0.275,0.0,0.5,0,0.6665,0.2,1.0,0,0.625,0.0,1.0,1,1.0,0.6665,0,0.0,1.0,0,0.1777
0.442,0.9,0.5,0.5,0,0.3333,0.42,0.5,1,0.625,0.0,1.0,1,0.0,0.5,0,0.5,0.0,1,0.3777
0.465,0.925,0.5,1.0,1,0.3333,0.06,0.0,1,0.0,0.0,0.5,1,-1.0,0.5,1,0.0,0.5,1,0.2666
0.6514,0.4,0.5,0.5,0,0.6665,0.92,0.0,1,0.25,0.0,0.5,1,1.0,0.3333,0,1.0,0.5,1,0.8667
0.3022,0.9,0.5,1.0,1,0.0,0.94,0.0,1,0.25,0.5,0.5,1,-1.0,0.5,0,0.0,0.0,0,0.3333
0.5815,0.375,0.0,0.5,0,0.3333,0.44,0.5,1,0.0,0.0,1.0,1,0.0,0.5,0,0.0,0.0,1,0.2444
0.4187,0.725,0.0,0.5,1,0.1666,0.2,0.0,1,0.5,0.5,0.5,1,1.0,0.3333,0,1.0,0.5,0,0.311
0.442,0.475,0.5,0.0,1,0.3333,0.48,0.0,1,0.25,0.0,0.5,1,1.0,0.3333,0,0.0,1.0,1,0.2
0.5347,0.125,0.5,0.5,0,0.5,0.1,0.0,1,0.125,0.0,1.0,0,1.0,0.5,1,0.0,0.0,0,0.1777
0.279,0.925,1.0,1.0,0,0.5,0.4,0.5,1,0.125,0.0,1.0,1,0.0,0.6665,0,1.0,0.0,0,0.3555
0.4883,0.45,1.0,0.5,0,0.5,0.08,0.5,1,0.125,0.5,0.5,1,-1.0,0.5,1,0.0,0.5,1,0.2222
0.465,0.725,0.0,0.5,1,0.8335,0.7,0.0,1,0.125,0.5,0.5,1,-1.0,0.8335,0,0.5,1.0,0,0.2888
0.5117,0.375,0.5,0.5,0,0.5,0.28,1.0,1,0.125,0.0,0.5,1,-1.0,0.5,1,0.0,0.5,1,0.2
0.4883,0.025,0.0,0.0,1,1.0,0.52,1.0,1,0.125,1.0,1.0,1,1.0,0.3333,0,0.5,0.0,1,0.2
0.7905,0.1,0.5,0.5,1,0.6665,0.02,0.5,1,0.25,0.5,0.5,1,-1.0,0.8335,1,0.0,0.0,1,0.2444
0.3489,0.5,1.0,0.5,0,0.3333,0.52,0.5,1,0.125,0.5,1.0,1,1.0,0.6665,0,0.5,0.0,1,0.2888
0.372,0.7,0.5,0.5,0,1.0,0.0,0.5,1,0.375,0.0,1.0,1,0.0,0.8335,0,0.5,0.5,0,0.2666
0.3489,0.325,0.0,1.0,1,0.5,0.92,0.5,1,0.125,0.5,0.5,0,1.0,0.5,0,0.0,0.5,0,0.2444
0.372,0.7,0.5,0.5,1,1.0,0.5,0.5,1,0.25,0.5,0.5,1,0.0,0.5,0,0.0,0.0,1,0.2888
0.3489,0.7,0.0,0.5,0,0.5,0.1,0.5,1,0.375,0.0,0.0,1,0.0,0.5,0,1.0,0.0,1,0.2444
0.6045,0.7,0.5,0.5,0,0.5,0.34,0.5,1,0.375,1.0,0.5,1,0.0,0.6665,0,0.5,1.0,1,0.3555
0.6514,0.5,0.5,1.0,1,0.6665,0.04,0.5,1,0.5,0.0,0.5,1,1.0,0.6665,0,0.0,0.5,0,0.3555
0.372,0.925,0.5,1.0,0,0.5,0.54,0.5,1,0.0,0.0,0.5,0,-1.0,0.6665,0,0.5,1.0,1,0.2888
0.3257,0.5,1.0,0.0,0,0.8335,0.12,1.0,1,0.375,0.5,0.5,1,0.0,0.5,1,0.0,0.0,0,0.2
0.5117,0.45,0.5,0.5,1,1.0,0.48,0.0,1,0.375,0.5,0.5,1,-1.0,0.6665,0,0.0,0.5,1,0.2666
0.372,0.2,1.0,0.5,1,0.0,0.3,1.0,1,0.0,0.5,0.5,0,1.0,0.3333,0,0.0,0.5,1,0.2
0.5347,0.3,1.0,0.0,1,0.6665,0.76,1.0,1,0.375,0.0,0.5,1,1.0,0.3333,0,0.0,0.0,0,0.2888
0.465,0.05,0.5,0.0,0,0.3333,0.48,1.0,1,0.0,0.0,1.0,0,1.0,0.5,1,1.0,1.0,1,0.1555
0.2325,0.625,0.5,0.0,1,0.0,0.84,0.0,1,0.0,0.5,1.0,1,0.0,0.1666,0,0.5,0.0,1,0.2
0.6514,0.25,0.0,1.0,0,0.6665,0.94,0.0,1,0.375,0.0,1.0,1,1.0,0.5,0,1.0,0.5,1,0.3333
0.6978,0.3,0.5,0.5,0,0.6665,0.96,1.0,1,0.0,0.0,0.5,1,0.0,0.6665,0,0.5,1.0,1,0.2888
0.3489,0.775,0.5,0.5,0,0.6665,0.26,1.0,1,0.25,0.5,1.0,1,0.0,0.5,0,0.5,0.0,0,0.311
0.3953,0.325,0.0,0.5,1,0.6665,0.76,0.0,1,0.375,0.0,0.5,1,1.0,0.6665,0,0.5,0.5,1,0.2222
0.4883,0.25,0.5,1.0,1,0.6665,0.44,0.5,1,0.25,1.0,0.5,1,0.0,0.5,0,0.0,0.0,1,0.2666
0.4883,0.175,1.0,0.5,0,0.3333,0.42,0.0,1,0.25,0.5,0.5,1,1.0,0.3333,0,0.5,0.5,1,0.2222
0.5347,0.775,1.0,0.5,0,0.5,0.86,0.0,1,0.0,0.5,0.5,1,1.0,0.3333,0,0.0,0.5,1,0.3555
0.7207,0.125,0.5,0.0,1,0.6665,0.14,0.0,1,0.25,0.0,0.5,1,1.0,0.5,0,0.0,0.5,0,0.2222
0.4187,0.45,0.5,0.5,1,0.8335,0.48,0.0,1,0.25,0.0,0.5,1,1.0,0.8335,0,0.0,0.5,0,0.2444
0.3257,0.5,1.0,0.5,0,0.5,0.6,0.5,1,0.0,0.0,0.0,1,0.0,0.8335,0,0.0,0.0,0,0.2222
0.2559,0.675,0.5,0.5,1,0.5,0.06,0.0,1,0.25,0.5,0.5,0,0.0,0.1666,0,0.5,0.0,1,0.2222
0.3489,0.625,0.0,0.5,0,0.5,0.86,1.0,1,0.125,0.5,1.0,1,1.0,0.5,0,0.0,0.0,1,0.2888
0.442,0.8,0.5,0.5,1,0.1666,0.32,0.5,1,0.25,0.5,0.5,1,-1.0,0.3333,1,0.5,0.5,1,0.2888
0.6978,0.05,1.0,0.5,0,0.6665,0.66,0.5,1,0.0,0.5,1.0,0,0.0,0.3333,1,0.5,0.0,0,0.2666
0.372,0.3,0.0,0.5,1,0.1666,0.92,1.0,1,0.375,1.0,0.5,1,-1.0,0.5,0,0.0,0.5,1,0.2222
0.465,0.275,0.5,0.0,0,0.6665,0.72,0.5,1,0.25,0.5,1.0,1,0.0,0.3333,0,0.5,0.0,1,0.2444
0.442,0.15,0.5,0.5,1,0.5,0.88,0.0,1,0.0,0.5,0.0,1,0.0,0.6665,0,0.0,0.5,0,0.1777
0.6045,0.3,1.0,1.0,1,0.1666,0.06,0.5,1,0.125,1.0,0.5,0,0.0,0.8335,0,1.0,0.0,1,0.3333
0.7905,0.3,1.0,1.0,1,0.1666,0.5,0.5,1,0.125,0.0,0.5,1,1.0,0.8335,0,0.5,0.5,1,0.3777
0.372,0.525,0.5,1.0,0,0.3333,0.56,0.5,1,0.25,0.0,0.5,0,1.0,0.3333,0,0.0,0.5,1,0.2666
0.372,0.675,1.0,0.0,1,0.3333,0.68,0.5,1,0.0,0.5,0.5,1,1.0,0.5,0,0.5,1.0,1,0.2666
0.5815,0.375,0.0,0.5,1,0.8335,0.12,0.5,1,0.125,0.0,0.5,1,1.0,0.8335,0,0.0,0.5,1,0.2444
0.5347,0.725,0.0,0.5,0,0.5,0.66,0.5,0,0.125,0.0,0.0,1,0.0,0.5,0,0.0,0.5,1,0.2444
0.6978,0.325,1.0,0.5,1,0.6665,0.14,0.5,1,0.25,0.0,1.0,1,0.0,0.6665,0,0.0,1.0,1,0.311
0.5347,0.3,0.5,0.0,1,0.8335,0.06,0.5,1,0.0,0.0,1.0,0,0.0,0.6665,1,0.0,0.5,1,0.1555
0.3953,0.55,0.0,0.5,0,0.8335,0.46,0.0,1,0.25,0.0,0.5,1,1.0,0.6665,0,0.5,0.0,0,0.2444
0.5347,0.025,0.5,0.5,0,0.5,0.6,1.0,1,0.0,0.0,0.5,1,1.0,0.5,0,1.0,0.5,1,0.2
0.6045,0.075,1.0,0.5,1,0.3333,0.96,0.5,1,0.125,0.0,1.0,1,1.0,0.3333,0,0.0,0.5,0,0.2666
0.558,0.425,1.0,1.0,0,0.6665,0.7,0.5,1,0.25,0.5,0.5,1,1.0,0.1666,0,0.5,0.0,1,0.3555
0.5117,0.95,1.0,0.5,1,0.3333,0.6,0.5,1,0.125,0.5,0.5,1,1.0,0.3333,0,0.0,0.5,1,0.4
0.5815,0.725,0.5,0.0,1,1.0,0.22,0.0,1,0.0,0.5,1.0,1,0.0,0.5,0,0.0,0.5,0,0.2888
0.6045,0.1,1.0,0.0,1,0.6665,0.16,0.5,1,0.25,1.0,1.0,1,0.0,0.1666,0,1.0,1.0,1,0.2444
0.628,0.85,0.5,1.0,1,0.5,0.6,0.5,1,0.375,0.0,1.0,1,1.0,0.6665,0,1.0,1.0,1,0.4443
0.5347,0.725,0.5,1.0,1,0.6665,0.22,0.5,1,0.125,0.0,1.0,1,1.0,0.5,0,1.0,0.0,0,0.3777
0.4187,0.6,1.0,0.0,1,0.5,0.7,0.5,1,0.125,1.0,0.5,0,0.0,0.5,0,0.0,0.0,1,0.2888
0.465,0.825,0.5,0.5,1,0.3333,0.12,0.5,0,0.125,0.0,0.5,1,1.0,0.5,0,0.0,0.0,1,0.2888
0.6045,0.4,0.0,1.0,1,0.6665,0.34,0.5,1,0.125,0.5,0.5,1,1.0,0.6665,0,0.0,0.0,1,0.311
0.3257,0.225,0.5,0.5,1,0.5,0.78,0.5,1,0.125,0.0,1.0,1,-1.0,0.3333,0,0.5,0.5,0,0.1777
0.4883,0.5,0.5,1.0,1,1.0,0.84,0.5,1,0.0,0.5,1.0,1,1.0,0.3333,0,0.0,0.0,0,0.3333
0.3953,0.55,0.0,0.5,1,0.3333,0.34,0.0,1,0.125,1.0,0.0,0,1.0,0.5,0,1.0,0.5,1,0.2444
0.442,0.55,0.0,0.0,1,0.6665,0.2,0.5,1,0.375,0.5,1.0,1,1.0,0.6665,0,0.0,0.5,1,0.2444
0.628,0.575,0.5,1.0,0,0.3333,0.96,0.5,1,0.125,0.0,1.0,0,0.0,0.3333,0,1.0,0.5,1,0.3777
0.465,0.95,0.0,0.5,0,0.3333,0.76,0.5,1,0.125,0.5,0.0,1,0.0,0.5,0,1.0,0.0,1,0.3555
0.442,0.9,1.0,0.5,0,0.0,0.8,0.5,1,0.375,0.0,0.5,0,0.0,0.3333,0,0.5,0.0,1,0.3777
0.2559,0.875,0.5,0.5,0,0.6665,0.22,1.0,1,0.5,1.0,1.0,0,0.0,0.1666,0,0.5,0.0,1,0.311
0.5347,0.8,0.0,1.0,1,0.3333,0.42,0.0,1,0.25,0.0,1.0,1,1.0,0.3333,0,0.0,0.0,1,0.3555
0.5347,0.95,0.5,0.0,0,0.8335,0.06,0.5,1,0.375,1.0,0.0,0,-1.0,0.3333,0,1.0,1.0,1,0.311
0.744,0.1,1.0,0.5,0,0.6665,0.1,0.5,1,0.125,0.5,1.0,1,0.0,0.5,0,0.5,0.5,0,0.2888
0.3953,0.275,0.0,0.0,1,0.5,0.22,0.0,1,0.25,0.0,0.5,1,-1.0,0.6665,0,0.5,0.0,1,0.1333
0.465,0.5,0.5,1.0,0,0.1666,0.3,1.0,1,0.25,0.5,0.0,0,0.0,0.1666,0,1.0,0.5,1,0.2888
0.465,0.85,1.0,0.5,1,0.6665,1.0,0.0,1,0.0,0.0,0.5,1,0.0,0.5,0,1.0,0.0,1,0.3777
0.6514,0.5,0.5,0.5,1,0.3333,0.42,0.5,1,0.0,0.5,0.5,1,1.0,0.5,0,0.5,0.5,0,0.3333
0.4187,0.75,1.0,0.5,1,0.1666,0.7,1.0,1,0.0,0.5,1.0,0,1.0,0.8335,0,1.0,0.0,0,0.4
0.4883,0.15,0.5,1.0,0,0.6665,0.9,0.0,1,0.375,0.5,0.5,0,1.0,0.5,0,0.0,0.5,0,0.2666
0.5347,0.25,0.5,1.0,0,0.1666,0.24,0.5,1,0.25,0.0,0.5,0,-1.0,0.6665,1,0.5,0.0,1,0.2222
0.465,0.725,0.5,0.5,0,0.0,0.14,0.5,1,0.125,1.0,0.5,0,1.0,0.3333,0,0.0,0.0,0,0.2888
0.372,0.175,0.0,1.0,1,0.8335,0.24,1.0,1,0.375,0.5,0.5,1,1.0,0.5,0,0.0,0.0,1,0.2222
0.465,0.35,1.0,0.5,0,0.3333,0.88,0.5,1,0.125,0.0,1.0,1,1.0,0.1666,0,0.0,0.0,1,0.933
0.5815,0.275,1.0,0.0,1,0.0,0.66,0.0,1,0.125,0.5,0.5,1,-1.0,0.5,0,0.5,0.5,1,0.2444
0.3022,0.35,1.0,1.0,1,0.3333,0.46,1.0,1,0.25,0.5,0.5,0,0.0,0.5,0,0.0,0.0,0,0.2666
0.465,0.7,1.0,0.5,0,0.3333,0.82,0.5,1,0.25,1.0,0.5,1,0.0,0.1666,0,0.0,0.5,0,0.3333
0.3489,0.375,1.0,0.5,1,0.8335,0.24,0.5,1,0.375,0.0,0.5,1,1.0,0.6665,0,0.0,0.5,0,0.2444
0.6045,0.55,0.5,1.0,1,0.1666,0.24,0.0,1,0.125,0.0,1.0,0,0.0,0.6665,0,0.0,0.5,0,0.311
0.2325,0.1,1.0,0.5,1,0.1666,0.56,0.0,1,0.25,0.0,1.0,0,0.0,0.6665,0,0.5,0.5,1,0.1555
0.372,0.8,0.5,0.0,1,0.6665,0.8,1.0,1,0.125,1.0,0.0,1,-1.0,0.5,0,0.0,0.0,1,0.2888
0.4883,0.375,0.5,1.0,1,0.3333,0.26,0.0,1,0.125,0.0,0.5,1,1.0,0.3333,0,0.5,0.0,1,0.2666
0.6514,0.65,0.5,0.5,1,0.5,0.22,0.5,1,0.0,0.5,0.5,1,-1.0,0.6665,0,0.0,1.0,0,0.2888
0.442,0.725,1.0,0.5,1,0.3333,0.48,0.5,1,0.125,0.0,1.0,0,0.0,0.3333,0,0.0,0.5,1,0.311
0.372,0.2,0.5,0.5,1,1.0,0.14,0.5,1,0.125,1.0,0.5,0,1.0,0.1666,1,0.0,0.5,0,0.1555
0.6978,0.875,1.0,0.5,1,0.1666,0.74,0.5,1,0.25,0.0,0.5,1,0.0,0.5,0,1.0,0.5,1,0.4443
0.2325,0.625,0.5,0.5,0,0.5,0.58,0.0,1,0.25,1.0,0.0,1,1.0,0.5,0,0.0,0.0,1,0.2222
0.1395,0.425,1.0,0.5,0,0.8335,0.52,0.5,1,0.25,0.5,1.0,1,-1.0,0.5,0,0.5,0.5,1,0.1777
0.5117,0.175,1.0,0.5,0,0.3333,0.88,0.0,1,0.125,0.5,0.5,1,1.0,0.3333,0,0.5,1.0,1,0.2444
0.372,0.95,0.0,1.0,0,0.3333,0.74,1.0,0,0.375,0.5,0.5,0,1.0,0.8335,0,0.5,0.0,0,0.3555
0.3022,0.75,1.0,0.5,1,0.6665,0.14,0.5,1,0.0,0.5,0.5,1,1.0,0.5,1,0.5,0.5,1,0.2444
0.5347,0.2,0.5,0.5,0,0.8335,0.42,0.5,1,0.25,0.5,0.5,1,0.0,0.6665,0,0.5,0.0,1,0.2444
0.465,0.35,0.5,1.0,0,0.3333,0.32,0.0,1,0.125,0.5,1.0,0,-1.0,0.6665,0,0.0,0.0,1,0.2444
0.372,0.8,1.0,1.0,1,0.8335,0.8,0.5,1,0.125,1.0,0.0,1,1.0,0.5,0,0.0,0.5,1,0.3555
0.2559,0.7,0.5,0.5,1,0.5,0.72,1.0,1,0.375,0.5,1.0,1,1.0,0.5,1,0.0,0.5,1,0.2888
0.558,0.775,0.5,0.5,0,0.6665,0.48,1.0,1,0.125,0.5,1.0,0,1.0,0.5,0,0.5,0.5,1,0.3555
0.5347,0.45,0.5,0.5,1,0.8335,0.82,0.0,1,0.0,1.0,1.0,1,-1.0,0.5,0,1.0,1.0,0,0.2888
0.4187,0.725,0.0,0.5,0,0.6665,0.42,0.5,1,0.25,0.0,1.0,1,1.0,0.6665,0,0.0,0.0,1,0.2888
0.6978,0.375,0.5,0.5,0,0.5,0.8,0.0,1,0.25,0.5,1.0,1,0.0,0.3333,1,0.0,0.5,1,0.2888
0.3022,0.2,0.5,0.5,1,0.3333,0.04,0.5,1,0.25,0.0,0.5,1,1.0,0.3333,0,0.5,0.0,1,0.1555
0.2325,0.625,1.0,0.0,1,1.0,0.14,1.0,1,0.0,0.5,1.0,1,0.0,0.8335,0,0.0,0.0,1,0.2222
0.3489,0.975,0.0,1.0,0,0.3333,0.76,1.0,1,0.25,0.0,0.0,1,0.0,0.5,0,1.0,0.0,1,0.3555
0.442,0.3,0.5,1.0,1,0.5,0.12,0.0,1,0.0,0.0,0.5,1,-1.0,1.0,1,0.5,0.5,1,0.1777
0.465,0.45,1.0,0.5,0,0.6665,0.68,0.0,1,0.125,1.0,0.0,1,1.0,0.6665,0,0.0,0.0,1,0.2888
0.4187,0.675,1.0,0.0,1,0.6665,0.72,0.0,1,0.125,0.5,1.0,1,1.0,0.6665,0,0.0,0.5,0,0.311
0.4883,0.55,1.0,1.0,0,1.0,0.66,0.5,1,0.125,0.0,1.0,0,0.0,0.3333,1,0.5,0.5,1,0.311
0.2559,0.85,0.5,1.0,1,0.5,0.82,0.0,1,0.375,0.5,0.5,0,1.0,0.5,0,1.0,0.0,0,0.3555
0.6514,0.75,0.5,1.0,0,0.5,0.52,0.5,1,0.0,0.0,0.5,1,0.0,0.1666,0,1.0,0.5,0,0.3555
0.442,0.05,0.5,0.5,1,0.8335,0.9,0.0,1,0.0,0.5,0.5,0,0.0,0.5,1,0.0,0.0,1,0.1555
0.6045,1.0,0.0,0.0,1,0.5,0.56,0.0,1,0.25,0.5,0.5,1,-1.0,0.3333,0,0.0,0.0,1,0.3333
0.4883,0.75,1.0,1.0,0,0.6665,0.5,1.0,1,0.125,0.0,0.0,0,0.0,0.5,0,0.5,0.5,1,0.3333
0.5117,0.875,0.5,0.5,1,0.5,0.5,0.5,1,0.25,1.0,0.5,1,1.0,0.3333,0,0.5,0.0,1,0.4
0.5117,0.65,0.5,1.0,1,0.6665,0.92,0.0,1,0.375,0.5,0.5,0,1.0,0.3333,0,0.0,0.5,0,0.3555
0.5117,0.85,0.5,0.0,1,0.6665,0.24,0.5,1,0.25,0.0,0.5,1,1.0,0.0,0,1.0,0.5,0,0.311
0.5347,0.1,0.5,1.0,1,0.3333,0.7,1.0,1,0.0,1.0,0.0,0,0.0,0.5,1,1.0,0.0,1,0.2444
0.628,0.35,0.5,0.0,1,0.0,0.24,0.5,1,0.125,0.0,0.5,0,0.0,0.5,0,0.0,0.5,1,0.2222
0.465,0.875,1.0,0.5,0,0.0,0.1,0.5,1,0.25,0.5,1.0,0,0.0,0.1666,0,0.5,0.0,1,0.3555
0.5347,0.2,0.5,0.5,1,0.0,0.96,1.0,1,0.25,0.5,1.0,1,-1.0,0.3333,0,0.0,0.0,1,0.2888
0.4187,0.075,0.5,1.0,1,0.5,0.12,0.5,1,0.25,0.0,0.5,0,1.0,0.5,0,0.0,0.0,0,0.2
0.6514,0.8,0.0,0.0,1,0.0,0.68,0.5,1,0.25,0.0,0.5,1,-1.0,0.5,0,1.0,0.0,1,0.3555
0.3489,0.825,0.0,0.5,0,0.5,0.42,0.5,1,0.0,0.5,1.0,1,1.0,0.3333,0,0.0,0.0,1,0.2666
0.6978,0.175,0.5,0.0,0,0.5,0.84,1.0,1,0.25,0.5,0.5,1,-1.0,0.5,0,0.0,1.0,0,0.2444
0.442,0.85,0.0,1.0,1,0.6665,0.78,0.5,1,0.125,0.0,0.5,1,1.0,0.6665,0,0.0,0.0,1,0.3555
0.2325,0.675,0.0,0.5,0,0.6665,0.14,1.0,1,0.0,0.0,0.5,1,-1.0,0.3333,0,0.0,0.5,1,0.1555
0.465,0.525,1.0,0.5,0,0.6665,0.46,0.5,1,0.375,0.0,0.5,1,1.0,0.3333,1,0.0,0.0,1,0.2666
0.3489,0.825,0.5,0.0,1,0.6665,0.02,0.5,1,0.375,0.0,0.5,1,0.0,0.3333,0,0.5,0.0,1,0.2666
0.558,0.425,0.0,0.5,1,0.5,0.42,0.5,1,0.0,0.5,0.5,1,-1.0,0.5,0,0.0,0.0,0,0.2444
0.3489,0.2,0.0,0.5,1,0.5,0.7,1.0,1,0.125,0.0,1.0,0,1.0,0.5,0,1.0,0.5,0,0.2
0.372,0.275,0.0,0.5,1,0.3333,0.24,0.5,1,0.25,0.0,0.5,1,0.0,0.5,1,0.5,0.0,1,0.1555
0.186,0.5,0.5,1.0,0,0.5,0.82,0.0,1,0.125,0.5,0.5,1,0.0,0.5,0,0.5,0.0,0,0.2222
0.372,0.525,0.5,0.0,1,0.1666,0.06,0.0,1,0.0,0.5,0.5,1,0.0,0.1666,0,0.5,0.0,1,0.1777
0.093,0.8,0.5,0.5,1,0.8335,0.04,0.5,1,0.25,1.0,0.5,0,0.0,0.6665,1,0.5,0.5,0,0.2
0.2094,0.8,0.0,1.0,1,0.3333,0.02,0.0,1,0.125,0.5,0.5,0,0.0,0.5,0,0.0,0.0,0,0.2222
0.558,0.575,0.5,1.0,0,0.5,0.28,0.5,1,0.0,0.0,0.5,1,0.0,0.3333,0,0.5,0.5,1,0.2888
0.558,0.775,0.5,1.0,1,0.5,0.46,0.5,1,0.25,0.0,0.5,1,1.0,0.5,0,0.0,0.0,0,0.3777
0.5117,0.2,0.5,0.5,1,0.8335,0.1,0.5,1,0.0,0.0,0.5,1,1.0,0.5,0,0.5,0.5,1,0.2
0.3022,0.05,1.0,0.5,0,0.0,1.0,0.0,1,0.125,0.0,0.5,1,0.0,0.5,0,0.0,0.0,1,0.1555
0.442,0.875,0.5,0.0,1,0.5,1.0,0.0,0,0.375,0.0,0.5,0,0.0,0.3333,0,0.0,0.0,0,0.311
0.442,0.075,0.0,0.0,1,0.6665,0.52,0.5,1,0.375,0.5,0.5,1,0.0,0.6665,0,1.0,0.0,0,0.2
0.279,0.25,1.0,0.5,0,1.0,0.56,0.5,1,0.125,0.0,0.5,1,-1.0,0.3333,0,0.0,1.0,0,0.1333
0.6514,0.7,0.5,1.0,0,0.5,0.92,0.0,1,0.25,0.0,0.0,1,1.0,0.3333,0,0.0,0.0,0,0.3777
0.558,0.4,0.5,0.0,1,0.3333,0.76,0.0,1,0.125,0.5,0.5,0,-1.0,0.5,0,0.5,1.0,1,0.2444
0.4187,0.875,1.0,0.0,0,1.0,0.16,0.0,1,0.25,1.0,0.5,1,1.0,0.5,0,0.0,0.0,1,0.311
0.442,0.3,0.5,0.5,0,0.6665,0.8,1.0,0,0.25,0.0,0.0,0,0.0,0.3333,0,0.5,0.0,0,0.2222
0.465,0.0,1.0,0.5,1,0.8335,0.24,0.5,1,0.25,0.0,0.5,1,1.0,0.5,0,0.0,0.0,1,0.2
0.1628,0.3,0.0,0.5,1,0.1666,0.44,0.5,1,0.375,1.0,0.0,0,1.0,0.6665,0,0.0,0.0,0,0.1555
0.4187,0.575,0.5,0.5,0,0.6665,0.54,1.0,1,0.125,0.0,0.5,1,1.0,0.6665,0,0.0,1.0,1,0.2444
0.3489,0.375,0.0,0.0,1,0.1666,0.72,0.5,1,0.0,0.0,0.5,1,1.0,0.1666,0,0.5,0.5,0,0.1555
0.3022,0.525,0.5,0.5,1,0.1666,0.16,1.0,1,0.375,0.0,1.0,1,-1.0,0.6665,0,1.0,0.5,1,0.2444
0.3953,0.875,0.5,1.0,0,0.6665,0.08,0.5,1,0.25,1.0,0.5,1,0.0,0.5,0,0.5,0.5,0,0.3333
0.6978,0.9,0.5,0.5,1,0.6665,0.86,0.0,1,0.375,0.0,0.5,1,1.0,0.5,0,0.0,0.0,1,0.4443
0.5347,0.275,0.0,1.0,1,0.3333,0.82,0.5,1,0.375,1.0,0.5,1,0.0,0.3333,0,0.0,1.0,0,0.2666
0.372,0.45,0.0,0.5,1,0.8335,0.52,0.0,1,0.5,0.5,0.5,1,1.0,0.3333,0,0.5,0.0,1,0.2444
0.5117,0.55,0.5,1.0,0,0.3333,0.66,0.5,1,0.25,0.5,0.5,0,1.0,0.5,0,1.0,0.5,1,0.3555
0.628,0.95,1.0,0.5,1,0.5,0.72,0.5,1,0.25,0.5,1.0,0,0.0,0.3333,0,0.0,0.0,0,0.4443
0.5815,1.0,1.0,1.0,0,0.5,0.48,0.0,1,0.125,0.5,0.5,1,0.0,0.3333,0,0.0,1.0,0,0.3777
0.442,0.225,1.0,0.5,0,0.5,0.26,0.0,1,0.25,0.0,0.5,0,-1.0,0.3333,0,0.0,0.5,0,0.2
0.3489,0.725,0.5,0.5,1,0.8335,0.48,0.5,0,0.125,0.0,0.5,1,0.0,0.5,0,0.0,1.0,1,0.2222
0.5347,0.375,0.0,0.5,0,0.1666,0.96,1.0,1,0.125,0.0,0.5,1,1.0,0.5,0,0.0,0.0,1,0.2666
0.4883,0.0,0.5,0.5,0,0.3333,0.84,0.0,1,0.25,0.0,1.0,1,-1.0,0.3333,0,0.0,0.0,1,0.1777
0.558,0.0,0.5,0.0,1,0.1666,0.46,0.0,1,0.125,0.5,0.5,1,-1.0,0.3333,0,0.0,0.0,1,0.1555
0.5347,0.45,0.0,1.0,1,1.0,0.22,1.0,1,0.25,0.5,0.5,1,1.0,0.6665,0,0.5,0.5,0,0.311
0.5815,0.5,0.5,0.5,1,0.5,0.88,0.5,1,0.125,0.0,0.5,0,1.0,0.3333,0,1.0,0.5,1,0.3333
0.372,0.025,0.0,0.5,1,0.3333,0.64,1.0,1,0.0,0.5,1.0,1,0.0,0.6665,0,1.0,0.0,1,0.1777
0.628,0.675,0.5,0.5,1,0.5,0.4,0.5,1,0.25,0.0,0.5,1,0.0,0.3333,0,1.0,0.0,1,0.3555
0.465,0.3,0.5,0.0,1,0.6665,0.12,0.5,1,0.0,0.0,0.5,1,0.0,0.6665,0,0.0,0.0,1,0.1777
0.7207,0.55,0.0,0.5,1,0.6665,0.76,0.0,1,0.0,1.0,0.5,1,1.0,0.3333,0,0.5,0.5,1,0.3555
0.3489,0.3,0.5,0.5,1,0.3333,0.32,0.0,1,0.0,0.0,0.5,0,1.0,0.6665,0,0.5,0.0,1,0.1777
0.6743,0.175,0.5,1.0,1,0.3333,0.6,1.0,1,0.0,0.0,0.5,1,0.0,0.6665,0,0.0,0.5,1,0.2888
0.465,0.4,0.5,0.0,1,0.1666,0.56,1.0,0,0.0,0.0,1.0,1,0.0,0.5,0,0.0,0.0,1,0.2222
0.3489,0.225,1.0,1.0,1,0.5,0.7,0.5,1,0.0,1.0,1.0,0,-1.0,0.5,0,0.0,0.0,0,0.2444
0.372,0.525,0.0,0.5,1,0.8335,0.54,0.5,1,0.375,0.0,0.5,1,0.0,0.6665,0,0.5,1.0,1,0.2444
0.3953,0.2,1.0,1.0,0,0.3333,0.64,0.0,1,0.0,0.5,1.0,1,1.0,0.5,0,0.0,0.0,1,0.2444
0.5117,0.5,0.0,0.0,1,0.6665,0.08,0.5,1,0.0,0.5,1.0,0,1.0,0.3333,0,0.0,0.0,0,0.2222
0.5117,0.15,0.5,1.0,0,0.3333,0.66,0.5,1,0.0,1.0,0.5,1,1.0,0.3333,0,0.0,0.0,0,0.2444
0.372,0.675,0.5,0.5,1,0.1666,0.2,0.5,1,0.5,0.5,0.5,0,1.0,0.5,1,0.0,0.0,0,0.2666
0.442,0.75,1.0,0.5,0,0.6665,0.4,0.5,1,0.0,0.5,0.5,0,0.0,0.5,0,0.0,0.5,0,0.2888
0.744,0.1,0.5,0.0,1,1.0,0.52,0.0,1,0.25,1.0,1.0,0,0.0,0.5,0,0.0,0.0,1,0.2888
0.6743,0.475,0.0,0.5,0,0.6665,0.68,0.5,1,0.375,0.0,0.5,0,-1.0,0.5,0,0.5,0.5,0,0.311
0.5117,0.075,0.5,0.0,1,0.3333,0.74,0.0,1,0.125,0.5,0.5,1,0.0,0.3333,0,1.0,0.0,1,0.2
0.442,0.6,0.5,0.5,0,0.3333,0.7,0.5,1,0.0,0.5,0.5,0,1.0,0.5,0,0.0,0.5,1,0.2666
0.465,0.275,0.5,0.5,1,1.0,0.1,0.0,1,0.125,0.5,0.5,1,-1.0,0.6665,0,0.0,0.5,0,0.1777
0.5347,0.525,0.0,1.0,1,0.5,0.38,0.5,1,0.375,0.0,0.5,1,-1.0,0.5,0,0.5,0.0,1,0.2666
0.3022,0.525,0.5,1.0,1,0.3333,0.28,0.0,0,0.25,1.0,1.0,1,0.0,0.3333,0,0.0,1.0,0,0.2
0.3953,0.925,0.0,0.5,0,0.5,0.4,0.0,1,0.0,1.0,0.5,1,0.0,0.3333,1,0.0,0.0,0,0.2444
0.2094,0.55,1.0,0.5,0,0.5,0.64,0.0,1,0.25,0.0,1.0,0,0.0,0.6665,0,0.0,0.0,1,0.2222
0.4883,0.575,0.5,0.5,1,0.6665,0.2,0.0,0,0.5,0.5,0.5,1,0.0,0.3333,0,1.0,0.5,0,0.2888
0.5347,0.4,0.0,1.0,0,0.8335,0.5,0.0,1,0.0,0.0,0.5,0,1.0,0.8335,0,0.0,0.0,1,0.2444
0.372,0.95,1.0,1.0,0,0.8335,0.88,0.0,1,0.0,1.0,0.0,1,-1.0,0.5,0,0.5,0.0,1,0.3555
0.6514,0.775,0.5,1.0,1,0.5,0.74,0.5,0,0.25,0.5,1.0,0,-1.0,0.6665,0,0.5,0.0,0,0.422
0.279,0.275,0.5,1.0,0,0.5,0.72,0.0,1,0.25,0.0,0.5,1,1.0,0.5,0,1.0,0.0,1,0.2222
0.2325,0.85,0.0,1.0,1,0.6665,0.84,1.0,1,0.0,0.5,0.5,1,0.0,0.6665,0,0.0,0.0,0,0.2888
0.465,0.425,0.5,1.0,1,0.3333,0.4,0.0,0,0.25,1.0,0.5,0,1.0,0.3333,0,0.5,0.0,1,0.2888
0.5815,0.825,0.5,0.5,0,0.6665,0.76,0.5,1,0.125,0.5,1.0,1,0.0,0.6665,1,0.5,0.0,1,0.3777
0.6743,0.825,1.0,1.0,1,0.5,0.06,0.5,1,0.375,0.0,0.5,0,-1.0,0.3333,0,1.0,0.5,0,0.422
0.372,0.2,0.0,1.0,0,0.6665,0.06,0.5,1,0.0,0.0,0.5,1,0.0,0.3333,0,0.5,0.0,1,0.1333
0.5815,0.7,0.0,0.0,0,1.0,0.34,0.0,1,0.0,0.0,0.0,0,1.0,0.5,0,0.0,1.0,1,0.2222
0.442,0.3,1.0,0.0,0,0.6665,0.2,0.0,1,0.0,0.0,0.5,1,0.0,0.8335,0,0.0,0.0,1,0.1777
0.4187,0.3,1.0,0.5,1,0.5,0.52,0.5,1,0.125,0.5,1.0,1,1.0,0.3333,0,0.0,0.5,0,0.2444
0.558,0.3,0.0,1.0,1,0.3333,0.18,0.5,1,0.25,0.0,0.5,1,-1.0,0.5,0,0.0,0.0,1,0.2444
0.5347,0.725,1.0,0.5,1,0.5,0.98,0.5,1,0.25,0.0,1.0,0,0.0,0.6665,0,0.0,0.0,0,0.4
0.2325,0.225,0.5,0.5,0,0.1666,0.86,0.5,1,0.0,0.5,1.0,1,-1.0,0.6665,0,0.5,0.0,1,0.1777
0.6514,0.0,1.0,1.0,1,0.6665,0.98,0.5,1,0.0,0.5,0.5,1,1.0,0.6665,1,0.0,0.0,0,0.2888
0.628,0.725,1.0,0.0,1,0.0,0.8,1.0,1,0.375,0.0,1.0,1,1.0,0.3333,1,1.0,0.5,0,0.4
0.3489,0.175,0.0,1.0,1,0.6665,0.96,0.5,1,0.0,1.0,0.0,0,-1.0,0.5,0,0.0,0.5,1,0.1777
0.4883,0.1,0.5,1.0,1,0.6665,0.36,0.5,1,0.25,0.5,0.5,1,-1.0,0.6665,0,0.0,0.0,1,0.2222
0.5117,0.25,0.0,1.0,1,0.5,0.5,1.0,1,0.0,0.0,0.5,1,1.0,0.6665,0,0.0,0.0,0,0.2444
0.4883,0.375,0.0,0.0,1,0.3333,0.24,0.5,1,0.0,1.0,1.0,1,-1.0,0.5,0,1.0,0.0,0,0.2222
0.372,0.475,0.0,1.0,1,0.5,0.64,0.5,1,0.0,0.5,1.0,1,-1.0,0.3333,0,0.5,0.0,1,0.2444
0.3489,0.05,1.0,0.5,0,0.0,0.78,1.0,1,0.375,0.0,0.5,1,0.0,0.5,0,0.5,0.0,0,0.2222
0.442,0.975,0.5,0.5,0,0.6665,0.5,0.5,1,0.25,0.0,1.0,0,-1.0,0.3333,0,1.0,1.0,0,0.3333
0.6045,0.725,0.5,0.5,0,0.5,0.3,0.5,1,0.125,0.5,0.5,1,0.0,0.5,0,0.0,0.0,0,0.3333
0.5117,0.325,1.0,0.5,1,0.8335,0.5,0.5,1,0.0,1.0,1.0,0,1.0,0.5,0,0.0,0.5,0,0.2888
0.3953,0.325,0.5,1.0,0,0.6665,0.06,0.5,0,0.125,0.0,1.0,1,0.0,0.5,0,1.0,0.5,1,0.2
0.558,0.45,0.5,0.5,0,0.5,0.72,0.5,1,0.125,0.5,0.5,1,-1.0,0.5,0,1.0,0.5,0,0.2888
0.0465,0.625,0.0,1.0,0,0.6665,0.46,0.0,1,0.25,0.0,0.5,0,0.0,0.5,0,0.0,0.0,1,0.1555
0.6045,0.15,0.5,0.5,1,0.3333,0.9,0.5,1,0.125,0.5,0.5,1,1.0,0.5,0,0.5,0.5,1,0.2888
0.2094,0.2,0.0,0.5,0,0.3333,0.92,0.0,1,0.125,1.0,0.5,1,0.0,0.5,0,0.5,0.5,1,0.1333
0.3953,0.85,1.0,0.5,1,0.5,0.12,0.0,0,0.125,0.0,0.5,1,1.0,0.5,0,1.0,0.0,1,0.311
0.279,0.25,0.5,0.5,1,0.5,1.0,0.5,1,0.375,0.0,0.5,1,0.0,0.5,0,0.0,0.0,1,0.2222
0.2559,0.375,0.5,1.0,1,0.3333,0.96,0.5,1,0.25,0.0,0.5,1,0.0,0.3333,0,0.5,1.0,1,0.2222
0.6045,0.875,0.5,1.0,0,0.5,0.62,0.0,1,0.375,0.0,0.5,1,0.0,0.3333,0,0.0,0.5,1,0.3777
0.372,0.675,0.5,0.5,1,0.5,0.82,1.0,1,0.375,0.0,1.0,1,1.0,0.5,1,0.5,0.0,0,0.3333
0.4883,0.35,0.5,1.0,1,1.0,0.02,0.5,0,0.125,0.5,0.5,0,-1.0,0.6665,0,0.0,0.0,1,0.2222
0.442,0.675,0.5,0.5,0,0.5,0.98,0.5,1,0.375,0.0,0.5,1,-1.0,0.5,0,0.0,0.0,1,0.311
0.5117,0.025,1.0,0.0,1,0.3333,0.46,0.5,1,0.125,0.5,0.5,1,1.0,0.5,0,0.5,0.0,1,0.2222
0.442,0.725,0.0,0.5,1,0.5,0.9,0.0,1,0.375,0.0,0.5,0,0.0,0.3333,0,0.0,0.0,1,0.311
0.2559,0.475,0.0,0.5,1,0.8335,0.38,0.5,1,0.25,0.0,1.0,1,0.0,0.5,0,1.0,0.0,1,0.2222
0.5815,0.825,0.5,1.0,1,0.8335,0.78,0.5,1,0.0,0.0,0.5,1,0.0,0.5,0,0.5,0.5,1,0.3777
0.372,0.95,1.0,0.0,1,1.0,0.42,0.5,1,0.0,0.0,1.0,0,1.0,0.5,0,1.0,0.5,0,0.3333
0.2325,0.925,0.5,0.5,1,0.5,0.36,0.0,1,0.0,0.0,0.5,0,-1.0,0.3333,0,0.0,0.5,0,0.2
0.372,0.9,0.5,0.0,0,0.6665,0.94,0.0,1,0.0,0.5,0.5,1,-1.0,0.5,0,0.0,0.0,0,0.2666
0.6514,0.5,0.5,0.0,0,0.1666,0.7,1.0,1,0.0,1.0,1.0,1,0.0,0.3333,0,0.0,0.5,1,0.311
0.558,0.35,0.0,0.5,1,0.3333,0.84,0.0,1,0.5,0.5,0.5,0,1.0,0.5,0,1.0,0.0,1,0.3333
0.3953,0.475,0.5,0.5,1,0.1666,0.54,0.0,1,0.125,0.0,1.0,1,0.0,0.5,0,0.0,0.0,1,0.2222
0.3953,0.7,1.0,1.0,1,0.6665,0.92,0.0,1,0.125,0.0,0.5,1,1.0,0.5,0,0.0,1.0,0,0.311
0.3953,0.875,1.0,0.5,1,0.5,0.74,1.0,1,0.625,0.5,0.5,1,0.0,0.3333,0,0.5,0.0,1,0.422
0.7207,0.2,0.0,0.5,1,0.5,0.08,0.5,1,0.125,0.0,0.5,0,0.0,0.1666,0,1.0,0.0,1,0.2444
0.4883,0.925,0.5,0.5,1,0.3333,0.76,1.0,1,0.125,0.0,0.0,0,1.0,0.6665,0,0.5,0.0,1,0.3777
0.5117,0.825,0.5,0.0,1,0.6665,0.02,1.0,0,0.0,0.0,1.0,0,1.0,0.1666,0,0.0,0.0,1,0.2666
0.5815,0.975,0.0,1.0,1,0.0,0.82,1.0,1,0.25,1.0,0.0,1,0.0,0.6665,0,1.0,0.5,0,0.4443
0.465,0.875,0.5,0.0,1,0.5,0.34,0.5,1,0.375,0.5,0.5,1,1.0,0.3333,0,0.5,1.0,0,0.3333
0.3953,0.275,0.0,0.0,0,0.5,0.6,0.5,1,0.125,0.5,0.0,1,0.0,0.6665,0,1.0,0.5,0,0.1777
0.4187,0.1,0.5,0.5,0,0.0,0.74,1.0,1,0.25,0.5,0.5,0,1.0,0.6665,0,0.0,0.5,1,0.2222
0.442,0.1,0.5,1.0,0,0.6665,0.64,0.5,1,0.375,0.5,0.0,1,-1.0,0.5,0,0.0,0.5,0,0.2
0.442,0.3,0.5,1.0,0,0.5,0.68,0.0,1,0.25,0.5,1.0,1,-1.0,0.3333,0,0.0,0.5,0,0.2222
0.5347,0.625,0.5,0.5,1,0.6665,0.9,0.5,1,0.25,0.5,0.5,1,-1.0,0.6665,0,0.0,0.0,0,0.3333
0.442,0.8,0.5,0.0,0,1.0,0.38,0.5,1,0.0,0.0,0.5,1,1.0,0.3333,0,1.0,1.0,1,0.2666
0.5347,0.9,0.5,0.5,1,0.5,0.54,0.0,0,0.0,0.0,0.5,1,-1.0,0.3333,1,0.0,0.0,0,0.2666
0.442,0.625,0.5,1.0,0,0.6665,0.18,0.5,1,0.125,0.5,0.5,1,1.0,0.5,0,1.0,1.0,0,0.2888
0.442,0.0,0.5,0.5,0,0.8335,0.46,1.0,1,0.5,0.5,0.5,1,-1.0,0.6665,0,0.5,0.0,1,0.2222
0.1628,0.175,1.0,0.5,1,0.6665,0.16,0.0,1,0.25,0.5,0.5,1,1.0,0.1666,0,1.0,0.5,0,0.1333
0.558,0.1,0.5,0.0,1,0.3333,0.64,0.0,1,0.25,0.0,0.5,1,-1.0,0.5,0,0.0,0.5,0,0.1777
0.4883,0.375,0.5,0.0,1,0.1666,0.32,0.0,1,0.25,0.0,0.5,1,1.0,0.3333,0,0.0,1.0,1,0.5557
0.5815,0.5,0.5,0.5,1,0.6665,0.86,0.5,1,0.25,0.0,0.0,1,0.0,0.1666,0,1.0,0.5,1,0.311
0.0465,0.05,0.5,0.0,0,0.3333,0.34,0.5,1,0.125,0.0,0.5,1,-1.0,0.5,0,0.0,0.0,1,0.0
0.744,0.35,0.5,0.5,0,0.8335,0.28,0.5,1,0.25,0.5,0.5,0,0.0,0.6665,0,1.0,0.0,0,0.3333
0.4187,0.175,0.5,0.5,1,0.3333,0.5,1.0,1,0.125,0.0,0.5,1,0.0,0.5,0,0.5,0.0,0,0.2222
0.6045,0.65,0.0,0.5,1,0.5,0.18,0.0,1,0.125,0.5,0.5,1,0.0,0.5,0,0.0,0.0,1,0.2888
0.3022,0.475,0.5,0.0,1,0.1666,0.2,0.5,1,0.375,0.0,0.5,1,-1.0,0.8335,0,0.0,0.0,1,0.2
0.5347,0.5,0.5,0.5,0,0.3333,0.78,0.5,1,0.125,0.0,1.0,1,0.0,0.5,0,0.5,0.0,1,0.311
0.3022,0.425,0.0,1.0,0,0.3333,0.5,0.5,1,0.125,0.5,1.0,1,0.0,0.6665,1,0.0,0.0,0,0.7554
0.3489,0.95,0.5,0.0,1,0.3333,0.2,0.5,1,0.125,0.5,0.5,0,1.0,0.5,0,0.0,1.0,1,0.2666
0.6978,0.225,0.5,0.5,0,0.5,0.04,0.5,0,0.25,1.0,0.0,1,0.0,0.8335,0,0.5,1.0,1,0.8223
0.4187,0.525,1.0,1.0,0,0.3333,0.46,0.0,0,0.125,0.0,1.0,0,1.0,0.5,0,0.0,0.0,0,0.2666
0.465,0.725,0.0,0.5,1,1.0,0.74,0.0,1,0.375,0.5,0.5,1,1.0,0.5,0,0.5,0.0,1,0.3333
0.558,0.55,1.0,0.0,0,0.6665,0.36,0.5,1,0.125,0.0,1.0,1,0.0,0.5,0,0.5,0.0,1,0.2888
0.5117,0.925,0.5,0.0,1,0.8335,0.24,0.5,1,0.0,0.0,0.5,0,1.0,0.3333,0,1.0,0.0,1,0.3333
0.465,0.375,0.5,0.5,1,0.5,0.4,0.0,1,0.375,0.5,0.5,1,1.0,0.6665,1,1.0,0.0,1,0.2666
0.4883,0.475,0.5,0.5,1,0.5,0.96,1.0,1,0.0,1.0,0.5,1,0.0,0.5,0,0.0,0.0,1,0.311
0.7676,0.1,0.5,0.5,0,0.3333,0.42,1.0,1,0.0,0.0,1.0,0,-1.0,0.6665,0,0.0,0.0,0,0.2666
0.442,0.6,1.0,1.0,1,1.0,0.26,0.5,1,0.0,0.0,0.5,0,1.0,0.6665,0,0.0,0.0,0,0.311
0.465,0.3,0.5,1.0,0,0.5,0.56,0.0,0,0.0,1.0,0.5,1,0.0,0.1666,1,0.0,0.0,0,0.1777
0.5815,0.15,0.5,0.5,0,0.3333,0.82,0.5,1,0.375,0.5,0.5,1,1.0,0.5,0,0.5,0.0,0,0.311
0.6045,0.55,0.5,1.0,0,0.3333,0.02,0.0,1,0.125,0.0,0.5,1,-1.0,0.5,0,0.0,0.5,1,0.2444
0.6045,0.525,0.5,0.5,0,0.6665,0.56,0.5,1,0.0,0.5,0.5,1,1.0,0.5,0,0.0,0.5,1,0.2888
0.5347,0.075,0.5,0.5,1,0.8335,0.84,0.5,1,0.5,0.5,0.5,0,1.0,0.6665,0,1.0,0.0,1,0.311
0.279,0.7,1.0,0.0,1,0.8335,0.22,0.0,1,0.5,0.5,0.5,0,-1.0,0.5,0,0.0,0.0,0,0.2444
0.6743,0.625,0.5,0.5,1,0.3333,0.92,0.0,1,0.125,0.5,0.5,0,0.0,0.6665,0,0.0,0.0,0,0.3777
0.279,0.2,0.0,0.5,1,0.3333,0.58,0.5,1,0.125,1.0,0.5,0,-1.0,0.5,0,0.5,0.0,1,0.1555
0.4883,0.475,0.5,0.5,0,0.8335,0.52,0.5,1,0.125,0.0,0.5,0,1.0,0.3333,0,0.0,0.0,1,0.2666
0.3257,0.725,1.0,0.0,0,1.0,0.96,0.0,1,0.0,0.0,0.5,0,1.0,0.3333,0,0.5,0.0,1,0.2666
0.442,0.525,1.0,1.0,1,0.5,0.12,0.0,0,0.125,0.5,0.5,0,1.0,0.5,0,0.0,0.0,1,0.2666
0.4883,0.4,0.5,0.0,0,0.8335,0.74,0.0,1,0.25,0.0,1.0,1,0.0,0.5,1,0.5,0.0,0,0.2222
0.4883,0.325,1.0,0.0,0,0.1666,0.82,0.5,1,0.125,0.5,0.5,1,1.0,0.5,0,1.0,0.5,1,0.2666
0.5117,0.6,0.0,0.0,0,0.3333,0.48,0.5,0,0.375,0.0,0.5,1,1.0,0.1666,0,0.0,0.0,0,0.2444
0.6743,0.95,0.0,0.0,1,0.1666,0.0,1.0,1,0.0,0.0,1.0,1,-1.0,0.3333,0,0.5,0.0,1,0.3333
0.5117,0.675,0.0,1.0,0,0.6665,0.52,0.5,1,0.25,1.0,0.5,1,1.0,0.8335,1,1.0,0.0,0,0.3555
0.4187,0.075,0.0,1.0,1,0.5,0.16,0.5,1,0.25,0.0,1.0,0,0.0,0.5,0,1.0,0.0,0,0.2
0.5815,0.45,0.0,1.0,1,0.5,0.56,0.0,1,0.5,0.5,0.5,0,0.0,0.6665,0,0.0,0.5,0,0.311
0.6045,0.9,0.5,1.0,1,0.8335,0.74,0.0,0,0.0,0.5,1.0,1,1.0,0.3333,0,0.5,0.5,1,0.3777
0.279,0.1,0.5,0.0,1,0.3333,0.54,0.5,1,0.0,0.0,1.0,1,0.0,0.6665,0,0.0,0.0,1,0.1111
0.5347,1.0,0.5,0.0,1,0.5,0.64,0.0,1,0.125,0.5,1.0,0,1.0,0.5,0,0.0,0.5,1,0.3555
0.5347,0.95,0.5,0.5,1,0.1666,0.1,1.0,1,0.0,0.5,0.5,1,1.0,0.5,0,0.0,0.5,1,0.3555
0.3953,0.075,1.0,1.0,0,0.8335,0.1,0.5,1,0.25,1.0,1.0,0,1.0,0.3333,0,1.0,0.0,0,0.2444
0.628,0.925,0.5,0.5,0,0.8335,0.86,0.0,1,0.375,0.5,1.0,1,0.0,0.5,0,0.0,0.0,0,0.422
0.4187,0.375,0.5,0.5,0,0.6665,0.04,1.0,1,0.0,0.0,0.5,1,-1.0,0.6665,0,1.0,0.5,1,0.2
0.465,0.85,0.5,0.0,1,0.5,0.28,0.0,1,0.25,0.5,0.5,0,0.0,0.3333,0,0.0,0.0,1,0.2888
0.4187,0.425,1.0,0.0,0,0.3333,0.94,0.0,1,0.5,0.0,0.5,1,-1.0,0.3333,0,0.0,0.0,1,0.2444
0.442,0.45,0.5,0.5,0,0.1666,0.46,0.0,1,0.125,0.0,0.5,1,-1.0,0.5,0,0.5,0.0,0,0.2222
0.279,0.625,0.0,1.0,1,0.5,0.68,0.5,0,0.0,0.0,0.5,1,0.0,0.8335,0,0.0,0.5,0,0.2
0.2325,0.775,0.5,0.0,0,0.6665,0.22,0.5,1,0.125,1.0,0.5,0,1.0,0.5,0,1.0,1.0,1,0.2222
0.6743,0.025,1.0,1.0,0,1.0,0.28,0.0,1,0.5,0.5,0.5,1,1.0,0.3333,0,1.0,0.5,1,0.311
0.3257,0.6,0.5,1.0,1,0.3333,0.5,0.5,1,0.25,0.5,0.5,0,1.0,0.6665,1,1.0,0.0,0,0.2888
0.3022,0.175,0.5,1.0,0,0.5,0.64,0.0,1,0.125,0.5,0.5,1,0.0,0.5,0,0.0,1.0,0,0.1555
0.1395,0.35,0.0,1.0,0,0.8335,0.96,1.0,1,0.375,1.0,0.0,1,0.0,0.3333,0,0.0,0.5,1,0.1777
0.3489,0.35,1.0,0.0,0,0.8335,0.58,1.0,1,0.0,1.0,0.5,1,0.0,0.6665,0,1.0,0.5,0,0.2222
0.2559,0.475,0.0,1.0,0,0.3333,0.1,0.5,1,0.125,0.0,1.0,0,0.0,0.6665,0,0.5,1.0,0,0.1555
0.6743,0.325,0.0,0.5,0,0.5,0.36,0.5,1,0.0,0.0,1.0,1,1.0,0.3333,0,1.0,0.0,1,0.2666
0.5815,0.1,0.0,1.0,0,0.3333,0.24,0.0,1,0.125,0.0,0.5,0,1.0,0.8335,0,0.0,0.5,1,0.2
0.3489,0.15,0.5,0.0,0,0.3333,0.26,0.0,1,0.25,0.5,1.0,1,0.0,0.5,0,0.5,0.5,1,0.1333
0.7676,0.025,0.0,0.5,0,0.8335,0.5,0.5,1,0.125,0.0,0.5,1,0.0,0.3333,0,0.5,1.0,1,0.2222
0.5815,0.475,1.0,0.0,0,0.5,0.32,0.5,1,0.125,1.0,0.5,1,1.0,0.8335,1,0.0,0.5,1,0.2666
0.3953,0.95,1.0,0.0,0,0.5,0.28,0.5,1,0.0,0.5,0.5,1,1.0,0.6665,0,1.0,0.5,1,0.3333
0.093,0.125,0.5,1.0,1,0.5,0.96,0.0,1,0.125,0.0,0.0,0,1.0,0.5,0,0.0,1.0,1,0.08887
0.7676,0.95,0.5,1.0,0,0.5,0.58,0.5,1,0.125,0.0,0.5,0,0.0,0.6665,0,0.5,0.0,1,0.4443
0.2559,0.725,0.0,0.5,1,0.5,0.26,0.5,1,0.5,0.0,1.0,1,0.0,0.3333,0,0.5,0.0,1,0.2666
0.2094,0.625,0.5,0.5,1,0.3333,0.28,0.0,1,0.125,0.5,0.5,1,-1.0,0.5,0,0.5,0.0,1,0.2
0.5815,0.65,0.5,1.0,1,0.8335,0.82,0.5,1,0.375,1.0,0.5,1,0.0,0.5,1,0.0,0.0,0,0.3777
0.7905,0.825,0.5,0.5,1,0.3333,0.88,0.5,1,0.625,0.5,0.5,1,0.0,0.3333,1,0.5,0.0,0,0.4666
0.628,0.1,0.5,1.0,1,0.3333,0.68,0.0,1,0.25,0.5,0.5,0,1.0,0.3333,0,1.0,0.0,1,0.311
0.5117,0.5,0.0,0.5,0,0.5,0.44,0.0,1,0.0,0.0,1.0,1,-1.0,0.8335,0,0.0,0.0,1,0.2222
0.5347,0.7,1.0,0.5,0,1.0,0.76,0.0,1,0.25,1.0,1.0,1,1.0,0.1666,0,1.0,1.0,0,0.3777
0.558,0.575,0.5,1.0,1,0.3333,0.94,0.0,1,0.0,0.0,0.0,1,0.0,0.6665,0,0.0,0.0,1,0.311
0.558,0.825,1.0,0.5,0,0.6665,0.16,0.5,1,0.0,1.0,0.5,0,1.0,0.6665,0,0.0,0.5,0,0.3555
0.4883,0.075,1.0,0.5,0,0.5,0.86,1.0,1,0.0,0.5,0.5,0,0.0,0.3333,0,0.0,1.0,1,0.2
0.465,0.7,1.0,1.0,1,0.5,0.84,1.0,1,0.25,0.5,0.5,1,1.0,0.5,0,1.0,0.0,0,0.422
0.442,0.525,0.5,1.0,1,0.6665,0.36,0.5,1,0.0,0.5,0.5,1,0.0,0.5,0,0.5,0.0,1,0.2888
0.3257,0.375,0.5,1.0,1,0.0,0.3,1.0,1,0.125,0.0,0.0,0,1.0,0.6665,0,1.0,0.5,0,0.2444
0.3953,0.35,0.5,0.5,0,0.3333,0.56,1.0,1,0.0,1.0,0.5,1,1.0,0.3333,0,0.0,0.5,0,0.2222
0.2094,0.625,1.0,0.5,1,0.6665,0.28,0.0,1,0.25,1.0,0.5,1,0.0,0.5,0,1.0,0.0,0,0.2666
0.4187,0.9,0.5,0.5,0,0.5,0.14,1.0,1,0.0,0.0,0.5,1,1.0,0.5,0,0.0,0.0,0,0.311
0.3022,0.5,1.0,0.0,1,0.5,0.96,1.0,1,0.25,0.0,1.0,0,-1.0,0.3333,0,0.0,0.0,1,0.2444
0.279,0.825,0.5,1.0,1,0.6665,0.5,0.5,1,0.125,0.5,0.5,0,1.0,0.3333,0,0.0,0.0,1,0.311
0.465,0.4,0.5,0.5,1,0.3333,0.48,0.5,1,0.25,0.5,0.5,0,0.0,0.5,0,0.0,0.0,1,0.2666
0.628,0.1,0.5,0.5,1,0.8335,0.12,0.5,1,0.125,0.0,0.0,1,-1.0,0.3333,0,0.5,0.0,1,0.2
0.5815,0.05,1.0,1.0,0,0.6665,0.5,0.5,1,0.25,0.5,0.5,1,0.0,0.3333,0,0.5,0.5,1,0.2666
0.2325,0.05,0.0,1.0,1,0.5,0.74,1.0,0,0.375,0.0,1.0,1,1.0,0.5,0,0.0,1.0,0,0.1333
0.3022,0.375,0.5,0.0,1,0.6665,0.24,0.0,1,0.0,1.0,0.5,1,-1.0,0.3333,0,0.0,0.5,0,0.1333
0.5815,0.325,0.5,0.5,1,0.8335,0.36,1.0,1,0.5,0.5,0.5,1,0.0,0.3333,0,0.0,1.0,1,0.2888
0.3022,0.725,0.0,1.0,0,0.3333,0.18,0.0,1,0.25,0.0,1.0,1,0.0,0.8335,0,1.0,0.5,1,0.2444
0.4187,0.75,0.5,0.5,0,0.6665,0.36,0.0,1,0.0,1.0,0.5,1,-1.0,0.6665,0,0.0,0.5,1,0.2444
0.5117,0.05,0.5,1.0,0,1.0,0.86,1.0,1,0.25,0.0,0.5,1,1.0,0.6665,0,0.5,0.0,0,0.2888
0.3022,0.225,0.0,1.0,0,0.6665,0.24,1.0,1,0.125,0.5,1.0,0,0.0,0.3333,0,0.0,0.0,1,0.1777
0.465,0.275,0.5,0.5,1,0.5,0.02,0.5,1,0.375,0.5,1.0,0,0.0,0.5,0,1.0,0.5,0,0.2444
0.2559,0.55,1.0,0.5,1,1.0,0.54,1.0,1,0.0,0.5,0.5,1,0.0,0.6665,0,0.5,1.0,0,0.2444
0.3489,0.15,1.0,0.5,1,0.5,0.58,1.0,1,0.0,1.0,1.0,0,0.0,0.5,0,0.5,0.0,0,0.2444
0.4883,0.125,0.5,0.5,1,0.8335,0.32,1.0,1,0.25,0.5,0.5,1,-1.0,0.6665,0,0.0,0.0,1,0.2222
0.2094,0.95,0.5,0.5,1,0.3333,0.64,0.5,1,0.25,1.0,0.5,1,1.0,0.3333,0,0.5,0.5,1,0.311
0.5117,0.8,0.5,1.0,0,0.8335,0.04,1.0,1,0.125,1.0,0.5,0,1.0,0.3333,0,0.0,0.0,0,0.3555
0.442,0.175,1.0,1.0,0,0.3333,0.34,1.0,1,0.125,0.5,1.0,1,1.0,0.3333,1,0.5,0.0,0,0.2444
0.5117,0.4,0.5,0.5,1,0.5,0.14,1.0,1,0.125,0.5,0.5,1,-1.0,0.5,0,0.0,0.5,0,0.2444
0.465,0.35,0.5,1.0,1,0.3333,0.22,0.0,0,0.0,0.0,0.5,0,1.0,0.6665,0,0.0,0.0,1,0.2222
0.628,0.8,0.0,0.5,0,1.0,0.38,0.5,1,0.5,0.0,0.5,1,0.0,0.6665,0,0.0,0.5,0,0.3555
0.465,0.5,0.5,1.0,0,0.5,0.5,1.0,1,0.375,0.5,1.0,0,0.0,0.3333,0,0.0,1.0,1,0.311
0.372,0.125,0.0,0.0,1,0.1666,0.1,0.5,1,0.25,0.0,0.5,1,1.0,0.5,0,0.0,0.0,0,0.1333
0.465,0.75,1.0,0.5,1,0.5,0.1,1.0,1,0.125,0.0,1.0,1,0.0,0.6665,0,0.0,0.0,0,0.3333
0.5117,0.4,0.5,0.5,0,0.6665,0.68,1.0,1,0.25,1.0,0.5,1,1.0,0.6665,0,0.5,0.0,0,0.3333
0.442,0.275,0.5,0.5,0,0.5,0.4,1.0,1,0.0,1.0,1.0,1,-1.0,0.6665,0,0.0,0.0,0,0.2222
0.442,0.375,0.5,0.0,1,0.3333,0.18,0.5,1,0.25,0.5,0.5,1,-1.0,0.1666,0,1.0,0.5,1,0.2
0.3489,0.5,1.0,1.0,1,0.8335,0.24,0.0,1,0.0,1.0,0.5,1,0.0,0.6665,0,1.0,0.0,0,0.2888
0.3489,0.35,0.0,0.5,1,0.8335,0.72,0.0,1,0.125,0.0,0.5,0,0.0,0.3333,0,0.0,0.0,0,0.1777
0.2559,0.25,0.5,1.0,0,0.1666,0.06,0.5,1,0.25,0.0,0.5,0,1.0,0.5,0,0.5,0.0,1,0.1777
0.6743,0.4,0.5,0.5,1,0.3333,0.5,0.0,1,0.375,1.0,0.5,1,1.0,0.5,0,0.5,0.0,0,0.3555
0.279,0.025,1.0,0.0,0,0.5,0.36,0.0,0,0.125,0.5,0.5,1,0.0,0.3333,0,0.0,0.0,1,0.06665
0.3489,0.775,0.5,0.5,1,0.3333,0.82,0.5,1,0.125,0.5,0.5,1,0.0,0.3333,0,0.0,0.5,0,0.2888
0.3489,0.175,0.5,1.0,0,0.6665,0.8,1.0,1,0.125,1.0,0.0,1,0.0,0.6665,0,0.0,0.0,1,0.2222
0.558,0.05,0.5,0.5,0,1.0,0.68,0.0,1,0.25,0.0,0.5,1,1.0,0.5,0,0.5,0.0,0,0.2222
0.3953,0.65,1.0,0.0,1,0.3333,0.38,0.0,1,0.25,0.5,1.0,1,1.0,0.3333,0,0.0,0.0,1,0.2888
0.6045,0.775,0.0,1.0,1,0.8335,0.64,0.5,1,0.0,0.0,0.0,1,0.0,0.1666,0,0.0,1.0,1,0.311
0.3489,0.825,0.5,0.5,1,0.1666,0.64,0.0,1,0.625,1.0,0.5,1,1.0,0.1666,0,0.0,0.0,1,0.3555
0.4883,0.5,0.0,0.5,0,0.6665,0.34,0.0,1,0.25,0.0,0.0,0,1.0,0.3333,0,1.0,0.5,1,0.2222
0.3257,0.2,0.0,0.5,1,0.3333,0.88,0.0,1,0.0,0.5,1.0,1,0.0,0.8335,0,1.0,0.0,0,0.2
0.744,0.725,0.0,0.5,0,0.6665,0.98,0.5,1,0.25,1.0,1.0,0,1.0,0.6665,0,0.5,0.5,1,0.4443
0.279,0.7,1.0,0.5,0,0.0,0.32,0.0,1,0.125,0.0,1.0,1,1.0,0.6665,0,0.0,0.0,0,0.2666
0.4883,0.25,0.5,1.0,1,0.1666,0.8,1.0,1,0.125,0.5,1.0,1,0.0,0.5,0,0.5,1.0,0,0.2888
0.5347,0.9,1.0,1.0,0,0.6665,0.5,0.0,1,0.125,0.5,0.5,1,1.0,0.1666,0,0.5,0.5,0,0.3777
0.4883,0.1,0.5,0.5,0,0.3333,0.46,1.0,1,0.375,0.5,0.5,1,1.0,0.6665,0,1.0,0.5,0,0.2666
0.4187,0.975,1.0,0.5,0,0.5,0.38,0.5,1,0.125,1.0,0.5,1,1.0,0.5,0,0.0,0.0,1,0.3777
0.4187,0.85,0.5,0.0,1,1.0,0.3,1.0,1,0.125,0.0,1.0,1,-1.0,0.5,0,1.0,0.5,1,0.311
0.442,0.7,0.0,0.0,0,0.5,0.92,0.0,1,0.0,1.0,1.0,1,1.0,0.5,0,1.0,0.5,1,0.2888
0.4187,0.95,0.5,0.5,1,0.6665,0.74,0.5,1,0.0,0.5,0.5,0,-1.0,1.0,0,0.0,0.0,1,0.3333
0.5815,0.725,0.5,0.5,0,0.3333,0.44,1.0,1,0.125,0.0,0.5,1,0.0,0.5,1,0.5,0.0,0,0.311
0.744,0.2,0.5,0.0,1,0.1666,0.76,0.5,1,0.25,0.0,0.5,1,-1.0,0.1666,0,0.5,0.5,1,0.2666
0.372,0.45,0.5,0.5,0,0.5,0.72,0.5,0,0.0,0.0,0.0,1,0.0,0.5,0,0.5,0.0,0,0.1777
0.2559,0.075,0.5,1.0,0,0.1666,0.26,0.0,1,0.5,0.0,0.5,0,1.0,0.3333,0,0.0,0.5,1,0.1333
0.4187,0.4,0.5,1.0,1,0.3333,0.18,0.5,1,0.125,0.5,0.5,1,0.0,0.5,0,0.0,0.0,0,0.2444
0.7905,0.75,1.0,0.5,1,0.5,0.84,0.0,0,0.0,0.0,0.5,0,0.0,0.6665,0,0.0,0.0,1,0.4
0.3257,0.375,0.5,1.0,1,0.5,0.82,1.0,1,0.0,0.5,1.0,1,0.0,0.5,0,0.5,0.5,1,0.2666
0.6743,0.325,1.0,0.5,1,0.6665,1.0,0.5,1,0.25,1.0,1.0,1,0.0,0.3333,0,0.0,0.0,0,0.3777
0.6743,0.6,1.0,0.5,0,0.6665,0.02,0.0,1,0.125,0.0,0.5,1,1.0,0.6665,1,1.0,1.0,1,0.311
0.372,0.875,0.0,1.0,0,0.1666,0.54,0.5,1,0.25,0.5,0.5,1,1.0,0.6665,0,0.0,0.5,0,0.311
0.5117,0.05,0.0,1.0,1,0.3333,0.7,0.5,1,0.125,0.0,0.5,1,-1.0,0.5,1,0.5,0.5,1,0.1777
0.6743,0.375,0.5,0.5,1,0.0,0.58,0.0,1,0.0,0.5,0.5,1,-1.0,0.6665,0,0.0,0.5,1,0.2666
0.3953,0.15,0.5,0.5,0,0.3333,0.72,0.5,1,0.0,1.0,0.5,1,1.0,0.3333,0,0.0,0.5,0,0.1777
0.4187,0.7,0.5,1.0,1,0.6665,0.14,0.0,0,0.125,0.5,0.0,0,-1.0,0.6665,0,0.5,0.0,1,0.2444
0.372,0.1,0.5,0.5,0,0.8335,0.0,0.5,1,0.25,0.0,1.0,1,1.0,0.6665,0,0.0,0.5,0,0.1555
0.3022,0.675,0.5,0.5,1,0.5,0.1,0.5,1,0.25,0.0,1.0,0,1.0,0.6665,0,1.0,0.0,1,0.2888
0.3489,0.275,0.5,1.0,0,0.8335,0.38,0.5,1,0.125,0.0,0.5,1,0.0,0.6665,0,1.0,0.0,0,0.2222
0.279,0.2,0.0,0.0,1,0.6665,0.32,0.5,1,0.0,0.5,0.0,1,0.0,0.6665,1,0.5,0.0,1,0.08887
0.442,0.925,1.0,0.5,1,0.5,0.88,1.0,1,0.125,0.5,0.5,1,-1.0,0.1666,0,0.5,0.5,1,0.3777
0.3257,0.025,0.5,1.0,1,0.3333,0.08,0.5,1,0.0,1.0,1.0,0,0.0,0.3333,0,1.0,0.0,1,0.1777
0.465,0.45,0.5,0.5,0,0.0,0.44,0.5,1,0.125,0.5,1.0,1,0.0,0.6665,0,1.0,0.0,1,0.2888
0.2325,0.025,0.5,0.5,1,0.8335,0.96,1.0,1,0.0,0.5,1.0,1,-1.0,0.3333,0,0.0,0.5,1,0.1333
0.4883,0.475,0.0,0.5,0,0.5,0.5,0.0,1,0.125,0.0,1.0,0,0.0,0.5,0,0.0,0.0,0,0.2222
0.558,0.5,0.5,0.5,1,0.8335,0.14,0.0,1,0.25,0.0,1.0,1,1.0,0.5,0,0.0,0.5,0,0.2888
0.1628,0.325,0.0,0.5,1,0.3333,0.3,1.0,1,0.125,0.0,0.5,1,0.0,0.6665,0,0.5,0.5,1,0.1333
0.4883,0.125,0.0,0.0,1,1.0,0.62,0.5,1,0.125,0.0,0.5,0,0.0,0.5,0,1.0,0.0,1,0.1777
0.6045,0.375,0.5,0.5,1,0.5,0.02,1.0,1,0.125,0.5,0.0,1,-1.0,0.3333,0,1.0,0.0,1,0.2666
0.279,0.675,0.0,0.5,1,0.3333,0.96,0.0,1,0.0,1.0,1.0,1,1.0,0.5,1,1.0,0.5,1,0.2444
0.6743,0.775,0.5,0.5,1,0.5,0.56,1.0,1,0.375,0.5,0.5,0,1.0,0.3333,0,1.0,0.0,1,0.4443
0.5117,0.525,0.5,0.5,0,0.5,0.7,0.0,1,0.0,0.5,0.5,1,1.0,0.6665,0,0.0,0.0,1,0.2888
0.3489,0.6,0.0,0.5,0,0.5,0.5,1.0,1,0.25,0.5,0.5,1,-1.0,0.5,0,0.0,0.0,0,0.2222
0.442,0.2,0.0,0.5,0,0.3333,0.96,1.0,1,0.0,0.0,1.0,1,-1.0,0.6665,0,0.0,0.0,0,0.2
0.5117,0.275,1.0,0.5,1,0.0,0.58,0.5,0,0.25,0.0,0.5,1,1.0,0.5,0,0.0,0.0,1,0.2666
0.442,0.15,0.0,0.5,1,0.3333,0.66,0.5,1,0.25,0.0,0.5,0,0.0,0.5,0,0.5,0.0,1,0.2
0.5117,0.25,0.5,1.0,1,0.8335,0.86,0.5,1,0.0,0.0,1.0,1,0.0,0.3333,1,1.0,0.5,0,0.2666
0.3022,0.225,0.5,1.0,1,0.3333,0.86,0.0,0,0.25,0.0,0.5,0,0.0,0.0,0,0.0,0.0,1,0.1777
0.465,0.525,1.0,0.5,1,0.0,0.02,0.5,1,0.0,0.5,0.5,0,1.0,0.3333,0,0.5,0.5,0,0.2666
0.2559,0.575,1.0,0.0,1,0.1666,0.28,0.5,1,0.125,1.0,0.5,0,-1.0,0.3333,0,1.0,0.0,0,0.2222
0.4187,0.95,1.0,0.0,1,0.5,0.24,1.0,1,0.125,0.0,1.0,1,0.0,0.3333,0,0.0,0.0,0,0.3333
0.3257,0.2,0.5,0.5,1,0.3333,0.0,1.0,1,0.25,1.0,0.0,1,0.0,0.5,0,0.0,0.5,1,0.1555
0.3489,0.65,1.0,0.5,1,0.5,0.88,0.5,1,0.25,0.0,1.0,1,0.0,0.5,0,0.0,0.5,0,0.311
0.6045,0.825,0.5,0.0,1,0.3333,0.32,0.5,1,0.25,0.5,0.5,1,-1.0,0.5,0,0.5,0.5,0,0.3333
0.6045,0.55,0.5,0.5,1,0.8335,0.34,0.0,1,0.125,0.0,1.0,0,0.0,0.3333,0,0.0,0.5,1,0.2888
0.5347,0.25,0.5,1.0,0,0.6665,0.1,0.5,1,0.5,0.0,1.0,1,1.0,0.6665,0,1.0,0.5,0,0.2888
0.279,0.275,0.5,0.5,1,1.0,0.98,0.5,1,0.0,0.0,0.5,1,0.0,0.5,0,1.0,0.0,1,0.2
0.3953,0.05,0.0,1.0,1,0.3333,0.82,1.0,0,0.5,0.0,0.5,0,0.0,0.1666,0,0.0,0.5,1,0.1777
0.6045,0.3,0.0,0.0,1,0.5,0.58,0.5,1,0.25,1.0,1.0,1,1.0,0.3333,0,1.0,0.5,0,0.2888
0.465,0.75,1.0,0.0,1,0.8335,0.78,0.0,1,0.125,0.0,0.0,1,0.0,0.3333,0,0.0,1.0,0,0.2666
0.7676,0.05,1.0,0.0,0,0.6665,0.78,0.0,1,0.375,0.0,0.5,0,0.0,0.6665,0,0.5,0.5,0,0.2888
0.4883,0.225,0.5,1.0,1,0.3333,0.66,0.5,1,0.125,0.0,0.5,1,1.0,0.3333,0,0.5,0.5,0,0.2444
0.465,0.7,0.5,0.5,1,0.6665,0.18,0.0,0,0.25,0.5,0.5,0,-1.0,0.1666,0,1.0,0.0,1,0.2666
0.3953,0.775,1.0,0.5,0,0.6665,0.72,1.0,1,0.125,0.5,0.5,1,0.0,0.6665,1,0.0,0.5,1,0.311
0.465,0.45,1.0,0.5,1,0.0,0.56,0.5,1,0.25,1.0,0.5,0,-1.0,0.5,0,0.0,1.0,1,0.2888
0.4187,0.7,0.5,1.0,0,0.3333,0.72,0.5,1,0.5,0.5,0.5,1,1.0,0.5,1,0.5,0.5,1,0.3333
0.5347,0.4,0.5,0.5,0,0.5,0.54,0.5,1,0.375,0.5,0.5,0,-1.0,0.6665,0,1.0,0.5,0,0.2888
0.5815,0.15,0.0,0.5,1,0.8335,0.96,0.5,1,0.25,0.0,0.5,1,0.0,0.3333,0,0.5,0.0,1,0.2444
0.3257,0.4,0.5,1.0,1,0.6665,0.62,0.5,1,0.25,0.0,0.5,0,0.0,0.6665,0,1.0,0.5,0,0.2666
0.2559,0.575,0.5,0.5,0,0.3333,0.58,0.5,1,0.125,1.0,0.0,1,0.0,0.6665,0,0.0,0.5,0,0.2222
0.186,0.95,0.5,0.5,0,0.3333,0.84,0.5,1,0.0,0.5,0.5,1,0.0,0.8335,0,0.0,0.5,1,0.2666
0.5117,0.075,0.5,0.5,0,0.6665,0.38,1.0,1,0.25,0.5,0.0,1,-1.0,0.6665,1,0.0,0.0,1,0.1777
0.279,0.5,0.0,1.0,1,0.0,0.32,1.0,1,0.25,0.0,0.5,1,-1.0,0.3333,0,0.0,0.5,0,0.2
0.1395,0.325,1.0,0.5,1,0.3333,0.5,0.5,1,0.375,0.0,0.5,1,0.0,0.5,0,0.5,0.0,0,0.2
0.4883,0.5,0.0,0.0,0,0.8335,0.58,1.0,1,0.0,0.5,0.5,0,0.0,0.5,0,0.5,0.5,0,0.2444
0.7905,0.025,0.5,1.0,1,0.5,0.22,0.0,1,0.25,0.5,0.5,0,1.0,0.6665,1,0.0,0.0,1,0.2888
0.442,0.325,1.0,0.5,1,0.3333,0.68,1.0,1,0.0,0.5,0.5,1,1.0,0.5,0,0.0,0.5,1,0.2666
0.558,0.825,0.5,1.0,0,0.1666,0.8,0.0,1,0.125,0.5,0.5,1,1.0,0.3333,0,0.5,0.0,1,0.3777
0.442,0.55,0.5,0.5,1,0.6665,0.58,0.0,1,0.125,0.0,0.5,1,1.0,0.6665,0,0.0,0.0,1,0.2666
0.4187,0.45,0.5,0.5,0,0.5,0.52,1.0,1,0.25,0.5,0.0,1,0.0,0.5,0,0.5,0.5,0,0.2444
0.5815,0.275,1.0,0.0,0,0.5,0.3,0.5,1,0.125,0.0,0.5,1,1.0,0.5,0,0.5,0.0,0,0.2444
0.3953,0.3,1.0,1.0,1,0.6665,0.9,0.5,1,0.125,0.5,0.5,1,-1.0,0.6665,0,0.0,0.5,1,0.2666
0.4883,0.375,0.5,0.5,0,0.5,0.76,0.0,1,0.0,0.0,0.5,0,0.0,0.5,0,1.0,1.0,1,0.2222
0.4883,0.825,1.0,0.5,0,0.5,0.48,0.0,1,0.25,0.5,1.0,1,-1.0,0.5,0,0.5,1.0,1,0.3333
0.3489,0.975,0.0,0.5,1,0.1666,0.66,0.0,1,0.0,0.0,1.0,0,0.0,0.6665,0,1.0,0.0,0,0.311
0.5815,0.45,1.0,1.0,1,0.1666,0.34,0.0,1,0.125,1.0,1.0,0,-1.0,0.5,0,0.0,0.5,1,0.311
0.4187,0.4,1.0,0.5,1,0.6665,0.06,0.5,1,0.125,0.5,0.5,1,-1.0,0.6665,0,0.5,0.0,0,0.2444
0.3257,0.85,0.5,0.0,0,0.6665,0.2,0.5,1,0.25,0.5,0.5,1,0.0,0.6665,0,0.0,1.0,1,0.2444
0.5117,0.425,1.0,1.0,1,0.6665,0.08,0.5,1,0.125,0.0,0.5,1,-1.0,0.5,0,0.5,0.5,0,0.2666
0.3257,0.55,0.5,1.0,1,0.3333,0.5,0.5,1,0.125,0.5,0.0,1,1.0,0.5,0,0.0,0.0,1,0.2666
0.442,0.225,0.5,0.5,1,0.6665,0.62,1.0,1,0.25,0.5,0.5,1,1.0,0.6665,0,0.0,0.0,1,0.2666
0.442,0.75,1.0,1.0,1,0.3333,0.38,0.5,1,0.25,1.0,1.0,1,0.0,0.5,0,0.0,0.0,0,0.3777
0.6045,0.525,0.5,0.0,1,0.8335,0.54,0.0,1,0.125,0.5,1.0,1,0.0,0.6665,0,0.5,0.5,0,0.2888
0.5117,0.8,0.5,0.0,1,0.3333,0.08,1.0,1,0.375,0.5,0.5,1,1.0,0.3333,1,1.0,0.0,1,0.3333
0.442,0.775,0.5,0.5,1,0.3333,0.76,0.5,1,0.125,0.0,0.5,1,1.0,0.6665,0,0.0,0.5,1,0.311
0.558,0.225,1.0,0.0,1,0.5,0.04,1.0,1,0.125,0.0,0.5,1,1.0,0.6665,0,0.0,0.5,1,0.2222
0.628,0.725,1.0,1.0,0,0.6665,0.64,0.5,1,0.0,0.5,0.5,1,-1.0,0.5,0,1.0,1.0,1,0.3777
0.5117,0.8,0.5,1.0,0,0.5,0.44,0.5,1,0.0,0.0,0.5,1,0.0,0.6665,0,0.5,1.0,0,0.311
0.442,0.35,0.5,0.5,1,0.5,0.18,0.0,1,0.625,1.0,0.5,1,1.0,0.6665,0,0.0,0.0,0,0.2888
0.2559,0.175,1.0,1.0,0,0.3333,0.52,1.0,1,0.125,0.0,0.5,1,-1.0,0.3333,0,0.0,0.5,1,0.1555
0.3022,0.0,0.5,0.0,1,0.5,0.78,0.0,1,0.25,0.5,0.5,1,0.0,0.5,0,0.0,0.5,1,0.1111
0.3953,0.45,1.0,0.5,1,0.5,0.42,0.0,1,0.375,0.5,0.5,1,0.0,0.6665,0,0.0,0.5,1,0.2666
0.3489,0.35,1.0,1.0,1,0.3333,0.36,0.0,1,0.25,0.5,0.5,1,0.0,0.6665,0,0.5,0.0,1,0.2666
0.4187,0.55,0.5,1.0,1,0.5,0.14,0.5,1,0.125,0.5,0.5,1,0.0,0.5,0,0.0,0.0,1,0.2666
0.442,0.2,0.5,0.5,1,0.5,0.6,0.0,1,0.0,0.0,0.5,0,0.0,0.6665,0,0.0,0.0,0,0.1777
0.5117,0.85,0.5,0.0,1,1.0,0.82,1.0,1,0.125,0.5,0.5,1,0.0,0.5,0,0.0,0.0,1,0.3555
0.442,0.25,0.5,0.5,1,0.3333,0.56,1.0,1,0.0,0.5,0.5,0,1.0,0.3333,0,0.5,0.0,0,0.2444
0.5117,0.225,0.5,0.5,1,0.3333,0.16,1.0,1,0.0,0.5,0.5,1,0.0,0.1666,0,1.0,0.0,0,0.2222
0.442,0.475,1.0,0.5,1,0.5,0.66,1.0,1,0.25,0.5,0.5,1,1.0,0.3333,0,0.0,0.5,0,0.311
0.1628,0.5,1.0,0.0,0,0.3333,0.04,1.0,1,0.25,0.5,0.5,1,1.0,0.1666,0,0.0,0.0,0,0.1777
0.3022,0.225,0.5,0.5,1,0.1666,0.84,1.0,1,0.375,0.0,0.0,1,-1.0,0.3333,0,1.0,0.5,0,0.2
0.4187,0.275,1.0,1.0,0,0.1666,0.92,1.0,1,0.25,0.0,0.5,0,0.0,0.0,1,0.5,0.0,0,0.2666
0.279,0.175,0.5,0.5,1,0.3333,0.6,1.0,1,0.125,0.0,1.0,1,-1.0,0.3333,0,0.0,0.5,1,0.1555
0.5347,0.725,0.5,0.0,1,0.3333,0.88,0.0,1,0.25,0.5,0.5,1,0.0,0.3333,0,0.0,1.0,1,0.2888
0.6514,0.775,0.5,1.0,0,0.1666,0.08,0.0,1,0.25,0.0,0.5,1,0.0,0.5,0,1.0,0.5,1,0.3555
0.6045,0.45,1.0,0.5,0,0.5,0.22,0.5,0,0.125,0.0,0.5,1,-1.0,0.5,0,0.0,0.5,0,0.2444
0.4187,0.725,0.5,1.0,1,0.0,0.32,0.0,1,0.125,0.0,0.5,1,1.0,0.1666,0,1.0,0.0,0,0.311
0.6514,0.725,0.5,0.0,1,0.6665,0.78,0.0,1,0.125,0.5,1.0,0,0.0,0.6665,0,0.0,0.5,1,0.3555
0.465,0.15,0.5,0.5,1,0.3333,0.48,0.5,1,0.25,0.5,1.0,0,0.0,0.6665,0,0.0,0.0,0,0.2444
0.3953,0.975,0.5,0.5,0,0.3333,0.34,0.5,1,0.625,0.0,0.5,1,1.0,0.5,0,1.0,0.0,0,0.3777
0.3489,0.825,0.5,0.5,1,0.6665,0.16,0.5,1,0.125,1.0,1.0,1,1.0,0.6665,0,0.5,0.0,0,0.3333
0.3953,0.2,0.0,0.5,0,0.6665,0.82,1.0,1,0.125,0.0,1.0,0,0.0,0.5,0,1.0,0.0,0,0.2222
0.3953,0.175,1.0,0.5,0,0.3333,0.02,0.5,1,0.0,0.5,1.0,1,1.0,0.3333,0,0.5,0.0,0,0.2
0.465,0.125,0.5,0.5,1,0.6665,0.34,0.5,1,0.125,0.0,0.5,1,1.0,0.3333,0,0.5,0.5,1,0.1777
0.465,0.15,0.5,0.5,0,0.8335,0.24,0.0,0,0.375,0.5,0.5,0,1.0,0.3333,0,0.0,0.0,1,0.1777
0.442,0.75,0.0,0.5,0,0.1666,0.12,0.5,0,0.375,0.5,0.5,1,1.0,0.3333,0,0.0,0.5,1,0.2444
0.5117,0.475,1.0,1.0,1,0.6665,0.18,0.0,1,0.125,0.0,1.0,1,-1.0,0.6665,0,0.5,0.5,1,0.2888
0.6045,0.775,0.5,1.0,1,0.1666,0.5,0.0,1,0.125,1.0,1.0,1,0.0,0.6665,0,0.5,0.0,1,0.422
0.5815,0.75,1.0,1.0,0,0.8335,0.42,0.0,1,0.0,1.0,0.0,0,-1.0,0.3333,0,0.5,0.0,0,0.3555
0.2325,0.6,1.0,0.5,1,0.3333,0.52,1.0,1,0.375,0.0,1.0,1,-1.0,0.5,0,0.0,0.5,0,0.2666
0.093,0.675,1.0,0.0,0,0.3333,0.72,0.5,1,0.25,0.5,1.0,1,1.0,0.5,0,1.0,0.0,0,0.2444
0.5815,0.025,1.0,0.5,1,0.8335,0.9,0.5,1,0.0,0.5,0.5,0,-1.0,1.0,0,0.5,0.0,1,0.2666
0.2559,0.3,0.0,1.0,1,0.6665,0.12,1.0,1,0.375,0.0,0.5,1,1.0,0.1666,1,0.0,0.5,1,0.1555
0.4187,0.65,0.5,0.0,0,0.3333,0.08,0.0,1,0.125,1.0,1.0,0,1.0,0.8335,0,1.0,0.0,1,0.2888
0.279,0.0,0.5,0.5,1,0.5,0.32,0.5,1,0.25,0.0,0.5,1,1.0,0.5,0,1.0,0.0,1,0.1555
0.186,0.025,1.0,0.5,1,0.3333,0.54,0.0,0,0.125,1.0,0.5,0,0.0,0.3333,0,0.0,0.0,1,0.6
0.5117,0.85,1.0,0.5,0,0.1666,0.1,1.0,1,0.25,0.5,0.5,1,1.0,0.3333,1,0.0,0.0,1,0.3333
0.558,0.675,1.0,0.5,0,0.5,0.72,0.5,1,0.5,0.5,0.0,0,-1.0,0.3333,0,0.5,0.0,1,0.3777
0.372,0.275,0.0,1.0,1,0.3333,0.56,0.0,1,0.0,0.5,0.5,1,1.0,0.6665,0,0.5,0.0,0,0.2
0.06976,0.7,0.5,1.0,0,0.3333,0.74,0.0,1,0.125,0.5,1.0,1,0.0,0.6665,0,0.5,0.0,1,0.2444
0.372,0.8,0.5,0.5,1,0.8335,0.36,1.0,1,0.0,0.5,0.0,0,1.0,0.5,0,0.5,0.0,0,0.2888
0.4883,0.3,0.0,0.5,0,0.3333,0.4,0.0,1,0.125,1.0,0.5,1,0.0,0.5,0,1.0,1.0,1,0.2
0.2325,0.025,0.0,0.5,1,0.5,0.8,1.0,1,0.0,0.5,1.0,1,0.0,0.5,0,0.0,0.0,0,0.1333
0.465,0.925,0.5,0.5,1,0.8335,0.26,0.5,1,0.0,0.5,0.5,1,1.0,0.1666,0,0.0,0.5,1,0.311
0.442,0.35,1.0,1.0,0,0.5,0.38,0.0,1,0.25,1.0,1.0,0,0.0,0.3333,0,0.5,0.0,1,0.2888
0.5117,0.1,0.5,0.5,0,0.3333,0.02,0.5,1,0.125,0.5,0.5,1,1.0,0.8335,0,0.5,0.0,1,0.2
0.465,0.5,0.5,1.0,0,0.5,0.56,0.5,1,0.125,0.0,1.0,0,-1.0,0.6665,0,0.0,0.5,0,0.2666
0.3022,0.775,0.5,0.5,1,0.6665,0.86,0.5,1,0.0,0.5,0.5,1,0.0,0.5,0,0.0,0.5,1,0.2666
0.6045,0.225,0.5,0.5,0,0.6665,0.02,0.5,1,0.125,1.0,0.5,1,-1.0,0.3333,0,0.0,0.0,1,0.2222
0.4187,0.275,1.0,0.5,1,1.0,0.62,0.5,1,0.25,0.5,1.0,1,1.0,0.5,0,0.0,0.0,0,0.2888
0.442,0.25,0.5,1.0,1,0.3333,0.84,0.5,1,0.25,0.5,0.0,1,1.0,0.5,0,0.0,0.0,1,0.2666
0.3022,1.0,0.0,0.5,0,0.5,0.5,0.0,1,0.125,0.0,0.5,1,1.0,0.5,0,1.0,0.5,1,0.2666
0.372,0.2,0.5,1.0,1,0.1666,0.32,0.5,1,0.125,1.0,0.5,1,-1.0,0.6665,0,0.0,0.0,1,0.2
0.3257,0.575,1.0,1.0,1,0.6665,1.0,0.5,1,0.0,0.5,0.5,1,1.0,0.5,0,0.5,0.0,0,0.3333
0.4187,0.925,0.5,1.0,0,0.5,0.06,0.5,1,0.25,0.0,0.0,0,0.0,0.5,0,0.5,0.5,1,0.311
0.6743,0.15,0.5,1.0,0,0.5,0.22,0.0,1,0.0,1.0,1.0,0,1.0,0.3333,0,0.0,1.0,1,0.2444
0.2559,0.975,0.0,0.5,0,0.3333,0.88,0.5,1,0.25,0.5,0.5,1,0.0,0.5,0,1.0,0.5,1,0.311
0.2094,0.95,0.0,0.5,1,0.3333,0.3,0.5,1,0.125,0.0,1.0,0,1.0,0.3333,0,0.0,0.0,1,0.2444
0.6514,0.875,1.0,0.5,1,0.5,0.82,0.0,1,0.125,0.0,0.5,1,0.0,0.5,0,0.0,0.5,0,0.4
0.4187,0.225,0.5,0.5,1,0.3333,0.34,0.5,0,0.5,1.0,1.0,0,1.0,0.6665,0,1.0,0.5,1,0.2444
0.3489,0.625,0.5,1.0,1,0.5,0.82,1.0,1,0.0,0.5,0.5,1,0.0,0.3333,0,1.0,0.5,1,0.311
0.5815,0.75,0.5,0.0,1,0.5,0.68,0.0,1,0.125,0.5,0.5,1,1.0,0.5,0,0.0,0.5,1,0.3333
0.3489,0.975,1.0,0.5,1,0.1666,0.46,1.0,1,0.125,0.5,0.5,0,1.0,0.8335,1,0.5,1.0,1,0.3555
0.6978,0.175,0.0,1.0,1,0.1666,0.52,0.5,1,0.25,0.5,1.0,1,1.0,0.6665,0,0.5,0.0,1,0.3333
0.5347,0.775,1.0,0.0,1,0.3333,0.18,0.5,1,0.0,0.0,0.5,0,0.0,0.6665,0,0.0,0.0,1,0.311
0.372,0.35,0.5,0.5,0,0.8335,0.12,0.5,1,0.125,0.5,1.0,0,-1.0,0.5,0,0.0,0.5,1,0.1777
0.744,0.175,1.0,0.5,1,0.3333,0.72,0.5,1,0.5,0.5,1.0,1,1.0,0.5,1,0.0,0.0,0,0.3555
0.3489,0.425,1.0,1.0,0,0.5,0.84,0.0,1,0.25,0.5,0.5,1,-1.0,0.3333,0,0.5,0.0,1,0.2666
0.5347,0.8,0.5,0.5,1,0.1666,0.72,1.0,1,0.375,0.5,1.0,1,0.0,0.3333,0,0.0,0.0,0,0.4
0.4883,0.475,0.0,1.0,1,0.3333,0.92,0.5,1,0.125,1.0,0.5,1,0.0,0.3333,0,0.5,0.5,1,0.2888
0.628,0.55,0.0,0.5,1,0.1666,0.9,0.5,1,0.0,1.0,0.0,1,0.0,0.5,0,0.0,0.0,1,0.311
0.6514,1.0,1.0,1.0,1,0.6665,0.78,0.5,1,0.25,0.5,0.5,0,0.0,0.5,0,0.0,0.5,0,0.4666
0.442,0.4,0.0,0.5,1,0.1666,0.9,0.5,1,0.5,0.0,1.0,1,1.0,0.5,0,0.0,0.0,1,0.2888
0.3257,0.625,0.5,0.5,0,0.6665,0.16,1.0,1,0.125,0.0,0.5,0,-1.0,0.5,0,0.5,0.0,1,0.2222
0.5117,0.375,0.5,0.5,1,0.6665,0.74,0.0,1,0.0,1.0,0.0,1,1.0,0.1666,0,0.0,0.0,0,0.2444
0.3489,0.4,0.5,0.0,0,0.5,0.76,1.0,1,0.0,0.0,0.5,1,1.0,0.3333,0,1.0,0.0,1,0.2222
0.7207,0.7,0.0,0.5,0,0.6665,0.16,0.0,1,0.375,0.0,1.0,0,-1.0,0.5,0,0.0,0.5,1,0.311
0.465,0.95,1.0,0.5,1,1.0,0.9,0.5,1,0.0,0.5,0.5,1,0.0,0.1666,0,0.0,0.0,1,0.3555
0.3953,0.55,1.0,0.0,1,0.6665,0.0,0.5,1,0.125,1.0,0.5,1,1.0,0.5,0,0.0,0.5,1,0.2444
0.465,0.775,0.5,1.0,0,0.1666,0.44,0.5,1,0.375,0.0,0.5,1,-1.0,0.5,1,0.0,0.0,0,0.311
0.2559,0.1,0.5,0.5,0,0.8335,0.02,0.0,0,0.25,0.0,0.5,1,0.0,0.6665,0,0.5,0.0,1,0.08887
0.3022,0.2,0.5,1.0,0,0.5,0.52,0.5,1,0.25,1.0,0.5,1,1.0,0.5,0,0.0,0.0,1,0.2222
0.6045,0.5,1.0,1.0,0,1.0,0.42,1.0,1,0.5,0.0,0.0,1,0.0,0.3333,0,0.5,0.0,1,0.3777
0.3489,0.025,0.5,0.0,1,0.3333,0.62,0.5,1,0.0,0.5,0.5,1,-1.0,0.3333,0,0.5,0.0,1,0.1111
0.3022,0.25,0.5,0.5,1,0.8335,0.76,0.0,1,0.0,1.0,0.5,0,1.0,0.6665,0,0.5,0.5,0,0.2
0.5117,0.525,0.5,0.5,0,0.5,0.76,0.0,1,0.125,0.0,0.5,1,1.0,0.6665,0,1.0,0.0,1,0.311
0.6045,0.025,1.0,1.0,1,1.0,0.72,0.5,1,0.375,0.5,1.0,0,1.0,0.5,0,0.0,0.0,0,0.3333
0.5347,0.275,0.5,1.0,1,0.5,0.1,0.0,1,0.25,1.0,0.5,1,1.0,0.5,0,0.5,1.0,1,0.2666
0.5815,0.525,0.5,0.5,0,1.0,0.42,0.0,1,0.0,0.5,0.5,0,1.0,0.8335,1,0.0,0.0,0,0.2666
0.3257,0.575,0.5,0.0,1,0.6665,0.82,0.5,1,0.0,0.0,0.5,0,0.0,0.5,0,0.5,1.0,1,0.2
0.2325,0.925,0.5,0.5,1,0.6665,0.66,0.0,1,0.5,0.5,1.0,0,-1.0,0.3333,0,0.0,1.0,1,0.2888
0.6514,0.65,0.5,1.0,0,1.0,0.68,0.0,1,0.125,0.0,1.0,0,1.0,0.6665,0,0.0,0.0,0,0.3777
0.3953,0.425,0.5,1.0,1,0.3333,0.22,0.5,1,0.125,0.0,0.5,0,0.0,0.5,0,0.0,0.0,0,0.2222
0.3953,0.925,0.5,1.0,0,0.6665,0.32,0.0,1,0.25,0.5,0.5,1,0.0,0.3333,0,0.5,0.5,1,0.3333
0.628,0.775,1.0,0.5,0,0.5,0.96,0.0,1,0.25,0.0,0.5,0,1.0,0.8335,0,1.0,0.0,1,0.4443
0.5117,0.2,0.0,0.0,1,0.5,0.84,0.5,0,0.375,0.0,1.0,0,0.0,0.6665,0,0.0,0.0,1,0.2222
0.5117,0.125,0.5,1.0,1,0.5,0.16,0.0,1,0.125,0.0,0.5,1,0.0,0.5,1,0.5,0.5,0,0.1777
0.744,0.675,0.5,1.0,0,0.6665,0.54,0.0,1,0.0,0.0,0.5,0,1.0,0.5,1,0.0,0.0,1,0.3555
0.3489,0.55,0.5,0.0,1,0.6665,0.5,0.5,1,0.25,0.5,0.5,1,1.0,0.3333,0,0.5,0.0,0,0.2444
0.5815,0.8,0.5,0.0,1,0.3333,0.44,0.5,1,0.125,0.0,0.5,0,0.0,0.5,0,0.0,0.5,0,0.311
0.442,0.75,1.0,0.5,0,0.5,0.48,0.0,0,0.0,1.0,0.0,0,1.0,0.5,0,1.0,0.5,0,0.2888
0.4883,0.625,0.5,1.0,0,0.0,0.64,0.5,1,0.125,0.5,1.0,1,1.0,0.3333,0,1.0,0.0,1,0.3555
0.6514,0.975,1.0,0.5,1,0.6665,0.96,1.0,0,0.625,0.0,0.0,1,0.0,0.3333,0,1.0,0.0,1,0.4888
0.5117,0.525,1.0,0.0,1,1.0,0.88,1.0,1,0.125,0.5,1.0,1,0.0,0.3333,0,0.5,0.0,0,0.3333
0.5117,0.125,0.5,0.5,0,0.5,0.88,0.5,1,0.125,1.0,0.5,1,-1.0,0.5,0,0.5,0.0,0,0.2444
0.5815,0.825,1.0,0.5,0,0.1666,0.7,0.0,1,0.125,1.0,1.0,1,1.0,0.5,0,0.5,0.5,0,0.4
0.3953,0.25,0.5,0.5,1,0.6665,0.02,0.5,1,0.125,0.0,0.5,0,-1.0,0.5,0,0.5,0.5,1,0.1555
0.3257,0.775,0.5,0.5,0,0.3333,0.44,0.0,1,0.0,0.5,0.5,1,0.0,0.3333,0,0.0,0.5,0,0.2222
0.3022,0.95,1.0,1.0,1,0.5,0.52,0.5,1,0.0,0.0,0.5,1,0.0,0.3333,0,1.0,0.0,1,0.3555
0.1628,0.7,0.5,0.5,1,0.6665,0.84,1.0,1,0.125,0.0,0.5,1,-1.0,0.6665,0,0.5,0.0,1,0.2444
0.7207,0.6,0.0,0.5,1,0.6665,0.92,0.5,1,0.125,0.0,0.5,1,1.0,0.5,0,0.0,0.0,0,0.3777
0.279,0.45,0.5,0.5,1,0.8335,0.46,0.5,1,0.0,0.5,1.0,0,-1.0,0.6665,0,0.0,0.0,1,0.2
0.4187,0.375,0.5,0.5,0,0.5,0.3,0.0,1,0.0,0.0,0.0,0,0.0,0.6665,0,0.0,0.0,0,0.1777
0.3953,0.35,0.0,0.5,1,0.5,0.34,0.0,1,0.0,0.0,0.5,1,1.0,0.5,0,0.0,0.0,1,0.1777
0.4883,0.625,1.0,0.5,0,0.6665,0.58,1.0,1,0.625,0.5,1.0,1,0.0,0.3333,0,0.0,0.0,0,0.3777
0.558,0.75,0.5,0.5,1,0.5,0.28,0.5,1,0.25,0.5,1.0,1,1.0,0.3333,0,0.0,0.5,1,0.3555
0.558,0.675,1.0,1.0,1,0.3333,0.92,0.0,0,0.375,0.5,0.5,1,1.0,0.3333,0,0.0,0.5,0,0.3777
0.372,0.2,0.5,1.0,1,0.6665,0.42,0.5,1,0.125,0.5,1.0,0,0.0,0.3333,0,0.0,0.0,1,0.2222
0.4187,0.5,0.5,0.5,1,0.1666,1.0,0.5,1,0.0,0.5,0.5,1,0.0,0.5,0,0.0,0.0,0,0.2666
0.4883,0.8,0.0,1.0,1,0.5,0.1,0.0,1,0.125,0.0,0.5,1,1.0,0.6665,0,0.0,0.5,0,0.2888
0.4187,0.475,0.5,1.0,1,0.1666,0.18,0.5,1,0.25,0.0,0.5,0,0.0,0.3333,0,1.0,1.0,1,0.2444
0.6743,0.525,0.5,1.0,0,0.3333,0.52,0.5,1,0.0,1.0,0.5,1,1.0,0.5,0,1.0,0.0,1,0.3777
0.5117,0.775,1.0,0.5,0,0.3333,0.86,0.5,1,0.375,0.0,0.0,1,0.0,0.5,0,0.0,0.5,0,0.3555
0.5347,0.65,0.5,1.0,0,0.3333,0.36,0.0,1,0.375,0.0,1.0,1,1.0,0.5,1,0.5,0.5,0,0.3333
0.5347,0.4,0.5,0.5,0,0.8335,0.84,0.5,1,0.125,0.5,0.0,1,0.0,0.5,0,1.0,0.0,0,0.2888
0.6045,0.9,0.5,1.0,0,0.8335,0.42,0.0,1,0.0,0.0,0.5,0,1.0,0.6665,0,0.5,0.0,0,0.3777
0.465,0.175,0.0,0.5,1,0.8335,0.86,1.0,1,0.125,0.0,1.0,1,0.0,0.5,0,0.5,0.0,1,0.2444
0.2559,1.0,0.5,0.5,0,0.5,0.28,0.5,1,0.125,0.5,1.0,1,1.0,1.0,0,0.0,0.0,1,0.311
0.4883,0.125,0.0,0.5,1,0.3333,0.48,1.0,1,0.25,0.5,0.5,1,1.0,0.1666,0,0.5,0.0,1,0.2222
0.3489,0.025,1.0,1.0,0,0.6665,0.28,0.5,1,0.125,0.0,1.0,1,1.0,0.5,0,0.0,1.0,1,0.1555
0.372,0.9,1.0,1.0,0,0.5,0.22,0.0,1,0.125,0.0,1.0,1,1.0,0.1666,0,0.5,0.5,0,0.311
0.5347,0.25,0.5,0.5,1,0.5,0.42,0.5,1,0.125,0.5,0.0,1,-1.0,0.6665,0,0.0,0.0,1,0.2222
0.6045,0.725,0.5,0.0,0,0.0,0.34,0.5,1,0.25,0.0,0.0,0,0.0,0.6665,0,0.5,0.0,0,0.311
0.442,0.8,0.0,1.0,1,0.6665,0.78,0.5,1,0.125,0.0,0.5,1,0.0,0.5,0,0.0,0.5,0,0.311
0.4883,0.85,1.0,0.5,1,0.6665,0.74,0.5,1,0.25,0.0,0.5,0,0.0,0.8335,0,0.5,0.0,0,0.4
0.6743,1.0,1.0,0.5,1,0.5,0.36,0.0,1,0.25,0.5,0.5,0,0.0,0.3333,0,1.0,0.0,0,0.4443
0.465,0.3,1.0,1.0,1,0.6665,1.0,0.5,1,0.375,0.0,1.0,0,1.0,0.5,0,0.5,1.0,1,0.3333
0.814,0.7,0.5,1.0,0,0.6665,0.98,1.0,1,0.0,0.0,0.5,0,-1.0,0.5,0,0.5,0.0,0,0.422
0.5117,0.125,0.5,0.5,1,0.3333,0.92,0.5,1,0.0,0.0,0.0,1,1.0,0.5,0,0.0,0.0,1,0.2222
0.186,0.4,0.5,0.5,0,0.5,0.58,0.5,1,0.125,0.5,0.5,1,-1.0,0.5,0,0.5,0.0,1,0.1777
0.558,0.85,1.0,1.0,0,0.1666,0.42,0.0,1,0.5,0.5,1.0,1,-1.0,0.6665,0,0.5,0.0,0,0.422
0.4883,0.375,1.0,1.0,1,0.8335,0.32,0.0,1,0.0,0.0,0.5,0,0.0,0.3333,0,1.0,0.0,1,0.2666
0.628,0.6,0.5,0.5,1,0.6665,0.02,0.5,0,0.375,0.5,0.5,1,1.0,0.6665,0,1.0,0.0,0,0.3555
0.5347,0.5,1.0,0.0,1,0.3333,0.64,0.5,1,0.125,0.0,1.0,1,0.0,0.5,0,0.5,0.5,0,0.2888
0.4187,0.65,1.0,0.5,0,0.6665,0.56,0.5,1,0.25,0.5,0.5,1,-1.0,0.6665,0,0.5,0.0,0,0.311
0.279,0.975,0.5,1.0,0,0.5,0.62,0.5,1,0.0,0.5,0.5,1,1.0,0.6665,0,1.0,0.0,1,0.3555
0.4187,0.05,1.0,0.5,1,0.3333,0.58,0.0,1,0.875,0.5,0.5,1,0.0,0.3333,0,0.0,0.0,0,0.2444
0.3257,0.575,0.5,0.5,1,0.5,0.14,0.0,1,0.0,0.5,0.5,0,1.0,0.5,0,1.0,0.0,1,0.2222
0.372,0.875,0.5,0.0,1,0.6665,0.7,0.0,0,0.125,0.0,1.0,0,-1.0,0.3333,0,0.5,0.5,0,0.2444
0.5347,0.475,0.0,0.0,1,0.6665,0.36,1.0,1,0.25,0.0,0.5,0,-1.0,0.3333,0,0.0,0.0,1,0.2222
0.6743,0.075,0.5,0.5,0,1.0,0.52,0.5,1,0.125,0.5,0.5,1,0.0,0.6665,0,1.0,0.5,0,0.2666
0.4883,0.55,1.0,0.5,0,0.5,0.36,1.0,1,0.25,0.0,0.5,0,0.0,0.6665,0,1.0,0.0,1,0.3333
0.279,0.325,0.5,0.5,1,0.5,0.02,0.5,1,0.125,0.0,0.5,1,1.0,0.6665,0,1.0,0.0,1,0.1777
0.5117,0.15,0.0,0.0,0,0.6665,0.88,0.0,1,0.125,0.5,1.0,0,0.0,0.5,0,1.0,0.5,1,0.2
0.6045,0.85,0.5,0.5,1,0.5,0.14,0.5,1,0.125,0.5,0.5,0,0.0,0.1666,0,0.0,0.0,1,0.3555
0.3489,0.525,0.5,1.0,1,0.3333,0.58,0.5,1,0.25,0.0,1.0,1,1.0,0.5,0,0.5,0.5,0,0.2888
0.4187,0.925,0.5,0.0,0,0.3333,0.88,0.5,1,0.25,1.0,0.5,1,0.0,0.6665,0,1.0,0.0,1,0.3777
0.442,0.8,0.5,1.0,1,0.0,0.22,0.5,1,0.25,1.0,0.5,1,0.0,0.6665,0,0.5,0.0,1,0.3555
0.3257,0.7,0.0,0.0,1,0.6665,0.42,0.5,0,0.125,0.0,0.0,0,1.0,0.3333,0,1.0,0.5,1,0.2
0.5347,0.0,1.0,0.0,1,0.1666,0.38,0.5,1,0.125,0.5,1.0,1,0.0,0.8335,0,0.0,0.5,1,0.2
0.4187,0.425,1.0,0.5,1,0.3333,0.08,0.0,1,0.375,1.0,0.5,0,-1.0,0.3333,0,0.5,0.5,1,0.2444
0.5117,0.2,0.5,1.0,1,0.5,0.42,1.0,1,0.375,0.5,0.5,1,1.0,0.5,0,0.0,0.5,0,0.2888
0.3257,0.9,1.0,0.5,0,0.5,0.48,0.5,1,0.25,0.0,0.0,0,1.0,0.3333,0,0.0,1.0,1,0.2888
0.372,0.175,1.0,0.5,1,1.0,0.02,0.5,1,0.375,0.0,0.5,1,1.0,0.8335,0,0.0,0.0,1,0.2222
0.5347,0.275,0.5,0.5,1,0.1666,0.48,0.5,1,0.125,0.5,0.5,0,1.0,0.5,0,0.0,0.0,1,0.2666
0.3953,0.525,0.5,0.0,1,1.0,0.1,0.0,1,0.375,0.0,0.5,1,-1.0,0.3333,0,0.0,0.0,1,0.2
0.6743,0.275,1.0,0.5,1,0.8335,0.9,1.0,0,0.125,0.5,0.5,1,0.0,0.6665,0,0.5,0.0,1,0.3333
0.3953,0.2,0.5,1.0,1,0.6665,0.66,0.0,1,0.125,0.0,0.5,1,1.0,0.3333,0,0.5,0.0,1,0.2222
0.465,0.6,0.5,0.0,0,0.8335,0.06,0.0,1,0.25,0.5,1.0,1,-1.0,0.5,0,0.0,0.5,0,0.2222
0.5815,0.1,1.0,0.5,0,0.6665,0.82,1.0,1,0.125,0.5,0.5,1,1.0,0.6665,0,0.0,0.0,1,0.2888
0.2325,0.05,0.5,1.0,1,0.0,0.36,0.5,1,0.25,1.0,0.5,1,-1.0,0.5,0,0.0,0.5,1,0.1333
0.186,0.375,1.0,0.0,0,0.6665,0.22,1.0,1,0.375,0.5,0.5,1,0.0,0.5,0,0.0,0.0,1,0.1777
0.2325,0.725,0.5,0.5,1,0.1666,0.26,0.5,1,0.0,0.5,0.5,1,0.0,0.3333,0,0.5,0.0,0,0.2222
0.628,0.55,0.5,0.5,1,0.3333,0.6,0.5,1,0.125,0.0,0.5,0,0.0,0.8335,0,0.0,1.0,0,0.311
0.372,0.425,0.5,0.5,0,0.5,0.08,0.0,1,0.125,0.0,1.0,1,1.0,0.3333,0,0.5,0.0,1,0.2
0.7905,0.575,0.5,0.0,0,0.3333,0.06,0.5,1,0.125,0.0,0.5,0,0.0,0.3333,0,0.0,0.0,0,0.311
0.372,0.375,1.0,0.5,1,0.6665,0.62,0.0,1,0.375,1.0,0.5,1,0.0,0.5,1,1.0,0.0,1,0.2666
0.465,0.925,0.5,1.0,1,0.5,0.98,1.0,1,0.125,0.5,1.0,1,0.0,0.1666,0,1.0,0.5,1,0.422
0.6514,0.05,1.0,0.5,1,0.6665,0.48,0.5,1,0.125,0.0,0.5,0,-1.0,0.5,1,0.5,0.0,1,0.2444
0.7207,0.675,0.5,1.0,1,0.5,0.42,0.5,1,0.0,1.0,0.0,1,0.0,0.6665,1,0.5,0.0,1,0.3777
0.7207,0.9,0.5,0.0,1,0.5,0.94,0.0,1,0.125,0.0,0.5,1,0.0,0.8335,0,0.5,0.5,1,0.4
0.6045,0.8,1.0,0.5,0,0.3333,0.24,1.0,1,0.0,0.5,1.0,1,1.0,0.6665,0,0.5,0.0,1,0.4
0.5815,0.175,0.0,0.5,1,0.1666,0.24,1.0,1,0.0,0.5,0.5,1,-1.0,0.3333,0,0.0,0.5,1,0.1777
0.5347,0.3,1.0,0.5,1,0.5,0.9,0.5,1,0.375,0.0,0.5,1,-1.0,0.3333,0,1.0,0.0,1,0.311
0.558,0.725,0.0,0.0,1,0.3333,0.64,1.0,1,0.25,0.0,0.5,1,0.0,1.0,0,1.0,0.0,1,0.3555
0.372,0.075,1.0,0.5,0,0.8335,0.06,1.0,1,0.125,0.0,1.0,1,0.0,0.6665,0,0.5,0.5,1,0.1777
0.3257,0.8,0.5,1.0,1,0.1666,0.68,0.5,1,0.0,1.0,0.0,1,1.0,0.8335,0,0.0,0.5,0,0.311
0.442,0.725,1.0,1.0,1,1.0,0.82,0.0,1,0.375,0.5,0.5,0,0.0,0.5,0,0.5,0.5,1,0.3777
0.4187,0.725,1.0,0.0,1,0.5,0.28,0.5,1,0.25,0.0,0.5,1,1.0,0.6665,1,1.0,0.5,0,0.2888
0.372,0.1,0.0,1.0,0,0.5,0.38,0.5,1,0.125,0.5,0.5,1,-1.0,0.5,0,0.0,0.0,0,0.1555
0.5347,0.725,0.0,1.0,1,0.3333,0.2,0.5,1,0.125,0.0,0.5,0,0.0,0.3333,0,0.0,0.0,1,0.2888
0.5815,0.675,0.5,0.5,1,0.6665,0.64,1.0,1,0.125,0.0,0.5,1,-1.0,0.3333,0,1.0,0.0,1,0.3555
0.465,0.825,0.5,0.0,1,0.5,0.66,0.0,0,0.125,1.0,1.0,1,0.0,0.5,1,0.0,0.5,1,0.2666
0.6514,0.05,0.0,1.0,1,0.5,0.06,1.0,1,0.0,0.0,0.5,0,1.0,0.5,0,0.5,0.5,0,0.2222
0.279,0.025,0.0,0.5,1,0.6665,0.68,1.0,0,0.125,0.5,1.0,1,0.0,0.5,1,1.0,1.0,1,0.1111
0.4187,0.375,0.5,1.0,1,0.6665,0.66,1.0,1,0.25,1.0,0.5,1,0.0,0.3333,0,0.0,0.0,1,0.2888
0.3489,0.15,0.0,0.5,1,0.8335,0.04,0.5,1,0.125,0.5,0.0,1,-1.0,0.5,1,0.0,0.0,1,0.08887
0.186,0.55,1.0,0.5,0,0.6665,0.56,0.5,1,0.0,1.0,0.5,1,0.0,0.0,0,0.0,0.5,0,0.2
0.442,0.925,1.0,0.5,1,0.3333,0.62,1.0,1,0.25,0.0,0.0,1,0.0,0.5,0,0.0,0.5,1,0.3555
0.4187,0.4,1.0,1.0,0,0.0,0.44,0.0,1,0.25,1.0,0.5,1,0.0,0.3333,0,0.5,0.5,0,0.2888
0.6514,0.85,0.0,0.5,1,0.5,0.9,0.5,0,0.25,0.0,0.5,1,0.0,0.5,1,0.5,0.5,1,0.3333
0.5347,0.0,0.0,0.0,0,0.5,0.32,0.5,1,0.125,0.5,1.0,1,0.0,0.6665,0,0.5,0.0,0,0.1555
0.3022,0.175,0.5,0.5,0,1.0,0.06,0.5,1,0.25,1.0,0.5,1,0.0,0.5,0,0.5,0.0,1,0.1555
0.6978,0.025,1.0,0.5,0,0.5,0.68,0.5,1,0.25,0.5,0.5,0,0.0,0.5,0,0.0,0.0,1,0.2888
0.6045,0.325,0.5,0.5,0,0.6665,0.6,0.0,1,0.375,0.5,0.5,0,-1.0,0.5,0,0.0,0.0,0,0.2888
0.5117,0.9,0.5,0.5,1,0.6665,0.98,1.0,1,0.375,0.0,0.0,1,1.0,0.6665,0,0.0,0.0,0,0.422
0.4187,0.1,0.0,0.5,0,0.6665,0.24,0.5,1,0.0,1.0,0.5,1,1.0,0.6665,1,0.5,0.0,1,0.1333
0.3022,0.6,0.5,0.5,1,0.6665,0.4,0.5,1,0.125,0.0,1.0,1,0.0,0.8335,0,0.5,0.0,1,0.2666
0.3953,0.45,0.5,0.0,0,0.3333,0.46,0.5,1,0.125,1.0,1.0,1,1.0,0.3333,0,0.0,0.5,0,0.2222
0.6045,0.95,0.0,0.5,1,0.3333,0.86,0.0,0,0.625,1.0,1.0,1,1.0,0.5,0,0.0,0.5,0,1.0
0.6978,0.125,0.5,0.0,1,0.5,0.42,0.5,1,0.125,0.0,0.5,1,0.0,0.6665,0,0.0,0.5,1,0.2222
0.6514,0.2,0.5,0.5,0,0.0,0.78,0.5,1,0.0,0.5,0.5,0,0.0,0.6665,1,0.5,0.0,1,0.2666
0.372,0.025,0.5,1.0,1,0.5,0.16,0.0,1,0.25,0.0,0.5,1,1.0,0.5,1,0.0,0.0,0,0.1333
0.279,0.425,0.5,0.5,0,0.3333,0.4,0.5,1,0.375,0.5,1.0,1,0.0,0.6665,1,0.0,0.0,1,0.2
0.465,0.275,1.0,0.0,0,0.5,0.16,1.0,1,0.125,0.5,1.0,1,1.0,0.5,1,0.5,1.0,0,0.2
0.186,0.875,0.5,0.5,1,0.5,0.94,0.5,1,0.125,0.0,0.0,1,0.0,0.3333,0,0.5,0.0,1,0.2666
0.4883,0.6,0.5,0.5,1,0.1666,0.18,0.5,1,0.0,1.0,1.0,0,1.0,0.5,0,0.5,0.0,0,0.311
0.4187,0.625,1.0,0.5,1,0.8335,0.42,0.0,1,0.125,0.5,1.0,1,1.0,0.3333,0,1.0,0.5,0,0.311
0.372,0.525,1.0,0.5,0,0.5,0.08,0.5,1,0.5,0.0,0.5,1,1.0,0.5,0,0.0,0.0,0,0.2666
0.2094,0.1,0.5,1.0,0,0.6665,0.92,0.5,1,0.125,0.5,0.5,1,0.0,0.5,0,0.0,0.5,1,0.1555
0.5117,0.45,0.0,1.0,0,0.5,0.62,0.5,1,0.0,0.0,0.5,0,0.0,0.1666,0,0.0,0.0,1,0.2444
0.372,1.0,1.0,0.5,0,0.6665,0.96,0.0,1,0.0,0.5,1.0,1,1.0,0.6665,0,0.5,0.0,1,0.3777
0.279,0.825,0.5,0.5,1,0.1666,0.04,0.0,1,0.25,0.5,0.5,1,1.0,0.5,0,0.5,0.0,0,0.2666
0.0465,0.9,1.0,1.0,1,0.8335,0.18,0.5,1,0.25,0.0,0.5,1,-1.0,0.5,0,0.5,0.5,0,0.2444
0.442,0.825,0.0,0.0,1,0.6665,0.38,0.5,1,0.25,0.0,0.5,1,0.0,0.6665,0,0.0,0.5,1,0.2666
0.6978,0.1,1.0,0.0,1,0.5,0.62,0.0,1,0.125,0.5,0.5,1,1.0,0.6665,0,0.0,0.0,0,0.2666
0.6743,0.225,0.5,0.5,1,0.5,0.32,0.5,1,0.0,0.5,0.0,1,1.0,0.6665,0,1.0,0.0,0,0.2888
0.372,0.0,1.0,0.5,1,0.8335,0.72,0.5,1,0.0,0.0,1.0,1,1.0,0.3333,0,0.0,0.0,1,0.1777
0.3489,0.3,0.5,1.0,0,0.3333,0.16,0.0,1,0.125,0.5,0.5,1,-1.0,0.3333,0,0.0,1.0,1,0.1555
0.5117,0.1,1.0,0.5,1,0.1666,0.6,0.0,1,0.375,0.5,1.0,1,-1.0,0.3333,1,0.5,0.5,0,0.2222
0.3022,0.475,0.5,0.5,1,0.3333,0.4,0.5,1,0.125,0.0,0.5,1,1.0,1.0,0,0.5,0.5,1,0.2222
0.4883,0.675,0.5,1.0,1,0.5,0.5,0.5,1,0.0,0.5,1.0,1,1.0,0.3333,1,0.5,0.0,0,0.3333
0.558,0.875,0.0,0.5,0,0.5,0.56,0.5,1,0.875,0.0,0.5,1,1.0,0.6665,0,0.0,0.0,1,0.4
0.6045,0.75,1.0,0.5,1,0.8335,0.06,0.5,1,0.125,0.5,1.0,1,1.0,0.3333,0,1.0,0.0,0,0.4
0.4187,0.95,0.5,0.0,1,0.3333,0.92,0.5,0,0.25,0.0,0.5,0,-1.0,0.3333,0,0.0,0.5,1,0.2888
0.4187,0.05,0.5,0.0,0,0.3333,0.78,1.0,1,0.375,0.5,0.5,1,1.0,0.1666,0,0.0,0.5,1,0.1777
0.3257,0.0,0.5,0.0,1,0.1666,0.44,1.0,1,0.25,1.0,1.0,1,1.0,0.3333,0,0.0,0.0,1,0.1555
0.3257,0.65,1.0,0.5,1,0.6665,0.54,0.5,1,0.0,0.5,0.5,1,1.0,0.5,0,1.0,0.0,1,0.311
0.4187,0.3,0.5,1.0,0,0.1666,0.04,0.5,1,0.25,0.5,0.5,1,0.0,0.5,0,1.0,0.0,1,0.2444
0.4883,0.25,0.5,1.0,1,0.6665,0.5,1.0,1,0.0,0.5,0.5,0,1.0,0.5,0,1.0,0.0,1,0.2888
0.558,0.325,1.0,0.5,1,0.3333,0.42,0.0,1,0.0,0.0,0.5,0,1.0,0.5,0,0.5,1.0,0,0.2666
0.3257,0.275,1.0,1.0,1,0.3333,0.38,0.0,1,0.25,0.0,1.0,0,-1.0,0.6665,0,0.5,0.0,0,0.2222
0.6514,0.5,0.0,0.5,1,1.0,0.82,1.0,0,0.125,1.0,0.5,1,1.0,0.5,0,0.5,0.5,1,0.3333
0.3953,0.45,0.0,0.5,1,0.8335,0.18,1.0,0,0.0,1.0,1.0,0,1.0,0.1666,0,0.0,0.5,0,0.2
0.442,0.5,0.0,0.0,1,0.5,0.18,1.0,1,0.25,0.5,1.0,0,0.0,0.5,0,0.0,0.5,1,0.2222
0.3489,0.675,0.5,0.5,0,0.1666,0.52,1.0,1,0.125,0.0,1.0,0,0.0,0.3333,0,1.0,1.0,0,0.2666
0.093,0.375,0.5,0.0,1,1.0,0.68,0.5,1,0.0,1.0,0.5,0,0.0,0.6665,0,1.0,0.5,0,0.1555
0.558,0.25,0.5,0.5,1,0.5,0.02,1.0,1,0.375,0.0,0.5,1,1.0,0.6665,0,0.0,0.5,1,0.2444
0.5347,0.175,1.0,1.0,1,0.5,0.54,0.0,1,0.0,1.0,0.5,1,1.0,0.3333,0,0.5,0.0,0,0.2888
0.3953,0.35,0.5,0.0,0,0.6665,0.3,1.0,1,0.0,0.5,1.0,1,1.0,0.6665,0,0.5,0.5,0,0.2
0.442,0.75,1.0,0.0,0,0.0,0.76,0.5,1,0.375,0.0,0.5,1,-1.0,0.5,0,0.0,0.5,1,0.311
0.5117,0.75,0.5,0.5,1,0.3333,0.46,0.0,0,0.125,1.0,0.5,0,1.0,0.3333,0,0.0,0.0,0,0.311
0.2325,0.675,0.5,0.5,1,0.5,0.84,0.5,1,0.125,0.5,0.5,1,1.0,0.8335,0,0.0,0.5,0,0.2666
0.372,0.225,0.5,0.5,1,0.5,0.4,0.0,1,0.0,0.0,1.0,1,0.0,0.5,1,0.5,0.5,1,0.1333
0.558,0.6,1.0,0.5,1,0.1666,0.82,0.0,1,0.125,0.5,0.5,1,1.0,0.6665,1,1.0,0.5,0,0.3333
0.2559,0.575,0.0,0.5,1,0.5,0.72,0.0,1,0.125,1.0,0.5,1,-1.0,0.6665,0,0.5,0.0,0,0.2222
0.4883,0.475,0.5,0.5,1,0.5,0.82,0.0,1,0.0,0.0,0.5,1,1.0,0.6665,1,0.5,0.5,1,0.2444
0.2559,0.55,0.0,0.5,1,1.0,0.82,0.5,1,0.375,0.0,0.5,1,-1.0,0.5,0,1.0,0.0,1,0.2444
0.5117,0.5,0.5,1.0,1,0.8335,0.48,0.5,1,0.5,0.5,0.5,1,-1.0,0.5,0,0.0,0.5,1,0.311
0.442,0.575,0.5,0.5,1,0.5,0.36,1.0,1,0.125,0.5,0.5,1,1.0,0.1666,0,0.0,0.0,0,0.2666
0.2094,0.725,1.0,1.0,1,0.5,0.76,0.5,1,0.25,1.0,0.5,0,1.0,0.3333,0,1.0,0.0,0,0.3555
0.6045,0.1,1.0,1.0,1,0.8335,0.36,1.0,1,0.125,0.0,1.0,0,0.0,0.6665,0,0.0,0.0,1,0.2888
0.3489,0.75,0.5,0.5,0,0.5,0.08,1.0,0,0.25,0.5,0.5,1,1.0,0.5,0,0.0,0.0,0,0.2666
0.3257,0.125,1.0,0.5,0,0.1666,0.86,0.0,1,0.25,0.0,0.5,1,0.0,0.6665,1,0.0,0.0,0,0.1777
0.465,0.075,0.5,0.5,0,1.0,0.4,0.0,1,0.125,1.0,1.0,0,1.0,0.3333,0,0.5,0.0,0,0.2
0.6045,0.975,1.0,0.5,1,0.3333,0.14,0.5,1,0.375,0.0,0.5,1,0.0,0.5,0,0.5,0.5,1,0.4
0.3022,0.95,0.5,0.5,1,1.0,0.64,1.0,1,0.125,0.0,0.5,0,1.0,0.5,0,0.0,0.5,1,0.311
0.442,0.05,1.0,0.0,0,0.6665,0.88,1.0,1,0.125,0.5,0.5,1,1.0,0.5,0,0.0,0.0,0,0.2222
0.5117,0.45,1.0,0.0,1,0.3333,0.86,0.5,1,0.0,0.5,1.0,0,1.0,0.8335,0,1.0,0.0,1,0.3333
0.5347,0.175,1.0,0.5,1,0.0,0.56,0.0,1,0.125,0.0,1.0,1,1.0,0.3333,0,0.0,0.0,0,0.2666
0.465,0.475,0.5,0.0,1,0.6665,0.08,1.0,1,0.375,0.0,0.5,1,1.0,0.5,0,1.0,0.5,0,0.2666
0.3953,0.825,0.5,1.0,1,0.1666,0.7,0.5,1,0.0,0.0,0.5,1,1.0,0.5,0,0.0,0.0,1,0.3333
0.3257,0.95,1.0,0.0,0,0.6665,0.6,0.0,0,0.25,1.0,1.0,1,-1.0,0.3333,0,1.0,0.0,0,0.311
0.465,0.625,1.0,0.5,0,1.0,0.22,1.0,1,0.25,0.5,0.5,1,0.0,0.3333,1,0.0,0.0,1,0.2888
0.3022,0.35,0.5,1.0,0,0.1666,0.9,1.0,1,0.125,0.0,1.0,1,1.0,0.5,1,0.5,0.0,1,0.2444
0.02325,0.6,0.0,1.0,0,0.6665,0.08,0.0,1,0.375,0.0,0.0,1,1.0,0.6665,0,0.0,0.0,1,0.1555
0.5117,0.3,0.5,0.5,1,0.3333,0.38,0.0,1,0.25,1.0,0.5,1,1.0,0.6665,0,0.0,0.0,1,0.2666
0.558,0.9,0.5,0.0,1,0.8335,0.1,1.0,1,0.25,0.5,1.0,1,0.0,0.6665,0,0.0,0.5,1,0.3555
0.1163,0.875,1.0,0.5,1,0.5,0.92,0.5,1,0.5,0.0,0.5,1,0.0,0.3333,0,0.0,0.5,0,0.2888
0.3022,0.55,1.0,0.5,1,0.5,0.04,1.0,1,0.375,0.0,0.5,1,-1.0,0.3333,0,0.0,0.0,0,0.2444
0.5347,0.325,0.0,0.5,1,0.8335,0.42,1.0,1,0.0,0.0,0.5,1,0.0,0.5,0,0.0,0.5,1,0.2
0.7207,0.3,1.0,0.5,1,0.6665,0.86,0.0,1,0.125,0.0,0.5,0,0.0,0.6665,0,1.0,0.0,0,0.3555
0.442,0.025,0.0,0.0,1,0.3333,0.26,0.5,1,0.125,0.5,1.0,1,1.0,0.6665,0,0.5,1.0,1,0.1333
0.3489,0.825,0.5,1.0,0,1.0,0.1,0.5,0,0.25,0.0,0.5,1,0.0,0.3333,0,0.5,0.0,1,0.2666
0.4187,0.45,0.5,0.0,1,0.1666,0.12,0.0,1,0.375,1.0,0.5,1,0.0,0.6665,0,0.5,0.5,0,0.2222
0.628,0.325,1.0,0.5,1,0.5,0.4,0.0,0,0.0,0.0,0.5,0,-1.0,1.0,0,0.5,0.5,0,0.2444
0.3489,0.475,1.0,1.0,1,0.3333,0.42,0.5,1,0.25,0.0,1.0,1,0.0,0.6665,0,0.0,0.0,0,0.2888
0.3257,0.825,0.5,0.5,0,0.1666,0.72,0.5,1,0.0,0.0,0.5,1,0.0,0.3333,0,0.5,1.0,1,0.2444
0.372,0.125,0.5,0.5,0,0.1666,0.24,0.5,1,0.25,0.5,0.5,1,1.0,0.6665,0,0.0,0.0,0,0.1777
0.3022,0.85,0.0,0.0,1,0.5,0.7,0.0,1,0.125,1.0,0.5,1,0.0,0.5,0,0.0,0.5,0,0.2444
0.465,0.9,0.5,1.0,0,0.6665,1.0,0.5,1,0.125,1.0,0.5,0,1.0,0.3333,0,0.5,0.0,0,0.4
0.6743,0.95,0.5,0.0,1,0.8335,0.86,0.5,1,0.125,0.0,0.0,0,1.0,0.5,0,0.0,0.0,1,0.7334
0.4883,0.4,0.5,0.5,0,0.8335,0.64,1.0,1,0.0,0.5,1.0,0,0.0,0.6665,0,0.0,0.0,1,0.2666
0.3953,0.225,1.0,1.0,1,0.5,0.94,0.5,1,0.25,0.5,0.5,1,1.0,0.3333,0,0.5,0.0,0,0.311
0.3953,0.375,0.5,0.0,1,0.3333,1.0,1.0,1,0.25,0.0,0.5,1,1.0,0.5,0,0.0,0.0,0,0.2666
0.2325,0.325,0.5,1.0,1,0.8335,0.58,0.5,1,0.125,0.0,1.0,1,0.0,0.3333,0,0.0,0.0,1,0.2
0.558,0.175,0.5,1.0,1,0.3333,0.28,0.5,0,0.0,0.0,0.5,1,0.0,0.3333,0,0.0,0.5,1,0.2
0.442,0.6,0.0,0.5,0,0.1666,0.92,0.0,1,0.125,0.0,0.5,1,-1.0,0.3333,0,0.0,0.0,1,0.2222
0.4187,0.475,0.5,0.5,0,0.6665,0.84,1.0,1,0.125,0.5,1.0,1,1.0,0.3333,0,0.0,0.0,1,0.2888
0.884,0.875,0.5,1.0,1,0.8335,0.08,1.0,1,0.25,0.5,0.5,0,1.0,0.5,0,0.0,0.5,1,0.4888
0.4883,0.025,0.5,0.5,1,0.3333,0.94,1.0,1,0.0,0.0,1.0,1,-1.0,0.3333,1,0.0,0.0,1,0.1777
0.3257,0.65,1.0,1.0,1,1.0,0.36,0.5,1,0.0,1.0,0.5,1,0.0,0.8335,0,0.5,0.0,1,0.311
0.372,0.775,0.5,0.5,1,0.6665,0.32,0.5,1,0.375,0.5,0.0,1,1.0,0.3333,0,0.5,0.0,1,0.311
0.6045,0.75,0.5,0.0,0,0.6665,0.34,0.5,1,0.25,0.5,0.5,1,-1.0,0.5,0,1.0,0.0,1,0.3333
0.465,0.875,1.0,0.5,1,0.3333,0.32,1.0,1,0.125,0.5,1.0,1,1.0,0.6665,0,0.5,0.0,1,0.4
0.2325,0.725,0.5,0.0,1,0.8335,0.52,0.5,1,0.125,0.5,1.0,1,0.0,0.5,0,1.0,1.0,1,0.2444
0.5815,0.925,0.5,0.0,0,0.1666,0.58,1.0,1,0.25,0.0,0.0,0,1.0,0.5,0,0.0,0.0,0,0.3555
0.3489,0.325,0.5,0.0,1,0.3333,0.42,0.5,1,0.25,1.0,1.0,1,1.0,0.8335,0,0.5,0.0,1,0.2444
0.6978,0.5,0.5,0.5,1,0.3333,0.42,1.0,1,0.25,0.0,1.0,1,0.0,0.5,0,0.0,0.0,0,0.3555
0.5815,0.025,0.5,0.0,1,0.1666,0.74,0.5,1,0.375,1.0,1.0,1,1.0,0.3333,1,0.0,0.0,1,0.2444
0.372,0.0,0.5,1.0,1,0.6665,0.0,1.0,1,0.0,0.0,1.0,1,1.0,0.6665,0,0.0,0.0,0,0.1777
0.628,0.25,1.0,1.0,1,0.6665,0.94,0.5,1,0.625,0.0,0.0,1,-1.0,0.8335,1,0.0,0.0,1,0.3333
0.442,0.1,1.0,0.5,1,0.6665,0.72,0.5,1,0.125,0.5,0.5,1,0.0,0.3333,0,1.0,0.0,1,0.2444
0.558,0.25,0.5,0.5,0,0.5,0.7,0.5,1,0.125,0.5,0.5,1,-1.0,0.6665,0,0.0,0.0,1,0.2444
0.5117,0.175,0.5,0.5,0,0.6665,0.42,1.0,1,0.25,0.5,0.5,1,0.0,0.6665,0,0.5,0.5,0,0.2444
0.3257,0.025,0.5,0.5,0,0.5,0.96,0.5,1,0.125,0.5,0.5,1,0.0,0.5,0,0.0,0.0,1,0.1555
0.3489,0.9,0.5,0.5,0,0.3333,0.0,1.0,1,0.125,0.5,1.0,1,1.0,0.5,0,0.5,0.0,1,0.311
0.5815,0.0,0.0,1.0,1,0.3333,0.08,0.0,1,0.125,0.0,0.5,0,1.0,0.1666,0,1.0,0.5,1,0.1777
0.3953,0.725,0.5,0.0,1,0.0,0.8,0.0,1,0.125,1.0,0.5,1,1.0,0.3333,1,1.0,0.0,0,0.2888
0.3953,0.15,0.5,1.0,0,0.8335,0.74,0.5,1,0.125,0.5,0.0,0,1.0,0.5,0,0.0,0.5,1,0.2
0.3022,0.9,0.0,1.0,1,0.8335,0.28,1.0,1,0.25,0.0,1.0,1,0.0,0.5,0,1.0,0.5,1,0.311
0.5117,0.9,0.0,0.5,1,1.0,0.6,0.0,1,0.375,0.0,1.0,1,1.0,0.5,0,0.0,0.0,1,0.3555
0.7207,0.65,0.5,0.5,1,0.3333,0.54,0.5,0,0.25,0.5,0.0,0,-1.0,0.6665,0,0.0,0.0,1,0.3555
0.3022,0.675,0.5,0.5,0,0.3333,0.52,0.5,1,0.125,0.0,0.5,0,1.0,0.6665,0,0.5,1.0,0,0.2444
0.442,0.0,0.5,0.5,1,0.0,0.6,0.0,1,0.25,1.0,0.5,0,1.0,0.5,1,0.5,0.5,1,0.1777
0.628,0.975,0.0,0.5,1,0.6665,1.0,0.0,1,0.0,0.5,0.5,1,1.0,0.3333,0,0.0,1.0,1,0.3777
0.442,0.875,0.5,0.5,1,0.6665,0.98,0.0,0,0.125,0.0,0.5,0,0.0,0.5,0,0.5,0.0,0,0.3333
0.5117,0.9,0.5,0.0,0,0.8335,0.98,0.5,1,0.0,1.0,0.5,0,0.0,0.3333,0,0.5,0.0,0,0.3555
0.3022,0.65,0.0,0.0,1,0.3333,0.54,0.5,1,0.375,1.0,0.5,0,0.0,0.5,0,0.0,1.0,1,0.2222
0.5117,0.35,0.5,0.0,1,0.6665,0.32,0.0,1,0.0,1.0,0.5,1,-1.0,0.6665,0,1.0,0.0,0,0.2222
0.4187,0.9,0.0,0.5,0,0.3333,0.56,1.0,1,0.125,0.0,0.0,1,1.0,0.3333,0,0.0,1.0,1,0.2666
0.5815,0.3,1.0,0.5,0,0.8335,0.62,1.0,1,0.0,0.5,1.0,1,0.0,0.5,0,0.0,0.0,1,0.2888
0.6045,0.575,0.5,0.5,1,0.6665,0.32,0.5,1,0.375,0.5,0.5,1,1.0,0.6665,0,0.5,1.0,0,0.3333
0.814,0.1,0.5,0.5,1,0.1666,0.64,0.5,1,0.25,0.5,1.0,0,1.0,0.3333,0,0.0,0.0,0,0.3333
0.5117,0.925,0.0,1.0,1,0.5,0.62,0.0,1,0.25,0.5,1.0,1,0.0,0.5,0,0.0,0.0,1,0.3777
0.4883,0.15,0.5,1.0,0,0.0,0.9,0.5,1,0.125,0.0,0.0,1,0.0,0.8335,0,0.5,0.5,1,0.2222
0.465,0.225,0.5,0.5,1,0.1666,0.24,1.0,1,0.25,0.0,0.5,1,1.0,0.5,0,0.0,0.0,1,0.2222
0.3953,0.55,1.0,0.5,1,0.1666,0.7,1.0,1,0.375,0.5,1.0,0,0.0,0.6665,0,1.0,0.0,1,0.3555
0.4883,0.775,1.0,1.0,1,0.3333,0.46,0.0,1,0.375,1.0,0.5,1,1.0,0.6665,0,1.0,0.0,1,0.422
0.3953,0.625,0.0,0.5,0,0.5,0.12,0.0,1,0.0,0.0,0.5,0,1.0,0.6665,0,0.0,0.5,1,0.2
0.465,0.225,0.5,0.5,0,0.5,0.32,1.0,1,0.125,0.5,0.5,0,0.0,0.6665,0,0.0,1.0,0,0.2
0.628,0.0,0.5,1.0,1,0.5,0.06,0.0,1,0.375,0.0,0.5,0,0.0,0.5,0,0.0,0.0,0,0.2222
0.3022,0.75,0.0,0.5,1,0.5,0.32,0.5,1,0.125,0.5,0.5,1,0.0,0.8335,0,0.5,0.0,1,0.2666
0.6045,0.975,1.0,0.5,0,0.5,0.06,0.0,1,0.25,0.0,1.0,1,0.0,0.5,0,0.5,0.0,1,0.4
0.628,0.8,0.0,1.0,0,0.1666,0.92,1.0,1,0.125,0.5,0.0,1,0.0,0.5,0,0.5,0.5,1,0.3777
0.4187,0.45,0.5,0.5,0,0.5,0.1,0.0,1,0.0,0.5,0.5,1,1.0,0.5,0,0.5,0.0,1,0.2222
0.1395,0.9,0.5,1.0,0,0.8335,0.82,0.5,1,0.0,0.0,0.5,1,0.0,0.6665,0,0.5,0.0,1,0.2666
0.3489,0.4,0.5,0.5,1,0.5,0.9,0.0,1,0.25,0.5,0.5,1,-1.0,0.5,0,0.0,0.0,0,0.2444
0.628,0.525,1.0,0.5,1,0.6665,0.46,0.0,1,0.0,0.5,1.0,1,-1.0,0.5,0,1.0,0.0,1,0.3333
0.442,0.475,1.0,0.5,0,0.6665,0.06,0.5,1,0.25,0.5,0.5,0,0.0,0.5,0,0.0,0.5,0,0.2444
0.3022,0.45,1.0,1.0,1,0.6665,0.6,0.0,1,0.125,0.5,0.5,1,0.0,0.1666,0,0.0,0.0,0,0.2444
0.372,0.775,0.5,0.0,1,0.5,0.24,0.0,1,0.375,1.0,0.5,1,-1.0,0.5,0,1.0,0.0,1,0.2888
0.558,0.525,0.0,0.5,1,0.6665,0.18,0.0,1,0.375,0.0,0.5,1,1.0,0.6665,0,0.5,0.0,1,0.2888
0.5117,0.325,1.0,1.0,0,0.6665,0.56,0.0,1,0.0,1.0,0.5,1,0.0,0.6665,0,0.0,0.5,0,0.2666
0.4187,0.25,1.0,0.5,1,0.6665,0.36,1.0,0,0.125,0.0,0.5,1,1.0,0.5,0,0.5,0.0,0,0.2222
0.3953,0.05,0.5,0.0,1,0.6665,0.74,0.5,1,0.5,0.0,0.5,1,1.0,0.6665,0,0.5,0.0,0,0.2
0.3953,0.575,1.0,0.5,0,0.1666,0.6,1.0,1,0.125,1.0,1.0,1,1.0,0.3333,0,0.5,0.0,1,0.3333
0.3022,0.225,0.0,0.5,0,0.1666,0.82,0.5,1,0.0,1.0,0.5,1,1.0,0.5,0,0.5,0.5,1,0.1777
0.6743,0.15,0.5,1.0,0,0.3333,0.06,0.0,0,0.25,0.0,0.5,1,1.0,0.3333,0,0.0,0.0,1,0.2222
0.3953,0.65,0.0,0.5,1,0.8335,0.24,0.5,1,0.5,0.5,0.5,1,-1.0,0.3333,1,1.0,0.0,0,0.2666
0.6045,0.675,0.5,0.5,1,0.5,0.56,0.0,1,0.375,0.0,0.5,0,-1.0,0.8335,0,0.0,0.0,0,0.3555
0.6514,0.75,1.0,0.5,1,0.5,0.88,0.5,1,0.125,0.0,0.0,0,0.0,0.6665,0,0.0,0.0,0,0.4
0.5815,0.5,0.5,0.5,0,0.0,0.82,0.0,1,0.125,0.0,0.5,0,0.0,0.5,0,0.0,1.0,1,0.2666
0.372,0.9,1.0,0.5,1,0.5,0.68,0.5,1,0.25,0.0,1.0,0,1.0,0.5,0,0.5,0.0,0,0.3777
0.4883,0.925,0.5,0.5,0,0.5,0.58,1.0,1,0.25,0.5,1.0,1,1.0,0.0,0,0.0,1.0,1,0.3555
0.442,0.8,0.5,1.0,1,0.0,0.64,1.0,1,0.0,0.5,0.5,1,0.0,0.6665,0,1.0,0.0,1,0.3777
0.3257,0.625,1.0,1.0,1,0.5,0.22,0.5,1,0.125,0.5,1.0,1,-1.0,0.5,0,0.0,0.0,1,0.2888
0.4883,0.3,0.0,0.0,1,0.1666,0.6,0.5,1,0.25,0.0,1.0,1,0.0,0.5,0,0.5,0.0,0,0.2222
0.279,0.975,1.0,0.5,0,0.3333,0.5,0.0,1,0.125,0.5,0.5,1,1.0,0.6665,1,0.5,1.0,0,0.2888
0.6045,0.275,0.5,0.0,0,0.6665,0.38,0.5,1,0.125,1.0,0.5,1,1.0,0.6665,0,0.5,0.0,1,0.2666
0.372,0.2,0.5,0.5,0,0.5,0.88,1.0,1,0.125,1.0,0.5,0,0.0,0.6665,0,0.5,0.5,0,0.2444
0.465,0.45,0.5,0.0,1,0.3333,0.82,0.5,1,0.0,0.5,0.0,0,0.0,0.1666,1,0.0,0.0,1,0.2
0.4883,0.05,1.0,0.5,0,0.3333,0.08,0.5,1,0.375,0.0,0.5,0,0.0,0.5,0,1.0,0.0,1,0.2222
0.3953,0.975,0.5,0.5,0,0.3333,0.98,0.5,1,0.0,0.0,0.5,1,0.0,0.5,0,0.0,0.5,1,0.311
0.5347,0.6,0.5,0.5,1,0.5,0.22,0.5,1,0.25,0.5,0.5,1,1.0,0.3333,0,0.0,1.0,1,0.2888
0.372,0.55,1.0,1.0,0,0.1666,0.22,0.5,1,0.375,0.5,0.5,1,0.0,0.6665,0,1.0,0.0,1,0.311
0.558,0.65,0.5,0.5,1,0.8335,0.94,0.0,1,0.125,1.0,0.5,0,0.0,0.5,0,0.0,0.5,1,0.3333
0.2559,0.5,1.0,0.5,0,0.1666,0.44,0.5,1,0.125,1.0,0.5,0,1.0,0.6665,1,0.0,0.0,0,0.2222
0.465,0.025,0.5,0.5,0,0.0,0.8,0.0,1,0.25,0.5,0.0,1,0.0,0.5,0,0.0,0.0,1,0.1777
0.7207,0.6,0.0,0.5,1,0.6665,0.28,0.5,1,0.125,0.0,1.0,0,1.0,0.5,0,0.5,0.0,0,0.3555
0.3022,0.725,0.5,1.0,1,0.3333,0.88,0.0,1,0.0,0.0,0.5,0,0.0,0.3333,0,1.0,0.0,1,0.2888
0.3489,0.425,0.5,0.5,1,0.5,0.84,1.0,1,0.625,0.0,1.0,1,1.0,0.5,0,1.0,0.0,0,0.3333
0.5117,0.75,0.5,1.0,1,0.6665,0.52,1.0,1,0.25,0.5,0.0,1,1.0,0.5,0,0.0,0.0,0,0.3777
0.465,0.225,0.5,0.5,1,0.3333,0.7,0.5,1,0.375,0.0,0.0,1,0.0,0.1666,0,0.5,1.0,0,0.2
0.4883,0.225,0.0,0.5,0,0.5,0.96,0.0,1,0.0,0.0,0.5,1,1.0,0.3333,0,1.0,0.5,1,0.2
0.5117,0.15,0.5,0.0,1,0.6665,0.46,1.0,1,0.25,1.0,0.5,1,1.0,0.3333,0,0.5,0.0,0,0.2444
0.5347,0.375,0.5,1.0,1,0.8335,0.5,1.0,1,0.0,0.5,1.0,1,1.0,0.5,0,0.5,1.0,1,0.311
0.6045,0.85,0.5,0.0,0,0.3333,0.72,0.5,1,0.25,0.5,0.5,0,0.0,0.3333,0,0.0,0.0,0,0.3555
0.4883,0.825,0.5,1.0,1,0.3333,0.38,1.0,1,0.0,1.0,0.0,1,-1.0,0.5,1,0.0,0.0,1,0.311
0.4187,0.375,1.0,0.5,0,0.6665,0.96,0.0,1,0.125,0.0,0.5,1,0.0,0.5,0,1.0,0.5,1,0.2666
0.5347,0.6,0.0,0.5,1,0.5,0.04,0.5,1,0.0,0.0,1.0,1,0.0,0.5,0,0.0,0.0,1,0.2444
0.6978,0.725,0.5,0.5,0,0.5,0.4,0.5,1,0.25,0.0,1.0,1,1.0,0.3333,0,0.0,0.5,0,0.3555
0.4187,0.25,0.5,0.0,1,0.8335,0.72,0.0,1,0.25,1.0,0.5,1,0.0,0.3333,1,0.0,0.0,1,0.1777
0.3022,0.175,0.5,0.0,0,0.0,0.42,0.5,1,0.0,1.0,0.5,1,0.0,0.6665,0,0.5,0.0,0,0.1555
0.6045,0.975,0.5,1.0,0,0.1666,0.26,0.5,1,0.0,0.5,1.0,1,0.0,0.6665,0,0.0,0.0,0,0.4
0.4187,0.625,1.0,0.5,0,0.0,0.42,0.0,1,0.125,0.5,1.0,1,-1.0,0.5,0,0.0,1.0,0,0.2444
0.1395,0.975,1.0,0.5,1,0.8335,0.88,0.5,1,0.375,1.0,1.0,1,1.0,0.3333,0,1.0,0.5,1,0.3777
0.558,0.35,1.0,0.0,1,0.6665,0.54,0.0,1,0.125,0.0,0.5,1,0.0,0.3333,0,1.0,0.5,0,0.2666
0.372,0.7,0.0,0.0,0,0.1666,0.34,0.5,0,0.0,0.5,1.0,1,0.0,0.5,0,1.0,0.0,1,0.2222
0.4187,0.225,0.5,0.5,1,0.5,0.68,0.5,1,0.25,0.5,0.5,1,0.0,0.6665,0,0.0,0.0,1,0.2444
0.4883,0.25,1.0,0.5,1,0.5,0.62,0.0,1,0.375,0.5,0.5,1,0.0,0.3333,0,1.0,0.5,0,0.2888
0.465,0.5,0.5,1.0,1,0.0,0.56,0.5,1,0.125,0.5,1.0,0,0.0,0.6665,0,0.0,0.0,0,0.311
0.5347,0.325,1.0,0.5,1,0.5,0.4,0.5,1,0.0,1.0,0.5,1,-1.0,0.5,0,1.0,0.0,0,0.2888
0.372,0.175,0.5,1.0,1,0.1666,0.08,0.5,1,0.0,0.0,0.5,1,-1.0,0.3333,0,0.0,0.5,1,0.1333
0.5117,0.275,1.0,0.0,1,0.6665,0.62,0.5,1,0.375,0.5,1.0,0,1.0,0.3333,0,0.0,0.0,1,0.2888
0.3953,0.025,1.0,0.0,1,0.1666,0.42,0.0,1,0.375,1.0,1.0,0,0.0,0.5,0,0.5,0.0,1,0.2
0.5347,0.7,0.5,0.0,1,0.5,0.42,0.0,0,0.125,0.0,1.0,1,0.0,0.5,0,0.5,0.5,1,0.2666
0.5347,0.5,0.0,1.0,1,0.8335,0.24,1.0,1,0.375,1.0,0.0,1,0.0,0.5,0,0.0,0.5,1,0.2888
0.3022,0.1,0.5,1.0,0,0.6665,0.24,0.0,1,0.125,0.5,1.0,1,1.0,0.6665,1,0.0,0.5,1,0.1333
0.6045,0.175,1.0,0.0,0,0.6665,0.78,0.0,1,0.125,0.0,0.0,1,1.0,0.5,0,1.0,0.0,0,0.2444
0.372,0.1,1.0,0.0,1,0.5,0.48,0.0,1,0.25,0.5,0.0,1,1.0,0.3333,0,1.0,0.0,0,0.2
0.558,0.625,0.0,0.5,0,0.1666,0.1,0.0,1,0.375,1.0,0.5,1,-1.0,0.5,0,0.0,0.5,0,0.2666
0.4883,0.1,0.5,1.0,0,0.3333,0.04,0.0,1,0.25,1.0,0.5,0,-1.0,0.6665,0,0.5,0.5,0,0.2
0.6978,0.75,1.0,1.0,0,0.5,0.22,0.0,1,0.0,0.0,0.5,1,1.0,0.5,0,0.0,0.0,1,0.3777
0.4187,0.025,0.5,0.5,0,0.5,0.48,0.0,1,0.25,1.0,0.5,1,-1.0,0.5,0,1.0,1.0,1,0.1555
0.3953,0.25,1.0,0.5,1,0.1666,0.62,0.0,1,0.25,0.0,0.5,0,-1.0,0.3333,0,0.0,1.0,0,0.1777
0.442,0.9,1.0,1.0,0,0.6665,0.14,0.0,1,0.125,0.0,0.5,0,0.0,0.6665,0,0.0,0.0,1,0.3333
0.3953,0.725,1.0,0.5,0,0.1666,0.44,0.0,1,0.375,0.5,0.5,1,1.0,0.5,0,0.5,0.5,1,0.311
0.558,0.075,0.0,0.5,1,0.8335,0.08,0.5,1,0.375,0.5,0.0,1,1.0,0.3333,0,0.0,0.0,1,0.2
0.2094,0.825,0.0,0.5,0,0.5,0.04,0.5,1,0.25,0.5,0.5,1,1.0,0.5,0,1.0,0.0,1,0.2444
0.3022,0.5,0.0,0.5,1,0.6665,0.86,0.5,1,0.375,0.0,1.0,0,1.0,0.6665,0,0.0,0.0,0,0.2666
0.3022,0.85,1.0,1.0,1,0.6665,0.66,0.5,1,0.5,0.5,0.0,1,-1.0,0.8335,1,1.0,0.0,0,0.3555
0.5815,0.6,0.5,1.0,1,1.0,0.78,0.5,1,0.0,0.0,1.0,0,1.0,0.1666,0,0.0,1.0,0,0.3333
0.6743,0.675,0.0,0.5,0,0.5,0.18,0.5,1,0.25,0.5,0.5,1,0.0,0.5,0,0.0,0.5,1,0.311
0.4187,1.0,0.5,0.0,0,0.3333,0.32,1.0,1,0.0,0.0,0.5,1,0.0,0.5,0,0.0,0.5,1,0.2888
0.4187,0.225,0.5,1.0,1,0.3333,0.44,0.5,0,0.125,0.0,0.5,1,0.0,0.1666,0,0.5,0.0,0,0.2
0.442,0.625,1.0,0.5,1,0.8335,0.66,0.0,1,0.375,0.5,0.5,1,1.0,0.5,1,0.5,0.0,1,0.3333
0.6045,0.45,1.0,0.0,1,0.1666,0.54,0.5,1,0.0,0.5,0.0,0,0.0,0.5,0,1.0,0.0,1,0.311
0.3022,0.05,0.5,0.5,1,0.3333,0.56,0.5,1,0.0,1.0,0.5,1,1.0,0.3333,0,0.5,0.0,0,0.1777
0.465,0.025,0.0,0.5,0,0.5,0.16,0.5,1,0.125,0.5,0.0,1,-1.0,0.5,0,0.0,0.0,0,0.1111
0.5815,0.125,1.0,0.0,0,0.5,0.48,0.5,1,0.25,0.0,0.5,1,-1.0,0.6665,0,0.0,0.0,0,0.2222
0.5117,0.65,0.5,0.5,0,0.6665,0.82,0.5,1,0.0,0.0,0.5,1,-1.0,0.0,0,0.0,0.0,1,0.2666
0.465,0.575,0.5,0.0,0,0.1666,0.5,0.0,1,0.125,0.5,0.5,1,-1.0,0.6665,0,0.5,0.0,1,0.2444
0.5815,0.55,0.0,1.0,0,0.5,0.2,0.5,0,0.375,0.0,0.5,1,0.0,0.5,0,1.0,0.0,0,0.2888
0.06976,0.025,0.0,1.0,1,0.5,0.42,1.0,1,0.0,0.0,0.0,1,1.0,0.1666,0,1.0,0.0,1,0.06665
0.5347,0.475,0.0,1.0,1,0.1666,0.76,0.5,1,0.0,0.5,0.5,1,0.0,0.5,0,0.0,0.5,0,0.2666
0.3489,0.925,0.5,0.5,1,0.6665,0.14,0.0,1,0.0,0.5,0.5,1,1.0,0.6665,1,0.0,0.0,1,0.2888
0.186,0.4,0.5,0.5,1,0.5,0.58,0.5,1,0.125,0.0,0.5,1,0.0,0.5,0,0.0,0.0,0,0.1555
0.5117,0.625,0.0,1.0,0,0.5,0.96,1.0,0,0.25,0.0,0.5,1,-1.0,0.5,0,1.0,0.5,0,0.311
0.628,0.775,0.5,1.0,1,0.3333,0.38,1.0,1,0.125,0.5,1.0,0,0.0,0.6665,0,0.0,1.0,1,0.4
0.4187,0.775,1.0,0.0,0,0.3333,0.04,0.5,1,0.25,0.0,0.5,1,-1.0,0.6665,1,0.0,0.5,1,0.2444
0.5815,0.525,0.0,0.5,1,0.1666,0.64,0.5,1,0.0,0.5,0.5,1,-1.0,0.8335,1,1.0,0.0,0,0.2666
0.6743,0.85,0.5,0.5,0,0.6665,0.04,0.5,1,0.125,0.5,0.0,1,0.0,0.6665,0,0.0,0.0,0,0.3555
0.628,0.4,0.5,0.5,1,0.8335,0.2,0.5,1,0.125,0.0,0.5,1,0.0,0.3333,0,0.0,1.0,1,0.2444
0.6743,0.9,1.0,0.5,1,1.0,0.04,0.5,1,0.0,1.0,1.0,1,1.0,0.6665,0,0.5,0.5,0,0.422
0.5347,0.25,0.5,1.0,0,0.6665,0.18,0.0,1,0.25,0.0,1.0,1,1.0,0.8335,0,0.0,0.0,1,0.2666
0.442,0.275,1.0,0.5,0,0.3333,0.86,1.0,1,0.25,0.5,1.0,1,-1.0,0.3333,0,1.0,0.0,1,0.2888
0.2094,0.05,0.5,0.5,0,0.3333,0.74,1.0,1,0.25,0.0,1.0,1,0.0,0.5,0,0.0,0.0,1,0.1333
0.4187,0.8,0.5,1.0,0,0.6665,0.34,0.5,1,0.25,0.5,0.5,0,-1.0,0.3333,0,0.0,0.0,0,0.311
0.3257,0.425,0.0,0.5,1,0.5,0.9,0.0,1,0.5,0.0,0.5,1,1.0,0.6665,0,0.0,0.5,1,0.2222
0.744,0.225,0.5,1.0,1,0.5,0.66,0.5,1,0.25,0.5,0.0,1,0.0,0.3333,0,1.0,0.0,1,0.3555
0.4187,0.225,0.5,0.0,0,0.5,0.44,0.5,1,0.125,0.0,0.0,1,1.0,0.3333,0,0.0,1.0,0,0.1333
0.465,0.9,0.5,1.0,1,0.8335,0.06,0.5,1,0.0,0.0,1.0,1,0.0,0.5,0,0.5,0.0,1,0.3333
0.5117,0.825,0.5,0.0,0,0.3333,0.74,0.5,1,0.25,0.5,0.5,0,0.0,0.5,0,0.0,0.5,1,0.3333
0.442,0.55,0.5,1.0,1,0.8335,0.38,0.0,1,0.125,0.5,0.5,1,1.0,0.5,0,0.5,0.0,1,0.311
0.6743,0.625,1.0,0.0,1,0.5,0.3,1.0,1,0.25,0.0,0.5,1,-1.0,0.5,0,0.0,0.0,0,0.3333
0.3489,0.475,1.0,0.5,1,0.3333,0.28,0.5,1,0.5,0.0,0.0,1,1.0,0.6665,1,0.5,0.0,1,0.2666
0.465,0.4,0.0,0.5,0,0.3333,0.0,0.0,1,0.25,0.0,0.5,1,-1.0,0.6665,0,1.0,0.5,0,0.1777
0.3489,0.925,0.5,0.5,0,0.5,0.74,0.5,1,0.125,1.0,0.5,1,0.0,0.5,0,0.0,0.0,0,0.3333
0.2559,0.125,0.5,0.5,0,0.6665,0.14,0.5,1,0.125,1.0,1.0,0,1.0,0.8335,1,0.0,0.0,0,0.1333
0.3489,0.425,0.0,1.0,1,0.3333,0.52,0.0,1,0.125,0.0,0.5,1,0.0,0.1666,0,1.0,0.5,0,0.2
0.442,0.35,0.5,0.5,1,0.6665,0.02,1.0,1,0.25,0.5,0.5,1,-1.0,0.5,0,0.5,0.0,1,0.2222
0.372,0.5,0.5,0.5,0,0.3333,0.62,0.5,1,0.125,0.5,1.0,1,0.0,0.1666,0,0.5,1.0,1,0.2222
0.3489,0.45,0.5,0.0,1,0.5,0.36,1.0,1,0.375,0.0,1.0,0,1.0,0.5,0,1.0,1.0,0,0.2444
0.2559,0.525,1.0,1.0,1,0.1666,0.64,0.0,1,0.125,0.5,1.0,1,1.0,0.5,0,0.0,1.0,0,0.2444
0.442,0.15,0.0,0.5,1,0.6665,0.08,0.5,1,0.25,0.5,0.0,1,1.0,0.3333,0,1.0,0.0,1,0.1777
0.2325,0.525,0.0,1.0,1,0.5,0.26,0.5,1,0.375,0.5,0.5,1,0.0,0.3333,0,1.0,0.0,1,0.2444
0.558,0.25,0.5,0.5,1,0.8335,0.12,1.0,1,0.0,0.0,0.5,1,1.0,0.1666,0,0.0,1.0,1,0.2
0.442,0.175,1.0,0.0,0,0.6665,0.64,0.5,1,0.375,0.0,1.0,1,0.0,0.6665,1,0.0,0.0,1,0.2222
0.2325,0.075,1.0,0.5,0,0.5,0.1,0.0,1,0.375,1.0,0.5,0,1.0,0.1666,0,1.0,0.0,1,0.1555
0.3953,0.775,0.0,1.0,1,0.8335,0.62,1.0,1,0.5,1.0,0.5,1,0.0,0.8335,0,0.0,0.5,1,0.3555
0.3257,0.425,0.5,0.5,1,0.6665,0.14,0.0,1,0.125,0.0,0.5,1,0.0,0.3333,0,0.5,0.0,1,0.1777
0.4883,0.625,0.5,1.0,0,0.8335,0.94,1.0,1,0.0,0.5,1.0,1,-1.0,0.5,0,0.5,0.5,1,0.3333
0.628,0.725,0.5,0.0,1,0.3333,0.42,0.0,1,0.25,0.0,0.5,0,0.0,0.6665,0,0.5,0.5,1,0.3333
0.186,0.675,0.5,0.5,0,0.6665,0.12,0.5,1,0.125,0.5,1.0,1,1.0,0.5,0,0.5,0.5,0,0.2222
0.465,0.475,1.0,1.0,1,0.6665,0.04,0.5,1,0.125,0.0,0.5,1,0.0,0.5,1,0.0,0.0,0,0.2444
0.4187,0.4,0.5,0.0,1,0.1666,0.32,0.5,1,0.25,0.5,0.5,0,1.0,0.6665,0,0.5,0.0,0,0.2444
0.5347,0.375,0.5,0.0,0,0.8335,0.9,1.0,1,0.0,0.5,1.0,1,1.0,0.3333,0,0.5,0.0,1,0.2888
0.465,0.65,1.0,1.0,0,0.1666,0.14,0.5,1,0.125,0.0,0.5,0,-1.0,0.5,0,0.0,0.0,1,0.2888
0.3257,0.5,1.0,0.5,1,0.1666,0.8,0.5,1,0.5,0.5,1.0,0,0.0,0.5,0,0.0,0.0,0,0.311
0.3953,0.85,0.5,0.5,1,0.0,0.42,0.5,1,0.375,1.0,0.0,1,1.0,0.5,0,0.5,0.0,0,0.3555
0.3257,0.875,0.5,0.5,1,0.6665,0.8,0.0,1,0.25,0.0,0.5,0,-1.0,0.1666,0,1.0,0.0,1,0.311
0.5815,0.175,0.5,1.0,1,0.1666,0.88,0.5,1,0.0,0.5,0.5,1,1.0,0.3333,0,0.5,0.0,1,0.2888
0.442,0.125,0.5,1.0,1,0.3333,1.0,0.5,1,0.25,0.0,1.0,1,0.0,0.8335,0,0.0,0.5,1,0.2666
0.6978,0.625,1.0,0.5,0,0.6665,0.06,0.5,1,0.25,0.0,1.0,1,1.0,0.5,0,0.0,0.0,1,0.3777
0.442,0.3,1.0,0.5,1,0.5,0.8,1.0,1,0.25,0.5,0.5,1,0.0,0.5,0,0.0,0.0,1,0.2888
0.3489,0.025,1.0,0.5,1,0.3333,0.06,0.0,1,0.0,1.0,0.5,1,1.0,0.6665,1,0.0,0.5,0,0.1111
0.2325,0.9,0.5,1.0,0,0.1666,0.32,1.0,1,0.25,0.0,0.5,1,0.0,0.6665,0,0.0,0.5,1,0.2888
0.186,0.225,1.0,0.5,1,0.5,0.64,1.0,1,0.125,1.0,1.0,1,1.0,0.3333,0,0.0,0.0,0,0.2222
0.2094,0.925,0.0,1.0,0,0.6665,0.44,1.0,1,0.0,0.0,0.5,1,0.0,0.5,0,1.0,0.5,0,0.2666
0.4883,0.725,0.0,0.5,0,0.6665,0.56,0.0,1,0.5,1.0,0.5,0,1.0,0.5,0,0.0,0.0,0,0.3333
0.5117,0.775,0.5,0.0,1,1.0,0.96,1.0,1,0.0,0.0,1.0,0,-1.0,0.5,0,0.0,0.0,0,0.3333
0.2325,0.2,0.5,0.5,0,0.3333,0.82,0.0,1,0.375,0.0,1.0,1,-1.0,0.3333,0,0.5,1.0,0,0.1333
0.558,0.225,1.0,0.0,1,0.1666,0.36,0.5,1,0.25,1.0,1.0,1,1.0,0.6665,0,0.5,1.0,1,0.2888
0.372,0.525,0.5,1.0,0,0.5,0.6,1.0,1,0.125,0.0,0.5,1,-1.0,0.5,0,1.0,0.0,0,0.2666
0.465,0.175,0.5,1.0,0,0.5,0.04,0.5,1,0.375,0.0,0.5,1,-1.0,0.5,1,0.0,0.5,0,0.1555
0.6743,0.3,0.5,0.0,0,0.5,0.46,0.5,1,0.0,1.0,0.5,1,0.0,0.6665,0,0.0,0.5,1,0.2444
0.558,0.325,1.0,0.5,1,0.3333,0.6,0.5,1,0.375,1.0,0.5,1,1.0,0.3333,0,0.0,1.0,0,0.311
0.3953,0.15,0.5,1.0,1,0.0,0.72,0.5,1,0.25,0.5,0.5,1,-1.0,0.6665,0,0.5,0.0,0,0.2444
0.3257,0.2,0.5,0.5,1,0.1666,0.9,0.5,1,0.0,1.0,0.5,1,-1.0,0.8335,0,0.5,0.0,0,0.2
0.1395,0.8,1.0,0.5,0,0.6665,0.28,1.0,1,0.125,0.0,0.0,1,0.0,0.6665,0,1.0,0.0,1,0.2444
0.3489,0.175,0.5,0.5,0,0.5,0.9,0.0,1,0.25,0.5,0.5,1,0.0,0.8335,1,0.0,0.0,1,0.1777
0.4187,0.025,0.0,1.0,1,0.6665,0.66,0.0,1,0.125,0.5,0.5,0,-1.0,0.5,0,0.0,0.0,1,0.1555
0.3022,0.625,0.5,0.5,1,0.6665,0.08,0.0,1,0.125,1.0,0.5,0,-1.0,0.6665,0,1.0,0.5,1,0.2222
0.4187,0.975,0.0,1.0,0,0.6665,0.38,0.0,1,0.0,1.0,0.5,0,-1.0,0.3333,0,0.0,0.5,1,0.2888
0.442,0.325,1.0,1.0,1,0.6665,0.48,0.0,1,0.125,0.0,0.0,0,-1.0,0.6665,0,0.0,0.5,1,0.2222
0.4187,0.125,0.5,1.0,1,0.5,0.36,0.0,1,0.125,0.0,0.0,1,0.0,0.6665,0,0.5,0.0,0,0.1777
0.3489,0.575,1.0,1.0,1,0.5,0.12,0.5,1,0.375,0.5,0.5,1,-1.0,0.3333,0,0.0,0.0,1,0.2888
0.465,0.9,0.5,1.0,1,0.0,0.56,0.0,1,0.25,1.0,0.5,0,1.0,0.3333,0,0.0,0.0,1,0.3777
0.5117,0.775,1.0,0.0,0,0.3333,0.14,0.5,1,0.25,0.0,0.5,0,1.0,0.5,0,0.0,0.0,1,0.311
0.279,0.625,0.0,0.5,0,0.3333,0.92,0.0,1,0.125,0.0,1.0,1,1.0,0.8335,0,1.0,1.0,1,0.2444
0.628,0.325,0.0,0.0,1,0.5,0.86,1.0,1,0.25,0.0,1.0,0,0.0,0.5,0,0.5,0.0,1,0.2888
0.4187,0.55,0.0,0.0,0,0.3333,0.48,0.5,1,0.125,0.5,1.0,1,0.0,0.3333,0,0.0,0.5,1,0.2
0.442,0.1,0.5,0.0,1,0.6665,0.06,0.0,1,0.125,0.0,0.5,1,1.0,0.3333,0,0.0,0.0,1,0.1333
0.5347,0.675,0.0,0.5,0,0.3333,0.56,1.0,1,0.0,0.0,0.0,1,0.0,0.3333,1,1.0,0.0,1,0.2666
0.465,0.725,0.5,0.0,1,0.8335,0.6,0.5,1,0.0,0.5,0.0,1,0.0,0.5,0,1.0,0.5,1,0.2888
0.5815,0.975,0.5,0.5,0,0.3333,0.88,1.0,1,0.25,0.5,0.5,1,1.0,0.5,0,0.0,0.0,1,0.422
0.4883,0.25,0.5,1.0,1,0.3333,0.06,0.5,1,0.375,0.5,1.0,1,1.0,0.3333,0,0.0,0.0,0,0.2666
0.3489,0.025,0.5,1.0,1,0.3333,0.7,0.5,1,0.25,0.5,0.5,0,1.0,0.5,0,0.0,0.0,1,0.2
0.4883,0.55,0.0,1.0,0,0.3333,0.56,0.5,1,0.375,0.5,1.0,1,0.0,0.5,0,0.0,0.5,1,0.311
0.279,0.7,1.0,0.5,1,0.8335,0.18,0.5,1,0.0,0.0,0.5,0,-1.0,0.5,1,0.0,1.0,0,0.1777
0.465,0.8,0.5,0.5,0,0.5,0.12,0.5,1,0.0,0.0,0.5,0,0.0,0.6665,0,0.0,0.5,0,0.2666
0.442,0.2,1.0,0.5,1,0.5,0.7,0.5,1,0.125,0.5,0.5,1,0.0,0.5,0,0.5,1.0,1,0.2222
0.4187,0.25,0.5,0.5,1,0.3333,0.34,0.5,1,0.625,0.5,0.0,1,1.0,0.6665,0,1.0,0.5,0,0.2666
0.4187,0.525,1.0,0.5,0,0.5,1.0,0.5,1,0.125,0.0,0.5,0,-1.0,0.8335,0,1.0,0.5,0,0.2888
0.186,0.325,0.5,0.0,1,0.5,0.9,0.5,0,0.375,0.0,0.5,0,-1.0,0.5,0,1.0,0.0,1,0.1555
0.372,0.85,1.0,0.5,1,0.5,0.56,0.5,1,0.125,0.0,1.0,1,0.0,0.5,0,0.5,0.0,0,0.3333
0.465,0.475,0.0,1.0,1,0.5,0.64,0.5,1,0.125,1.0,0.5,1,-1.0,0.5,0,0.0,0.0,0,0.2666
0.465,0.8,1.0,1.0,1,0.8335,0.16,0.5,1,0.25,1.0,0.5,1,0.0,0.8335,0,0.0,0.5,0,0.7554
0.3022,0.575,1.0,0.5,1,0.5,0.9,0.0,1,0.125,0.0,0.5,0,0.0,0.3333,1,0.0,0.0,0,0.2222
0.628,0.775,0.0,0.5,1,0.1666,0.46,0.5,0,0.25,0.5,0.5,1,0.0,0.3333,0,0.0,0.0,0,0.311
0.3257,0.325,0.5,0.5,0,0.5,0.52,1.0,1,0.25,0.0,0.5,1,1.0,0.6665,0,0.0,1.0,0,0.2
0.5815,0.825,1.0,0.0,0,0.3333,0.88,0.5,1,0.75,1.0,0.5,0,-1.0,0.6665,0,0.0,0.0,0,0.422
0.5117,0.275,0.5,1.0,0,0.6665,0.0,0.5,1,0.0,1.0,0.5,1,1.0,0.3333,0,0.0,1.0,0,0.2
0.3489,0.55,0.0,1.0,0,0.5,0.5,0.5,1,0.0,0.0,0.5,1,-1.0,0.3333,0,1.0,0.5,0,0.2
0.6978,0.225,0.5,0.0,1,0.8335,0.62,0.5,1,0.25,0.5,0.5,0,-1.0,0.3333,0,0.5,0.0,1,0.2666
0.279,0.475,0.0,0.0,1,0.3333,0.16,1.0,1,0.25,0.5,0.5,1,1.0,0.6665,0,0.5,0.5,1,0.1777
0.5815,0.325,1.0,0.5,1,0.5,0.06,0.0,1,0.375,0.5,1.0,0,0.0,0.8335,0,0.0,0.5,0,0.2888
0.5815,0.275,0.0,0.5,1,0.1666,0.54,0.0,1,0.0,0.5,0.5,1,0.0,0.8335,0,1.0,0.0,1,0.2444
0.3489,0.975,0.0,1.0,1,0.5,0.54,1.0,1,0.0,0.0,0.5,1,0.0,0.5,1,0.0,0.5,0,0.2888
0.628,0.15,0.5,1.0,0,0.1666,0.34,0.5,1,0.125,1.0,0.5,0,1.0,0.1666,0,1.0,0.5,0,0.2888
0.3953,0.775,0.5,0.5,0,0.5,0.88,0.5,1,0.375,0.0,0.5,0,0.0,0.3333,0,0.0,0.0,0,0.311
0.4883,0.975,1.0,0.0,0,0.5,0.3,0.5,1,0.375,0.0,0.0,1,0.0,0.5,0,1.0,0.0,0,0.3555
0.4883,0.025,0.0,1.0,1,0.5,0.52,0.5,1,0.125,1.0,0.5,1,1.0,0.5,0,0.5,0.0,0,0.2222
0.4187,0.7,0.0,0.5,1,0.6665,0.18,0.5,1,0.25,0.5,0.5,0,0.0,0.6665,0,0.0,0.0,1,0.2666
0.558,0.25,0.5,0.5,0,0.5,0.02,0.5,1,0.125,1.0,0.5,1,-1.0,0.6665,0,0.5,0.0,0,0.2222
0.558,0.05,1.0,0.5,0,0.1666,0.42,0.5,1,0.0,0.0,1.0,0,1.0,0.6665,0,0.0,0.5,1,0.2222
0.2094,0.4,0.5,0.0,0,0.3333,0.52,0.5,1,0.125,1.0,1.0,1,-1.0,0.3333,0,1.0,0.0,1,0.5557
0.628,0.925,0.5,0.5,1,0.5,0.76,1.0,1,0.25,0.5,0.5,1,0.0,0.3333,0,0.0,0.5,1,0.422
0.2094,0.0,0.5,0.5,0,0.5,0.44,0.0,0,0.375,0.5,0.0,1,1.0,0.5,0,0.0,0.0,1,0.08887
0.5815,0.6,0.5,0.5,0,0.5,0.28,0.0,1,0.25,1.0,1.0,1,0.0,0.5,0,0.0,0.0,1,0.311
0.6045,0.5,0.5,0.0,1,0.8335,0.6,0.5,1,0.0,1.0,0.5,1,0.0,0.3333,1,0.0,0.5,1,0.2444
0.279,0.875,0.5,0.5,1,0.5,0.38,0.5,1,0.125,0.0,0.0,1,1.0,0.3333,1,1.0,0.5,0,0.2444
0.3953,0.075,1.0,1.0,0,0.6665,0.24,0.5,1,0.25,1.0,0.5,1,1.0,0.6665,0,0.0,0.0,0,0.2222
0.279,0.675,1.0,0.5,1,0.0,0.92,0.0,1,0.375,0.0,0.0,1,0.0,0.5,1,0.5,0.0,1,0.2666
0.4187,0.675,1.0,1.0,0,0.6665,0.54,0.0,1,0.375,0.0,0.5,0,0.0,0.6665,0,0.0,0.5,1,0.311
0.3953,0.675,0.5,0.0,1,1.0,0.2,1.0,1,0.25,0.5,0.5,1,1.0,0.5,0,0.0,0.0,0,0.2888
0.558,0.95,0.5,0.5,1,0.8335,0.68,0.5,1,0.125,0.5,1.0,0,0.0,0.3333,0,1.0,0.0,0,0.4
0.628,0.825,0.0,1.0,1,0.3333,0.8,0.5,1,0.125,0.0,0.5,1,1.0,0.3333,1,0.0,0.0,0,0.3555
0.628,0.05,1.0,0.5,1,1.0,0.76,0.5,1,0.0,0.0,1.0,1,1.0,0.3333,1,1.0,0.5,1,0.2666
0.372,0.475,0.5,0.5,1,0.5,0.6,0.0,1,0.125,1.0,1.0,1,1.0,0.5,0,0.5,0.0,0,0.2666
0.4187,0.4,1.0,0.0,0,0.5,0.52,0.5,1,0.0,1.0,1.0,1,0.0,0.3333,0,1.0,0.0,1,0.2444
0.2094,0.3,0.5,0.0,0,0.5,0.78,0.5,1,0.375,0.5,0.5,1,-1.0,0.6665,0,0.5,0.0,0,0.1777
0.3257,0.45,1.0,1.0,0,0.5,0.7,0.5,0,0.125,1.0,0.5,1,-1.0,0.1666,0,0.0,1.0,1,0.2222
0.5815,0.375,0.5,0.0,1,0.0,0.58,0.5,1,0.25,1.0,0.5,1,-1.0,0.1666,0,0.5,0.0,1,0.2666
0.6743,0.425,0.5,0.0,1,0.6665,0.66,0.5,1,0.125,0.0,0.0,1,1.0,0.5,0,0.5,0.0,1,0.311
0.279,0.975,0.5,0.5,1,0.5,0.16,0.5,1,0.125,0.0,0.5,1,0.0,0.3333,0,0.0,0.0,1,0.2666
0.3489,0.1,1.0,0.5,1,0.5,0.02,1.0,1,0.5,1.0,1.0,1,0.0,0.5,0,0.5,0.0,1,0.2444
0.442,0.925,1.0,1.0,1,0.5,0.94,0.0,1,0.25,0.5,1.0,0,0.0,0.6665,0,0.0,0.5,0,0.422
0.4883,0.475,1.0,0.5,0,0.3333,0.94,0.5,0,0.25,1.0,0.5,1,1.0,0.3333,0,0.5,0.5,0,0.311
0.3257,0.625,0.0,0.5,1,0.5,0.78,1.0,1,0.0,0.5,0.5,1,-1.0,0.6665,0,0.5,0.5,0,0.2444
0.5117,0.825,1.0,0.0,1,0.8335,0.38,0.0,1,0.0,0.5,0.5,0,1.0,0.5,1,1.0,0.5,1,0.311
0.372,0.35,0.5,0.5,1,0.6665,0.16,0.0,1,0.125,1.0,0.5,1,0.0,0.3333,0,0.5,1.0,1,0.1777
0.442,0.425,0.5,0.0,1,0.5,0.36,0.5,0,0.0,0.5,1.0,0,1.0,0.5,0,0.5,0.0,0,0.2222
0.5117,0.4,0.0,0.5,0,0.5,0.72,0.0,0,0.125,0.0,0.5,0,1.0,0.6665,0,0.5,1.0,1,0.2
0.442,0.375,0.0,0.5,0,0.5,0.34,1.0,1,0.0,0.5,0.5,0,0.0,0.6665,0,0.0,0.0,1,0.2
0.372,0.925,0.0,1.0,1,0.3333,0.8,0.0,1,0.25,0.5,0.0,1,-1.0,0.3333,0,0.0,0.5,1,0.311
0.4187,0.825,1.0,1.0,0,0.5,0.68,0.5,1,0.625,0.0,1.0,1,-1.0,0.5,0,0.0,0.0,0,0.4
0.4187,0.1,0.5,0.5,1,0.6665,0.62,1.0,1,0.125,0.5,0.5,1,-1.0,0.5,1,0.0,0.5,1,0.1555
0.3953,0.1,0.0,0.0,1,0.5,0.94,0.0,1,0.25,0.5,0.0,0,0.0,0.6665,0,0.5,0.0,1,0.1555
0.3953,0.425,0.5,0.5,1,0.3333,0.9,1.0,1,0.0,0.5,1.0,0,1.0,0.3333,0,1.0,0.5,0,0.2888
0.6743,0.1,0.5,0.5,0,0.5,0.72,0.0,1,0.125,0.5,0.5,0,1.0,0.5,0,1.0,1.0,0,0.2444
0.5117,0.625,0.0,1.0,1,0.6665,0.2,1.0,1,0.25,0.5,0.5,1,1.0,0.1666,1,0.5,0.5,0,0.2888
0.3953,0.15,0.0,1.0,1,0.1666,0.94,0.5,1,0.5,0.5,0.5,1,0.0,0.6665,0,0.0,0.5,1,0.2444
0.5347,0.525,0.0,0.5,1,0.3333,0.22,0.0,1,0.375,0.5,0.5,1,1.0,0.5,0,1.0,0.0,1,0.311
0.3953,0.0,0.5,0.5,1,0.1666,0.38,0.5,1,0.0,0.5,0.5,1,0.0,0.3333,0,1.0,0.0,0,0.1555
0.6045,0.325,0.0,0.5,0,0.5,0.82,0.5,1,0.25,1.0,0.5,1,0.0,0.6665,0,0.5,1.0,0,0.2888
0.4883,0.675,0.5,0.5,0,0.6665,0.2,0.0,1,0.25,0.5,1.0,1,-1.0,0.3333,0,0.5,0.5,1,0.2666
0.4187,0.475,0.0,0.5,0,0.8335,0.64,0.5,1,0.125,0.0,0.5,0,0.0,0.6665,0,0.0,0.0,1,0.2222
0.5117,0.975,0.0,0.5,0,0.8335,0.46,0.5,1,0.0,0.0,0.5,1,-1.0,0.6665,0,0.5,0.0,1,0.311
0.2325,0.875,0.5,0.5,0,0.3333,0.62,1.0,1,0.25,0.0,0.0,1,1.0,0.5,0,0.0,0.0,1,0.2666
0.279,0.35,0.0,0.0,1,0.5,0.96,1.0,1,0.0,0.5,0.5,1,1.0,0.5,0,1.0,0.0,0,0.2
0.279,0.05,0.0,0.5,1,0.3333,0.8,0.5,0,0.375,1.0,1.0,0,0.0,0.5,1,1.0,0.0,0,0.1555
0.465,0.85,0.5,0.5,1,0.8335,0.3,0.0,1,0.625,1.0,1.0,0,0.0,0.5,1,0.0,0.0,1,0.3555
0.6743,0.9,0.5,1.0,1,0.8335,0.06,0.5,0,0.0,0.5,0.5,0,0.0,0.5,0,0.0,0.0,1,0.3777
0.744,0.825,1.0,1.0,1,0.5,0.96,0.0,1,0.0,0.5,0.5,1,-1.0,0.3333,1,0.0,0.0,0,0.422
0.5347,0.125,0.0,1.0,0,0.3333,0.58,0.0,1,0.125,0.5,1.0,1,0.0,0.3333,0,1.0,0.0,1,0.2444
0.5117,1.0,1.0,0.0,1,0.0,0.18,0.5,1,0.25,0.5,0.5,1,1.0,0.6665,0,0.0,0.0,0,0.3777
0.186,0.25,1.0,0.5,0,0.1666,0.62,0.5,1,0.125,1.0,1.0,0,0.0,0.6665,0,1.0,0.0,0,0.2222
0.372,0.725,1.0,0.5,1,0.0,0.04,1.0,1,0.0,0.0,0.5,1,1.0,0.5,0,0.5,1.0,0,0.2666
0.3257,0.9,0.5,1.0,1,0.1666,0.18,1.0,1,0.25,0.5,1.0,0,0.0,0.3333,0,0.0,0.0,1,0.3333
0.3489,0.225,1.0,0.5,1,1.0,0.64,0.5,1,0.0,0.0,1.0,1,-1.0,0.1666,1,0.0,0.5,1,0.1555
0.4187,0.9,0.0,0.0,1,0.1666,0.4,1.0,1,0.0,0.0,0.5,1,1.0,0.3333,0,0.0,1.0,1,0.2444
0.372,0.3,0.0,0.5,1,0.1666,0.32,0.5,1,0.25,1.0,1.0,1,-1.0,0.5,0,0.5,0.0,1,0.2222
0.1628,0.975,0.0,1.0,1,0.3333,0.66,1.0,1,0.25,0.5,1.0,1,1.0,0.6665,1,1.0,0.0,1,0.3333
0.5347,0.275,1.0,1.0,1,1.0,0.86,0.0,1,0.25,0.5,0.5,0,1.0,0.3333,1,0.5,0.0,0,0.311
0.3022,0.95,0.5,0.5,1,0.5,0.68,0.0,1,0.375,1.0,0.5,1,0.0,0.5,0,0.0,0.0,0,0.3333
0.465,0.05,1.0,1.0,0,0.6665,0.46,0.5,1,0.25,1.0,0.5,0,-1.0,0.3333,0,0.5,0.0,0,0.2444
0.7207,0.7,0.5,0.0,1,0.5,0.66,0.0,1,0.125,0.0,1.0,0,1.0,0.6665,0,1.0,0.0,1,0.4
0.3022,0.525,1.0,0.5,0,0.0,0.7,0.0,1,0.375,0.5,1.0,1,1.0,0.6665,0,1.0,0.5,0,0.311
0.093,0.475,1.0,1.0,1,0.8335,0.78,0.0,1,0.375,0.5,0.5,0,0.0,0.5,0,0.5,0.0,0,0.2444
0.3953,0.225,1.0,0.5,1,0.6665,0.3,0.5,1,0.5,0.5,0.5,1,0.0,0.6665,0,0.0,1.0,1,0.2222
0.6045,0.7,0.5,0.0,0,0.5,0.12,1.0,1,0.25,0.0,0.5,1,0.0,0.6665,0,1.0,0.0,0,0.3333
0.7207,0.2,1.0,1.0,0,1.0,0.68,0.5,1,0.0,0.5,1.0,0,1.0,0.3333,0,1.0,1.0,1,0.3333
0.279,0.55,1.0,0.5,0,0.3333,0.12,1.0,1,0.25,0.0,1.0,1,0.0,0.6665,0,1.0,0.0,1,0.2666
0.5117,0.25,0.5,1.0,1,0.5,0.46,1.0,1,0.125,0.0,0.5,0,1.0,0.5,0,1.0,0.0,1,0.2888
0.372,0.95,0.5,0.0,1,0.3333,0.24,0.0,1,0.125,0.5,0.5,0,0.0,0.3333,0,0.5,0.0,0,0.2888
0.4187,0.025,1.0,0.5,0,0.8335,0.34,0.5,1,0.0,0.0,0.5,1,-1.0,0.3333,0,0.5,1.0,0,0.1333
0.814,0.2,0.5,0.5,1,0.6665,0.48,1.0,1,0.25,0.5,0.5,1,-1.0,0.5,0,0.0,0.0,1,0.3333
0.2325,0.25,1.0,1.0,0,0.5,0.9,1.0,1,0.0,0.0,1.0,1,-1.0,0.8335,0,0.5,0.5,1,0.2222
0.4883,0.425,0.0,0.5,1,0.1666,0.68,0.5,0,0.375,1.0,0.5,1,1.0,0.3333,0,0.0,0.5,1,0.2444
0.5117,0.225,0.5,0.5,1,0.3333,0.18,0.5,1,0.375,1.0,0.5,1,0.0,0.5,0,1.0,0.5,1,0.2666
0.6045,0.5,0.0,0.0,1,0.1666,0.88,1.0,1,0.375,1.0,0.5,1,-1.0,0.5,0,0.0,0.0,1,0.311
0.465,0.875,0.5,1.0,0,0.8335,0.5,0.5,1,0.125,0.0,0.5,1,0.0,0.3333,0,0.5,1.0,1,0.311
0.4883,0.7,0.5,0.5,1,0.1666,0.2,0.0,1,0.125,0.0,0.5,1,0.0,0.3333,0,0.0,0.5,1,0.2666
0.3953,0.575,1.0,0.0,0,0.8335,0.52,0.5,1,0.0,0.5,0.0,0,0.0,0.6665,0,0.0,0.0,0,0.2444
0.4883,0.1,0.0,0.5,1,0.8335,0.2,0.5,1,0.125,1.0,1.0,0,0.0,0.3333,0,0.0,0.0,1,0.1777
0.3953,0.7,1.0,0.5,0,0.3333,0.36,0.0,1,0.0,0.5,1.0,1,0.0,0.6665,0,0.0,1.0,0,0.2666
0.5347,0.175,1.0,0.0,1,0.3333,0.8,0.5,1,0.0,0.0,0.5,1,0.0,0.1666,0,0.5,1.0,1,0.2
0.3953,0.775,0.5,0.0,0,0.3333,0.66,0.5,1,0.25,0.0,0.5,0,0.0,0.6665,0,0.0,0.0,1,0.2888
0.4883,0.25,0.5,1.0,1,0.6665,0.48,0.0,1,0.25,0.0,1.0,1,-1.0,0.3333,0,0.0,0.5,1,0.2222
0.442,0.425,0.5,0.0,0,0.8335,0.22,0.5,1,0.25,0.5,0.5,1,0.0,0.5,0,0.0,0.0,1,0.2222
0.6045,0.35,0.5,0.0,1,0.8335,0.28,1.0,0,0.125,0.0,0.5,1,0.0,0.5,0,0.0,0.0,1,0.2222
0.442,0.85,0.0,0.5,1,0.3333,0.98,0.5,1,0.0,0.5,0.5,1,-1.0,0.6665,0,0.5,0.0,0,0.3333
0.186,0.125,0.5,1.0,1,0.8335,0.34,0.5,1,0.125,1.0,0.5,1,0.0,0.5,0,0.0,0.0,0,0.1555
0.628,0.575,1.0,0.0,0,0.8335,0.62,0.5,1,0.0,0.0,0.5,1,0.0,0.6665,0,0.0,0.5,1,0.2888
0.3257,0.15,0.0,1.0,1,0.5,0.5,0.0,1,0.0,1.0,1.0,1,-1.0,0.5,0,0.5,0.0,1,0.1555
0.3489,0.7,0.5,1.0,1,0.5,0.02,0.5,1,0.0,0.5,0.5,1,1.0,0.5,0,0.5,0.0,0,0.2888
0.3489,0.9,1.0,0.5,1,0.8335,0.94,0.5,1,0.0,0.5,1.0,0,0.0,0.8335,0,0.5,0.0,1,0.3777
0.628,0.425,1.0,0.5,1,0.8335,0.08,0.0,1,0.125,1.0,0.5,1,1.0,0.5,0,1.0,0.0,0,0.3333
0.1395,0.5,1.0,0.5,0,0.8335,0.66,0.0,0,0.375,0.5,0.5,1,0.0,0.5,0,0.0,1.0,0,0.1555
0.884,0.925,1.0,1.0,1,1.0,0.82,0.5,1,0.25,0.0,0.5,1,1.0,0.5,0,0.0,0.5,0,0.533
0.5815,0.525,0.5,1.0,1,0.6665,0.74,0.5,1,0.25,1.0,1.0,1,0.0,0.1666,0,1.0,0.0,1,0.4
0.465,0.5,1.0,1.0,1,0.5,0.8,1.0,1,0.125,0.0,0.0,1,-1.0,0.3333,0,0.5,1.0,1,0.2888
0.442,0.575,1.0,0.5,1,0.8335,0.74,0.0,1,0.0,1.0,0.5,1,0.0,0.3333,0,0.0,0.0,1,0.2888
0.4883,0.7,0.5,0.5,1,1.0,0.44,0.5,1,0.25,0.0,1.0,1,0.0,0.3333,0,0.0,0.5,0,0.311
0.5117,0.1,0.5,0.0,1,0.3333,0.9,1.0,1,0.125,0.0,0.5,1,1.0,0.3333,1,0.5,1.0,0,0.1777
0.5347,0.825,0.5,0.5,1,0.5,0.92,0.5,0,0.625,1.0,0.5,1,-1.0,0.6665,0,1.0,0.0,0,0.422
0.5117,0.425,0.5,0.5,1,0.1666,0.44,0.5,1,0.25,1.0,1.0,1,-1.0,0.8335,0,0.5,0.5,0,0.311
0.465,0.075,0.5,0.0,0,0.6665,0.48,0.5,1,0.0,0.0,0.5,1,-1.0,0.5,0,0.0,0.0,0,0.1333
0.4187,0.775,0.5,0.0,1,0.6665,0.48,0.0,1,0.5,0.5,0.5,1,0.0,0.3333,1,1.0,0.0,0,0.311
0.4187,0.375,0.5,0.0,0,0.3333,0.28,1.0,1,0.25,0.0,0.5,1,0.0,0.5,0,0.0,0.0,0,0.2
0.4187,0.1,0.5,0.5,1,0.8335,0.12,0.0,1,0.25,0.0,0.5,1,1.0,0.6665,0,1.0,1.0,0,0.1777
0.6045,0.625,0.0,1.0,0,0.3333,0.26,0.0,1,0.125,0.0,0.5,1,-1.0,0.3333,0,0.5,0.0,1,0.2888
0.5347,0.875,1.0,0.5,1,0.3333,0.84,0.5,1,0.25,0.0,0.5,1,0.0,0.5,0,0.0,1.0,1,0.3777
0.02325,0.9,0.0,1.0,1,0.8335,0.54,0.5,1,0.375,0.5,0.5,1,0.0,0.3333,0,0.0,1.0,0,0.2222
0.5347,0.95,0.0,0.0,0,0.3333,0.86,0.0,0,0.25,0.0,0.0,1,1.0,0.6665,0,0.5,0.0,1,0.311
0.465,0.875,0.5,0.0,0,0.1666,0.74,0.0,1,0.25,0.5,0.5,0,0.0,0.6665,0,0.0,0.0,1,0.3333
0.442,0.0,0.5,0.5,1,0.6665,0.34,0.0,1,0.125,0.5,0.5,1,0.0,0.6665,0,1.0,0.5,0,0.1777
0.3953,0.375,0.0,0.5,1,0.5,0.18,0.0,1,0.0,0.5,0.5,1,1.0,0.3333,1,0.0,0.0,0,0.1555
0.6045,0.825,0.5,0.5,1,0.8335,0.56,0.0,1,0.125,0.0,0.5,1,1.0,0.3333,0,1.0,0.0,0,0.3777
0.5815,0.375,1.0,1.0,0,0.6665,0.94,0.5,1,0.125,0.0,0.5,1,0.0,0.6665,0,0.0,1.0,1,0.311
0.3257,0.6,0.5,0.5,0,0.0,0.84,0.0,1,0.25,0.5,0.5,1,-1.0,0.5,0,0.0,0.5,0,0.2444
0.4883,0.6,0.5,0.5,1,0.8335,0.76,0.5,1,0.25,0.0,1.0,0,0.0,0.6665,0,1.0,0.0,1,0.3555
0.3022,0.375,0.0,0.0,0,1.0,0.76,0.5,1,0.25,0.0,0.5,0,-1.0,0.5,0,0.5,0.5,0,0.1555
0.2559,0.9,0.5,0.0,1,0.8335,0.52,0.5,1,0.25,0.5,1.0,1,1.0,0.3333,0,0.0,0.0,1,0.2888
0.3489,0.5,1.0,0.0,0,0.8335,0.16,0.0,1,0.0,0.5,0.5,1,0.0,0.3333,0,0.0,0.0,0,0.1777
0.558,0.475,0.5,0.5,1,0.5,0.28,0.5,1,0.0,0.0,0.5,1,0.0,0.5,0,0.5,1.0,0,0.2444
0.5815,1.0,1.0,0.5,1,0.3333,0.58,1.0,1,0.125,0.5,1.0,1,1.0,0.5,0,0.5,0.5,1,0.4443
0.5117,0.5,0.5,0.0,1,0.5,0.32,1.0,1,0.125,1.0,1.0,0,1.0,0.6665,0,0.5,0.0,0,0.311
0.5347,0.175,1.0,0.5,0,0.6665,0.78,0.5,1,0.25,1.0,0.0,0,1.0,0.5,0,0.0,0.0,0,0.2888
0.5117,0.525,1.0,0.5,0,0.6665,0.38,0.5,1,0.625,0.5,0.5,1,-1.0,0.3333,0,0.0,0.5,1,0.311
0.3489,0.825,1.0,0.0,0,0.3333,0.12,0.5,1,0.25,0.0,0.5,1,1.0,0.6665,0,0.0,0.0,1,0.2666
0.5117,0.775,1.0,0.5,1,0.3333,0.78,0.5,1,0.375,0.5,0.5,0,-1.0,0.5,0,1.0,0.0,1,0.4
0.558,0.8,0.5,1.0,1,0.1666,0.7,0.0,1,0.125,0.0,0.5,1,-1.0,0.1666,0,0.5,0.0,1,0.3555
0.558,0.7,1.0,0.5,1,0.6665,0.26,0.5,1,0.25,1.0,0.5,1,1.0,0.5,0,0.0,0.5,0,0.3555
0.6045,0.25,0.5,0.5,0,0.3333,0.98,1.0,1,0.25,0.0,0.5,0,0.0,0.3333,0,0.0,0.0,0,0.2888
0.5347,0.85,1.0,0.0,0,0.5,0.4,0.5,1,0.125,1.0,0.5,1,0.0,0.1666,0,0.0,0.0,1,0.3333
0.4883,0.9,0.0,1.0,1,1.0,0.68,0.0,1,0.125,1.0,1.0,1,-1.0,0.5,0,0.0,0.0,1,0.3555
0.5815,0.2,0.5,1.0,0,0.6665,0.92,1.0,1,0.125,0.5,1.0,1,0.0,0.3333,0,0.0,0.0,1,0.311
0.442,0.125,1.0,0.5,0,0.5,0.16,0.5,0,0.375,0.0,0.5,0,0.0,0.6665,0,0.0,0.0,1,0.1777
0.3257,0.975,0.0,0.5,1,0.6665,0.88,0.5,1,0.25,0.5,0.5,0,0.0,0.5,0,1.0,0.0,1,0.3555
0.4187,0.875,0.5,0.5,1,0.8335,0.7,0.5,0,0.25,0.0,0.5,1,-1.0,0.5,0,0.5,0.0,1,0.311
0.3489,0.9,1.0,0.5,1,0.1666,0.16,0.5,1,0.25,1.0,0.0,1,1.0,0.8335,0,1.0,0.5,1,0.3555
0.3489,0.875,0.5,0.0,0,0.3333,0.66,0.0,1,0.25,0.0,1.0,0,0.0,0.5,0,0.0,0.0,0,0.2888
0.4187,0.55,0.5,0.5,0,0.5,0.88,0.5,1,0.125,0.5,0.5,1,1.0,0.5,0,0.0,0.0,0,0.2888
0.3257,0.65,0.5,0.0,0,0.3333,0.8,0.5,1,0.0,0.5,1.0,1,0.0,0.5,0,1.0,1.0,1,0.2444
0.3953,0.55,0.5,0.5,0,0.5,0.76,0.5,1,0.375,0.0,0.5,1,-1.0,0.5,0,0.5,0.5,0,0.2666
0.186,0.05,0.0,1.0,1,0.1666,0.16,0.0,1,0.0,0.5,1.0,0,1.0,0.8335,0,0.5,0.5,0,0.08887
0.465,0.75,0.0,0.5,0,0.6665,0.2,0.5,1,0.125,0.0,0.5,1,-1.0,0.3333,0,0.5,0.0,0,0.2444
0.442,0.5,0.0,0.0,0,0.3333,0.54,0.0,1,0.0,0.5,1.0,0,-1.0,0.5,0,0.0,0.0,1,0.2
0.3257,0.65,0.5,0.5,0,0.5,0.58,0.5,1,0.125,0.0,0.5,1,0.0,0.5,1,0.0,0.5,0,0.2
0.5347,0.5,0.5,1.0,1,0.5,0.94,0.5,1,0.0,0.0,1.0,0,0.0,0.6665,0,0.0,0.5,0,0.311
0.5815,0.5,1.0,0.0,0,0.6665,0.46,1.0,1,0.125,0.5,0.5,1,0.0,0.5,0,0.0,0.0,1,0.311
0.2094,0.175,0.5,0.5,0,0.0,0.3,0.5,0,0.375,0.5,0.5,1,1.0,0.5,0,0.0,0.0,1,0.1333
0.3257,0.275,1.0,1.0,0,0.6665,0.2,0.5,1,0.0,0.0,1.0,0,-1.0,0.5,0,0.0,1.0,0,0.1555
0.3257,0.15,0.0,0.5,0,0.5,0.06,0.5,1,0.25,0.5,1.0,1,-1.0,0.5,0,0.5,0.0,0,0.1333
0.3022,0.2,0.5,0.5,1,0.6665,0.06,1.0,1,0.125,0.5,1.0,0,1.0,0.3333,0,0.5,0.0,0,0.1777
0.558,0.975,0.5,0.0,0,0.1666,0.58,0.0,1,0.25,0.0,0.5,1,1.0,0.6665,0,0.5,0.0,0,0.3555
0.4187,0.15,1.0,1.0,1,0.6665,0.18,0.5,1,0.125,0.5,0.0,1,1.0,0.3333,0,1.0,0.5,0,0.2222
0.3953,0.275,1.0,1.0,1,0.8335,0.86,0.5,1,0.125,0.0,1.0,0,0.0,0.6665,0,0.5,0.5,1,0.2888
0.1628,0.6,1.0,1.0,0,0.5,0.6,0.5,1,0.125,1.0,1.0,1,1.0,0.6665,0,0.0,0.5,1,0.2666
0.5347,0.6,0.0,1.0,1,0.3333,0.86,1.0,1,0.25,0.0,0.5,1,0.0,0.1666,0,0.0,0.0,0,0.3333
0.279,0.15,1.0,0.5,1,0.3333,0.42,0.5,1,0.375,0.5,0.5,1,0.0,0.5,0,0.0,0.0,1,0.2
0.442,0.8,0.5,1.0,0,0.6665,0.6,1.0,1,0.0,0.5,0.5,0,0.0,0.5,0,0.5,0.0,1,0.3555
0.4883,0.775,1.0,0.5,1,0.6665,0.52,0.0,1,0.25,0.5,0.5,1,0.0,0.5,0,0.5,0.5,0,0.3555
0.628,0.225,0.5,1.0,0,0.6665,0.98,0.0,1,0.0,1.0,0.5,0,-1.0,0.5,0,0.0,0.5,0,0.2666
0.2559,0.3,0.5,0.0,1,0.5,0.8,0.5,1,0.0,1.0,0.5,1,1.0,0.5,0,1.0,1.0,1,0.1777
0.02325,0.95,0.0,1.0,1,0.5,0.6,1.0,1,0.25,0.0,1.0,1,0.0,0.1666,0,0.0,0.0,1,0.2444
0.465,0.825,0.5,0.0,1,0.5,0.6,0.5,1,0.375,1.0,0.5,1,0.0,0.1666,0,0.0,0.5,1,0.3333
0.6978,0.7,0.5,0.0,0,0.3333,0.24,0.5,1,0.25,0.0,0.5,0,1.0,0.6665,0,0.0,0.0,1,0.3333
0.6045,0.075,0.0,0.5,1,0.6665,0.74,0.5,1,0.375,0.0,1.0,0,1.0,0.5,0,0.0,0.0,0,0.2666
0.465,0.425,0.0,0.5,0,0.5,0.98,1.0,1,0.375,0.5,1.0,1,0.0,0.5,0,1.0,0.0,1,0.311
0.372,0.55,1.0,0.0,0,0.8335,0.12,0.0,1,0.375,1.0,0.5,1,1.0,0.3333,0,0.0,0.0,0,0.2444
0.558,0.175,0.5,1.0,0,0.8335,0.64,0.5,1,0.125,0.5,0.5,1,1.0,0.5,0,1.0,1.0,0,0.2666
0.3022,0.45,1.0,0.5,1,0.5,0.52,0.5,1,0.0,1.0,0.5,1,-1.0,0.3333,1,0.5,0.0,0,0.2222
0.5117,0.6,1.0,1.0,1,0.6665,0.86,0.5,1,0.125,1.0,0.5,1,1.0,0.5,0,1.0,1.0,1,0.3777
0.5117,0.325,1.0,1.0,0,0.3333,0.0,0.5,1,0.125,0.5,0.5,1,1.0,0.5,0,0.5,0.0,1,0.2888
0.5815,0.775,1.0,0.5,1,0.5,0.14,0.0,1,0.375,0.5,0.5,1,-1.0,0.5,0,0.5,0.0,1,0.3777
0.8374,0.85,1.0,0.5,1,0.6665,0.04,1.0,1,0.125,0.0,0.5,0,1.0,0.5,0,1.0,0.0,1,0.4666
0.4883,0.325,0.5,0.0,1,0.1666,0.16,0.5,1,0.5,0.0,0.5,1,1.0,0.5,1,0.5,0.0,0,0.2222
0.372,0.85,0.0,0.5,0,0.6665,0.7,0.5,1,0.125,0.5,0.0,1,1.0,0.6665,0,0.0,0.0,1,0.2888
0.442,0.1,0.5,0.5,1,0.3333,0.14,0.5,1,0.375,0.0,1.0,1,0.0,0.6665,0,0.5,0.0,0,0.2222
0.186,0.85,0.5,0.5,1,0.3333,0.62,0.0,1,0.0,0.0,1.0,1,1.0,0.5,0,0.0,0.0,1,0.2444
0.3489,0.15,0.0,0.5,0,0.3333,0.86,0.5,1,0.875,0.0,0.5,1,-1.0,0.3333,0,0.0,1.0,1,0.1777
0.3953,0.075,0.5,0.0,0,0.5,0.04,0.5,1,0.25,1.0,1.0,1,1.0,0.5,0,1.0,0.5,0,0.1777
0.372,0.65,0.5,0.5,1,0.1666,0.02,0.5,1,0.25,0.0,0.5,0,0.0,0.3333,0,1.0,0.5,1,0.2444
0.465,0.475,1.0,0.0,1,0.6665,0.98,0.5,1,0.25,0.0,1.0,1,1.0,0.6665,0,0.0,0.0,1,0.311
0.3257,0.9,0.5,1.0,1,0.5,0.68,1.0,1,0.375,0.5,0.0,1,1.0,0.1666,0,1.0,0.0,1,0.3777
0.6045,0.375,0.5,0.0,1,1.0,0.14,0.5,1,0.375,1.0,0.0,1,-1.0,0.5,0,0.0,0.0,1,0.2444
0.442,0.275,0.5,0.5,1,0.5,0.3,0.5,0,0.25,0.5,0.5,1,-1.0,0.6665,0,0.0,0.5,0,0.2
0.442,0.5,0.5,0.0,1,0.6665,0.98,0.0,1,0.0,0.0,1.0,0,1.0,0.5,0,0.0,0.0,1,0.2666
0.3953,0.45,1.0,1.0,1,0.3333,0.22,0.0,1,0.125,0.0,0.5,0,1.0,0.8335,0,0.0,0.0,1,0.2666
0.465,0.35,0.0,0.5,1,0.1666,0.76,0.5,1,0.125,0.5,1.0,1,0.0,0.1666,0,0.5,0.0,1,0.2444
0.558,0.7,0.5,0.0,1,0.6665,0.24,0.0,1,0.25,0.0,0.5,1,0.0,0.3333,0,0.0,0.0,0,0.2888
0.3257,0.75,0.5,0.5,0,0.1666,0.4,0.5,1,0.0,0.5,0.5,0,0.0,0.3333,0,0.0,0.5,1,0.2222
0.3489,0.85,0.5,1.0,1,0.6665,0.88,1.0,1,0.25,0.0,1.0,0,-1.0,0.5,0,0.0,0.0,1,0.3555
0.3953,0.975,0.5,1.0,1,1.0,0.02,0.5,1,0.125,0.5,0.0,1,0.0,0.6665,0,1.0,0.0,1,0.3555
0.2559,0.275,0.5,0.5,1,0.6665,0.3,0.5,1,0.125,0.5,1.0,0,0.0,0.3333,0,0.0,0.5,1,0.1555
0.3257,0.725,0.5,1.0,1,0.6665,0.48,0.0,1,0.25,0.5,1.0,1,1.0,0.3333,0,0.5,0.0,1,0.311
0.372,0.4,0.5,0.0,0,0.5,0.62,0.0,1,0.5,1.0,0.5,0,0.0,0.3333,0,0.0,0.0,1,0.2222
0.558,0.675,1.0,0.0,0,0.3333,0.02,0.0,1,0.375,0.5,0.5,1,0.0,0.5,0,1.0,0.0,1,0.3333
0.4883,0.475,0.5,0.5,1,0.5,0.42,0.5,1,0.25,0.0,0.5,0,0.0,0.3333,0,0.5,0.5,1,0.2444
0.465,1.0,0.5,0.5,0,0.3333,0.34,0.5,1,0.0,1.0,0.5,1,1.0,0.5,0,0.0,1.0,1,0.3333
0.558,0.725,0.5,1.0,0,0.1666,0.02,0.0,1,0.25,0.5,1.0,0,-1.0,0.3333,0,1.0,0.5,0,0.3333
0.4187,0.95,0.0,1.0,1,0.5,0.36,0.5,1,0.125,0.0,0.5,0,0.0,0.6665,0,0.0,0.5,0,0.311
0.4883,0.825,1.0,0.0,1,0.8335,0.94,0.5,1,0.25,0.5,0.5,1,0.0,0.5,1,0.0,0.0,1,0.3555
0.4187,0.9,0.5,0.5,0,0.1666,0.28,0.5,1,0.125,0.5,0.5,1,0.0,0.5,0,0.0,0.0,1,0.311
0.4883,0.825,1.0,0.5,0,0.8335,0.58,0.5,1,0.25,0.5,1.0,1,1.0,0.3333,0,1.0,0.0,0,0.4
0.372,0.45,0.5,0.5,1,0.8335,0.3,0.0,1,0.125,0.5,1.0,1,0.0,0.6665,0,0.0,0.5,0,0.2222
0.093,0.25,1.0,1.0,1,0.6665,0.1,0.5,1,0.375,0.0,0.5,1,0.0,0.5,0,0.0,0.0,1,0.1555
0.4187,0.375,0.5,1.0,0,0.6665,0.28,0.5,1,0.25,1.0,0.0,1,-1.0,0.8335,0,1.0,0.5,0,0.2666
0.6514,0.025,0.0,0.5,1,0.5,0.48,1.0,1,0.125,0.5,0.5,1,0.0,0.5,0,1.0,0.5,1,0.2222
0.5815,0.525,0.0,0.5,0,0.5,0.3,0.0,1,0.125,0.5,0.5,1,0.0,0.5,0,0.0,1.0,1,0.2222
0.5815,0.5,0.5,1.0,1,0.3333,0.62,0.5,1,0.0,0.5,0.5,1,0.0,0.3333,0,0.5,0.0,0,0.3333
0.6045,0.525,0.5,0.5,1,0.5,0.94,0.0,1,0.125,0.5,0.5,1,0.0,0.3333,0,0.5,0.0,0,0.3333
0.465,0.975,0.5,1.0,1,0.5,0.06,0.5,1,0.0,0.5,0.0,1,0.0,0.6665,0,1.0,0.0,0,0.3555
0.465,0.9,1.0,0.0,0,1.0,0.72,0.0,1,0.125,0.0,1.0,1,0.0,0.5,0,0.5,0.0,1,0.3555
0.3489,0.15,0.5,0.5,1,0.6665,0.0,0.0,1,0.125,0.5,1.0,1,0.0,0.6665,0,0.0,0.5,1,0.1555
0.3953,0.375,0.5,0.0,0,0.5,0.0,0.5,1,0.5,0.0,0.5,1,1.0,0.3333,0,1.0,0.0,0,0.2222
0.5347,0.425,1.0,0.5,1,0.5,0.14,0.5,1,0.375,0.5,1.0,1,1.0,0.3333,0,0.5,1.0,1,0.6445
0.6045,0.35,0.5,0.5,1,0.3333,0.48,0.5,1,0.25,0.5,1.0,1,0.0,0.3333,0,0.5,1.0,1,0.2888
0.4187,0.8,1.0,0.5,1,0.3333,0.04,0.5,1,0.375,1.0,0.5,1,1.0,0.1666,0,0.0,0.0,1,0.3333
0.372,0.525,0.5,1.0,0,0.6665,0.72,0.5,1,0.125,0.5,0.5,0,0.0,0.5,0,1.0,0.0,1,0.2888
0.442,0.575,0.5,0.5,0,0.3333,0.02,0.5,1,0.25,0.0,1.0,1,-1.0,0.6665,0,1.0,0.0,1,0.2666
0.5347,0.85,0.0,0.5,1,0.3333,0.5,0.0,1,0.125,0.0,1.0,1,-1.0,0.6665,0,0.0,0.0,0,0.311
0.2325,0.8,1.0,1.0,1,0.3333,0.68,0.5,1,0.25,0.0,0.0,1,-1.0,0.1666,0,0.0,0.0,0,0.2888
0.1163,0.125,1.0,1.0,0,0.3333,0.24,0.5,0,0.375,0.0,0.0,1,0.0,0.1666,0,0.0,0.0,1,0.08887
0.372,0.725,1.0,0.0,1,0.8335,0.58,0.5,0,0.0,0.5,0.5,1,1.0,0.3333,0,0.5,0.0,0,0.2666
0.279,0.425,0.5,1.0,1,0.5,0.26,0.0,1,0.0,1.0,0.0,1,1.0,0.1666,0,0.0,0.5,1,0.1777
0.372,0.3,1.0,1.0,1,0.5,0.22,0.0,1,0.125,0.5,0.5,1,-1.0,0.6665,0,0.0,0.0,0,0.2222
0.4187,0.05,0.5,0.5,0,0.5,0.82,0.0,1,0.125,0.0,0.5,1,1.0,0.5,0,0.5,0.0,1,0.1777
0.372,0.475,0.5,0.5,0,0.5,0.34,0.0,1,0.125,0.0,0.5,0,1.0,0.5,0,0.0,0.0,0,0.2
0.6514,0.35,1.0,0.5,1,0.3333,0.82,1.0,1,0.375,0.0,1.0,1,1.0,0.6665,0,0.5,1.0,0,0.3777
0.4883,0.25,0.0,0.5,1,0.1666,0.22,1.0,1,0.125,0.0,0.5,1,-1.0,0.5,0,0.5,0.5,1,0.1777
0.4883,0.7,0.5,0.5,0,0.8335,0.36,0.5,0,0.25,0.5,0.5,1,0.0,0.3333,1,0.0,0.0,1,0.2444
0.5347,0.775,0.5,0.5,1,0.6665,0.1,0.0,1,0.0,0.5,0.0,0,0.0,0.3333,0,0.5,0.5,0,0.2666
0.279,0.25,1.0,1.0,1,0.6665,0.5,1.0,1,0.125,1.0,0.5,1,1.0,0.3333,1,1.0,0.5,1,0.2444
0.5815,0.05,0.5,0.5,1,0.6665,0.38,0.5,1,0.25,0.5,1.0,1,1.0,0.5,0,0.5,0.5,0,0.2444
0.442,0.85,0.5,0.5,1,1.0,0.0,0.0,1,0.125,0.0,1.0,0,-1.0,0.6665,1,1.0,0.0,0,0.2888
0.5347,0.0,1.0,1.0,0,0.3333,0.46,0.5,1,0.125,0.0,0.5,0,1.0,0.8335,0,1.0,0.5,1,0.2444
0.3022,0.925,0.5,0.5,1,0.1666,0.08,0.5,1,0.375,0.5,0.5,1,-1.0,0.3333,0,0.5,0.0,0,0.2888
0.2325,0.625,0.5,0.5,1,0.6665,0.84,0.0,1,0.25,0.5,0.5,1,-1.0,0.6665,0,0.0,1.0,0,0.2222
0.558,0.325,0.5,0.5,1,0.1666,0.5,0.0,1,0.0,0.5,0.5,0,1.0,0.3333,0,0.5,0.0,0,0.2666
0.4883,0.25,1.0,0.0,0,0.5,0.7,0.5,1,0.0,1.0,0.5,0,-1.0,0.5,0,0.0,1.0,1,0.2
0.3257,0.0,0.0,1.0,0,0.5,0.82,0.0,1,0.0,0.0,0.5,0,-1.0,0.3333,0,0.5,1.0,1,0.08887
0.3257,0.225,0.5,0.5,1,0.6665,0.06,0.0,0,0.0,1.0,0.5,0,-1.0,0.5,0,0.0,0.0,1,0.1111
0.6045,0.15,0.0,1.0,0,0.3333,0.34,0.0,1,0.125,1.0,1.0,1,-1.0,0.6665,0,0.5,1.0,0,0.2222
0.279,0.6,0.5,0.5,1,0.8335,0.02,1.0,1,0.0,0.0,0.5,1,-1.0,0.6665,0,0.0,0.0,0,0.2
0.6743,0.175,0.5,1.0,0,0.3333,0.04,0.5,1,0.125,0.0,0.5,1,0.0,0.1666,0,0.0,0.0,0,0.2444
0.3257,0.525,0.5,0.5,1,0.6665,0.04,0.5,1,0.0,0.5,0.5,1,0.0,0.3333,0,1.0,0.0,1,0.2222
0.5347,0.6,0.5,0.5,1,0.3333,0.48,0.5,1,0.25,0.5,1.0,1,1.0,0.3333,0,0.0,1.0,1,0.311
0.3953,0.3,1.0,1.0,1,0.6665,0.46,0.5,1,0.0,0.5,0.5,0,1.0,0.6665,1,0.0,0.0,0,0.2444
0.5347,0.025,1.0,0.5,1,0.1666,0.06,0.5,1,0.125,0.0,1.0,0,0.0,0.8335,0,0.5,0.0,0,0.2222
0.372,0.025,1.0,0.5,0,0.5,0.26,0.0,1,0.125,0.5,0.5,1,1.0,0.6665,0,0.5,0.5,0,0.1555
0.4187,0.025,0.5,0.0,0,0.8335,0.24,0.5,1,0.25,0.5,0.5,1,0.0,0.3333,0,0.0,1.0,0,0.1111
0.442,0.75,0.0,0.5,0,0.5,0.3,0.0,0,0.5,0.0,1.0,1,1.0,0.6665,0,0.5,0.5,0,0.2888
0.3022,0.325,0.5,1.0,1,0.8335,0.64,0.5,1,0.125,0.5,0.5,1,-1.0,0.5,0,0.0,0.0,0,0.2
0.5347,0.8,1.0,1.0,0,0.5,0.7,1.0,1,0.0,0.5,0.5,1,1.0,0.5,0,0.5,0.0,0,0.4
0.372,0.425,0.5,0.5,1,0.3333,0.34,0.0,1,0.125,0.0,0.5,1,1.0,0.1666,0,0.5,0.0,1,0.2
0.4187,0.45,1.0,1.0,0,0.5,0.78,0.5,1,0.25,0.5,0.5,1,0.0,0.6665,0,0.0,0.5,0,0.311
0.3022,0.525,0.0,0.5,0,0.6665,0.42,0.0,1,0.125,0.0,1.0,1,0.0,0.5,1,1.0,0.0,0,0.1777
0.093,0.725,0.5,0.5,1,0.0,0.52,1.0,1,0.25,0.5,0.5,1,0.0,0.5,0,0.5,0.0,1,0.2222
0.4187,0.275,0.5,0.5,0,0.6665,0.14,0.5,1,0.25,0.5,1.0,1,1.0,0.6665,0,0.0,0.5,1,0.2222
0.7676,0.125,0.5,0.5,1,0.3333,0.24,1.0,1,0.0,0.5,1.0,1,-1.0,0.5,0,0.0,0.0,1,0.2666
0.558,0.55,0.5,0.5,1,0.1666,0.72,0.5,0,0.0,0.0,0.0,1,1.0,0.6665,0,0.0,0.0,1,0.2666
0.442,0.325,0.5,0.5,0,0.6665,0.98,0.0,1,0.125,0.5,0.5,0,1.0,0.5,0,0.0,0.0,1,0.2444
0.3953,0.45,0.5,1.0,1,0.8335,0.7,1.0,1,0.125,0.0,1.0,0,-1.0,0.3333,0,1.0,0.0,1,0.2888
0.442,0.65,0.5,0.0,1,0.5,0.06,0.5,1,0.125,0.0,1.0,1,-1.0,0.3333,0,0.0,0.0,1,0.2222
0.5117,0.5,0.0,0.0,1,0.1666,0.14,0.5,1,0.125,0.0,0.5,1,0.0,0.6665,0,1.0,0.0,1,0.2444
0.279,0.625,1.0,0.0,1,0.3333,0.44,0.5,1,0.25,0.0,0.5,1,1.0,0.1666,0,0.5,0.5,0,0.2444
0.6045,0.55,0.5,0.5,1,0.3333,0.74,0.0,0,0.25,0.0,1.0,1,1.0,0.3333,0,0.0,0.0,1,0.311
0.5347,0.75,0.5,0.5,0,0.5,0.16,0.5,1,0.25,0.0,0.5,0,0.0,0.3333,0,1.0,0.0,1,0.3333
0.5347,0.7,0.5,0.0,1,0.5,0.76,0.5,1,0.25,0.5,1.0,0,0.0,0.3333,0,1.0,0.5,1,0.3555
0.5117,0.525,1.0,0.5,0,0.6665,0.56,1.0,1,0.5,0.0,0.0,1,1.0,0.5,0,0.0,0.5,1,0.3333
0.442,0.675,0.5,0.5,0,0.6665,0.78,0.0,1,0.25,0.5,0.5,1,0.0,0.5,0,0.0,0.5,1,0.2888
0.5347,0.875,1.0,1.0,1,0.6665,0.56,0.5,1,0.25,0.0,1.0,1,-1.0,0.3333,0,1.0,1.0,0,0.4
0.5347,0.425,0.5,1.0,0,0.6665,0.6,1.0,1,0.125,0.0,1.0,1,1.0,0.3333,1,0.0,0.5,0,0.2888
0.3953,0.425,0.5,0.5,1,0.5,0.24,0.0,1,0.25,1.0,0.5,0,0.0,0.6665,0,0.5,0.0,1,0.2444
0.372,0.775,0.5,0.0,1,1.0,0.72,0.0,1,0.125,0.5,0.5,1,0.0,0.5,1,1.0,0.5,0,0.2666
0.465,0.575,0.5,0.0,1,0.6665,0.84,0.0,1,0.25,0.5,0.5,0,-1.0,0.6665,1,0.0,0.0,1,0.2444
0.6514,0.075,0.5,1.0,1,0.6665,0.88,0.5,1,0.0,0.5,1.0,0,1.0,0.3333,0,1.0,0.0,0,0.311
0.279,0.9,0.5,0.5,0,1.0,0.02,0.5,1,0.125,0.0,0.0,1,1.0,0.5,0,1.0,0.0,0,0.2666
0.2325,0.025,0.5,0.0,1,0.5,0.62,1.0,1,0.625,0.5,0.0,1,1.0,0.6665,1,0.0,0.0,1,0.1333
0.465,0.75,0.5,0.5,0,0.3333,0.98,0.5,1,0.25,0.0,0.5,0,-1.0,0.5,0,0.5,0.0,0,0.3333
0.442,0.75,1.0,1.0,0,0.8335,0.58,0.5,1,0.25,0.0,0.5,1,-1.0,0.3333,0,0.0,0.0,0,0.3333
0.465,0.95,0.5,0.5,1,0.8335,0.18,1.0,0,0.375,0.5,0.5,1,0.0,0.5,1,0.5,0.0,0,0.3333
0.465,0.05,0.5,0.5,0,0.5,0.88,0.0,1,0.125,0.0,1.0,0,1.0,0.5,0,0.5,0.5,0,0.2
0.4187,0.6,1.0,0.5,0,1.0,0.26,0.5,1,0.0,0.0,0.5,1,-1.0,0.5,0,0.5,1.0,0,0.2222
0.6514,0.425,0.5,0.5,0,0.5,0.04,0.5,1,0.625,0.0,0.5,1,1.0,0.6665,0,0.5,0.0,0,0.3333
0.2094,0.325,0.0,1.0,1,0.6665,0.44,0.0,1,0.125,0.0,1.0,1,1.0,0.3333,0,0.5,0.5,0,0.1555
0.3257,0.1,1.0,1.0,1,0.8335,0.1,1.0,1,0.125,0.5,0.0,1,0.0,0.5,0,0.5,0.0,0,0.2
0.4187,0.575,0.5,1.0,1,0.5,0.12,0.5,1,0.125,0.5,0.0,0,1.0,0.5,0,0.5,1.0,0,0.2666
0.2094,0.475,1.0,0.5,0,0.6665,0.46,1.0,0,0.125,0.0,0.0,1,0.0,0.6665,0,0.0,0.0,0,0.1777
0.4187,0.1,0.0,0.5,1,0.8335,0.62,1.0,1,0.0,0.5,1.0,1,0.0,0.5,1,0.0,0.0,1,0.1555
0.6743,0.6,0.0,0.5,0,0.3333,0.9,0.5,1,0.25,1.0,1.0,1,-1.0,0.3333,0,0.5,0.0,1,0.3777
0.442,0.75,0.0,0.5,0,0.3333,0.7,1.0,0,0.375,0.0,1.0,0,0.0,0.3333,0,0.5,0.0,1,0.311
0.465,0.775,0.5,1.0,1,0.8335,0.84,0.5,1,0.625,0.0,0.5,0,-1.0,0.3333,0,0.0,0.0,1,0.3777
0.2559,0.9,0.0,0.5,1,0.5,0.42,1.0,1,0.25,0.5,0.5,0,1.0,0.3333,0,0.5,0.0,1,0.2888
0.3489,0.4,0.0,0.5,0,0.3333,0.32,0.0,1,0.125,0.5,0.5,0,0.0,0.5,0,1.0,0.0,0,0.2
0.3953,0.95,1.0,1.0,1,0.5,0.6,0.0,1,0.375,0.0,0.5,0,0.0,0.1666,0,0.5,0.0,0,0.3777
0.3953,0.875,1.0,1.0,1,0.6665,0.7,0.0,1,0.25,0.0,1.0,1,1.0,0.5,0,0.5,0.0,0,0.4
0.628,0.3,1.0,0.5,1,0.1666,0.56,0.0,0,0.625,0.5,0.0,0,-1.0,0.3333,0,0.5,1.0,1,0.2666
0.5117,0.15,1.0,0.0,1,0.6665,0.26,0.5,1,0.0,0.0,0.5,1,-1.0,0.6665,0,0.5,0.0,0,0.2
0.279,0.425,0.5,0.5,1,0.6665,0.36,0.0,1,0.375,1.0,0.5,0,0.0,0.5,0,0.0,0.0,0,0.2222
0.465,0.4,1.0,1.0,1,0.8335,0.44,0.0,1,0.125,0.0,1.0,1,0.0,0.5,0,0.0,0.5,0,0.2666
0.5117,0.575,0.5,0.5,1,0.5,0.02,0.0,1,0.375,0.5,1.0,1,0.0,0.3333,0,0.5,0.5,1,0.2888
0.6045,0.575,0.5,1.0,1,0.8335,0.88,0.5,1,0.25,0.0,1.0,1,1.0,0.3333,0,0.0,0.0,1,0.3777
0.6514,0.75,1.0,0.0,1,0.5,0.52,0.0,1,0.125,0.5,0.0,1,1.0,0.5,0,0.0,0.5,0,0.3555
0.3022,0.5,0.5,0.5,1,0.5,0.76,0.5,1,0.125,0.5,0.5,0,0.0,0.5,0,0.0,0.0,1,0.2444
0.3257,0.1,1.0,0.5,0,0.5,0.18,0.0,1,0.0,0.0,0.5,1,0.0,0.5,1,0.0,0.0,0,0.08887
0.2559,0.85,0.5,0.5,1,1.0,0.56,0.5,1,0.125,0.5,1.0,1,0.0,0.3333,0,0.0,0.0,0,0.2888
0.4187,0.3,0.0,1.0,1,0.1666,0.92,0.0,0,0.375,0.0,0.0,1,1.0,0.3333,0,0.0,0.5,0,0.2
0.5117,0.975,0.0,0.5,0,0.6665,0.22,0.0,1,0.25,1.0,1.0,0,1.0,0.5,1,0.0,0.0,0,0.3333
0.5815,0.125,0.0,0.5,1,0.5,0.34,0.5,1,0.5,1.0,0.5,0,-1.0,0.5,0,0.0,0.5,0,0.2222
0.442,0.95,1.0,0.5,1,0.5,0.38,1.0,0,0.25,1.0,1.0,1,-1.0,0.3333,0,0.5,0.0,0,0.3777
0.3953,0.1,1.0,1.0,0,0.6665,0.38,0.5,1,0.375,1.0,0.5,1,1.0,0.5,0,0.5,0.5,1,0.2444
0.465,0.225,0.5,0.5,1,0.8335,0.6,1.0,1,0.25,0.5,1.0,1,1.0,0.8335,0,0.5,0.0,1,0.2888
0.3257,0.05,0.5,1.0,0,0.6665,0.4,0.5,1,0.125,0.0,0.5,0,1.0,0.5,0,0.5,0.0,1,0.1555
0.744,0.7,0.5,0.0,0,0.8335,0.68,0.5,1,0.125,0.0,0.5,1,-1.0,0.5,0,0.0,0.0,1,0.3333
0.2094,0.85,1.0,0.5,1,0.5,0.48,1.0,1,0.375,1.0,0.5,1,1.0,0.5,0,0.5,0.5,1,0.3333
0.465,0.425,0.5,0.0,1,0.5,0.16,0.5,1,0.0,0.0,1.0,1,-1.0,0.5,0,0.5,0.0,1,0.2
0.7207,0.925,1.0,0.0,1,0.1666,0.94,0.0,1,0.125,0.0,1.0,1,1.0,0.8335,0,0.5,0.5,0,0.4666
0.442,0.6,0.5,0.5,1,1.0,0.24,1.0,1,0.125,0.5,0.5,1,0.0,0.3333,0,0.5,0.5,1,0.2666
0.4187,0.625,1.0,1.0,0,0.5,0.56,0.0,1,0.25,0.0,1.0,0,-1.0,0.5,0,0.5,0.0,1,0.311
0.3953,0.85,0.5,0.0,1,0.5,0.06,0.5,1,0.5,0.5,1.0,1,1.0,0.5,0,0.0,1.0,0,0.2888
0.4187,0.3,0.5,0.5,1,0.6665,0.92,0.0,1,0.125,0.5,1.0,1,1.0,0.3333,0,1.0,0.5,0,0.2666
0.628,0.35,0.5,0.5,1,0.8335,0.92,0.0,1,0.0,1.0,1.0,0,0.0,0.5,0,0.0,0.0,0,0.311
0.1395,0.9,1.0,0.5,1,0.3333,0.36,0.5,1,0.25,0.0,1.0,1,0.0,0.1666,0,0.0,0.0,0,0.2666
0.6514,0.9,1.0,1.0,1,0.8335,0.12,0.0,1,0.0,0.0,1.0,0,0.0,0.6665,0,0.0,0.0,1,0.4
0.2325,0.975,0.5,1.0,1,0.5,0.76,1.0,0,0.5,0.5,0.0,0,0.0,0.5,0,0.5,0.0,1,0.3555
0.3953,0.9,0.5,0.0,0,0.8335,0.26,0.5,1,0.5,0.0,0.5,0,0.0,0.5,0,1.0,0.0,1,0.3333
0.372,0.125,1.0,0.5,1,0.3333,0.7,0.5,1,0.125,0.0,0.5,0,0.0,0.5,0,0.0,0.0,1,0.2222
0.5347,0.825,1.0,0.5,1,0.6665,0.92,0.5,1,0.0,0.5,0.5,1,1.0,0.1666,0,1.0,0.5,1,0.4
0.2094,0.4,0.5,0.5,1,0.5,0.6,0.5,1,0.125,0.0,1.0,1,1.0,0.6665,0,1.0,0.0,0,0.2222
0.5117,1.0,0.0,0.5,1,0.1666,0.86,0.5,1,0.5,0.0,0.5,0,0.0,0.5,0,1.0,0.5,1,0.4
0.7207,0.475,0.0,1.0,1,0.1666,0.22,0.5,1,0.0,0.0,1.0,1,1.0,0.5,0,0.5,0.0,1,0.3333
0.2559,0.55,1.0,0.5,1,0.3333,0.92,1.0,1,0.0,0.0,0.0,0,1.0,0.6665,1,0.5,0.0,1,0.2444
0.465,0.525,0.0,0.5,1,0.6665,0.22,1.0,1,0.375,0.5,0.0,1,-1.0,0.8335,0,0.0,0.5,0,0.2444
0.3489,0.325,0.5,0.5,1,0.0,0.22,0.0,1,0.5,0.0,1.0,0,0.0,0.8335,0,0.0,0.5,1,0.2
0.5117,0.075,0.5,0.5,1,0.6665,0.88,1.0,1,0.25,0.5,0.5,1,0.0,0.8335,0,1.0,0.0,1,0.2888
0.442,0.9,0.5,0.5,0,0.5,0.56,0.5,1,0.125,1.0,1.0,1,0.0,0.3333,0,0.0,0.0,1,0.3333
0.3489,0.8,0.5,0.5,1,0.0,0.8,1.0,1,0.75,1.0,0.5,0,0.0,0.5,0,0.0,0.0,1,0.3777
0.5117,0.15,0.5,1.0,0,0.3333,0.8,0.5,1,0.25,0.0,0.5,1,0.0,0.5,0,0.0,0.0,1,0.2444
0.6978,0.775,0.5,0.5,1,0.3333,0.64,0.5,1,0.25,0.5,1.0,1,1.0,0.5,0,0.0,0.0,1,0.422
0.4187,0.625,1.0,0.5,0,0.5,0.18,0.0,1,0.0,0.5,1.0,0,-1.0,0.6665,0,0.5,0.5,1,0.2666
0.5347,0.4,1.0,1.0,1,0.8335,0.7,0.5,1,0.25,0.0,0.5,0,1.0,0.3333,0,1.0,0.0,0,0.3555
0.2559,0.25,0.0,1.0,1,0.8335,0.06,0.5,1,0.25,0.0,0.5,1,0.0,0.3333,1,0.0,0.0,1,0.1111
0.3022,0.85,0.0,0.5,0,0.3333,0.2,0.5,1,0.375,1.0,0.5,1,0.0,0.5,0,0.5,0.0,0,0.2888
0.5117,0.7,0.5,0.5,0,0.3333,0.64,0.5,1,0.0,0.5,0.5,0,-1.0,0.5,0,0.5,0.0,1,0.311
0.6514,0.55,1.0,1.0,0,0.1666,0.9,0.5,1,0.25,0.5,1.0,1,0.0,0.5,0,0.5,0.0,1,0.422
0.4883,0.6,1.0,0.5,1,0.3333,0.78,0.5,1,0.25,0.5,0.5,1,0.0,0.5,0,0.0,0.0,1,0.3555
0.3953,0.1,1.0,0.5,1,0.3333,0.34,1.0,1,0.0,0.0,0.5,0,-1.0,0.6665,0,0.5,0.0,1,0.1777
0.442,0.475,1.0,0.0,1,0.5,0.82,1.0,0,0.25,0.0,0.5,0,-1.0,0.6665,1,0.5,0.5,1,0.2444
0.2559,0.2,0.5,1.0,0,0.5,0.96,0.5,1,0.125,0.5,1.0,0,0.0,0.6665,0,0.0,0.0,1,0.2222
0.5347,0.2,0.0,0.0,0,0.3333,0.34,1.0,0,0.0,0.0,1.0,0,1.0,0.5,1,0.0,1.0,0,0.1111
0.558,0.65,0.5,0.0,1,0.3333,0.18,0.5,1,0.375,0.0,0.5,1,1.0,0.5,0,0.0,0.0,0,0.311
0.372,0.9,1.0,0.5,0,0.3333,0.2,0.5,1,0.125,0.0,0.5,1,0.0,0.5,0,0.5,0.0,0,0.311
0.372,0.4,0.5,1.0,1,0.3333,0.4,0.0,1,0.25,1.0,0.5,1,0.0,0.6665,0,1.0,0.5,1,0.2666
0.4883,0.2,1.0,0.5,1,0.8335,0.06,1.0,1,0.125,0.5,0.5,1,0.0,0.3333,0,0.0,0.5,0,0.2222
0.372,0.65,1.0,1.0,1,0.6665,0.48,0.5,1,0.125,0.0,1.0,0,0.0,0.6665,0,0.5,0.0,1,0.3333
0.442,0.875,1.0,0.5,1,0.6665,0.74,0.0,1,0.0,0.0,0.5,0,1.0,0.5,0,1.0,0.5,0,0.3555
0.744,0.75,0.0,0.5,1,0.8335,0.54,0.5,1,0.375,0.5,1.0,1,-1.0,1.0,1,1.0,0.5,1,0.4
0.4187,0.875,0.0,1.0,1,0.6665,0.98,0.5,1,0.0,0.0,0.5,1,0.0,0.3333,0,1.0,0.5,1,0.3333
0.3953,0.525,1.0,0.0,1,0.8335,0.46,1.0,1,0.125,0.5,1.0,1,0.0,0.3333,0,0.0,0.0,0,0.2666
0.3489,0.75,0.0,1.0,1,0.6665,0.02,0.5,1,0.125,1.0,0.5,1,0.0,0.8335,0,0.0,0.5,0,0.2666
0.5347,0.15,0.0,1.0,0,0.5,0.48,0.5,1,0.0,1.0,1.0,1,0.0,0.3333,0,0.5,0.5,1,0.2222
0.4187,0.35,1.0,1.0,1,0.3333,0.92,0.5,1,0.25,1.0,0.5,1,0.0,0.5,0,0.5,0.0,1,0.311
0.3489,0.4,1.0,1.0,1,0.3333,0.1,0.5,0,0.125,0.0,0.5,1,1.0,0.1666,0,1.0,0.0,1,0.2222
0.628,0.5,0.5,1.0,1,0.6665,0.22,0.0,1,0.125,0.0,0.5,0,-1.0,0.5,0,0.5,1.0,0,0.2888
0.6514,0.925,1.0,0.5,0,0.5,0.72,0.5,1,0.0,0.5,0.5,1,1.0,0.5,0,0.5,0.0,0,0.422
0.3489,0.875,0.0,0.5,1,0.1666,0.3,1.0,1,0.0,0.5,0.5,0,0.0,0.5,0,0.5,0.0,0,0.2888
0.186,0.125,0.5,0.5,0,0.0,0.76,0.0,1,0.125,0.0,0.5,1,1.0,0.5,0,0.5,0.0,1,0.1333
0.5815,0.175,0.5,0.0,1,1.0,0.42,1.0,1,0.375,0.0,0.5,1,0.0,0.5,0,1.0,0.0,1,0.2666
0.3489,0.35,1.0,1.0,1,0.3333,0.8,0.5,1,0.125,0.0,0.5,0,-1.0,0.6665,1,0.0,0.0,0,0.2444
0.558,0.3,0.0,0.0,1,0.3333,0.56,0.0,1,1.0,0.5,1.0,1,1.0,0.6665,0,0.0,0.0,1,0.311
0.1628,0.625,0.5,0.0,1,0.8335,0.08,0.0,1,0.125,0.0,1.0,0,1.0,0.5,0,0.0,0.0,1,0.1555
0.558,0.9,0.5,1.0,1,0.1666,0.38,0.0,1,0.0,0.0,0.5,1,0.0,0.6665,0,0.0,0.5,1,0.3555
0.279,0.95,1.0,1.0,1,0.6665,0.34,0.5,1,0.125,0.5,0.5,0,1.0,0.6665,0,1.0,0.5,0,0.3555
0.5347,0.65,0.5,1.0,1,1.0,0.82,0.0,1,0.0,0.0,1.0,0,1.0,0.6665,0,0.5,0.0,0,0.3777
0.442,0.85,0.5,1.0,1,1.0,0.62,0.0,1,0.125,0.5,1.0,1,0.0,0.8335,1,0.0,1.0,0,0.311
0.3022,0.525,0.0,0.5,0,0.3333,0.78,0.5,0,0.75,0.0,1.0,0,0.0,0.5,0,0.5,0.0,0,0.2666
0.3953,0.2,0.5,1.0,0,0.5,0.38,0.5,1,0.125,0.0,1.0,1,0.0,0.6665,1,0.0,0.5,0,0.1777
0.5347,0.525,0.5,0.5,1,0.3333,0.7,0.5,0,0.125,0.5,1.0,1,0.0,0.6665,0,0.5,0.5,1,0.2888
0.465,0.55,1.0,1.0,1,0.5,0.06,0.0,1,0.0,1.0,0.5,1,1.0,0.3333,0,1.0,0.0,1,0.311
0.5347,0.75,0.5,0.0,1,0.8335,0.04,0.0,1,0.0,0.0,0.5,1,-1.0,0.5,1,0.5,0.0,0,0.2222
0.7207,0.225,1.0,1.0,1,0.1666,0.28,0.5,1,0.0,0.5,0.5,1,-1.0,0.5,0,1.0,0.0,0,0.3333
0.2325,0.375,0.5,0.5,0,0.6665,0.78,0.5,1,0.25,1.0,1.0,0,1.0,0.6665,0,0.5,0.5,1,0.2222
0.6743,0.375,0.5,0.5,0,0.5,0.54,0.5,1,0.0,0.0,0.5,1,1.0,0.3333,0,0.0,0.5,1,0.2666
0.465,0.95,0.5,1.0,1,0.8335,0.4,0.5,1,0.0,0.0,1.0,1,1.0,0.1666,0,0.5,0.0,1,0.3777
0.3257,0.45,0.5,1.0,1,0.8335,0.9,1.0,1,0.125,1.0,1.0,1,1.0,0.5,0,0.0,0.0,1,0.311
0.2559,0.75,1.0,1.0,1,0.3333,0.5,0.0,0,0.25,0.5,0.5,1,0.0,0.5,0,1.0,0.0,1,0.311
0.4187,0.75,1.0,0.0,0,0.5,0.62,0.5,1,0.5,1.0,1.0,1,0.0,0.6665,1,0.5,0.0,0,0.3555
0.5815,0.275,0.5,0.0,1,0.6665,0.98,0.5,1,0.125,0.5,1.0,1,1.0,0.5,0,0.0,1.0,1,0.2666
0.4187,0.575,0.0,0.0,0,0.6665,0.52,0.0,1,0.375,0.0,0.0,1,0.0,0.5,0,1.0,0.0,0,0.2222
0.6514,0.9,0.0,0.0,0,0.0,0.78,0.5,1,0.25,0.0,1.0,1,0.0,0.3333,0,0.0,1.0,0,0.3333
0.2325,0.475,0.5,0.5,0,0.6665,0.42,0.0,1,0.125,0.5,0.5,0,1.0,0.3333,0,0.5,0.5,0,0.1777
0.442,0.95,1.0,1.0,1,0.8335,0.04,0.5,1,0.0,0.5,0.5,0,1.0,0.5,0,0.5,1.0,1,0.3555
0.2559,0.225,1.0,0.5,1,0.5,0.84,0.0,1,0.125,0.5,0.5,1,0.0,0.5,0,0.5,0.0,0,0.2
0.4883,0.075,0.5,1.0,1,0.6665,0.94,1.0,1,0.625,0.5,0.5,0,0.0,0.5,0,0.0,0.0,1,0.311
0.558,0.9,0.0,0.5,0,0.8335,0.44,0.0,1,0.0,0.0,0.5,0,1.0,0.5,0,0.0,0.0,1,0.311
0.372,0.85,0.5,0.5,1,0.5,0.5,0.5,1,0.125,0.0,1.0,1,1.0,0.5,0,1.0,0.5,1,0.3333
0.06976,1.0,1.0,0.0,0,0.6665,0.42,0.0,1,0.25,0.0,0.5,0,-1.0,0.6665,0,0.0,0.5,0,0.2
0.465,0.675,0.5,1.0,0,0.5,1.0,0.0,1,0.125,0.0,0.5,1,1.0,0.5,0,0.0,0.0,1,0.3333
0.5117,0.925,0.5,1.0,0,0.5,0.9,0.5,1,0.0,0.5,1.0,0,1.0,0.6665,0,1.0,0.5,0,0.422
0.4883,0.825,0.5,0.5,1,0.3333,0.04,0.5,1,0.125,0.0,0.5,1,-1.0,0.5,0,0.5,0.0,0,0.311
0.6045,0.85,0.0,0.5,1,0.5,0.78,0.5,1,0.375,0.0,0.5,0,1.0,0.3333,0,0.5,0.0,0,0.4
0.3022,0.575,0.5,0.5,1,1.0,0.6,0.5,1,0.125,0.5,1.0,0,0.0,0.5,1,0.5,0.0,0,0.2444
0.5347,0.375,1.0,1.0,1,0.3333,0.02,1.0,0,0.125,0.5,1.0,1,-1.0,0.5,0,0.0,0.0,1,0.2666
0.6045,0.925,1.0,1.0,0,0.6665,0.44,0.5,1,0.75,0.0,0.5,1,0.0,0.3333,0,0.5,0.0,0,0.4666
0.186,0.425,0.5,0.5,0,0.5,0.14,0.0,1,0.25,0.5,0.0,1,-1.0,0.5,0,0.0,0.0,1,0.1333
0.4883,0.55,0.0,0.5,1,0.8335,0.88,1.0,1,0.0,0.5,0.5,1,1.0,0.6665,0,0.0,0.5,0,0.2888
0.372,0.45,0.5,0.0,1,0.8335,0.02,1.0,1,0.125,0.0,0.5,0,0.0,0.5,0,0.0,0.5,1,0.1777
0.442,0.575,1.0,0.0,1,0.3333,0.88,0.5,1,0.125,0.0,0.5,1,0.0,0.3333,0,0.0,0.0,1,0.2666
0.4883,0.475,0.0,0.0,1,0.3333,0.94,0.0,1,0.375,1.0,0.5,1,-1.0,0.5,0,0.0,0.5,1,0.2444
0.372,0.05,1.0,0.0,1,0.3333,0.08,0.0,1,0.25,0.5,1.0,1,0.0,0.5,0,0.5,0.0,1,0.1555
0.3489,0.875,1.0,0.0,1,0.3333,0.72,0.5,1,0.0,0.0,1.0,0,0.0,0.5,0,0.0,0.0,1,0.311
0.442,0.45,0.5,0.5,0,0.3333,0.54,0.5,1,0.375,0.5,0.5,0,1.0,0.5,0,0.0,0.5,1,0.2666
0.279,0.6,0.5,0.5,0,0.6665,0.96,0.0,0,0.25,0.5,0.5,1,1.0,0.3333,0,0.5,0.5,0,0.2444
0.279,0.15,1.0,0.5,1,0.3333,0.8,0.5,1,0.25,0.0,0.5,1,1.0,0.5,1,0.0,0.5,1,0.1777
0.5347,0.0,0.5,0.5,0,0.3333,0.7,0.0,1,0.125,1.0,0.5,1,0.0,0.3333,0,1.0,0.5,1,0.2
0.279,0.25,0.0,0.5,1,0.3333,0.92,1.0,1,0.25,0.5,0.5,0,-1.0,0.8335,0,1.0,0.5,1,0.2
0.5347,0.7,0.0,0.5,0,0.6665,0.16,0.5,1,0.125,0.0,1.0,1,-1.0,0.5,0,0.0,0.0,1,0.2666
0.5117,0.1,0.0,0.5,1,0.5,0.38,1.0,1,0.5,1.0,0.5,1,1.0,0.5,0,0.0,0.5,1,0.2444
0.2094,0.9,1.0,1.0,1,0.5,0.84,0.5,1,0.125,0.0,0.0,1,0.0,0.1666,0,0.0,0.0,0,0.2888
0.3489,0.225,0.5,1.0,1,0.3333,0.1,0.5,1,0.125,0.5,1.0,1,-1.0,0.1666,0,0.0,0.5,1,0.1555
0.6045,0.2,0.5,0.5,1,0.1666,0.94,0.0,1,0.125,0.5,0.5,1,-1.0,0.6665,0,0.5,0.0,1,0.2888
0.3022,0.175,1.0,0.0,0,0.8335,0.74,0.5,1,0.125,0.5,0.5,0,1.0,0.5,0,0.0,0.0,1,0.1777
0.372,0.025,0.5,1.0,0,0.5,0.44,0.0,1,0.125,0.5,1.0,1,0.0,0.3333,0,0.0,0.5,1,0.1555
0.5117,0.775,1.0,1.0,0,1.0,0.34,1.0,1,0.25,0.0,0.5,1,1.0,0.3333,0,0.5,0.0,1,0.3777
0.558,0.875,0.5,0.0,0,0.6665,0.14,0.0,1,0.5,0.0,0.5,1,0.0,0.5,0,0.0,0.5,0,0.311
0.3953,0.625,0.5,0.0,1,1.0,0.1,1.0,1,0.375,0.5,1.0,1,0.0,0.5,0,0.0,0.0,1,0.2666
0.3489,0.2,0.5,1.0,1,0.6665,0.42,0.5,1,0.125,1.0,1.0,0,0.0,0.5,0,0.0,0.5,1,0.2222
0.6514,0.275,1.0,0.5,0,0.5,0.84,0.0,1,0.125,0.0,0.5,1,1.0,0.5,0,0.0,0.0,0,0.311
0.6743,0.475,1.0,1.0,1,0.3333,0.54,0.5,1,0.125,0.0,0.5,1,1.0,0.3333,0,0.0,0.0,1,0.3777
0.5815,0.95,0.0,0.5,1,0.3333,0.46,0.5,1,0.25,0.0,0.0,1,-1.0,0.5,0,0.0,0.0,0,0.3333
0.465,0.25,1.0,1.0,0,0.8335,0.32,0.5,1,0.125,0.5,0.0,1,0.0,0.6665,0,0.5,0.5,1,0.8
0.3257,0.725,1.0,0.0,1,0.5,0.16,0.0,1,0.25,0.0,0.5,1,-1.0,0.5,0,0.0,0.5,1,0.2222
0.3257,0.45,0.0,0.5,1,0.6665,1.0,0.0,1,0.0,0.0,0.5,1,-1.0,0.5,1,0.0,0.0,0,0.1555
0.5117,0.3,0.0,1.0,1,0.6665,0.02,0.5,1,0.25,0.0,0.5,0,1.0,0.5,0,0.5,1.0,1,0.2222
0.5117,0.45,0.5,0.5,1,0.6665,0.32,0.5,1,0.125,0.5,1.0,1,0.0,0.1666,0,0.5,0.5,0,0.2666
0.628,0.075,0.5,0.0,0,0.3333,0.76,1.0,1,0.5,0.5,1.0,1,0.0,0.6665,0,0.0,1.0,1,0.2666
0.5347,0.8,0.5,1.0,0,0.8335,0.52,0.5,1,0.25,1.0,0.5,1,1.0,0.3333,0,0.0,0.0,0,0.3777
0.2325,0.25,0.5,0.0,1,0.5,0.32,0.0,1,0.125,0.5,1.0,1,-1.0,0.5,0,0.0,0.0,0,0.1111
0.5815,0.725,0.5,0.0,0,0.5,1.0,0.0,1,0.0,0.5,0.0,1,0.0,0.5,0,0.0,0.0,0,0.311
0.3022,0.075,0.5,0.5,0,0.6665,0.62,0.0,1,0.0,0.5,0.0,0,1.0,0.8335,0,0.0,0.0,0,0.1333
0.3953,0.95,0.0,0.5,1,0.5,0.3,0.5,1,0.125,1.0,0.5,0,0.0,0.6665,0,1.0,0.0,0,0.3333
0.4883,0.2,0.5,1.0,0,0.0,0.84,1.0,1,0.25,1.0,0.5,1,0.0,0.5,0,0.0,0.0,1,0.2888
0.7207,0.875,0.5,1.0,1,0.8335,0.16,0.5,1,0.25,0.5,0.5,0,1.0,0.6665,0,0.0,0.0,1,0.4443
0.884,0.8,0.5,0.5,0,0.8335,0.46,0.5,1,0.125,0.5,0.5,1,-1.0,0.6665,0,1.0,0.5,1,0.4443
0.5347,0.975,1.0,0.5,0,0.0,0.84,0.0,1,0.25,1.0,0.5,0,0.0,0.5,0,0.0,1.0,1,0.3777
0.4187,0.475,0.0,0.5,1,0.1666,0.98,1.0,1,0.125,0.0,0.5,0,-1.0,0.6665,0,0.5,0.5,0,0.2444
0.5117,0.725,0.0,1.0,0,1.0,0.38,0.0,1,0.625,0.5,0.5,1,0.0,0.6665,0,0.0,0.0,1,0.3555
0.558,0.375,0.0,1.0,0,0.5,0.14,1.0,1,0.5,0.0,1.0,1,1.0,0.8335,0,0.5,0.0,1,0.3333
0.3953,0.175,0.5,1.0,1,0.5,0.56,0.0,1,0.25,0.5,0.5,1,-1.0,0.5,1,0.0,0.0,0,0.1777
0.6978,0.45,1.0,1.0,1,0.3333,0.94,0.0,1,0.0,0.5,1.0,1,0.0,0.5,0,0.0,0.0,1,0.3777
0.465,0.175,0.5,0.5,1,0.1666,0.66,0.5,1,0.125,0.0,1.0,0,0.0,0.8335,0,0.0,0.0,1,0.2222
0.5117,0.975,0.5,0.5,1,0.5,0.6,0.0,1,0.375,0.0,0.0,0,0.0,0.3333,0,0.0,0.0,1,0.3555
0.5347,0.1,0.5,0.5,1,0.6665,0.3,0.5,1,0.0,0.5,0.5,1,1.0,0.5,0,0.5,0.0,0,0.2222
0.5117,0.6,0.5,0.0,1,0.5,0.6,0.5,1,0.125,0.5,1.0,0,1.0,0.5,0,0.5,0.5,0,0.311
0.558,0.625,0.5,0.0,1,0.6665,0.88,0.5,1,0.375,0.5,1.0,1,1.0,0.5,0,0.0,0.5,1,0.3555
0.3489,0.55,0.5,1.0,1,1.0,0.38,0.5,1,0.25,0.0,0.5,1,1.0,0.6665,0,0.5,0.0,1,0.2888
0.372,0.65,0.0,0.5,0,0.3333,0.24,0.0,1,0.25,0.5,1.0,1,1.0,0.6665,0,0.0,0.0,0,0.2444
0.279,0.125,1.0,0.5,0,0.5,0.48,0.0,1,0.0,1.0,0.5,1,0.0,0.3333,1,0.0,0.5,1,0.1111
0.5117,0.55,0.5,0.5,0,0.8335,0.38,0.5,1,0.0,1.0,0.5,1,1.0,0.5,0,0.0,0.0,0,0.2888
0.558,0.275,0.5,1.0,1,0.3333,0.46,0.5,1,0.125,0.0,0.5,0,0.0,0.6665,0,0.0,0.0,0,0.2666
0.5117,0.95,0.5,0.0,0,0.5,0.1,0.5,1,0.375,1.0,1.0,0,0.0,0.6665,0,0.0,0.0,1,0.3555
0.6743,0.75,1.0,0.5,0,1.0,0.34,1.0,1,0.25,0.5,0.5,0,0.0,1.0,0,0.0,0.0,1,0.422
0.442,0.975,0.0,0.5,0,0.3333,0.82,0.5,1,0.25,0.5,0.0,1,-1.0,0.6665,0,0.0,0.0,1,0.3333
0.5347,0.05,0.0,1.0,0,0.8335,0.4,0.0,1,0.25,0.0,0.5,1,1.0,0.3333,0,0.5,0.5,0,0.1777
0.279,0.275,0.5,0.5,0,0.5,0.96,0.5,1,0.0,0.5,0.5,1,1.0,0.5,0,0.5,0.0,1,0.2
0.3953,0.2,0.5,1.0,1,1.0,0.7,1.0,1,0.375,0.0,0.5,1,0.0,0.5,0,0.0,0.0,1,0.2444
0.5347,0.0,0.5,0.5,1,0.1666,0.36,0.5,1,0.0,0.5,0.0,1,0.0,0.5,0,1.0,0.0,0,0.2
0.558,0.25,1.0,1.0,1,0.5,0.26,0.5,1,0.125,0.5,1.0,0,1.0,0.5,0,0.5,0.5,1,0.311
0.3953,0.675,0.5,1.0,1,0.1666,0.68,0.5,1,0.25,0.5,0.0,0,1.0,0.6665,0,1.0,0.0,1,0.3555
0.442,0.225,1.0,0.5,0,0.3333,0.3,0.5,1,0.125,0.0,0.5,1,0.0,0.3333,0,0.0,0.0,0,0.2
0.2325,0.5,0.5,0.5,1,0.3333,0.92,0.0,1,0.125,0.0,1.0,1,0.0,0.5,0,0.0,0.0,1,0.2222
0.3953,0.9,1.0,0.5,0,0.5,0.12,0.0,1,0.25,0.5,0.5,0,0.0,0.1666,0,0.5,0.0,0,0.311
0.558,0.7,0.5,1.0,0,0.1666,0.02,0.5,1,0.125,0.5,0.0,1,0.0,0.1666,0,0.0,0.0,0,0.2888
0.5117,0.4,0.5,0.5,1,0.5,0.22,0.5,1,0.375,0.5,0.0,1,1.0,0.6665,0,0.0,0.0,1,0.2888
0.5117,0.375,1.0,0.5,1,0.6665,0.6,1.0,1,0.0,0.0,1.0,0,0.0,0.6665,0,0.0,0.5,0,0.2888
0.442,0.45,0.0,0.5,1,0.1666,0.84,0.0,1,0.125,0.5,0.5,1,1.0,0.5,0,0.0,1.0,1,0.2222
0.442,0.175,1.0,1.0,0,0.3333,0.18,0.0,1,0.125,0.5,0.5,0,-1.0,0.6665,0,0.5,0.0,0,0.2222
0.3489,0.625,0.5,0.0,0,1.0,0.58,0.0,1,0.125,1.0,0.5,0,0.0,0.5,0,0.5,0.0,1,0.2444
0.5347,0.375,1.0,0.0,0,0.5,0.14,0.5,1,0.0,0.5,0.5,1,0.0,0.1666,0,1.0,0.0,1,0.2444
0.5117,0.85,0.5,0.0,1,0.0,0.56,0.5,1,0.25,1.0,1.0,1,0.0,0.6665,0,0.0,0.5,1,0.3555
0.5117,0.75,1.0,0.5,1,0.1666,0.02,0.5,1,0.0,0.0,1.0,1,-1.0,0.1666,0,0.0,0.0,1,0.2888
0.372,0.6,0.0,0.5,1,0.5,0.56,0.0,1,0.0,1.0,1.0,1,0.0,0.8335,1,0.5,0.5,0,0.2222
0.1395,0.375,0.5,1.0,1,0.5,0.52,0.5,1,0.0,0.5,0.0,0,1.0,0.6665,0,0.5,0.5,0,0.1777
0.6045,0.2,1.0,0.5,0,0.3333,0.04,0.5,1,0.125,0.5,0.0,0,0.0,0.8335,0,1.0,1.0,0,0.2444
0.372,0.775,1.0,0.0,1,1.0,0.68,0.5,1,0.875,0.0,1.0,1,0.0,0.6665,1,0.5,0.5,1,0.3555
0.3257,0.475,0.0,0.5,1,1.0,0.58,0.5,1,0.25,0.0,0.5,0,0.0,0.6665,0,0.5,0.5,1,0.2222
0.5347,0.225,0.5,1.0,1,0.5,0.62,0.0,1,0.375,0.5,0.5,0,0.0,0.6665,0,0.0,0.0,0,0.2888
0.3953,0.2,0.5,0.5,1,0.6665,0.52,1.0,1,0.25,1.0,0.5,1,0.0,0.5,0,1.0,0.0,1,0.2444
0.5815,0.175,0.0,1.0,0,0.6665,0.72,0.5,1,0.25,0.0,0.5,1,-1.0,0.3333,1,0.0,0.0,0,0.2
0.5347,0.775,0.5,0.0,1,0.8335,0.52,1.0,1,0.125,0.0,0.0,1,1.0,0.6665,0,0.5,0.0,0,0.3333
0.5347,0.225,1.0,0.0,1,0.3333,0.92,0.5,1,0.5,1.0,0.5,1,1.0,0.6665,0,0.5,0.5,1,0.3333
0.2559,0.525,0.5,1.0,0,1.0,0.94,0.0,1,0.125,0.0,0.5,0,1.0,0.8335,0,0.0,0.0,0,0.2444
0.6045,0.45,0.5,0.5,1,0.5,0.72,0.5,1,0.375,0.5,0.5,1,1.0,0.3333,0,0.0,0.5,0,0.3333
0.4883,0.575,1.0,1.0,0,0.6665,0.92,0.5,0,0.25,0.5,1.0,1,1.0,0.0,0,0.5,0.0,0,0.3555
0.3953,0.875,0.0,1.0,0,0.5,0.92,0.5,1,0.25,0.5,1.0,0,1.0,0.6665,1,0.0,0.5,1,0.3333
0.465,0.875,0.5,0.5,0,0.5,0.26,0.5,1,0.125,0.0,0.5,0,1.0,0.6665,0,1.0,0.0,1,0.3333
0.186,0.45,1.0,0.5,1,0.5,1.0,0.0,1,0.25,0.5,0.5,1,1.0,0.3333,0,0.0,0.0,1,0.2444
0.4883,0.025,1.0,0.5,0,0.1666,0.26,0.0,1,0.125,0.0,0.5,1,1.0,0.5,0,1.0,0.0,1,0.2
0.3022,0.425,1.0,1.0,0,0.0,0.02,0.0,1,0.625,0.0,0.5,1,1.0,0.5,0,0.5,0.5,1,0.2444
0.2559,0.6,1.0,0.5,1,0.5,0.96,1.0,1,0.125,0.0,0.5,1,1.0,0.5,0,0.0,0.0,0,0.2888
0.2325,0.55,0.0,0.0,0,0.3333,0.22,0.0,1,0.25,0.5,0.5,1,0.0,0.3333,0,0.0,0.0,0,0.1333
0.6045,0.65,0.5,0.5,1,0.6665,0.58,0.5,1,0.25,0.0,1.0,0,1.0,0.6665,0,0.5,0.0,1,0.3777
0.3489,0.15,1.0,1.0,0,0.6665,0.98,0.5,1,0.125,0.0,1.0,0,1.0,0.5,0,0.0,0.5,1,0.2444
0.6514,0.65,0.0,0.0,1,0.5,0.04,0.5,1,0.125,0.0,0.5,1,1.0,0.5,0,0.5,0.0,0,0.2888
0.372,0.175,0.0,0.5,0,0.8335,0.26,1.0,1,0.125,0.0,1.0,1,-1.0,0.6665,0,0.5,1.0,1,0.1333
0.2094,0.75,1.0,0.5,1,0.5,0.6,0.0,1,0.0,0.5,0.5,1,0.0,0.8335,0,0.0,0.0,0,0.2666
0.279,0.35,1.0,1.0,1,0.1666,0.76,0.0,1,0.375,0.0,0.5,0,0.0,0.5,1,0.5,0.0,0,0.2444
0.6045,0.7,0.5,0.5,1,0.5,0.8,0.5,1,0.375,0.5,0.5,1,1.0,0.6665,0,1.0,0.5,0,0.422
0.4187,0.05,1.0,0.5,1,0.8335,0.88,0.5,1,0.0,1.0,0.0,1,0.0,0.6665,0,1.0,0.0,0,0.2444
0.372,0.4,1.0,0.5,1,0.0,0.16,0.5,1,0.5,0.5,0.5,0,0.0,0.3333,0,1.0,0.5,0,0.2666
0.465,0.7,1.0,0.0,1,0.5,0.38,0.5,1,0.5,0.5,0.5,0,0.0,0.5,0,0.5,0.0,1,0.3555
0.5117,0.225,1.0,0.0,1,0.6665,0.72,1.0,1,0.0,0.5,1.0,1,0.0,0.6665,0,0.5,1.0,1,0.2444
0.6045,0.8,0.5,0.5,1,1.0,0.72,1.0,1,0.0,0.0,0.0,0,1.0,0.5,0,0.0,0.5,1,0.3555
0.6514,0.625,1.0,0.5,1,0.8335,0.3,1.0,0,0.5,0.0,0.5,0,0.0,0.6665,0,1.0,0.5,1,0.3777
0.3953,0.6,0.5,0.5,1,0.5,0.3,0.5,1,0.25,0.5,0.5,1,-1.0,0.5,0,0.0,0.0,0,0.2444
0.2559,0.35,1.0,0.0,1,0.6665,0.32,0.0,1,0.125,0.0,0.5,1,1.0,0.3333,0,0.0,0.0,1,0.1555
0.3953,0.475,1.0,0.5,1,0.0,0.9,0.0,1,0.125,0.0,1.0,1,-1.0,0.3333,0,0.0,0.5,0,0.2444
0.4883,0.6,0.0,1.0,1,0.1666,0.9,0.5,1,0.25,0.0,1.0,1,0.0,0.5,0,0.0,0.5,1,0.311
0.3022,0.475,0.5,0.5,1,0.6665,0.02,0.5,1,0.0,0.5,1.0,1,-1.0,0.6665,0,0.0,0.0,1,0.2
0.3022,0.7,0.5,0.5,1,0.5,0.32,0.5,1,0.5,0.5,1.0,1,1.0,0.5,0,0.0,0.0,0,0.311
0.4883,0.425,1.0,0.0,1,0.5,0.4,0.5,1,0.25,0.5,0.5,0,1.0,0.6665,0,1.0,0.0,1,0.311
0.442,0.2,1.0,0.0,1,0.5,0.98,1.0,1,0.0,0.0,0.5,1,1.0,0.3333,1,0.5,0.5,0,0.2
0.442,0.225,0.5,1.0,1,0.5,0.94,0.5,1,0.375,0.5,1.0,1,1.0,0.5,1,0.5,0.0,0,0.2888
0.3257,0.0,0.5,0.5,1,0.5,0.62,0.0,1,0.5,0.0,1.0,1,1.0,0.3333,0,0.0,0.0,1,0.1777
0.4187,0.3,1.0,0.5,1,0.1666,0.04,0.0,1,0.125,0.0,0.5,1,1.0,0.3333,0,0.0,0.0,1,0.2
0.3022,0.75,0.5,1.0,1,0.5,0.2,0.5,1,0.25,0.5,0.5,1,0.0,0.6665,0,1.0,0.0,1,0.311
0.558,0.8,0.0,1.0,0,0.1666,0.44,0.5,1,0.125,0.5,0.5,1,1.0,0.6665,0,0.0,0.0,0,0.3555
0.5815,0.2,0.5,1.0,0,0.3333,0.96,0.0,1,0.25,0.5,0.5,0,0.0,0.5,0,0.5,1.0,0,0.2666
0.186,0.95,1.0,0.5,0,0.8335,0.1,0.0,1,0.375,0.0,0.5,1,1.0,0.3333,0,0.0,0.0,1,0.2666
0.3022,0.5,1.0,0.0,1,0.5,0.8,1.0,1,0.25,0.0,1.0,1,-1.0,0.3333,0,0.5,1.0,0,0.2444
0.2325,0.925,0.5,1.0,1,0.6665,0.2,0.5,1,0.0,0.5,0.0,0,1.0,0.5,0,0.0,0.0,1,0.2666
0.3489,0.7,0.0,1.0,0,0.5,0.5,0.0,1,0.25,0.5,0.5,1,0.0,0.6665,0,1.0,0.0,0,0.2888
0.4187,0.725,0.5,0.5,1,0.3333,0.76,0.0,1,0.125,0.5,1.0,1,1.0,0.3333,0,0.0,0.0,0,0.311
0.2325,0.075,1.0,1.0,1,0.1666,0.7,1.0,0,0.0,0.0,1.0,1,1.0,0.6665,1,0.0,0.5,0,0.1555
0.3022,0.225,0.5,0.5,1,0.3333,0.78,1.0,1,0.25,1.0,1.0,0,1.0,0.8335,0,0.0,0.5,0,0.2444
0.3022,0.0,0.5,0.5,1,0.5,0.82,0.5,1,0.125,0.0,1.0,0,-1.0,0.5,0,1.0,0.0,1,0.1777
0.465,0.725,0.0,0.0,1,0.6665,0.3,0.5,1,0.25,0.0,0.0,1,0.0,0.5,0,0.5,0.0,0,0.2666
0.442,0.35,1.0,0.5,0,0.5,0.36,1.0,1,0.375,0.5,0.5,1,1.0,0.6665,0,0.0,1.0,1,0.2888
0.3489,0.775,0.5,0.0,0,0.6665,0.82,0.0,1,0.25,0.5,0.5,1,0.0,0.3333,0,0.0,1.0,0,0.2444
0.465,0.35,0.5,0.5,1,0.1666,0.04,0.5,1,0.375,0.5,0.5,0,1.0,0.1666,0,0.0,0.0,1,0.2444
0.372,0.825,1.0,0.5,0,0.6665,0.52,0.0,1,0.0,0.0,0.5,0,-1.0,0.5,0,0.0,0.5,0,0.2666
0.3953,0.125,1.0,0.5,1,0.1666,0.92,0.5,1,0.125,1.0,0.5,0,0.0,0.3333,0,0.0,0.0,0,0.2444
0.6743,0.175,0.5,0.5,1,0.6665,0.88,0.5,1,0.125,0.5,0.5,1,0.0,0.3333,0,0.5,0.0,0,0.311
0.628,0.35,0.5,1.0,0,0.6665,0.8,1.0,1,0.25,0.5,0.5,1,1.0,0.5,0,1.0,0.0,1,0.3777
0.2559,0.4,0.5,0.0,1,0.0,0.02,0.5,1,0.0,0.0,0.5,0,0.0,0.1666,0,0.0,0.0,0,0.1111
0.558,0.35,0.0,1.0,1,0.6665,0.88,1.0,1,0.0,0.0,0.5,1,1.0,0.6665,0,0.0,0.5,0,0.2888
0.558,0.775,0.0,0.5,1,0.6665,0.92,0.5,1,0.375,0.5,0.5,1,0.0,0.5,0,0.0,0.0,0,0.3777
0.279,0.1,0.5,1.0,1,0.8335,0.66,0.0,1,0.125,1.0,0.5,1,1.0,0.6665,0,0.0,0.0,1,0.2
0.558,0.35,0.0,0.5,1,0.3333,0.3,1.0,1,0.0,1.0,0.5,1,0.0,0.1666,0,0.0,0.5,1,0.2222
0.6514,0.825,1.0,1.0,0,0.5,0.48,0.5,1,0.375,0.5,1.0,0,1.0,0.5,0,0.0,0.0,1,0.4666
0.279,0.075,0.0,0.5,0,0.6665,0.76,0.5,1,0.0,0.0,0.5,0,-1.0,0.3333,0,0.0,0.0,1,0.08887
0.3022,0.95,0.5,0.5,1,0.6665,0.82,0.0,1,0.0,0.0,0.5,1,-1.0,0.6665,0,0.0,0.5,1,0.2666
0.5815,0.975,0.5,0.5,1,0.6665,0.34,0.5,1,0.5,0.5,0.5,0,1.0,0.6665,1,0.0,0.0,1,0.4
0.4883,0.1,0.5,1.0,0,0.3333,0.32,0.0,1,0.125,0.5,0.5,1,0.0,0.6665,0,0.5,0.0,1,0.2
0.5117,0.3,0.5,1.0,0,0.6665,0.74,0.0,1,0.375,0.5,0.0,1,0.0,0.5,0,0.0,0.0,1,0.2666
0.4883,0.375,1.0,0.5,1,0.6665,0.68,0.0,1,0.375,1.0,0.5,1,-1.0,0.5,0,0.5,0.0,1,0.311
0.4883,0.775,0.5,0.0,1,0.5,0.52,0.5,1,0.125,0.0,1.0,1,0.0,0.5,0,0.5,0.5,0,0.311
0.2559,0.6,1.0,1.0,1,0.3333,0.42,0.5,0,0.25,0.5,0.5,1,1.0,0.5,0,0.5,0.5,1,0.2666
0.5815,0.65,0.5,1.0,1,0.3333,0.66,0.5,1,0.25,0.0,0.5,1,1.0,0.6665,0,0.0,0.0,1,0.3777
0.6045,0.75,0.0,0.5,0,0.8335,0.04,0.0,0,0.25,0.0,1.0,1,1.0,0.3333,1,0.5,0.0,1,0.689
0.4187,0.125,0.5,1.0,1,0.6665,0.08,0.5,1,0.0,0.0,1.0,0,0.0,0.5,0,0.0,1.0,0,0.1555
0.442,0.825,0.5,0.0,0,0.5,0.58,0.5,1,0.125,0.5,0.0,1,0.0,0.5,0,1.0,0.0,0,0.311
0.2325,0.7,1.0,1.0,1,0.5,0.22,0.0,1,0.25,0.5,0.5,1,0.0,0.5,0,1.0,0.0,1,0.2888
0.5117,0.575,1.0,1.0,1,0.0,0.78,0.0,1,0.125,0.5,0.5,1,-1.0,0.5,0,0.0,1.0,1,0.9775
0.5117,0.9,0.0,0.5,1,0.5,0.78,0.5,1,0.125,0.0,0.5,0,1.0,0.5,0,0.5,1.0,0,0.3333
0.442,0.7,0.0,0.5,1,0.1666,0.7,0.5,1,0.25,0.5,0.5,1,-1.0,0.5,0,0.0,0.0,1,0.2888
0.6045,0.2,0.5,0.5,1,0.5,0.9,0.0,1,0.0,0.5,0.5,1,1.0,0.6665,0,0.0,0.0,1,0.2666
0.3953,0.425,1.0,0.5,1,0.8335,0.14,0.0,1,0.125,0.0,1.0,1,-1.0,0.3333,0,1.0,0.0,1,0.2444
0.5117,0.5,0.0,1.0,0,0.3333,0.26,0.0,1,0.0,1.0,0.5,0,1.0,0.3333,0,0.0,0.0,1,0.2444
0.3022,0.05,0.5,1.0,1,0.5,0.26,0.5,1,0.25,0.0,0.5,1,1.0,0.3333,0,0.5,0.5,0,0.1555
0.442,0.95,0.5,0.5,1,0.6665,0.78,1.0,1,0.375,1.0,0.5,1,-1.0,0.3333,1,0.5,0.0,1,0.3777
0.4187,0.125,0.5,1.0,1,0.5,0.52,0.5,0,0.0,0.5,0.5,1,0.0,0.5,0,1.0,0.0,0,0.2
0.465,0.7,0.5,0.5,1,0.3333,0.26,0.0,1,0.125,0.5,0.5,1,0.0,0.5,0,0.0,0.0,0,0.2888
0.3953,0.5,0.5,1.0,1,0.5,0.14,0.5,1,0.25,0.0,0.0,1,1.0,0.5,0,1.0,1.0,0,0.2444
0.4187,0.025,0.5,1.0,1,0.6665,0.9,1.0,1,0.5,0.5,0.5,0,1.0,0.5,0,0.5,0.0,1,0.2888
0.558,0.925,0.0,1.0,1,0.5,0.7,1.0,1,0.375,1.0,0.5,1,0.0,0.1666,0,1.0,0.0,1,0.4443
0.372,0.85,0.0,0.0,0,0.5,0.52,1.0,1,0.375,0.0,1.0,1,0.0,0.5,1,0.5,1.0,1,0.2666
0.2094,0.525,0.0,0.5,1,0.8335,0.96,0.5,1,0.25,0.0,0.5,1,0.0,0.3333,0,0.5,0.0,1,0.2222
0.6743,0.225,0.5,0.5,0,0.6665,0.84,0.5,1,0.25,0.5,0.0,1,0.0,0.5,0,0.0,0.0,0,0.2888
0.628,0.125,0.5,0.5,1,0.1666,0.18,1.0,1,0.25,0.0,0.5,0,0.0,0.8335,0,0.0,0.0,1,0.2666
0.2559,0.375,0.5,0.5,1,0.6665,0.5,1.0,1,0.125,0.0,0.5,0,-1.0,0.3333,0,0.5,0.0,0,0.1777
0.5347,0.25,0.5,1.0,1,0.6665,0.48,0.0,1,0.25,0.5,1.0,1,-1.0,0.5,0,0.0,0.0,1,0.2666
0.372,0.5,0.5,0.5,1,0.1666,0.84,0.5,1,0.0,0.0,0.5,0,-1.0,0.6665,0,1.0,0.0,0,0.2666
0.4883,0.975,0.5,0.5,1,0.0,0.14,1.0,1,0.25,0.5,1.0,1,1.0,0.5,0,0.5,0.0,0,0.4
0.4883,0.575,0.5,0.5,1,0.1666,0.46,1.0,0,0.0,0.0,0.5,1,1.0,0.5,0,0.0,0.0,1,0.2666
0.4187,0.9,0.5,0.5,0,0.5,0.64,0.5,1,0.125,1.0,0.5,1,0.0,0.6665,0,1.0,0.0,1,0.3555
0.3257,0.65,0.0,0.5,0,0.8335,0.94,0.5,1,0.25,0.5,0.5,1,-1.0,0.6665,0,0.0,0.0,1,0.2666
0.3489,0.475,1.0,0.0,1,0.3333,0.9,0.5,1,0.0,1.0,0.5,1,0.0,0.8335,0,0.5,0.0,1,0.2888
0.3257,0.85,0.0,0.0,1,0.6665,0.54,0.5,1,0.125,1.0,1.0,0,1.0,0.1666,0,0.5,0.0,1,0.2888
0.3257,0.475,1.0,0.5,1,0.0,0.6,0.5,1,0.125,1.0,0.5,0,-1.0,0.6665,0,0.0,1.0,1,0.2444
0.442,0.875,1.0,0.0,1,0.5,0.86,0.0,0,0.0,0.0,1.0,1,0.0,0.3333,0,0.0,0.0,1,0.2888
0.3489,0.3,0.5,0.0,0,0.3333,0.74,0.5,0,0.25,0.5,0.0,0,1.0,0.6665,0,0.0,0.0,0,0.1777
0.5347,0.125,1.0,1.0,0,1.0,0.88,0.5,1,0.25,0.5,0.5,1,0.0,0.3333,0,1.0,0.5,1,0.2888
0.6514,0.85,0.0,1.0,1,0.0,0.9,0.5,1,0.125,0.5,0.5,1,1.0,0.8335,0,0.0,0.0,1,0.422
0.372,0.575,0.0,0.5,1,0.5,0.84,0.0,1,0.375,0.0,0.5,1,0.0,0.3333,1,0.0,0.5,1,0.2222
0.465,0.9,0.5,0.5,1,0.0,0.0,0.5,1,0.125,0.0,0.0,0,1.0,0.3333,0,1.0,0.5,1,0.311
0.5117,0.95,0.5,1.0,0,0.3333,0.32,0.5,1,0.125,0.0,0.5,1,0.0,0.1666,0,0.0,0.5,1,0.3333
0.5117,0.05,0.5,0.0,1,0.0,0.4,1.0,1,0.375,0.5,1.0,1,1.0,0.3333,0,0.5,0.5,0,0.2222
0.442,0.5,0.5,0.5,0,1.0,0.68,0.5,1,0.125,0.5,0.5,1,1.0,0.6665,0,0.5,0.0,1,0.2888
0.5347,0.375,0.0,0.5,0,0.3333,0.3,0.5,0,0.0,0.5,0.5,1,1.0,0.8335,0,0.5,0.5,1,0.2222
0.5117,0.625,0.5,1.0,0,0.5,0.32,0.0,0,0.0,1.0,1.0,1,0.0,0.3333,0,0.5,0.0,1,0.2888
0.279,0.8,0.5,1.0,1,0.5,0.4,0.0,1,0.5,0.0,0.5,1,0.0,0.5,0,0.0,0.0,1,0.2888
0.558,0.275,0.5,0.5,1,0.1666,0.96,0.0,1,0.0,0.0,0.5,1,1.0,0.1666,0,1.0,1.0,1,0.2444
0.558,0.55,1.0,0.5,0,0.8335,0.44,1.0,1,0.0,1.0,0.5,1,1.0,0.0,0,0.5,0.0,0,0.3333
0.3257,0.7,0.5,0.5,0,0.6665,0.14,0.5,1,0.125,1.0,0.5,0,1.0,0.3333,0,0.0,1.0,1,0.2444
0.442,0.125,0.5,1.0,1,0.6665,0.0,0.5,1,0.0,0.0,0.5,1,1.0,0.8335,0,0.0,0.0,1,0.2
0.5347,0.825,0.5,1.0,0,0.1666,0.24,0.5,1,0.125,0.0,0.5,1,0.0,0.1666,0,0.5,0.0,0,0.3333
0.4187,0.6,1.0,0.5,0,0.8335,0.94,0.0,1,0.125,1.0,0.5,1,-1.0,0.5,1,0.0,0.0,1,0.2888
0.5815,0.95,0.0,1.0,1,0.8335,0.96,0.0,1,0.5,0.0,0.0,1,1.0,0.3333,0,0.5,0.5,1,0.422
0.7676,0.35,1.0,0.0,1,0.5,0.52,0.5,1,0.25,0.0,1.0,1,1.0,0.3333,0,0.5,0.0,0,0.3555
0.3257,0.1,0.5,0.5,1,0.6665,0.64,0.0,1,0.0,0.0,0.5,1,-1.0,0.5,0,0.0,0.0,1,0.1333
0.2559,0.5,0.5,0.0,0,0.5,0.8,0.5,1,0.375,0.0,0.5,1,0.0,0.5,0,0.0,0.0,0,0.2
0.4883,0.075,1.0,0.0,0,0.1666,0.06,1.0,1,0.25,1.0,0.5,1,0.0,0.1666,0,1.0,0.5,1,0.2
0.5347,0.975,1.0,0.5,1,0.5,0.38,0.5,1,0.0,0.5,0.5,0,1.0,0.5,0,0.0,0.0,1,0.4
0.4187,0.05,0.5,1.0,1,0.3333,0.64,0.5,1,0.0,0.0,1.0,1,-1.0,0.5,1,0.5,0.5,1,0.1555
0.6514,0.75,0.0,0.5,1,0.5,0.9,0.5,1,0.0,1.0,1.0,1,0.0,0.3333,1,0.0,0.0,1,0.3555
0.2559,0.525,1.0,0.5,1,0.8335,0.72,0.5,1,0.25,0.5,1.0,1,-1.0,0.3333,0,1.0,0.0,1,0.2888
0.5347,0.375,0.5,0.0,1,0.1666,0.36,1.0,1,0.25,0.5,0.5,1,0.0,0.3333,0,1.0,0.0,1,0.2666
0.3489,0.075,0.5,0.5,0,0.3333,0.9,1.0,1,0.125,0.5,0.5,1,-1.0,0.6665,0,0.5,1.0,0,0.1777
0.6743,0.625,0.0,0.5,0,0.3333,0.66,0.5,1,0.25,0.5,0.5,1,1.0,0.5,0,0.5,0.0,0,0.3555
0.7207,0.575,0.5,0.5,1,0.3333,0.84,0.0,1,0.125,1.0,0.5,1,0.0,0.5,0,0.0,0.0,1,0.3777
0.3257,0.275,1.0,0.5,0,0.3333,0.38,1.0,0,0.375,0.5,1.0,1,1.0,0.5,0,1.0,0.5,0,0.2444
0.372,0.9,0.5,0.5,1,0.5,0.0,0.0,1,0.125,0.5,0.5,0,-1.0,0.6665,0,0.0,0.0,0,0.2666
0.558,0.3,1.0,0.5,1,0.6665,0.16,0.5,1,0.0,0.0,0.5,1,-1.0,0.6665,0,0.5,0.5,0,0.2444
0.3953,0.45,0.0,0.5,0,0.6665,0.92,0.5,1,0.5,1.0,0.5,1,1.0,0.6665,1,0.5,0.0,1,0.2888
0.442,0.55,0.0,0.0,1,0.5,0.04,0.0,1,0.0,0.5,0.5,0,0.0,0.5,0,0.5,0.0,0,0.2
0.442,0.1,0.5,0.5,1,0.6665,0.6,1.0,1,0.125,0.5,0.5,0,1.0,0.5,0,0.0,0.0,1,0.2222
0.1628,0.925,1.0,0.5,1,1.0,0.4,1.0,1,0.0,0.0,0.0,1,0.0,0.1666,0,0.0,0.0,1,0.2444
0.442,0.375,1.0,1.0,1,0.5,0.42,1.0,1,0.125,0.5,1.0,1,1.0,0.6665,0,0.5,0.5,1,0.311
0.3489,0.075,1.0,1.0,0,0.8335,0.4,0.0,1,0.25,0.5,1.0,0,-1.0,0.8335,0,0.5,0.5,0,0.2
0.372,0.375,0.0,1.0,1,0.6665,0.06,0.5,1,0.125,0.0,1.0,1,1.0,0.5,0,0.5,0.0,0,0.2222
0.6514,0.6,1.0,0.5,1,1.0,0.12,1.0,1,0.375,0.0,1.0,1,0.0,0.6665,0,1.0,1.0,0,0.3777
0.2559,0.525,1.0,0.5,0,0.6665,0.06,0.0,1,0.125,0.5,1.0,0,1.0,0.5,0,0.5,0.0,1,0.2222
0.558,0.7,0.0,1.0,1,0.3333,0.06,0.5,1,0.25,0.5,1.0,1,-1.0,0.6665,0,0.5,0.0,0,0.3333
0.3953,0.05,0.5,0.5,1,0.5,0.08,0.5,1,0.25,0.5,1.0,0,1.0,0.5,0,1.0,0.5,1,0.2
0.3953,0.275,0.5,0.0,1,0.5,0.7,0.0,1,0.125,0.0,0.0,1,0.0,0.3333,0,0.0,0.5,1,0.1555
0.558,0.825,0.5,1.0,0,0.6665,0.12,1.0,1,0.0,0.0,0.0,0,0.0,0.5,0,0.0,0.0,1,0.311
0.4883,0.075,1.0,0.0,0,0.3333,0.26,0.0,1,0.125,0.5,0.0,1,-1.0,0.3333,0,1.0,0.5,1,0.1555
0.5117,0.85,0.0,0.0,1,0.8335,0.66,0.5,1,0.25,0.0,0.5,0,1.0,0.3333,0,0.0,0.0,0,0.311
0.5815,0.1,0.5,1.0,0,0.5,0.12,0.5,1,0.375,0.5,0.5,1,1.0,0.5,0,0.0,0.0,1,0.2444
0.3953,0.825,0.5,1.0,1,0.6665,0.92,0.5,1,0.25,0.5,0.0,1,1.0,0.3333,0,0.0,0.5,0,0.3555
0.3489,0.35,0.5,1.0,1,0.5,0.48,0.0,1,0.5,0.0,0.0,0,1.0,0.5,0,0.0,0.0,1,0.2444
0.279,0.6,1.0,0.5,0,0.5,0.96,0.5,0,0.0,0.0,0.0,1,0.0,0.6665,1,0.0,0.0,1,0.2
0.3257,0.15,0.5,1.0,1,0.5,0.2,1.0,1,0.25,1.0,0.5,0,-1.0,0.5,0,0.0,0.5,0,0.1777
0.8604,0.075,0.5,1.0,0,0.6665,0.04,1.0,1,0.125,0.5,0.5,0,1.0,0.5,0,0.5,0.5,1,0.311
0.6045,0.225,1.0,1.0,1,1.0,0.6,0.5,0,0.125,0.5,1.0,1,1.0,0.6665,1,0.0,0.0,0,0.2888
0.2559,0.125,1.0,1.0,1,0.0,0.32,0.5,1,0.0,0.5,1.0,1,0.0,0.3333,0,0.0,0.0,0,0.1777
0.2559,0.3,0.5,0.5,1,0.6665,0.58,1.0,1,0.125,1.0,0.5,1,1.0,0.5,0,0.5,1.0,1,0.2
0.5117,0.525,0.5,0.0,1,0.5,0.48,0.5,1,0.0,0.0,0.5,1,0.0,0.0,0,1.0,0.0,0,0.2444
0.5117,0.6,0.5,1.0,1,0.5,0.46,0.5,1,0.125,1.0,0.5,1,1.0,0.6665,0,0.0,0.0,1,0.3555
0.5117,0.8,1.0,0.5,1,0.0,0.86,1.0,1,0.0,1.0,0.5,1,-1.0,0.6665,0,0.0,0.0,0,0.3777
0.3953,0.65,1.0,0.5,0,0.6665,0.2,0.5,1,0.25,0.0,1.0,0,0.0,0.1666,0,0.5,0.0,1,0.7334
0.4187,0.6,0.5,1.0,1,0.5,0.5,0.0,1,0.125,0.0,0.5,1,-1.0,0.3333,0,0.5,1.0,1,0.2444
0.4883,0.4,0.5,0.5,1,0.3333,0.42,0.5,1,0.0,0.0,1.0,0,0.0,0.3333,0,0.0,0.5,1,0.2222
0.465,0.475,0.0,0.5,1,0.5,0.68,0.0,1,0.25,0.5,0.5,0,0.0,0.5,0,0.0,0.0,1,0.2444
0.1395,0.425,0.0,0.5,1,0.5,0.06,1.0,1,0.5,0.0,0.5,0,1.0,0.3333,0,0.5,0.5,0,0.1555
0.4187,0.85,0.5,0.0,0,0.0,0.52,0.5,1,0.5,0.0,1.0,0,-1.0,0.5,0,0.0,0.5,0,0.2888
0.3257,0.225,0.5,0.5,1,0.5,0.48,1.0,1,0.25,0.0,0.5,0,0.0,0.8335,0,1.0,0.0,0,0.2222
0.465,0.0,0.0,1.0,0,0.6665,0.98,0.0,1,0.0,0.0,0.0,0,1.0,0.5,0,0.0,0.0,1,0.1555
0.8604,0.65,1.0,0.5,0,0.3333,0.76,1.0,1,0.125,0.0,1.0,1,-1.0,0.6665,0,0.0,0.5,0,0.422
0.4883,0.2,0.5,0.0,1,0.5,0.16,0.5,1,0.0,0.5,0.5,1,0.0,0.5,0,1.0,0.0,1,0.2
0.3953,0.9,1.0,1.0,0,0.5,0.5,1.0,1,0.25,0.5,1.0,1,-1.0,0.3333,0,0.0,0.0,1,0.3777
0.5815,0.85,0.5,0.5,0,0.8335,0.78,0.5,1,0.0,0.0,0.5,1,0.0,0.5,1,0.0,0.0,0,0.3333
0.5117,0.075,1.0,0.5,0,0.5,0.52,0.5,1,0.25,0.5,1.0,1,1.0,0.1666,0,0.0,1.0,1,0.2222
0.5117,0.1,0.5,1.0,1,0.6665,0.36,0.0,1,0.375,0.0,1.0,1,0.0,0.5,0,0.0,0.0,0,0.2444
0.5347,0.5,0.5,0.5,1,0.5,0.38,0.0,1,0.0,0.5,1.0,0,1.0,0.5,0,0.5,1.0,1,0.2666
0.7207,0.6,0.5,1.0,1,1.0,0.36,0.5,1,0.125,0.0,0.5,1,1.0,0.8335,0,0.0,0.0,1,0.4
0.279,0.275,0.5,1.0,1,0.3333,0.02,0.0,1,0.5,1.0,0.5,1,1.0,0.6665,0,0.5,0.5,0,0.2222
0.5117,0.725,1.0,1.0,0,0.3333,0.74,0.5,1,0.5,0.5,1.0,0,0.0,0.5,0,0.5,0.0,0,0.422
0.3022,0.6,0.5,0.5,0,0.5,0.62,0.5,1,0.0,1.0,0.5,1,0.0,0.3333,0,0.5,0.0,0,0.2444
0.5117,0.325,0.5,0.5,0,0.3333,0.26,0.5,1,0.125,1.0,0.5,1,1.0,0.5,0,0.0,0.0,1,0.2666
0.3022,0.025,0.5,0.5,0,0.1666,0.64,0.0,0,0.0,0.0,0.5,1,0.0,0.0,0,0.0,0.0,0,0.06665
0.372,0.75,1.0,1.0,0,0.6665,0.3,0.5,1,0.25,0.0,1.0,1,1.0,0.5,0,1.0,0.5,1,0.3555
0.3953,0.225,0.0,1.0,1,0.0,0.24,1.0,1,0.125,0.5,0.0,1,0.0,0.5,0,0.0,0.5,1,0.1777
0.5815,0.825,0.0,1.0,0,0.3333,0.74,0.5,1,0.125,0.5,1.0,1,1.0,0.5,0,0.5,0.0,0,0.4
0.5815,0.425,1.0,0.5,1,0.1666,0.8,0.5,1,0.125,0.5,0.5,0,0.0,0.3333,0,0.0,1.0,0,0.2888
0.279,0.575,0.0,0.5,1,0.5,0.62,0.5,1,0.5,0.0,0.5,1,-1.0,0.8335,0,0.5,0.0,0,0.2444
0.442,0.875,0.0,0.5,0,0.0,0.78,0.5,1,0.375,0.0,0.5,1,-1.0,0.5,1,0.0,0.0,1,0.2888
0.3489,0.875,0.5,0.0,0,0.6665,0.36,0.0,0,0.25,0.5,1.0,1,0.0,0.6665,0,0.0,0.0,0,0.2444
0.2559,0.375,0.5,1.0,0,0.6665,0.08,0.0,1,0.125,0.5,1.0,1,-1.0,0.5,0,0.0,0.0,0,0.1555
0.4187,0.2,0.5,0.5,1,0.1666,0.6,0.5,1,0.0,0.5,0.5,1,0.0,0.5,1,0.0,0.5,1,0.511
0.3953,0.775,0.5,0.5,0,0.5,0.26,0.5,1,0.125,0.5,0.5,1,-1.0,0.6665,0,0.5,0.0,1,0.2888
0.7905,0.425,1.0,1.0,1,0.6665,0.78,0.5,1,0.625,1.0,0.5,1,1.0,0.6665,0,0.5,0.0,0,0.4888
0.5117,0.2,1.0,0.0,1,0.6665,0.36,0.5,1,0.125,0.5,0.5,1,0.0,0.3333,0,0.5,0.0,1,0.2222
0.2559,0.9,1.0,1.0,1,0.1666,0.68,0.0,1,0.375,1.0,0.5,1,1.0,0.6665,0,1.0,0.0,0,0.4
0.372,0.2,0.5,0.0,1,0.1666,0.56,0.5,1,0.5,0.0,0.0,1,1.0,0.3333,0,0.5,0.0,1,0.2
0.5815,0.025,0.0,1.0,1,0.8335,0.82,0.5,0,0.0,1.0,1.0,0,1.0,0.6665,0,0.5,0.0,0,0.2666
0.744,0.025,1.0,0.5,0,0.3333,0.84,0.5,1,0.125,0.5,0.5,1,1.0,0.6665,0,0.0,0.0,0,0.311
0.2094,0.625,0.0,0.0,1,0.3333,0.06,1.0,1,0.125,0.0,0.5,0,0.0,0.5,1,0.0,0.5,1,0.1111
0.186,0.65,1.0,0.5,0,0.6665,0.3,1.0,1,0.0,0.5,0.5,1,1.0,0.5,0,0.5,0.0,0,0.2444
0.6978,0.3,0.0,1.0,1,0.1666,0.88,1.0,1,0.25,0.0,0.0,1,1.0,0.3333,0,0.0,0.0,1,0.3333
0.4883,0.325,1.0,0.5,1,0.5,0.4,0.0,0,0.25,0.0,0.5,1,1.0,0.5,0,0.5,0.0,1,0.2444
0.3257,0.35,1.0,0.5,1,0.6665,0.52,0.5,1,0.125,0.5,0.0,1,0.0,0.6665,0,0.0,1.0,1,0.2
0.5117,0.675,0.5,1.0,0,0.1666,0.18,0.5,1,0.125,1.0,0.0,1,0.0,0.6665,0,0.5,0.0,1,0.3333
0.06976,0.05,0.5,0.5,0,0.3333,0.56,1.0,1,0.375,1.0,0.5,1,0.0,0.3333,0,0.0,1.0,0,0.06665
0.442,0.925,0.5,1.0,1,0.1666,0.26,0.5,1,0.0,0.0,0.5,1,-1.0,0.5,0,0.5,1.0,0,0.311
0.4883,0.225,0.5,0.5,1,0.3333,0.82,0.0,1,0.0,1.0,1.0,0,0.0,0.1666,1,0.0,0.5,1,0.2
0.5815,1.0,0.0,0.5,0,0.8335,0.2,0.5,1,0.25,0.5,0.5,1,1.0,0.6665,0,0.0,0.0,1,0.3777
0.3022,0.175,0.5,0.5,1,0.8335,0.36,0.0,1,0.125,0.0,0.5,1,0.0,0.5,1,0.0,0.0,1,0.1111
0.465,0.775,0.5,0.5,1,0.5,0.1,1.0,1,0.25,1.0,0.5,0,0.0,0.5,0,0.0,0.0,0,0.3333
0.3022,0.225,0.5,0.0,1,0.6665,0.58,0.5,1,0.125,1.0,0.5,1,-1.0,0.1666,0,1.0,0.5,0,0.1555
0.4883,0.075,0.5,0.5,1,0.6665,0.94,0.5,1,0.125,1.0,1.0,1,0.0,0.5,0,0.0,0.5,0,0.2444
0.3257,0.875,0.5,0.5,1,0.3333,0.18,0.0,1,0.0,0.5,0.5,0,1.0,0.8335,0,0.0,1.0,0,0.2444
0.3953,0.85,0.0,0.5,1,0.5,0.02,0.5,1,0.125,0.0,0.5,1,0.0,0.5,1,0.5,0.5,1,0.2222
0.3022,0.4,1.0,0.5,1,0.1666,0.42,0.5,1,0.125,0.0,0.5,1,-1.0,0.5,0,0.0,0.0,1,0.2
0.5347,0.7,1.0,0.5,1,0.3333,0.74,0.5,1,0.125,1.0,0.0,0,1.0,0.5,0,0.0,0.0,0,0.3777
0.558,0.55,0.5,0.5,1,0.5,0.98,1.0,1,0.375,0.0,1.0,1,0.0,0.3333,0,0.0,0.0,0,0.3555
0.4187,0.85,0.0,1.0,0,0.1666,0.06,0.5,1,0.125,0.5,0.5,1,0.0,0.5,0,0.0,0.0,0,0.2888
0.442,0.325,1.0,0.5,1,0.1666,0.78,0.5,1,0.25,0.5,1.0,1,1.0,0.8335,1,0.0,0.5,0,0.2888
0.2325,0.525,0.0,0.5,1,0.3333,0.36,1.0,1,0.25,1.0,0.5,0,-1.0,0.5,0,1.0,1.0,0,0.2
0.3953,0.475,0.0,0.5,1,0.8335,0.16,0.5,1,0.375,0.5,1.0,1,-1.0,0.5,0,0.0,0.0,0,0.2222
0.442,0.35,0.5,1.0,1,0.8335,0.2,0.5,0,0.125,0.0,0.5,1,1.0,0.5,0,0.0,0.5,0,0.2
0.814,0.9,0.5,0.0,0,0.5,0.92,0.5,1,0.125,0.0,1.0,1,1.0,0.5,0,0.5,0.5,0,0.4443
0.279,0.175,0.0,0.5,1,0.6665,0.8,0.5,1,0.25,0.0,0.5,0,-1.0,0.3333,0,0.0,0.0,1,0.1333
0.6514,0.15,1.0,1.0,0,0.3333,0.32,0.5,1,0.0,0.5,0.5,0,-1.0,0.5,0,1.0,0.0,1,0.2888
0.5815,0.575,0.5,0.5,0,0.0,0.94,0.0,1,0.25,0.0,1.0,1,-1.0,0.6665,0,0.5,0.5,1,0.3333
0.4883,0.65,1.0,0.5,0,0.3333,0.1,0.5,1,0.625,1.0,0.0,0,-1.0,0.5,0,1.0,0.0,0,0.3555
0.6978,0.2,0.0,1.0,1,0.5,0.32,0.0,1,0.0,0.0,0.5,1,1.0,0.5,0,0.0,0.0,1,0.2444
0.4883,0.4,1.0,0.0,1,0.5,0.66,0.0,1,0.0,0.0,0.5,1,1.0,0.1666,0,0.5,0.0,1,0.2444
0.4883,0.95,0.5,0.5,1,0.5,1.0,0.0,1,0.0,0.0,0.5,1,0.0,0.5,0,0.0,1.0,1,0.3333
0.442,0.25,0.0,0.5,0,0.5,0.46,0.5,1,0.0,0.0,0.5,1,-1.0,0.8335,0,0.0,0.0,0,0.1555
0.6045,0.675,1.0,0.0,1,0.3333,0.82,0.0,1,0.5,1.0,0.5,1,0.0,0.6665,0,0.0,0.5,1,0.3777
0.6045,0.75,1.0,0.5,0,0.6665,0.92,1.0,1,0.0,0.5,0.5,1,-1.0,0.6665,0,0.0,0.5,1,0.3777
0.3489,0.45,0.0,0.5,1,0.1666,0.0,0.5,1,0.25,0.0,0.5,0,1.0,0.3333,0,0.5,0.5,1,0.1777
0.2559,0.95,1.0,0.0,1,0.6665,0.28,0.5,0,0.625,0.0,0.5,1,0.0,0.8335,0,0.5,0.0,0,0.311
0.4187,0.725,0.5,0.5,1,0.3333,0.1,0.5,1,0.0,0.5,1.0,1,1.0,0.3333,0,1.0,0.5,1,0.2888
0.3257,0.45,1.0,1.0,1,1.0,0.78,0.0,1,0.0,0.5,0.5,1,0.0,0.5,0,0.0,0.0,1,0.2666
0.442,0.575,1.0,1.0,1,0.5,0.56,1.0,1,0.375,0.0,0.5,0,0.0,0.3333,0,0.5,0.0,0,0.3555
0.6045,0.7,0.0,0.5,1,0.3333,0.1,0.0,0,0.25,0.0,0.5,1,1.0,0.8335,0,0.0,1.0,1,0.2666
0.372,0.6,0.0,0.0,1,0.3333,0.42,0.0,1,0.0,0.5,0.5,0,-1.0,0.6665,1,0.0,0.0,1,0.1555
0.442,0.875,0.5,0.5,0,0.3333,0.52,0.5,1,0.0,0.0,1.0,0,1.0,0.6665,0,0.0,0.5,0,0.311
0.442,0.35,1.0,0.5,1,0.6665,0.7,0.5,1,0.25,0.0,0.5,1,1.0,0.0,0,0.0,0.0,1,0.2666
0.558,0.3,0.5,1.0,1,0.5,0.78,0.5,1,0.25,0.0,1.0,1,1.0,0.5,0,1.0,0.0,0,0.3555
0.1395,0.225,0.5,1.0,1,0.6665,0.08,1.0,1,0.125,0.5,1.0,1,1.0,0.3333,0,0.0,1.0,1,0.711
0.3489,0.05,0.0,0.5,0,0.6665,0.48,0.5,1,0.25,1.0,1.0,0,0.0,0.5,0,0.0,0.5,1,0.1555
0.465,0.05,1.0,0.0,1,0.5,0.16,0.5,1,0.25,0.0,1.0,1,1.0,0.1666,0,0.5,0.0,0,0.2
0.6045,0.875,0.5,1.0,0,0.6665,0.76,1.0,1,0.375,0.5,0.5,0,1.0,0.3333,0,0.0,1.0,0,0.422
0.372,0.675,1.0,1.0,1,0.8335,0.66,0.5,1,0.0,0.0,1.0,1,0.0,0.3333,0,0.5,0.5,1,0.311
0.186,0.65,1.0,0.5,0,0.6665,0.72,0.5,1,0.125,0.0,1.0,1,0.0,0.1666,0,0.0,0.0,1,0.2222
0.5347,0.625,0.0,0.5,1,0.5,0.08,0.5,0,0.25,0.5,0.0,1,0.0,0.5,0,0.5,0.5,0,0.2444
0.3489,0.85,0.5,0.5,1,0.6665,0.52,0.0,1,0.375,0.5,0.5,1,-1.0,0.6665,0,1.0,0.0,0,0.3333
0.279,0.475,1.0,1.0,0,0.1666,0.84,0.5,1,0.375,0.5,0.5,1,0.0,0.5,0,0.0,0.0,1,0.2888
0.3489,0.875,0.0,0.0,0,1.0,0.72,0.5,1,0.5,1.0,0.5,1,1.0,0.3333,0,0.5,0.0,0,0.3333
0.4187,0.35,1.0,1.0,0,0.6665,0.86,1.0,1,0.125,0.5,0.5,1,-1.0,0.5,0,0.0,0.0,1,0.2888
0.3489,0.925,1.0,0.0,1,0.6665,0.2,0.5,1,0.0,0.0,1.0,1,1.0,0.5,0,0.0,0.0,1,0.311
0.1395,0.7,0.5,1.0,1,0.5,0.28,0.0,1,0.25,0.5,1.0,1,0.0,0.6665,0,1.0,0.5,1,0.2444
0.558,0.25,0.5,0.5,1,0.0,0.44,0.5,1,0.0,0.0,0.0,1,0.0,0.6665,0,0.5,0.5,1,0.2222
0.628,0.575,0.5,0.5,1,0.5,0.52,0.5,1,0.125,0.5,0.5,1,1.0,0.5,0,0.5,0.0,1,0.3555
0.5347,0.525,0.5,0.0,1,0.5,0.26,0.5,1,0.125,0.0,0.5,1,1.0,0.5,0,0.0,0.5,1,0.2444
0.279,0.15,0.0,0.5,1,0.3333,0.38,0.0,1,0.25,0.0,0.5,0,1.0,0.6665,0,0.0,0.0,1,0.1333
0.4187,0.6,0.5,0.5,1,0.3333,0.68,0.5,1,0.375,0.5,1.0,1,0.0,0.3333,0,1.0,0.5,1,0.311
0.442,0.325,0.5,0.5,0,0.3333,0.64,0.0,1,0.125,0.5,1.0,0,-1.0,0.5,0,0.5,0.0,1,0.2222
0.5347,0.05,0.5,0.5,1,0.6665,0.12,0.5,1,0.0,0.5,0.5,0,1.0,0.3333,0,0.5,0.5,1,0.1777
0.5347,0.95,0.5,0.0,1,0.8335,0.98,1.0,1,0.25,0.0,1.0,1,0.0,0.3333,0,1.0,1.0,0,0.4
0.3489,0.65,1.0,0.5,1,0.5,0.56,0.0,1,0.125,0.0,0.5,0,1.0,0.6665,0,1.0,0.5,1,0.2888
0.442,0.875,0.5,0.5,1,0.3333,0.48,0.5,1,0.125,1.0,0.0,1,1.0,0.6665,0,0.0,1.0,0,0.3333
0.5117,0.675,0.5,0.5,1,0.3333,0.96,0.5,1,0.375,0.5,0.5,1,0.0,0.5,0,0.5,0.0,1,0.3777
0.6514,0.35,1.0,0.5,1,0.5,0.14,0.5,0,0.375,0.5,0.5,0,1.0,0.3333,0,0.0,0.5,1,0.2888
0.5347,0.525,0.5,0.5,0,0.5,0.54,0.5,1,0.0,1.0,0.5,0,1.0,0.5,0,0.0,0.0,1,0.2888
0.558,0.675,1.0,0.5,1,0.6665,0.8,0.5,1,0.125,0.0,0.5,1,-1.0,0.6665,0,0.0,0.0,0,0.3555
0.465,0.95,0.0,0.0,1,0.3333,0.4,0.5,1,0.125,0.5,0.5,1,1.0,0.5,0,0.0,0.5,1,0.2888
0.628,0.25,1.0,0.0,1,0.6665,0.74,1.0,1,0.375,0.0,0.5,1,0.0,0.5,0,1.0,0.5,1,0.3333
0.4883,0.875,0.5,0.0,1,0.6665,0.9,0.5,0,0.25,0.0,1.0,0,0.0,0.6665,0,0.0,0.0,0,0.3333
0.3257,0.925,1.0,0.5,1,0.3333,0.26,0.0,1,0.25,0.5,0.5,1,0.0,0.5,0,0.0,0.0,0,0.311
0.628,0.675,1.0,0.5,1,0.0,0.24,1.0,1,0.25,0.0,1.0,1,1.0,0.6665,0,0.0,0.0,0,0.4
0.5347,0.925,0.5,0.5,1,0.3333,0.36,0.0,1,0.125,0.5,1.0,1,0.0,0.6665,0,0.5,0.0,1,0.3777
0.372,0.4,0.5,1.0,0,0.8335,0.42,0.5,1,0.0,0.5,1.0,1,0.0,0.5,0,1.0,0.0,1,0.2666
0.372,0.95,1.0,0.5,0,0.0,0.12,0.5,1,0.25,0.0,0.0,0,1.0,0.5,0,0.0,0.0,0,0.311
0.4883,0.7,0.0,0.5,1,0.8335,0.24,0.5,1,0.125,1.0,0.5,0,-1.0,0.5,0,0.5,0.0,1,0.2888
0.5117,0.05,1.0,0.0,0,0.0,0.88,0.5,1,0.0,0.5,0.0,0,1.0,0.5,0,1.0,1.0,0,0.2
0.465,0.9,0.0,1.0,1,0.3333,0.56,0.0,1,0.25,0.5,1.0,0,0.0,0.5,0,0.0,0.5,0,0.3555
0.4883,0.475,1.0,0.5,1,0.3333,0.26,0.5,1,0.125,0.5,1.0,1,0.0,0.6665,0,0.0,0.0,0,0.2888
0.6743,0.45,0.5,1.0,1,1.0,0.94,0.5,1,0.125,0.0,0.0,0,1.0,0.3333,0,0.0,1.0,1,0.3333
0.5815,0.575,0.5,1.0,1,0.5,0.78,0.5,1,0.375,0.0,0.5,0,1.0,0.5,0,0.0,0.5,1,0.3777
0.465,0.15,0.0,1.0,1,0.5,0.36,1.0,1,0.25,0.0,0.5,1,1.0,0.1666,0,0.0,0.0,0,0.2222
0.5815,0.475,0.5,1.0,0,0.3333,0.76,0.5,1,0.125,0.0,1.0,1,1.0,0.5,1,0.5,0.0,1,0.3333
0.3022,0.825,0.5,0.5,0,0.6665,0.6,0.0,1,0.25,0.0,0.5,0,1.0,0.6665,0,1.0,0.0,1,0.311
0.4883,0.025,0.5,0.5,0,0.3333,0.68,0.0,1,0.0,0.5,0.5,1,1.0,0.3333,0,1.0,0.0,1,0.2
0.6978,0.275,0.0,1.0,1,0.5,0.32,0.5,1,0.375,0.0,0.5,0,-1.0,0.1666,0,0.0,0.0,1,0.2666
0.4187,0.0,1.0,1.0,1,0.3333,0.2,1.0,1,0.125,0.0,0.5,1,1.0,0.3333,0,0.5,0.0,1,0.2222
0.3257,0.425,0.0,0.5,1,0.6665,0.26,0.5,1,0.0,0.5,0.5,1,0.0,0.1666,0,0.0,0.0,0,0.1555
0.3489,0.725,1.0,0.5,0,0.6665,0.08,0.5,1,0.25,0.0,1.0,0,1.0,0.3333,0,0.5,0.5,1,0.2888
0.279,0.8,0.5,1.0,0,0.3333,0.48,1.0,1,0.25,0.0,0.5,0,0.0,0.3333,0,0.5,0.0,1,0.2888
0.3257,0.95,0.5,0.5,0,0.3333,0.4,0.0,1,0.125,0.5,1.0,0,1.0,0.5,0,0.0,0.5,1,0.2888
0.3953,0.6,0.5,0.0,1,0.3333,0.0,0.5,1,0.5,1.0,1.0,0,-1.0,0.5,0,1.0,0.0,1,0.2888
0.2559,0.25,0.5,0.5,1,0.5,0.86,0.5,1,0.125,0.0,1.0,1,0.0,0.6665,0,0.0,1.0,0,0.1555
0.442,0.925,0.5,0.0,1,0.6665,0.68,0.0,1,0.5,0.5,0.5,1,1.0,0.8335,0,0.0,0.0,0,0.3777
0.558,0.775,0.0,0.5,0,0.5,0.44,0.5,1,0.125,0.5,1.0,0,0.0,0.5,0,0.5,1.0,1,0.311
0.3257,0.575,0.5,1.0,0,0.0,0.96,0.0,1,0.375,0.0,1.0,1,1.0,0.5,0,0.0,0.5,0,0.2888
0.6514,0.7,0.0,0.5,1,0.6665,0.94,0.5,1,0.5,0.0,1.0,1,-1.0,0.5,1,0.5,0.5,1,0.3555
0.5117,0.925,0.0,1.0,1,0.1666,0.1,0.5,1,0.0,0.5,0.0,1,0.0,0.5,0,0.0,0.5,0,0.311
0.5815,0.7,0.0,1.0,0,0.3333,0.62,0.5,1,0.125,1.0,0.5,1,1.0,0.3333,0,0.0,0.0,1,0.3555
0.3489,0.375,0.5,1.0,1,0.5,0.82,0.0,1,0.25,0.0,0.0,1,1.0,0.8335,0,0.0,1.0,1,0.2222
0.558,0.725,0.5,1.0,0,0.5,0.18,0.5,1,0.125,0.0,0.5,1,0.0,0.6665,1,0.0,0.0,1,0.2888
0.279,0.05,0.5,0.5,1,0.6665,0.12,0.0,1,0.125,0.0,1.0,1,1.0,0.6665,1,0.0,0.0,0,0.1111
0.558,0.375,0.5,0.5,1,0.3333,0.26,0.0,1,0.375,1.0,0.5,0,0.0,0.6665,0,0.0,0.0,1,0.2888
0.465,0.4,0.0,1.0,0,0.3333,0.28,0.5,1,0.125,0.5,0.5,1,0.0,0.6665,0,0.0,0.0,0,0.2444
0.5117,0.175,0.5,0.5,0,0.5,0.96,0.0,1,0.5,0.0,0.5,0,0.0,0.5,0,0.0,0.5,1,0.2444
0.279,0.025,0.5,0.5,1,0.6665,0.78,0.0,1,0.5,0.0,0.5,0,0.0,0.6665,0,0.0,1.0,0,0.1555
0.3257,0.125,0.5,0.5,0,0.6665,0.06,0.5,1,0.25,0.0,0.5,1,-1.0,0.5,0,0.5,0.0,1,0.1333
0.5347,0.65,1.0,0.5,0,0.5,0.78,0.0,1,0.25,0.0,0.5,1,-1.0,0.5,0,1.0,1.0,0,0.311
0.3022,0.8,0.5,1.0,1,0.8335,0.16,1.0,1,0.125,1.0,0.0,1,1.0,0.3333,0,0.0,0.0,1,0.311
0.5117,1.0,0.5,0.5,1,0.8335,0.36,0.5,1,0.5,1.0,1.0,0,-1.0,0.5,0,1.0,0.0,1,0.422
0.2559,0.35,0.5,1.0,1,0.6665,0.32,0.0,1,0.125,0.0,0.5,1,-1.0,0.6665,0,0.0,0.0,0,0.1555
0.558,0.6,0.5,0.5,1,0.1666,0.28,0.5,1,0.0,0.0,0.5,1,-1.0,0.5,0,0.5,0.5,0,0.2666
0.279,0.925,1.0,0.5,0,0.6665,0.3,1.0,1,0.125,0.0,0.5,0,1.0,0.3333,0,0.0,0.0,0,0.311
0.5117,0.175,1.0,0.0,1,0.5,0.76,0.5,1,0.125,0.0,0.5,0,1.0,0.6665,0,0.0,0.0,1,0.2444
0.5347,0.725,0.5,1.0,1,0.3333,0.26,0.5,1,0.25,1.0,0.5,0,1.0,0.5,0,0.5,0.0,1,0.3777
0.3489,0.75,1.0,0.0,0,0.3333,0.8,0.5,1,0.25,1.0,0.5,1,0.0,0.5,0,0.0,0.0,1,0.311
0.5117,0.1,0.5,1.0,1,0.5,0.1,0.5,1,0.0,0.5,0.5,1,1.0,0.6665,0,0.0,0.5,1,0.2222
0.4883,0.85,0.5,1.0,0,0.3333,0.6,0.0,1,0.0,1.0,0.5,0,1.0,0.3333,0,1.0,0.0,1,0.3777
0.372,0.825,0.0,0.5,1,0.5,0.86,0.0,1,0.25,0.5,0.5,0,1.0,0.6665,0,0.0,0.0,1,0.311
0.3022,0.025,0.5,1.0,0,0.5,0.08,0.5,1,0.375,0.0,0.5,1,1.0,0.3333,1,0.0,0.0,0,0.1111
0.1628,0.1,1.0,0.5,0,0.5,0.64,1.0,1,0.0,1.0,0.5,1,0.0,0.1666,1,1.0,0.0,0,0.1333
0.4883,0.05,1.0,0.0,0,0.6665,0.52,0.5,1,0.125,0.5,0.0,1,0.0,0.5,0,0.0,0.0,1,0.1777
0.2325,0.325,0.5,0.5,0,0.5,0.34,0.5,0,0.375,0.5,1.0,0,1.0,0.8335,1,1.0,0.0,1,0.1777
0.465,0.5,0.5,0.5,1,0.3333,0.1,1.0,1,0.125,1.0,1.0,1,-1.0,0.5,0,1.0,0.5,1,0.2888
0.3953,0.525,0.5,0.5,1,0.0,0.68,0.0,1,0.125,0.5,0.5,0,1.0,0.6665,0,0.5,0.0,0,0.2888
0.5347,0.275,1.0,0.5,0,0.6665,0.3,0.5,1,0.125,0.0,0.5,0,-1.0,0.3333,0,0.0,0.0,1,0.2222
0.3953,0.9,0.5,1.0,0,0.5,0.34,0.5,1,0.125,1.0,0.5,1,1.0,0.3333,0,0.0,0.0,0,0.3555
0.3953,0.375,0.5,0.5,1,0.5,0.72,0.0,1,0.125,0.0,0.5,0,-1.0,0.5,0,0.0,0.0,1,0.2
0.5347,0.05,0.5,0.5,0,0.8335,0.94,0.5,1,0.125,0.5,0.5,0,-1.0,0.3333,0,1.0,0.0,1,0.2222
0.4883,0.3,1.0,0.5,1,0.1666,0.34,0.0,1,0.25,0.5,0.5,1,0.0,0.6665,0,0.5,0.0,0,0.2666
0.4883,0.525,1.0,0.5,0,0.5,0.74,0.0,1,0.0,0.0,0.5,1,0.0,0.3333,0,0.0,0.0,0,0.2666
0.5117,0.4,0.0,0.5,1,0.3333,0.96,0.5,1,0.125,0.0,1.0,1,0.0,0.5,0,0.5,0.5,1,0.2666
0.2325,0.275,0.0,0.5,1,0.6665,0.1,0.5,1,0.125,0.0,0.5,1,-1.0,0.5,0,0.5,0.0,0,0.711
0.558,0.125,1.0,1.0,1,0.0,0.52,1.0,1,0.125,1.0,0.5,0,0.0,0.1666,0,0.0,0.5,0,0.2666
0.5347,0.825,1.0,0.5,1,0.6665,0.02,1.0,1,0.5,0.5,0.5,0,1.0,0.3333,1,0.0,0.0,1,0.3777
0.3022,1.0,0.5,0.0,1,0.6665,0.82,1.0,1,0.0,0.0,1.0,1,0.0,0.5,0,0.0,0.0,0,0.311
0.4187,0.325,0.5,0.5,1,0.3333,0.28,0.0,1,0.125,1.0,0.5,1,1.0,0.5,0,0.5,0.5,0,0.2222
0.442,0.375,1.0,0.5,1,0.5,0.34,0.0,1,0.125,0.0,0.5,0,1.0,0.6665,0,0.0,0.0,0,0.2444
0.4187,0.625,1.0,1.0,0,0.3333,0.68,0.0,1,0.375,0.5,0.5,0,-1.0,0.5,0,1.0,0.0,1,0.3333
0.4883,0.725,1.0,1.0,1,0.6665,0.78,0.5,1,0.0,0.5,0.5,0,0.0,0.5,0,0.0,0.5,1,0.3555
0.6514,0.4,0.5,1.0,1,0.6665,0.4,0.0,0,0.125,0.0,0.0,1,0.0,0.6665,0,0.5,0.5,0,0.2666
0.5815,0.9,1.0,0.5,0,0.1666,0.66,0.5,1,0.0,0.5,1.0,1,1.0,0.3333,0,0.0,1.0,1,0.3777
0.2559,0.55,0.0,0.5,0,0.1666,0.96,0.5,1,0.0,0.0,1.0,1,0.0,0.1666,0,0.0,0.5,1,0.1777
0.5347,0.45,1.0,0.0,1,0.8335,0.88,0.0,1,0.0,0.0,1.0,1,0.0,0.6665,0,0.0,0.5,0,0.2666
0.628,0.65,0.0,0.5,0,1.0,0.7,0.5,1,0.75,0.0,1.0,1,0.0,0.3333,0,0.0,0.0,1,0.3777
0.4883,0.95,0.5,0.5,0,0.6665,0.94,0.0,1,0.125,1.0,0.5,0,1.0,0.1666,1,1.0,0.0,0,0.3777
0.6045,0.8,0.5,0.5,0,0.6665,0.88,0.5,0,0.125,0.0,0.5,0,-1.0,0.6665,0,0.5,0.0,0,0.3333
0.7207,0.05,1.0,0.5,0,0.5,0.72,0.0,1,0.0,0.0,0.5,1,1.0,0.3333,0,0.0,0.0,0,0.2666
0.5815,0.325,0.5,0.5,0,0.5,0.92,1.0,1,0.0,0.5,1.0,0,0.0,0.5,0,0.0,0.0,0,0.2888
0.465,0.475,0.0,0.5,1,0.6665,0.82,1.0,1,0.125,0.0,0.5,1,1.0,0.5,0,0.0,0.5,1,0.2666
0.5815,0.325,1.0,1.0,0,0.5,0.5,0.0,1,0.375,0.0,0.5,1,1.0,0.8335,0,0.5,0.0,1,0.3333
0.465,0.7,0.5,0.0,0,0.8335,0.5,1.0,0,0.125,0.5,1.0,0,0.0,0.3333,0,1.0,0.5,0,0.2666
0.442,0.825,0.5,0.5,1,0.5,0.0,0.5,1,0.125,1.0,1.0,1,1.0,0.6665,0,0.5,0.0,1,0.3555
0.3953,0.725,1.0,0.0,1,0.5,0.04,0.5,1,0.125,1.0,1.0,1,1.0,0.5,0,1.0,0.0,0,0.311
0.6514,1.0,0.5,0.5,1,0.5,0.74,0.5,0,0.375,0.0,0.5,1,-1.0,0.8335,0,0.5,0.0,0,0.422
0.3257,0.275,1.0,0.0,0,0.5,0.56,0.5,1,0.0,0.5,0.5,0,1.0,0.5,0,0.0,0.0,1,0.1777
0.6514,0.875,0.5,0.0,1,0.8335,0.76,0.5,1,0.0,0.5,1.0,1,0.0,0.3333,0,0.0,0.0,0,0.3777
0.5117,0.775,1.0,0.0,1,0.5,0.94,0.0,1,0.25,0.0,0.5,1,0.0,0.5,0,0.5,0.5,1,0.3555
0.2559,0.35,1.0,0.5,0,0.5,0.46,0.5,1,0.125,0.0,0.5,1,0.0,0.8335,0,0.0,0.0,1,0.2
0.4883,0.725,0.5,0.5,1,0.5,0.08,0.5,1,0.125,1.0,0.5,1,1.0,0.5,0,0.0,0.0,0,0.311
0.1395,0.1,1.0,1.0,0,0.3333,0.62,0.5,1,0.25,0.0,0.0,0,1.0,0.5,0,1.0,0.5,0,0.1555
0.5347,0.8,0.5,0.5,1,0.1666,0.1,0.5,0,0.125,0.5,0.5,1,0.0,0.6665,0,0.5,0.0,1,0.311
0.558,0.525,1.0,0.0,1,0.8335,0.62,0.0,1,0.25,0.0,0.5,1,0.0,0.5,0,0.0,0.0,1,0.2888
0.3489,0.3,1.0,0.5,1,0.8335,0.52,1.0,1,0.75,0.0,0.0,1,-1.0,0.5,0,0.0,0.0,1,0.2666
0.465,0.65,0.5,0.5,1,0.8335,0.72,1.0,1,0.25,0.5,0.5,1,0.0,0.5,0,1.0,0.0,1,0.3555
0.7207,0.65,0.5,0.5,1,0.1666,0.36,0.0,1,0.125,0.5,0.5,1,-1.0,0.6665,0,0.0,0.5,1,0.3333
0.372,0.2,1.0,0.5,0,0.8335,0.14,0.5,1,0.25,0.5,0.0,1,0.0,0.5,0,0.0,0.5,1,0.1777
0.3022,0.025,0.0,1.0,0,1.0,0.24,0.5,1,0.0,1.0,0.5,1,-1.0,0.6665,0,0.5,0.5,0,0.1111
0.6514,0.425,0.5,0.5,0,0.8335,0.68,0.5,1,0.0,0.0,1.0,1,0.0,0.5,0,0.5,0.0,0,0.311
0.7207,0.575,0.5,0.5,1,0.8335,0.48,0.5,1,0.375,0.0,0.5,1,0.0,0.5,0,0.5,0.5,1,0.3555
0.442,0.875,0.0,0.0,1,0.6665,0.54,0.5,1,0.125,1.0,1.0,1,1.0,0.3333,0,0.0,0.0,1,0.311
0.5815,0.925,1.0,0.0,1,0.3333,0.32,0.5,1,0.25,0.5,0.5,1,1.0,0.1666,0,0.5,0.0,0,0.4
0.628,0.525,0.5,1.0,1,0.6665,0.84,0.5,1,0.125,1.0,0.5,1,1.0,0.5,0,0.5,0.0,0,0.4
0.3489,0.75,0.5,0.5,0,0.1666,1.0,0.5,1,0.125,0.0,0.5,1,1.0,0.5,0,0.0,0.5,0,0.2888
0.372,0.45,1.0,0.5,1,0.3333,0.32,0.5,1,0.25,0.0,0.5,1,1.0,0.6665,0,0.5,0.5,1,0.2666
0.6045,0.75,0.5,1.0,0,0.5,0.72,1.0,1,0.25,0.5,0.5,1,1.0,0.5,0,0.5,0.5,1,0.422
0.6743,0.2,0.5,1.0,0,0.5,0.18,0.5,1,0.375,0.0,0.5,1,1.0,0.5,0,0.5,0.5,1,0.2888
0.5117,0.375,1.0,0.5,0,0.6665,0.74,0.0,1,0.125,0.5,1.0,1,1.0,0.3333,0,0.5,0.0,0,0.311
0.3257,0.625,1.0,0.5,0,0.0,0.44,0.5,1,0.5,0.0,1.0,0,0.0,0.6665,0,0.5,0.0,1,0.311
0.7207,0.025,1.0,1.0,1,0.5,0.6,0.5,1,0.0,0.0,0.5,1,1.0,0.6665,1,0.5,0.5,0,0.2888
0.372,0.725,0.0,1.0,0,0.6665,0.24,0.5,1,0.125,0.0,1.0,1,1.0,0.1666,0,0.0,0.5,1,0.2444
0.3953,0.825,0.0,0.0,1,0.6665,0.86,0.5,1,0.375,0.0,1.0,1,-1.0,0.5,0,1.0,0.5,1,0.311
0.4883,0.4,0.5,0.5,1,0.6665,0.18,0.5,1,0.125,0.0,0.5,1,1.0,0.3333,0,0.5,0.0,0,0.2444
0.6514,0.45,0.0,0.5,1,0.5,0.92,1.0,1,0.625,0.0,0.5,1,1.0,0.6665,0,0.5,0.5,1,0.3777
0.558,0.85,0.5,0.0,1,0.3333,0.06,0.0,1,0.125,0.5,0.5,1,-1.0,0.5,0,0.0,0.0,0,0.311
0.4883,0.775,0.5,0.5,1,0.6665,0.28,0.5,1,0.125,0.0,1.0,1,1.0,0.5,1,0.0,0.5,1,0.2888
0.5117,0.3,0.5,0.5,1,0.5,0.56,0.5,1,0.125,0.0,0.5,0,0.0,0.5,0,0.0,0.0,1,0.2444
0.442,0.325,0.5,0.0,1,0.6665,0.86,1.0,1,0.125,0.0,1.0,1,-1.0,0.6665,0,0.0,1.0,1,0.2222
0.5117,0.675,0.5,0.5,0,0.6665,0.58,1.0,1,0.25,0.0,1.0,1,0.0,0.3333,0,1.0,0.0,1,0.3555
0.093,0.575,0.5,0.5,1,0.5,0.22,0.5,1,0.25,0.0,0.5,1,-1.0,0.6665,0,0.0,0.5,1,0.1333
0.3953,0.15,0.0,0.5,1,0.3333,0.86,0.5,1,0.125,0.0,0.5,1,0.0,0.5,1,0.5,0.0,0,0.1777
0.465,0.3,0.5,1.0,1,0.8335,0.6,0.0,1,0.125,0.5,0.5,1,0.0,0.5,0,0.0,0.0,0,0.2444
0.279,0.9,0.5,1.0,0,0.6665,0.24,0.5,1,0.0,1.0,0.5,0,0.0,0.3333,0,1.0,0.0,1,0.311
0.4883,0.7,1.0,1.0,1,1.0,0.56,0.5,1,0.0,0.5,1.0,0,1.0,0.3333,0,0.0,0.5,1,0.3555
0.4187,0.975,1.0,0.5,1,0.6665,0.68,1.0,1,0.0,1.0,0.5,1,1.0,0.6665,0,0.0,0.0,0,0.4
0.6978,0.775,1.0,0.5,1,0.6665,0.68,0.0,1,0.25,0.0,0.5,1,-1.0,0.3333,0,0.0,0.0,1,0.3777
0.6514,0.95,0.5,1.0,0,0.1666,0.72,0.0,1,0.25,0.5,0.5,0,-1.0,0.6665,0,0.0,1.0,1,0.4
0.372,0.225,0.0,1.0,1,0.5,0.9,0.5,1,0.125,0.0,1.0,0,1.0,0.3333,0,0.0,0.5,1,0.2222
0.4187,0.775,0.0,1.0,1,0.5,0.82,0.5,1,0.125,1.0,1.0,1,0.0,0.5,0,0.0,0.0,0,0.3555
0.442,0.025,1.0,0.5,1,0.6665,0.6,0.5,1,0.125,0.0,1.0,1,1.0,0.5,0,0.0,0.0,1,0.2222
0.372,0.675,0.5,0.5,0,0.6665,0.04,0.0,1,0.125,0.5,0.5,1,1.0,0.8335,0,0.5,0.0,1,0.2666
0.465,0.475,0.5,1.0,1,0.6665,0.74,0.5,1,0.125,0.0,1.0,1,0.0,0.3333,0,1.0,0.5,1,0.311
0.3257,0.35,0.0,1.0,0,1.0,0.98,0.0,0,0.0,0.0,0.5,0,0.0,0.5,0,0.5,0.5,1,0.1777
0.279,0.85,0.0,1.0,1,0.3333,0.3,1.0,1,0.25,0.5,0.5,1,0.0,0.3333,0,1.0,0.5,1,0.2888
0.5347,0.85,1.0,0.0,1,0.6665,0.6,1.0,0,0.125,0.0,0.5,1,0.0,0.6665,0,0.0,0.0,0,0.3333
0.5347,0.025,0.5,0.5,1,0.6665,0.76,0.0,1,0.125,0.0,0.5,0,1.0,0.6665,0,0.0,0.5,0,0.2
0.3257,0.6,0.5,0.5,0,1.0,0.64,0.5,1,0.125,1.0,0.0,0,-1.0,0.3333,1,0.0,0.0,1,0.2
0.558,0.375,0.0,1.0,1,0.6665,0.92,1.0,1,0.125,0.0,0.5,0,0.0,0.0,0,0.5,0.0,1,0.2888
0.3489,0.425,0.5,1.0,1,0.6665,0.48,0.5,1,0.0,1.0,0.0,0,0.0,0.3333,0,0.5,0.5,0,0.2222
0.4883,0.825,1.0,0.5,0,0.6665,0.54,0.5,1,0.0,1.0,0.5,1,0.0,0.1666,0,0.0,0.0,0,0.3333
0.558,0.3,0.5,0.5,1,0.6665,0.04,0.0,1,0.0,0.5,0.5,0,1.0,0.3333,0,1.0,0.0,1,0.2444
0.442,0.95,1.0,0.0,1,0.8335,0.9,0.0,1,0.125,0.0,0.5,1,1.0,0.3333,0,0.0,0.5,0,0.3333
0.5117,0.175,0.5,0.5,1,0.3333,0.26,1.0,1,0.375,0.0,1.0,0,0.0,0.5,0,0.0,0.0,1,0.2444
0.372,0.675,0.5,0.5,0,0.3333,0.98,0.5,1,0.25,0.0,0.5,0,0.0,0.3333,0,1.0,0.0,1,0.311
0.4187,0.675,1.0,1.0,0,1.0,0.2,1.0,1,0.25,0.5,0.0,0,1.0,0.5,0,0.0,0.5,1,0.311
0.4187,0.25,1.0,1.0,0,0.0,0.26,0.5,1,0.125,0.0,0.5,0,0.0,0.5,0,0.5,1.0,0,0.2
0.3489,0.325,0.5,0.5,1,0.5,0.48,0.0,1,0.125,0.0,1.0,1,1.0,0.5,0,0.0,0.5,1,0.2
0.4187,0.825,0.0,0.5,1,0.5,0.66,0.5,1,0.125,0.5,0.5,1,1.0,0.5,0,0.0,0.0,0,0.311
0.2325,0.75,0.5,0.5,1,0.5,0.44,1.0,1,0.375,0.5,0.5,1,-1.0,0.5,0,0.0,0.0,0,0.2666
0.372,0.325,0.0,0.5,1,0.8335,0.36,0.0,1,0.25,0.5,0.5,1,1.0,0.5,1,0.5,0.0,0,0.1777
0.3953,0.525,0.0,1.0,1,0.6665,0.54,0.0,1,0.125,0.5,1.0,1,1.0,0.5,0,0.5,0.5,1,0.2666
0.3953,0.05,0.5,1.0,0,0.3333,0.96,0.0,1,0.375,0.5,0.5,0,0.0,0.1666,0,0.5,0.0,1,0.2222
0.4187,0.2,0.5,0.5,1,0.3333,0.96,0.0,1,0.25,0.0,0.5,1,1.0,0.1666,0,0.0,0.5,0,0.2
0.442,0.475,1.0,0.5,0,0.5,0.32,0.0,1,0.375,1.0,0.5,1,-1.0,0.5,0,0.5,0.0,0,0.2888
0.5117,0.075,0.0,0.5,1,0.8335,0.68,1.0,1,0.0,1.0,0.5,1,0.0,0.5,0,0.0,0.0,0,0.2
0.558,0.85,1.0,0.5,0,0.5,0.72,0.0,0,0.25,0.0,0.5,0,-1.0,0.6665,0,0.5,0.5,1,0.3333
0.3489,0.725,1.0,0.5,1,0.5,0.66,1.0,1,0.0,0.0,1.0,1,1.0,0.6665,0,1.0,0.5,1,0.3333
0.279,0.95,1.0,0.0,1,0.3333,0.12,0.5,1,0.125,1.0,0.0,1,-1.0,0.5,0,0.5,0.5,0,0.2666
0.3022,0.7,1.0,1.0,1,0.6665,0.54,0.5,1,0.25,0.5,0.5,1,1.0,0.5,0,0.5,1.0,1,0.311
0.372,0.95,1.0,0.5,0,0.5,0.76,0.5,1,0.25,0.0,1.0,0,-1.0,0.6665,0,0.0,1.0,1,0.3333
0.3953,0.55,1.0,1.0,0,0.3333,0.2,0.5,1,0.625,0.5,1.0,1,-1.0,0.5,0,0.5,0.0,1,0.311
0.3257,0.6,0.5,0.0,1,0.8335,0.34,0.5,1,0.125,0.5,1.0,0,-1.0,0.5,0,0.5,0.5,1,0.2222
0.2559,0.975,0.5,1.0,1,1.0,0.2,0.5,1,0.0,0.0,0.0,1,-1.0,0.1666,0,0.0,0.5,1,0.2444
0.372,0.65,1.0,1.0,1,0.5,0.88,0.5,1,0.25,0.5,0.5,1,0.0,0.5,0,0.0,0.5,1,0.3333
0.465,0.025,0.5,0.0,1,0.5,0.86,0.0,1,0.125,0.0,1.0,0,-1.0,0.8335,0,0.0,0.0,1,0.1777
0.5347,0.725,0.0,0.5,0,0.1666,0.16,0.5,1,0.375,1.0,0.5,1,1.0,0.5,0,0.0,0.0,0,0.311
0.372,0.9,1.0,1.0,1,0.6665,0.76,0.5,1,0.5,0.0,0.0,0,1.0,0.6665,0,1.0,0.0,1,0.422
0.3953,0.8,0.5,0.5,1,0.6665,0.36,0.0,1,0.25,1.0,1.0,0,1.0,0.5,0,0.0,0.0,1,0.3333
0.3022,0.575,1.0,0.5,0,0.5,0.68,0.5,1,0.125,0.0,0.5,1,0.0,0.5,0,0.0,0.0,0,0.2444
0.442,0.675,0.0,1.0,1,0.3333,0.5,0.5,1,0.0,0.0,0.5,1,1.0,0.5,1,1.0,0.0,1,0.2888
0.3257,1.0,0.5,0.0,0,1.0,0.48,0.5,1,0.25,0.5,0.5,1,-1.0,0.8335,0,0.0,1.0,1,0.2666
0.5117,0.1,0.5,0.5,1,0.6665,0.88,0.0,1,0.25,0.5,0.5,0,1.0,0.8335,0,0.0,0.5,0,0.2444
0.186,0.675,1.0,0.5,0,0.3333,0.64,0.5,1,0.0,0.0,0.5,1,-1.0,0.5,0,0.5,0.0,0,0.2222
0.3953,0.275,0.0,0.5,1,0.6665,0.24,0.5,1,0.375,1.0,1.0,1,1.0,0.3333,0,0.5,0.0,1,0.2444
0.4883,0.65,1.0,0.5,1,0.5,0.12,0.5,1,0.125,1.0,0.5,0,1.0,0.6665,0,0.0,0.5,1,0.311
0.465,0.6,0.0,0.5,0,0.5,0.94,0.5,1,0.25,0.0,0.0,1,0.0,0.6665,0,0.0,0.5,0,0.2666
0.814,0.15,0.0,1.0,1,0.6665,0.16,1.0,1,0.125,0.5,0.5,1,1.0,0.5,0,0.5,1.0,1,0.311
0.4883,0.2,0.5,0.5,0,0.0,0.74,1.0,1,0.25,0.5,0.5,1,0.0,0.5,0,1.0,1.0,0,0.2444
0.3022,0.625,0.5,0.5,0,0.0,0.5,1.0,1,0.25,1.0,0.5,1,-1.0,0.1666,1,0.0,1.0,0,0.2
0.4187,0.125,0.5,0.5,0,0.8335,0.14,0.0,1,0.125,0.5,0.5,1,1.0,0.3333,1,0.0,0.0,0,0.1333
0.186,0.275,0.0,1.0,1,0.5,0.78,0.5,1,0.0,0.0,0.5,1,-1.0,0.3333,0,0.0,0.0,1,0.1333
0.442,0.825,0.5,0.5,1,0.3333,0.9,0.0,1,0.125,0.5,1.0,1,-1.0,0.6665,0,0.5,0.5,1,0.3333
0.3257,0.325,0.5,1.0,0,0.1666,0.12,0.5,1,0.125,0.5,0.5,1,1.0,0.3333,0,1.0,0.0,0,0.2222
0.558,0.5,1.0,0.0,0,0.5,0.06,0.5,1,0.125,0.5,0.5,0,0.0,0.5,0,0.5,0.5,1,0.2666
0.372,0.95,0.0,0.5,0,0.5,0.84,0.5,1,0.0,1.0,0.5,0,1.0,0.0,0,0.5,0.0,1,0.311
0.4187,0.225,0.5,0.0,1,0.8335,0.5,0.5,1,0.25,0.5,0.0,1,-1.0,0.8335,0,0.0,0.5,0,0.1777
0.3489,0.4,0.5,0.5,0,0.6665,0.68,1.0,1,0.125,1.0,1.0,1,0.0,0.6665,0,0.0,0.0,1,0.2444
0.6743,0.6,1.0,0.5,1,0.5,0.44,0.5,1,0.375,0.5,0.5,1,1.0,0.3333,0,0.0,0.0,1,0.4
0.3953,0.75,1.0,1.0,0,0.6665,0.42,1.0,0,0.0,0.0,0.5,1,0.0,0.5,0,0.0,0.0,0,0.2888
0.6978,0.9,1.0,1.0,1,0.8335,0.3,1.0,1,0.0,0.0,0.5,0,1.0,0.3333,0,0.0,1.0,1,0.422
0.558,0.925,0.0,0.5,1,0.6665,0.56,0.5,1,0.0,0.5,0.5,1,0.0,0.5,0,0.0,0.0,1,0.3333
0.5117,0.775,1.0,0.0,1,0.6665,0.16,0.5,1,0.0,0.5,0.5,1,1.0,0.3333,0,0.0,1.0,1,0.2888
0.4883,0.225,1.0,1.0,0,0.5,0.72,0.0,1,0.125,1.0,0.5,1,1.0,0.6665,1,0.0,0.5,0,0.2666
0.4883,0.025,1.0,0.5,0,0.3333,0.54,0.0,1,0.125,0.5,0.5,1,1.0,0.6665,0,1.0,0.5,1,0.2222
0.1628,0.375,0.5,0.5,0,0.1666,0.84,0.5,1,0.625,1.0,1.0,1,1.0,0.6665,0,0.0,0.5,1,0.2444
0.3953,0.15,1.0,0.5,1,0.1666,0.92,0.5,1,0.0,0.0,0.5,1,0.0,0.8335,0,0.0,0.5,0,0.2
0.558,0.7,0.5,0.5,1,0.6665,0.9,0.0,1,0.125,1.0,1.0,1,0.0,0.6665,0,0.0,0.0,0,0.3777
0.442,0.65,0.5,0.5,1,0.6665,0.6,1.0,1,0.25,0.5,0.5,1,0.0,0.3333,0,0.5,0.0,1,0.3333
0.2559,0.05,0.5,0.5,1,0.8335,0.32,0.5,1,0.125,0.0,0.5,0,0.0,0.3333,0,0.5,0.5,0,0.1111
0.442,0.825,0.5,0.5,1,0.6665,0.36,0.5,1,0.125,0.0,0.0,1,0.0,0.5,0,0.0,0.5,1,0.2888
0.6743,0.25,0.5,1.0,1,0.8335,0.66,0.5,1,0.125,1.0,0.5,0,0.0,0.3333,0,1.0,0.0,0,0.3555
0.6045,0.425,0.5,0.5,1,0.5,0.72,0.0,1,0.125,1.0,0.5,1,0.0,0.5,0,0.0,0.5,1,0.2888
0.442,0.675,1.0,0.5,1,0.6665,0.16,0.0,1,0.25,0.0,0.5,1,-1.0,0.3333,1,1.0,0.0,1,0.2666
0.5815,0.425,0.5,0.5,1,0.1666,1.0,0.0,1,0.125,0.0,1.0,0,1.0,0.8335,0,0.0,0.0,0,0.3333
0.3953,0.45,0.5,1.0,0,0.5,0.1,1.0,1,0.0,1.0,0.5,1,-1.0,0.5,0,0.0,0.0,1,0.2222
0.2094,0.075,0.5,0.5,0,0.0,0.6,0.5,1,0.0,0.0,0.5,1,1.0,0.5,0,0.5,0.0,1,0.1111
0.3022,0.4,1.0,0.0,0,0.5,0.54,0.0,0,0.25,1.0,0.5,1,1.0,0.6665,0,0.5,0.0,1,0.2222
0.6514,0.775,0.5,0.5,0,0.8335,0.6,0.0,1,0.0,0.0,1.0,1,-1.0,0.6665,0,0.0,0.0,0,0.3333
0.3953,0.925,0.0,0.0,1,0.5,0.54,0.5,1,0.5,0.0,0.0,0,0.0,0.6665,0,1.0,0.0,1,0.311
0.4187,0.425,1.0,0.0,0,0.6665,0.06,0.5,1,0.125,0.0,0.5,0,1.0,0.5,0,0.0,0.0,1,0.2
0.3953,0.425,0.0,0.5,0,0.5,1.0,0.5,1,0.25,1.0,1.0,0,1.0,0.5,1,0.0,0.0,1,0.2666
0.6978,0.7,0.0,0.5,1,0.3333,0.98,0.0,1,0.25,1.0,0.0,1,-1.0,0.5,0,1.0,0.0,1,0.4
0.6743,0.95,0.5,1.0,0,0.5,0.52,1.0,1,0.125,0.0,0.5,1,0.0,0.5,0,0.5,0.0,1,0.422
0.744,0.275,0.5,0.0,1,0.8335,0.2,0.5,1,0.0,0.5,0.5,1,1.0,0.6665,1,0.0,0.0,1,0.2666
0.4187,0.45,0.0,1.0,1,0.6665,0.18,0.5,1,0.25,1.0,0.5,1,1.0,0.1666,0,0.0,0.0,1,0.2444
0.4883,0.8,0.5,0.5,0,0.3333,0.06,0.5,1,0.5,1.0,0.5,1,0.0,0.6665,1,0.0,0.0,1,0.311
0.2325,0.6,1.0,0.5,0,0.1666,0.62,0.0,1,0.125,0.0,0.5,0,-1.0,0.5,0,0.0,0.5,0,0.2
0.6514,0.1,0.5,1.0,1,0.5,0.48,0.5,1,0.0,1.0,0.5,1,1.0,0.3333,0,1.0,0.0,0,0.311
0.279,0.625,0.0,1.0,1,0.3333,0.42,0.5,1,0.125,0.0,0.5,1,1.0,0.5,0,0.0,0.0,0,0.2444
0.465,0.175,1.0,0.5,1,0.5,0.52,0.5,1,0.125,0.5,1.0,0,0.0,0.3333,1,0.0,0.0,1,0.2222
0.279,0.5,0.5,0.5,1,0.1666,0.88,1.0,1,0.125,0.5,0.5,0,1.0,0.5,0,0.0,0.0,0,0.2666
0.3489,0.525,0.5,1.0,0,0.8335,0.08,0.5,1,0.375,0.5,1.0,1,-1.0,0.5,0,1.0,0.5,1,0.2666
0.3257,0.875,0.5,0.5,0,0.5,0.54,1.0,1,0.0,0.0,0.5,0,0.0,0.5,0,0.0,0.0,0,0.2888
0.3489,0.45,0.5,0.0,0,0.5,0.7,0.5,1,0.5,0.5,0.5,1,0.0,0.3333,1,0.0,0.0,1,0.2222
0.372,0.275,0.5,0.0,1,0.3333,0.98,0.0,1,0.5,0.5,0.5,1,1.0,0.5,1,1.0,0.0,1,0.2444
0.372,0.225,1.0,0.5,1,0.5,0.74,0.0,1,0.25,0.0,0.5,1,0.0,0.5,0,0.5,0.0,1,0.2222
0.558,0.875,0.5,0.5,1,0.5,0.54,1.0,0,0.0,0.0,1.0,1,0.0,0.5,0,1.0,0.0,1,0.3555
0.279,0.175,0.5,1.0,1,0.3333,0.76,0.5,1,0.0,0.0,0.5,1,0.0,0.5,0,0.5,0.5,0,0.1777
0.465,0.425,1.0,0.0,1,0.5,1.0,0.0,1,0.25,1.0,1.0,1,1.0,0.6665,0,0.5,0.0,0,0.3333
0.6045,0.175,1.0,1.0,1,0.8335,0.88,1.0,1,0.0,1.0,0.0,1,1.0,0.3333,0,0.5,0.0,0,0.3333
0.372,0.775,0.0,0.5,1,0.0,0.08,1.0,1,0.375,0.0,0.5,1,0.0,0.6665,0,0.5,0.5,0,0.2666
0.3489,0.475,1.0,0.5,1,0.5,0.58,1.0,1,0.25,1.0,1.0,1,1.0,0.3333,0,0.0,0.5,1,0.2888
0.4187,0.35,0.5,0.0,1,0.3333,0.78,0.5,0,0.0,1.0,0.5,1,0.0,0.3333,0,0.0,0.5,1,0.1777
0.6045,0.35,0.5,1.0,1,0.8335,0.68,0.0,1,0.375,1.0,0.5,0,-1.0,0.5,0,0.5,0.0,0,0.3333
0.465,0.85,0.5,0.5,0,0.5,0.42,0.0,0,0.125,0.0,1.0,0,0.0,0.3333,0,1.0,0.0,1,0.311
0.372,0.55,0.5,0.5,1,0.1666,0.32,0.5,1,0.125,0.5,0.0,1,1.0,0.5,0,0.0,0.0,0,0.2444
0.5117,0.725,0.0,1.0,0,0.5,0.62,0.5,1,0.25,0.0,1.0,1,0.0,0.3333,0,1.0,0.5,1,0.3333
0.279,0.9,0.5,1.0,0,0.6665,0.42,0.0,1,0.125,0.5,0.0,1,1.0,0.5,0,0.0,0.0,1,0.2888
0.5347,0.9,0.5,0.5,0,1.0,0.4,0.5,1,0.0,1.0,0.5,1,-1.0,0.6665,0,0.0,0.0,0,0.3333
0.4883,0.325,0.0,1.0,1,0.0,0.84,0.5,1,0.0,0.0,0.5,1,1.0,0.6665,0,1.0,0.5,1,0.2666
0.3953,0.95,0.5,1.0,1,0.1666,0.32,0.5,1,0.0,0.5,0.5,0,-1.0,0.0,0,1.0,0.0,1,0.311
0.3257,0.025,1.0,0.0,1,0.8335,0.64,0.5,1,0.25,0.5,1.0,1,1.0,0.3333,0,1.0,0.0,1,0.2
0.3257,0.375,1.0,0.5,0,0.1666,0.88,0.0,0,0.125,0.0,0.5,1,-1.0,0.5,1,0.0,0.5,0,0.1555
0.5117,0.9,0.5,0.5,0,0.5,0.62,0.5,1,0.125,0.0,0.5,0,1.0,0.3333,0,1.0,0.5,1,0.3555
0.6045,0.275,1.0,0.5,1,0.3333,0.5,0.5,1,0.25,0.5,1.0,0,0.0,0.6665,0,0.0,0.0,1,0.311
0.3489,0.275,0.5,1.0,1,0.3333,0.04,0.0,1,0.0,1.0,1.0,1,0.0,0.1666,0,0.0,1.0,1,0.1555
0.5117,0.3,0.0,0.5,1,0.5,0.68,1.0,1,0.0,0.5,0.5,1,1.0,0.6665,0,0.0,0.0,1,0.2444
0.1395,0.6,0.5,1.0,1,0.5,1.0,0.0,1,0.375,0.0,0.5,0,-1.0,0.6665,1,0.0,0.5,1,0.2
0.3489,0.45,0.0,1.0,0,0.8335,0.8,0.5,1,0.375,0.0,0.5,1,-1.0,0.5,0,1.0,0.5,1,0.2444
0.442,0.725,1.0,0.5,1,0.8335,0.64,0.5,1,0.25,1.0,1.0,1,0.0,0.5,0,0.5,0.0,0,0.3777
0.3257,0.9,1.0,1.0,1,0.6665,0.46,0.5,1,0.375,0.5,0.5,0,-1.0,0.5,0,0.5,0.0,0,0.3555
0.3022,0.675,0.5,1.0,1,0.5,0.22,0.5,1,0.0,0.0,0.5,1,0.0,0.5,0,0.0,1.0,1,0.2222
0.3489,0.2,0.5,0.5,1,0.5,0.7,0.5,1,0.125,0.5,0.5,1,1.0,0.3333,0,0.5,0.0,0,0.2222
0.4883,0.925,0.5,1.0,1,0.6665,0.18,0.5,1,0.125,0.0,0.5,1,-1.0,0.5,0,0.0,0.0,1,0.3333
0.4187,0.275,0.5,1.0,1,0.8335,0.88,1.0,1,0.125,1.0,0.5,0,1.0,0.6665,0,0.0,0.0,1,0.2888
0.1395,0.15,1.0,0.0,1,0.6665,0.36,1.0,1,0.0,0.0,0.5,1,-1.0,0.3333,1,0.5,0.5,1,0.04443
0.1395,0.1,0.5,1.0,0,0.8335,0.4,1.0,1,0.5,0.0,0.0,1,0.0,0.6665,1,0.0,1.0,1,0.08887
0.3489,0.575,0.0,0.0,1,0.3333,0.22,0.5,1,0.0,0.5,1.0,1,0.0,0.6665,0,0.5,0.0,1,0.2
0.5117,0.125,1.0,0.5,1,0.8335,0.48,0.5,1,0.25,0.5,1.0,0,0.0,0.5,0,0.5,0.5,1,0.2666
0.06976,0.15,0.0,1.0,0,0.6665,0.68,0.0,1,0.25,0.0,1.0,1,0.0,0.5,0,1.0,0.0,0,0.1111
0.372,0.3,1.0,1.0,1,0.3333,0.3,0.0,1,0.375,0.0,1.0,1,1.0,0.3333,0,1.0,1.0,1,0.2666
0.372,0.275,0.5,1.0,1,0.5,0.7,0.0,1,0.25,0.0,0.0,0,-1.0,0.3333,0,0.5,0.0,0,0.2222
0.628,0.6,0.5,0.5,1,0.5,0.62,0.5,1,0.125,0.5,1.0,1,-1.0,0.5,0,0.5,0.0,1,0.3555
0.3953,0.825,0.0,0.5,1,0.5,0.38,0.5,1,0.0,0.0,0.5,1,0.0,0.3333,0,0.5,0.0,1,0.2666
0.4883,0.75,0.5,0.5,1,0.5,0.32,0.0,1,0.0,0.0,0.5,1,1.0,0.1666,0,1.0,0.0,1,0.311
0.465,0.25,1.0,0.5,1,0.1666,0.86,1.0,1,0.125,0.0,0.5,1,0.0,0.5,0,0.5,0.0,1,0.2888
0.1395,0.25,0.5,0.5,1,0.3333,0.02,0.5,1,0.0,1.0,0.5,0,0.0,0.1666,0,0.0,0.5,0,0.08887
0.558,0.975,1.0,1.0,0,0.5,0.72,0.0,0,0.375,0.5,0.5,1,1.0,0.5,0,0.5,0.0,0,0.4443
0.465,0.0,0.5,0.5,1,0.3333,0.42,0.0,1,0.0,0.5,0.0,1,-1.0,0.6665,1,0.0,1.0,1,0.08887
0.5117,0.875,1.0,0.5,0,0.3333,0.72,0.0,1,0.0,0.5,1.0,1,0.0,0.5,0,0.0,0.5,0,0.3555
1.0,0.2,1.0,0.0,0,0.8335,0.5,0.0,1,0.375,0.5,1.0,0,-1.0,0.3333,0,0.0,0.5,0,0.3555
0.1395,0.95,0.5,0.5,0,0.5,0.08,1.0,1,0.0,0.5,1.0,0,0.0,0.3333,0,0.0,0.0,0,0.2444
0.6743,0.35,0.5,0.0,0,1.0,0.98,0.5,1,0.125,1.0,0.5,0,1.0,0.3333,0,0.0,0.5,1,0.311
0.3953,0.45,1.0,0.5,1,0.5,0.08,0.0,0,0.5,0.0,1.0,1,0.0,0.6665,1,0.5,0.5,0,0.2222
0.4883,0.7,0.5,0.5,1,0.8335,0.16,0.0,1,0.375,0.0,0.5,0,-1.0,0.3333,0,0.5,0.5,1,0.2888
0.442,0.6,1.0,0.0,0,0.5,0.42,0.5,1,0.625,0.0,1.0,0,1.0,0.3333,0,0.0,1.0,0,0.2888
0.372,0.325,0.5,0.5,1,0.3333,0.94,1.0,1,0.125,0.5,1.0,1,1.0,0.5,0,0.0,0.0,1,0.2666
0.372,0.55,1.0,0.5,1,0.5,0.3,0.5,1,0.125,0.5,0.5,1,1.0,0.8335,0,0.0,0.0,1,0.2888
0.4883,0.725,0.0,0.5,1,0.8335,0.56,0.5,1,0.0,0.5,0.5,1,1.0,0.5,0,0.0,0.5,1,0.2888
0.2325,0.05,1.0,0.5,1,0.5,0.52,1.0,1,0.375,1.0,0.5,0,0.0,0.5,1,0.0,0.5,1,0.7334
0.558,0.0,0.5,1.0,1,0.6665,0.34,0.5,1,0.125,0.5,1.0,1,0.0,0.3333,0,0.5,0.0,0,0.2444
0.3953,0.45,1.0,0.0,1,0.5,0.7,1.0,1,0.375,0.0,0.0,1,-1.0,0.3333,0,0.5,0.0,1,0.2666
0.279,0.125,0.5,1.0,0,0.5,0.5,0.0,1,0.25,0.5,1.0,0,0.0,0.6665,0,0.0,0.5,1,0.1777
0.372,0.675,0.5,1.0,1,0.5,0.58,0.5,1,0.375,0.0,0.5,1,0.0,0.6665,1,0.0,0.0,0,0.2888
0.628,0.225,1.0,0.0,0,0.3333,0.22,0.0,1,0.25,0.5,1.0,1,1.0,0.1666,1,0.0,0.0,1,0.2222
0.372,0.425,1.0,0.5,1,0.5,0.92,0.5,1,0.125,0.0,0.0,0,1.0,0.5,0,0.5,0.0,1,0.2666
0.4883,0.2,1.0,1.0,1,0.6665,0.12,0.5,0,0.375,0.5,0.5,0,1.0,0.1666,0,1.0,0.0,1,0.2666
0.3489,0.55,0.5,0.5,1,0.5,0.7,0.5,1,0.125,1.0,0.5,1,0.0,0.6665,0,0.0,0.0,1,0.2666
0.558,0.125,0.5,0.0,0,0.5,0.88,0.0,1,0.125,0.0,1.0,1,1.0,0.5,0,0.0,1.0,1,0.2
0.5347,0.025,0.5,0.5,0,0.6665,0.08,0.5,1,0.125,0.0,0.5,1,0.0,0.3333,1,0.0,0.5,1,0.1333
0.6978,0.05,0.5,0.5,1,0.5,0.02,0.5,1,0.25,0.5,0.5,1,0.0,0.1666,0,0.5,1.0,0,0.2222
0.4187,0.95,0.0,1.0,1,0.5,0.34,1.0,1,0.125,0.5,0.5,0,-1.0,0.6665,0,0.0,0.5,0,0.3333
0.5347,0.15,0.5,1.0,0,0.6665,0.78,0.5,1,0.0,0.5,1.0,1,1.0,0.3333,0,0.5,0.0,1,0.2666
0.465,0.7,1.0,0.0,0,0.5,0.72,0.5,1,0.125,0.0,0.5,0,1.0,0.3333,0,0.0,0.5,1,0.2888
0.628,0.075,0.5,0.5,1,0.5,0.82,0.5,1,0.125,0.0,0.5,0,1.0,0.1666,0,0.0,1.0,1,0.2222
0.3489,0.1,1.0,0.5,1,0.6665,0.4,0.0,1,0.375,1.0,1.0,0,-1.0,0.5,0,0.0,1.0,0,0.1777
0.5347,0.5,0.5,1.0,0,0.5,1.0,0.5,1,0.125,1.0,1.0,1,0.0,0.5,0,1.0,0.5,1,0.3777
0.4187,0.475,1.0,0.5,1,0.5,0.36,0.5,1,0.25,1.0,1.0,1,-1.0,0.1666,0,0.5,0.0,0,0.2888
0.442,0.95,0.5,1.0,1,0.5,0.8,0.5,1,0.25,0.5,0.5,1,1.0,0.6665,0,0.0,0.0,1,0.4
0.465,0.95,1.0,0.5,1,0.5,0.36,1.0,1,0.0,0.5,0.5,1,1.0,0.5,1,0.5,0.0,0,0.3555
0.4883,0.775,0.5,1.0,0,0.1666,0.22,0.5,1,0.375,0.0,1.0,1,0.0,0.3333,0,1.0,1.0,1,0.3333
0.4187,0.6,1.0,0.5,1,0.5,0.34,0.0,1,0.0,0.5,0.0,1,1.0,0.5,0,1.0,0.0,0,0.2888
0.465,0.45,0.5,1.0,0,1.0,0.2,0.5,1,0.375,1.0,0.5,1,-1.0,0.8335,0,0.0,0.5,1,0.2888
0.6514,0.35,0.5,0.5,0,0.3333,0.12,0.0,1,0.25,0.0,1.0,1,0.0,0.5,0,1.0,0.0,0,0.2888
0.5815,0.95,0.0,1.0,1,0.3333,0.36,0.5,1,0.125,0.0,0.5,0,0.0,0.1666,0,1.0,0.5,1,0.3555
0.558,0.6,0.5,0.5,1,1.0,0.14,0.0,1,0.5,0.5,0.5,1,1.0,0.3333,0,0.5,0.0,1,0.3333
0.372,0.575,1.0,0.5,0,0.3333,0.5,0.5,1,0.25,0.5,0.5,1,1.0,0.5,1,0.0,0.0,1,0.2666
0.3257,0.225,0.0,0.5,1,0.8335,0.04,0.5,1,0.0,1.0,0.5,1,0.0,0.5,0,0.5,0.0,0,0.1333
0.5815,0.05,1.0,0.0,1,0.5,0.44,0.0,1,0.125,0.5,0.5,1,0.0,0.5,0,0.5,0.5,0,0.2
0.558,0.95,0.0,0.5,0,0.5,0.96,0.5,1,0.125,0.5,0.5,1,-1.0,0.6665,0,1.0,0.0,1,0.3777
0.6514,0.325,1.0,0.5,0,0.5,0.36,0.0,1,0.125,0.0,1.0,0,1.0,0.6665,1,0.0,0.5,1,0.2666
0.3489,0.45,1.0,0.0,1,0.6665,0.14,1.0,1,0.125,0.5,0.5,1,-1.0,0.5,0,0.5,0.0,1,0.2222
0.4187,0.125,0.5,0.0,1,0.1666,0.3,1.0,1,0.125,1.0,0.5,1,1.0,1.0,0,0.5,0.5,0,0.2
0.2094,0.825,0.0,0.5,1,0.5,0.8,0.5,1,0.0,0.0,0.5,0,1.0,0.3333,0,0.0,0.0,0,0.2444
0.3953,0.025,0.5,0.5,0,0.3333,0.32,0.5,1,0.125,0.5,1.0,1,1.0,0.3333,0,0.0,0.5,0,0.1555
0.5815,0.825,0.0,0.5,0,0.0,0.38,0.5,1,0.25,0.0,0.5,1,0.0,0.5,0,0.0,0.0,1,0.3333
0.372,0.15,0.5,0.5,1,0.8335,0.78,0.5,0,0.125,0.5,1.0,1,1.0,0.6665,0,0.0,0.5,0,0.2
0.5347,0.875,0.5,0.0,0,0.0,0.26,0.0,1,0.375,0.0,0.5,1,1.0,0.5,0,0.0,0.0,0,0.3333
0.4187,0.725,0.5,0.0,0,1.0,0.48,0.5,1,0.125,0.0,0.5,1,1.0,0.3333,0,0.0,0.5,0,0.2444
0.4883,0.175,0.0,1.0,1,0.6665,0.06,0.5,1,0.0,0.5,1.0,1,-1.0,0.5,0,0.0,1.0,1,0.1555
0.279,0.575,0.0,0.0,0,0.1666,0.18,1.0,1,0.5,0.0,0.5,0,0.0,0.3333,0,0.0,0.0,0,0.1777
0.465,0.325,0.0,0.5,1,0.8335,0.2,1.0,1,0.25,0.5,0.5,1,1.0,0.5,0,0.5,0.0,1,0.2444
0.02325,0.175,0.5,0.5,0,0.3333,0.46,0.0,1,0.125,0.0,0.5,0,1.0,0.3333,0,0.5,0.5,1,0.06665
0.4187,0.85,0.5,1.0,1,0.3333,0.82,0.5,1,0.125,0.0,0.5,1,-1.0,0.5,0,0.0,0.5,1,0.3333
0.2094,0.4,0.5,0.0,0,0.0,0.36,0.5,1,0.125,1.0,0.0,0,0.0,1.0,0,0.5,0.0,1,0.1777
0.6045,0.4,0.5,1.0,1,0.3333,0.38,1.0,1,0.0,0.5,1.0,1,0.0,0.1666,0,0.0,0.0,1,0.3333
0.558,0.175,1.0,0.5,1,0.3333,0.3,0.5,1,0.125,0.0,0.5,1,-1.0,0.5,0,0.0,0.0,1,0.2222
0.5117,0.375,0.5,0.0,1,0.6665,0.32,0.5,1,0.625,0.5,0.0,1,0.0,0.5,0,0.0,0.0,1,0.2666
0.6514,0.875,1.0,0.5,0,0.8335,0.4,0.5,0,0.125,0.0,0.5,0,1.0,0.3333,0,1.0,0.0,0,0.4
0.3022,0.375,0.5,0.5,1,0.1666,0.9,0.5,1,0.0,0.5,0.5,1,1.0,0.5,0,0.5,0.5,1,0.6
0.6743,0.95,0.0,0.5,0,0.5,0.02,1.0,1,0.0,0.0,0.5,1,1.0,0.3333,0,0.0,0.0,1,0.3555
0.5815,0.95,0.5,0.5,1,0.0,0.62,0.0,1,0.125,0.0,0.5,1,1.0,0.6665,0,1.0,0.0,1,0.4
0.4187,0.15,0.5,1.0,0,0.5,0.88,0.0,1,0.125,1.0,0.5,1,1.0,0.6665,0,0.0,0.5,0,0.2222
0.6045,0.175,1.0,0.5,1,1.0,0.42,0.5,1,0.125,0.0,1.0,1,0.0,0.5,0,0.0,0.0,0,0.2666
0.279,0.875,0.5,0.5,1,0.0,0.66,0.0,0,0.125,0.0,1.0,1,0.0,0.6665,0,0.5,0.5,1,0.2666
0.3257,0.4,1.0,1.0,1,0.1666,0.58,0.5,1,0.5,0.5,0.5,1,0.0,0.6665,0,1.0,0.5,0,0.311
0.3489,0.0,0.5,1.0,1,0.6665,0.34,0.0,1,0.0,0.0,0.5,1,0.0,0.5,0,0.0,0.0,1,0.1333
0.372,0.275,0.5,0.0,0,0.6665,0.14,0.5,1,0.375,0.5,1.0,0,1.0,0.6665,0,0.0,0.0,0,0.2
0.3022,0.6,0.0,1.0,0,0.3333,0.22,0.0,1,0.125,1.0,0.5,1,1.0,0.3333,0,0.5,1.0,1,0.2
0.6045,0.8,0.0,0.5,1,0.8335,0.06,0.0,1,0.25,0.0,0.5,1,-1.0,0.3333,0,0.5,1.0,1,0.2888
0.3953,0.125,0.5,0.0,0,0.3333,0.76,0.5,1,0.125,0.5,0.5,0,1.0,0.1666,1,0.5,0.0,1,0.1555
0.4883,0.1,0.5,0.5,1,1.0,0.54,1.0,1,0.625,0.5,0.5,1,0.0,0.5,1,0.0,0.0,1,0.2444
0.372,0.925,1.0,0.0,1,0.6665,0.78,0.5,1,0.125,0.0,0.5,1,0.0,0.6665,0,0.5,0.0,1,0.3333
0.186,0.75,1.0,0.5,1,0.8335,0.3,0.0,1,0.375,0.5,0.5,1,1.0,0.5,0,0.0,0.0,0,0.2666
0.4883,0.6,0.5,0.5,1,0.6665,0.8,0.5,1,0.25,0.5,0.5,1,1.0,0.3333,0,0.5,0.0,0,0.3333
0.186,0.775,0.5,0.5,0,0.6665,0.3,1.0,1,0.0,0.5,0.5,1,1.0,0.6665,0,0.0,0.5,1,0.2222
0.442,0.425,0.0,0.5,0,0.6665,0.12,0.5,1,0.125,0.5,1.0,1,1.0,0.6665,0,0.5,0.5,1,0.2222
0.2559,0.75,0.5,1.0,1,0.8335,0.54,0.5,1,0.375,0.5,0.5,1,1.0,0.5,0,1.0,0.0,1,0.3333
0.7207,0.375,1.0,0.5,1,0.5,0.94,1.0,1,0.125,0.5,0.5,0,0.0,0.5,0,0.5,0.5,1,0.3777
0.558,0.25,0.5,0.5,0,0.3333,0.42,0.0,1,0.0,0.0,0.5,1,0.0,0.3333,0,0.5,0.0,0,0.2222
0.465,0.725,1.0,1.0,1,0.5,0.52,0.5,1,0.125,0.5,0.5,1,1.0,0.3333,0,0.0,0.0,1,0.3555
0.628,0.425,1.0,1.0,1,0.3333,0.46,0.0,1,0.375,0.5,1.0,0,-1.0,0.5,0,0.5,0.0,0,0.3555
0.3257,0.975,0.5,1.0,1,0.3333,0.46,1.0,1,0.125,1.0,1.0,1,-1.0,0.8335,0,1.0,0.0,1,0.3777
0.5117,0.35,0.0,0.0,0,0.8335,0.22,0.0,1,0.0,0.5,0.0,1,1.0,0.6665,0,1.0,0.0,1,0.2
0.465,0.925,0.5,0.5,0,0.6665,0.42,1.0,1,0.25,1.0,1.0,1,0.0,0.1666,0,0.5,0.5,1,0.3777
0.4883,0.925,0.0,0.5,0,0.6665,0.5,0.5,1,0.125,0.5,0.5,0,1.0,0.6665,0,1.0,0.0,1,0.3555
0.628,0.25,0.5,0.5,1,0.8335,0.74,0.0,1,0.0,0.0,0.5,1,0.0,0.5,0,0.0,0.5,1,0.2444
0.5347,0.8,1.0,0.0,0,0.6665,0.14,0.5,1,0.375,0.5,0.5,0,1.0,0.5,0,0.5,0.0,0,0.3555
0.4883,0.425,0.5,0.5,1,1.0,0.58,1.0,1,0.25,0.5,0.0,1,0.0,0.3333,0,0.0,0.0,1,0.2666
0.2094,0.925,1.0,1.0,0,0.0,0.66,0.0,1,0.125,0.0,1.0,1,0.0,0.3333,0,1.0,0.0,1,0.311
0.3022,0.45,1.0,0.5,1,0.3333,0.38,1.0,1,0.0,0.5,0.5,1,1.0,0.8335,0,0.5,0.5,0,0.2666
0.4187,0.75,1.0,0.5,1,0.3333,0.54,0.5,1,0.0,1.0,0.5,1,0.0,0.6665,0,1.0,0.0,1,0.3555
0.465,0.475,0.5,0.0,0,0.1666,0.72,0.0,1,0.125,1.0,0.5,0,1.0,0.3333,0,0.0,0.5,0,0.2444
0.279,0.225,1.0,1.0,0,0.5,0.46,0.0,1,0.125,0.5,0.0,0,1.0,0.3333,0,0.0,1.0,1,0.1555
0.7676,0.2,0.5,0.5,0,0.5,0.34,1.0,1,0.0,0.5,0.5,0,0.0,0.3333,0,0.0,0.5,1,0.2666
0.6514,0.425,0.5,0.0,1,1.0,0.82,1.0,1,0.25,0.0,0.5,1,-1.0,0.6665,0,1.0,0.0,0,0.3333
0.5347,0.75,1.0,1.0,0,0.6665,0.98,1.0,1,0.0,0.0,0.5,1,0.0,0.5,0,0.5,0.5,0,0.3777
0.442,0.6,1.0,1.0,0,0.3333,0.22,0.5,1,0.375,0.5,0.5,0,0.0,0.3333,0,0.0,0.0,1,0.311
0.4187,0.7,0.5,1.0,0,0.6665,0.88,1.0,1,0.125,0.5,0.5,1,0.0,0.5,0,0.0,0.5,1,0.3333
0.3022,0.275,1.0,1.0,0,0.0,0.54,0.5,1,0.0,0.5,0.5,1,-1.0,0.5,0,0.0,0.0,0,0.2
0.442,0.475,0.5,0.5,1,0.5,0.44,0.0,0,0.125,0.5,0.5,1,-1.0,0.5,0,0.0,0.0,1,0.2222
0.4883,0.05,0.5,1.0,1,0.5,0.9,0.5,1,0.25,0.5,0.5,1,-1.0,0.3333,0,0.0,0.0,1,0.2444
0.279,0.825,0.0,0.5,0,0.3333,0.92,1.0,1,0.25,1.0,0.5,0,-1.0,0.5,0,0.0,0.0,0,0.2888
0.4883,1.0,0.5,0.5,1,0.5,0.28,0.5,1,0.25,0.0,0.5,0,1.0,0.5,0,0.5,0.0,0,0.3777
0.4187,0.4,0.5,0.0,1,0.3333,0.36,0.5,1,0.25,1.0,0.5,1,1.0,0.5,0,0.0,0.5,0,0.2222
0.186,0.0,0.5,0.0,1,0.3333,0.86,0.5,1,0.375,0.0,1.0,0,0.0,0.3333,0,0.0,0.5,0,0.1111
0.3257,0.175,0.5,0.5,0,0.6665,0.5,0.5,1,0.0,1.0,1.0,1,-1.0,0.6665,0,1.0,0.0,0,0.1777
0.3953,0.65,0.0,0.0,1,0.8335,0.28,0.0,1,0.375,0.0,1.0,1,1.0,0.5,0,0.0,0.0,0,0.2444
0.6978,0.6,0.0,0.5,1,0.6665,0.96,0.0,1,0.125,0.5,0.5,1,1.0,0.6665,0,1.0,0.0,0,0.4
0.5117,0.8,0.5,0.5,1,0.3333,0.22,0.0,1,0.5,0.0,0.5,1,1.0,0.6665,0,0.5,0.0,1,0.3555
0.2559,0.25,0.5,0.5,1,0.3333,0.62,0.0,1,0.125,0.0,0.5,1,-1.0,0.3333,1,0.0,1.0,1,0.08887
0.5117,0.775,0.5,0.0,1,0.3333,0.42,0.5,1,0.625,0.0,1.0,1,0.0,0.5,0,0.0,0.5,0,0.3333
0.2325,0.7,0.5,0.0,1,0.5,0.46,0.0,1,0.125,0.5,0.0,0,0.0,0.5,1,0.5,0.0,0,0.1777
0.5815,0.325,0.5,0.5,0,0.3333,0.1,0.5,1,0.125,0.5,0.0,1,1.0,0.6665,0,1.0,0.0,1,0.2666
0.372,0.55,0.0,0.5,1,0.8335,0.26,0.5,1,0.25,0.0,0.5,0,0.0,0.3333,0,0.5,0.5,1,0.2222
0.4187,0.15,0.5,0.0,0,0.5,0.16,0.5,1,0.625,0.5,0.0,1,1.0,0.6665,0,0.5,0.5,0,0.2
0.628,0.45,1.0,0.5,0,0.6665,0.74,0.0,1,0.25,0.0,0.5,1,1.0,0.3333,0,1.0,0.0,1,0.3555
0.2559,0.875,0.5,1.0,1,0.1666,0.7,0.5,1,0.25,1.0,0.5,1,-1.0,0.3333,0,0.5,0.0,1,0.3333
0.2559,0.425,0.5,0.0,1,0.3333,0.8,0.5,1,0.25,0.5,0.0,1,0.0,0.3333,0,0.0,0.0,0,0.1777
0.3489,0.85,0.0,0.5,0,0.6665,0.7,0.5,1,0.375,0.0,1.0,1,0.0,0.3333,0,0.0,0.0,0,0.2888
0.5815,0.6,0.5,0.5,1,0.6665,0.12,0.5,0,0.125,0.5,0.5,1,-1.0,0.3333,0,0.5,0.0,0,0.2666
0.2325,0.2,0.5,1.0,1,0.1666,0.98,0.5,1,0.125,1.0,0.5,1,0.0,0.6665,0,1.0,0.0,0,0.2444
0.0465,0.575,1.0,0.0,1,0.5,0.18,0.0,1,0.25,0.5,1.0,1,1.0,0.8335,0,0.0,0.5,1,0.1777
0.372,0.5,0.5,0.5,1,0.5,0.36,0.5,1,0.0,0.5,0.5,0,-1.0,0.8335,1,0.5,0.0,0,0.2222
0.5117,0.4,0.5,1.0,1,0.3333,0.7,0.0,1,0.25,0.0,0.5,1,1.0,0.5,1,0.0,1.0,1,0.2444
0.6045,0.125,0.5,0.5,1,0.6665,0.14,0.5,1,0.25,0.0,0.0,1,-1.0,0.6665,0,1.0,0.0,0,0.2222
0.372,0.425,0.0,0.5,1,0.1666,0.18,0.5,1,0.25,0.5,1.0,0,0.0,0.6665,0,0.0,0.0,1,0.2222
0.3953,0.075,1.0,0.0,0,0.3333,0.88,0.5,1,0.25,0.5,1.0,1,0.0,0.3333,1,0.0,0.0,1,0.1777
0.6045,0.1,0.5,1.0,0,0.6665,0.34,0.5,1,0.0,0.0,0.5,1,1.0,0.5,0,0.0,0.0,1,0.2222
0.186,0.425,0.0,1.0,1,0.5,0.66,0.5,1,0.125,0.0,1.0,0,0.0,0.6665,1,0.0,1.0,1,0.1555
0.3953,0.3,0.5,0.5,1,0.5,0.86,0.5,1,0.125,0.5,0.5,1,1.0,0.5,0,0.5,0.0,0,0.2444
0.465,0.925,0.5,0.0,0,0.5,0.98,0.5,1,0.125,1.0,0.5,1,-1.0,0.5,0,1.0,0.0,0,0.3555
0.5117,0.375,0.0,0.0,1,0.6665,0.22,1.0,1,0.25,0.0,0.5,1,1.0,0.3333,0,0.0,1.0,0,0.2
0.372,0.75,0.5,0.5,1,0.6665,0.12,0.0,1,0.0,0.5,0.5,0,0.0,0.6665,0,0.5,0.0,0,0.2666
0.442,0.525,0.5,0.5,0,0.6665,0.74,0.5,1,0.125,1.0,0.5,0,0.0,0.5,0,0.0,0.0,1,0.2888
0.093,0.7,0.5,0.5,0,0.5,0.18,0.5,1,0.375,0.0,0.5,1,-1.0,0.5,0,0.5,0.0,0,0.1777
0.3489,0.25,0.0,0.5,1,0.3333,0.58,1.0,1,0.0,1.0,1.0,1,-1.0,0.5,0,0.5,0.0,0,0.2
0.5117,0.95,1.0,1.0,1,0.3333,0.54,0.5,1,0.125,0.0,1.0,1,0.0,0.1666,0,1.0,0.0,0,0.422
0.3022,0.525,0.0,0.5,1,0.1666,0.56,0.5,1,0.25,1.0,1.0,1,1.0,0.6665,0,1.0,0.0,1,0.2888
0.442,0.825,0.5,0.5,1,0.3333,0.64,0.0,0,0.125,0.5,1.0,1,1.0,0.5,1,0.0,0.5,0,0.2888
0.5117,0.375,1.0,1.0,1,0.3333,0.86,0.5,0,0.25,0.5,0.0,1,0.0,0.5,0,1.0,0.5,0,0.311
0.3953,0.1,0.0,0.5,1,0.8335,0.28,0.5,1,0.5,0.0,0.5,1,-1.0,0.6665,1,0.0,0.0,1,0.1333
0.465,0.675,0.0,1.0,1,0.1666,0.56,1.0,1,0.125,0.0,0.5,0,1.0,0.3333,0,0.0,0.0,0,0.311
0.3022,0.0,0.0,0.0,1,0.8335,0.34,0.0,1,0.375,1.0,1.0,1,1.0,0.5,0,0.0,0.0,0,0.1333
0.4187,0.475,0.5,1.0,1,0.5,0.32,0.0,1,0.375,1.0,0.5,1,1.0,0.5,1,0.0,0.0,1,0.2666
0.5347,0.2,0.0,1.0,0,0.5,0.02,0.5,1,0.0,0.0,0.0,0,0.0,0.6665,0,0.0,0.0,0,0.1777
0.465,0.625,0.5,0.5,0,0.6665,0.6,0.5,1,0.375,0.0,1.0,1,1.0,0.5,1,0.5,0.5,0,0.2888
0.3489,0.975,0.5,0.5,0,0.1666,0.98,0.0,0,0.0,0.0,0.5,0,0.0,0.8335,0,0.5,0.5,0,0.2888
0.465,0.475,0.5,0.0,1,0.3333,0.76,0.0,1,0.25,1.0,0.5,1,0.0,0.1666,0,0.0,0.0,1,0.2666
0.5347,0.825,0.0,0.5,1,0.1666,0.24,1.0,1,0.125,1.0,0.5,0,-1.0,0.5,0,0.5,0.5,0,0.311
0.1628,0.5,1.0,0.5,0,0.3333,0.72,0.5,1,0.25,0.0,0.5,1,0.0,0.5,0,0.0,0.0,1,0.2
0.6045,0.5,0.0,0.0,0,0.3333,0.3,0.0,1,0.125,0.0,0.5,1,1.0,0.6665,0,1.0,0.0,1,0.2666
0.3953,0.925,0.5,1.0,0,0.8335,0.76,0.0,1,0.125,1.0,0.5,1,0.0,0.5,1,0.0,0.0,0,0.3333
0.5117,0.9,0.0,1.0,1,0.3333,0.86,0.0,1,0.625,0.0,0.5,1,-1.0,0.6665,0,0.0,0.0,0,0.3777
0.6045,0.775,0.0,1.0,0,0.0,0.34,0.5,1,0.125,1.0,1.0,0,0.0,0.3333,0,0.0,0.5,0,0.3555
0.2559,0.3,0.5,0.5,0,0.3333,0.0,1.0,1,0.125,0.0,0.5,1,1.0,0.5,0,0.5,0.0,1,0.1555
0.3489,0.55,0.5,0.5,1,0.6665,0.3,1.0,1,0.25,0.0,0.5,0,1.0,0.8335,1,1.0,0.0,1,0.2666
0.3953,0.225,0.5,1.0,1,0.8335,0.2,0.5,1,0.375,0.0,0.5,1,-1.0,0.3333,0,0.5,1.0,0,0.2
0.3257,0.45,0.5,0.5,1,0.5,0.62,0.5,1,0.0,0.5,0.0,1,0.0,0.3333,0,0.0,0.0,1,0.2
0.6743,0.475,1.0,0.5,0,0.3333,0.3,0.5,1,0.125,0.0,0.5,1,-1.0,0.6665,0,1.0,0.0,0,0.3333
0.3257,0.825,0.5,0.5,1,0.5,0.04,0.5,1,0.375,0.0,0.5,1,-1.0,0.8335,0,0.5,0.0,0,0.2888
0.372,0.9,0.5,0.5,0,0.6665,0.54,0.5,1,0.125,0.5,0.5,1,0.0,0.5,0,1.0,0.0,0,0.3333
0.465,0.425,0.5,0.0,1,0.1666,0.88,0.0,1,0.125,0.5,1.0,1,-1.0,0.5,0,0.0,1.0,1,0.2222
0.279,0.025,0.0,0.0,0,0.5,0.46,0.0,1,0.25,1.0,0.5,1,1.0,0.3333,0,0.0,0.0,0,0.08887
0.3953,0.85,0.5,0.5,1,0.5,0.38,0.5,1,0.125,0.5,1.0,1,1.0,0.3333,0,0.0,1.0,0,0.311
0.4883,0.175,0.5,0.5,1,0.5,0.18,1.0,1,0.25,0.0,1.0,1,1.0,0.5,0,1.0,0.0,1,0.2666
0.3953,0.625,0.5,1.0,0,0.5,0.38,0.5,1,0.25,0.0,0.5,0,1.0,0.6665,0,0.0,0.0,1,0.2888
0.4187,0.025,0.5,0.5,0,0.3333,0.34,0.0,1,0.125,0.5,0.5,1,1.0,0.1666,0,0.5,0.0,1,0.1555
0.372,0.4,1.0,0.5,0,0.6665,1.0,0.0,0,0.0,1.0,0.5,0,0.0,0.6665,0,0.0,0.5,1,0.2222
0.2325,0.975,1.0,0.5,1,0.5,0.04,0.5,1,0.0,1.0,1.0,0,0.0,0.8335,0,0.5,0.0,0,0.311
0.4883,0.1,0.5,0.5,1,0.5,0.24,0.5,1,0.375,0.0,0.5,0,0.0,0.6665,0,1.0,0.5,0,0.2222
0.6978,0.425,1.0,0.0,1,0.1666,0.06,1.0,1,0.125,0.5,0.5,1,0.0,0.3333,0,0.0,0.0,0,0.2888
0.442,0.3,1.0,0.0,1,0.6665,0.86,0.5,1,0.5,0.0,1.0,1,1.0,0.3333,0,0.0,0.0,1,0.2888
0.465,0.9,1.0,0.5,1,0.3333,0.42,1.0,0,0.375,0.5,0.5,1,-1.0,0.5,0,0.0,0.0,0,0.3555
0.5347,0.875,0.5,0.0,1,0.8335,0.8,0.5,1,0.375,0.0,0.0,1,1.0,0.6665,0,0.0,0.5,1,0.3555
0.2559,0.25,1.0,0.5,0,0.1666,0.7,1.0,1,0.125,1.0,0.5,1,1.0,0.5,0,1.0,0.0,0,0.2444
0.6743,0.075,0.5,1.0,1,0.6665,0.92,0.5,1,0.5,0.0,0.5,0,1.0,0.5,0,1.0,0.0,0,0.3555
0.465,0.625,0.5,0.5,0,0.0,0.02,0.0,1,0.25,0.0,0.5,1,0.0,0.5,0,0.5,0.0,0,0.2444
0.6743,0.325,1.0,0.0,0,0.0,0.2,0.5,1,0.0,0.0,0.0,0,1.0,0.6665,0,0.0,0.5,0,0.2444
0.3489,0.675,1.0,1.0,1,0.3333,0.7,0.5,1,0.25,0.5,1.0,1,0.0,0.1666,0,0.0,0.0,0,0.311
0.6978,0.025,0.5,0.5,0,0.0,0.58,0.5,1,0.0,0.0,0.0,1,1.0,0.5,0,0.0,0.5,0,0.2222
0.558,0.125,1.0,0.0,1,0.6665,0.7,0.5,1,0.25,0.0,0.5,1,-1.0,0.5,0,1.0,0.0,0,0.2444
0.5117,0.675,0.5,0.0,0,0.5,0.58,0.5,1,0.25,0.5,0.5,1,0.0,0.3333,0,0.0,1.0,1,0.2666
0.465,0.2,0.5,0.5,0,0.8335,0.58,0.0,1,0.125,1.0,1.0,0,-1.0,0.6665,0,1.0,0.5,0,0.2444
0.4187,0.85,0.5,0.5,0,0.5,0.94,0.5,1,0.0,0.5,0.5,1,0.0,0.5,0,0.0,0.0,0,0.311
0.6045,0.05,1.0,0.0,0,0.5,0.92,0.5,1,0.25,0.0,0.5,1,0.0,0.6665,0,0.0,0.0,1,0.2444
0.465,0.225,1.0,0.5,1,0.5,0.04,0.0,1,0.0,0.0,0.5,1,-1.0,0.5,0,1.0,0.0,1,0.2
0.1628,1.0,1.0,1.0,1,0.3333,0.42,0.5,1,0.0,0.0,1.0,1,1.0,0.3333,0,1.0,0.0,0,0.3333
0.279,0.425,0.0,0.5,1,0.3333,0.52,0.0,0,0.125,0.5,0.0,0,0.0,0.6665,0,0.5,0.5,1,0.1555
0.4187,0.7,0.0,0.5,1,0.1666,0.36,1.0,1,0.125,0.0,0.0,1,1.0,0.8335,0,0.0,0.5,1,0.2666
0.4883,0.175,0.0,0.5,0,0.6665,0.04,0.5,1,0.125,0.5,0.0,1,-1.0,0.3333,1,0.5,0.5,0,0.1111
0.442,0.6,0.0,0.0,0,0.5,0.48,0.0,1,0.125,1.0,0.5,1,0.0,0.5,0,1.0,0.0,0,0.2444
0.6045,0.725,0.5,0.5,1,0.5,0.98,0.5,1,0.0,0.5,1.0,1,1.0,0.3333,0,0.0,0.0,0,0.3777
0.1628,0.325,0.5,1.0,1,1.0,0.08,0.5,1,0.25,0.5,0.5,1,1.0,0.5,0,0.0,0.0,1,0.1777
0.465,0.825,0.0,0.0,1,0.3333,0.82,0.0,1,0.125,1.0,0.5,1,-1.0,0.5,0,1.0,0.0,1,0.311
0.186,0.6,1.0,1.0,1,0.5,0.2,1.0,1,0.125,0.0,0.5,0,1.0,0.5,0,0.5,0.5,1,0.2444
0.558,0.4,0.5,0.5,1,0.5,0.58,0.5,1,0.25,0.5,0.5,1,1.0,0.3333,0,0.5,0.0,1,0.311
0.4187,0.55,1.0,0.5,0,0.8335,0.38,0.0,1,0.25,0.5,0.5,0,0.0,0.5,0,0.5,0.5,1,0.2888
0.5117,0.575,0.5,0.0,0,0.5,0.34,0.5,1,0.375,0.0,0.0,1,-1.0,0.6665,0,0.0,0.5,0,0.2444
0.3257,0.175,0.5,0.5,1,0.5,0.88,0.0,1,0.0,1.0,0.0,0,1.0,0.3333,0,1.0,0.5,1,0.1777
0.628,0.4,0.5,0.5,1,1.0,0.98,1.0,1,0.125,0.5,0.5,1,0.0,0.5,0,0.0,0.0,1,0.3333
0.5815,0.35,0.5,0.5,0,0.3333,0.38,0.5,1,0.25,0.0,1.0,1,1.0,0.6665,0,1.0,0.5,1,0.2888
0.5347,0.4,0.5,0.5,1,0.5,0.64,0.5,1,0.25,0.5,0.5,1,1.0,0.6665,0,0.5,1.0,1,0.2888
0.4187,0.75,0.5,0.5,0,0.6665,0.56,0.5,1,0.125,0.0,0.5,0,0.0,0.5,0,0.0,0.5,1,0.2666
0.5117,0.475,1.0,1.0,1,0.3333,0.08,0.0,1,0.125,0.0,0.5,1,0.0,0.1666,0,0.0,0.5,1,0.2666
0.3489,0.95,1.0,0.0,1,0.6665,0.04,0.5,1,0.375,0.0,1.0,1,0.0,0.5,0,0.5,0.5,0,0.311
0.558,0.3,0.5,0.5,0,0.3333,0.78,0.0,1,0.375,0.0,1.0,1,0.0,0.8335,0,0.0,0.0,1,0.2888
0.6743,0.425,0.5,0.0,1,0.8335,0.4,0.5,1,0.0,0.5,1.0,1,0.0,0.1666,0,0.0,0.5,1,0.2666
0.5815,0.775,1.0,0.5,1,0.6665,0.3,0.0,1,0.0,0.5,1.0,1,0.0,0.3333,0,0.0,0.5,1,0.3333
0.3489,0.55,1.0,1.0,0,0.5,0.98,0.0,1,0.375,0.5,0.5,1,1.0,0.5,0,1.0,0.5,1,0.3333
0.4883,0.55,0.5,0.0,0,0.1666,0.08,0.5,1,0.25,0.5,0.5,1,0.0,0.3333,0,0.5,0.5,1,0.2444
0.2559,0.05,1.0,1.0,1,0.3333,0.26,1.0,1,0.0,0.0,0.5,0,-1.0,0.3333,0,0.0,0.0,1,0.1333
0.5117,0.4,0.0,1.0,1,0.5,0.86,0.5,1,0.25,0.0,0.5,1,-1.0,0.3333,0,0.5,0.0,1,0.2888
0.5117,0.275,0.0,0.5,1,0.6665,0.42,0.0,1,0.125,0.0,0.0,1,0.0,0.3333,0,1.0,0.0,0,0.2
0.186,1.0,0.0,0.0,0,0.5,0.58,0.5,1,0.125,0.0,0.5,1,1.0,0.3333,0,1.0,0.0,1,0.2444
0.279,0.3,0.0,1.0,1,0.6665,0.04,0.5,1,0.375,1.0,1.0,0,1.0,0.6665,0,0.0,0.0,1,0.2222
0.3953,0.875,0.5,1.0,0,0.6665,0.92,0.5,1,0.375,0.5,0.0,1,-1.0,1.0,0,1.0,0.0,1,0.4
0.3953,0.675,0.0,0.0,0,0.6665,0.14,0.5,0,0.375,1.0,1.0,1,1.0,0.6665,0,0.0,0.0,1,0.2444
0.279,0.35,1.0,1.0,1,0.5,0.22,0.5,1,0.25,0.0,0.5,1,1.0,0.5,0,0.0,0.5,1,0.2222
0.4883,0.55,0.5,1.0,1,0.5,0.16,0.5,1,0.0,0.5,0.5,1,-1.0,0.6665,0,0.5,0.0,1,0.2888
0.4883,0.85,0.5,0.5,1,0.5,0.5,0.0,1,0.0,0.0,1.0,1,0.0,0.5,0,0.0,0.0,1,0.311
0.4187,0.875,0.0,1.0,1,0.3333,0.82,1.0,1,0.125,0.5,1.0,1,0.0,0.6665,0,0.5,0.0,1,0.3777
0.3257,0.15,0.5,0.5,0,0.8335,0.26,0.5,1,0.375,0.5,0.5,0,0.0,0.5,0,0.0,0.0,1,0.1777
0.5815,0.35,0.0,0.5,0,0.6665,0.14,0.5,1,0.0,0.5,0.5,0,1.0,0.1666,0,0.0,0.0,1,0.2222
0.6743,0.325,1.0,0.5,1,0.8335,0.4,0.0,1,0.0,0.5,0.5,1,-1.0,0.6665,0,0.5,0.0,1,0.311
0.372,0.05,1.0,0.0,0,0.3333,0.98,0.5,1,0.25,0.5,0.5,0,-1.0,0.5,0,0.0,1.0,0,0.1555
0.3489,0.6,0.5,1.0,1,0.6665,0.02,0.0,1,0.0,0.5,0.5,1,-1.0,0.5,0,1.0,0.0,0,0.2444
0.5117,0.85,0.0,0.0,1,0.8335,0.5,0.5,1,0.375,0.0,0.5,0,0.0,0.3333,0,1.0,0.5,0,0.311
0.3953,0.375,1.0,0.5,1,0.8335,0.66,0.5,1,0.25,0.0,0.5,1,1.0,0.6665,1,1.0,0.5,0,0.2666
0.4187,0.75,0.5,1.0,1,0.1666,0.8,0.0,1,0.0,0.0,0.5,1,0.0,0.3333,0,0.5,1.0,0,0.8667
0.5347,0.625,0.5,0.5,1,0.5,0.74,1.0,1,0.25,0.5,0.5,0,0.0,0.3333,0,0.0,0.0,0,0.3555
0.186,0.375,0.5,0.5,0,0.5,0.08,0.0,1,0.25,0.0,0.5,1,1.0,0.6665,0,0.0,0.0,0,0.1333
0.628,0.15,1.0,0.5,1,0.8335,0.46,0.5,1,0.25,0.0,0.5,1,1.0,0.3333,0,0.5,0.0,1,0.2888
0.442,0.7,0.5,0.5,0,0.0,0.08,0.0,1,0.0,1.0,0.0,1,-1.0,0.6665,0,0.0,0.0,1,0.2444
0.3953,0.85,1.0,1.0,1,0.1666,0.62,0.5,1,0.0,1.0,0.0,1,-1.0,0.8335,0,0.0,0.0,0,0.3555
0.4187,0.675,0.0,0.5,0,0.8335,0.08,0.0,1,0.375,0.0,1.0,1,1.0,0.6665,0,0.0,0.5,0,0.2444
0.442,0.025,0.0,0.5,0,0.3333,0.04,0.5,1,0.25,0.0,0.0,0,-1.0,0.3333,0,1.0,0.0,1,0.1111
0.2094,0.225,0.5,0.5,1,0.1666,0.3,0.0,1,0.0,0.5,0.5,0,1.0,0.5,0,0.0,0.0,0,0.1111
0.6514,0.075,0.0,0.0,1,0.8335,0.94,1.0,0,0.375,0.5,1.0,1,-1.0,0.5,0,0.0,0.0,1,0.2444
0.442,0.575,0.5,0.0,1,0.1666,0.7,0.5,1,0.125,1.0,1.0,1,0.0,0.3333,0,0.5,1.0,1,0.2666
0.5117,0.75,0.0,0.0,0,0.8335,0.0,0.0,1,0.5,0.5,0.5,0,0.0,0.5,0,0.0,0.5,1,0.2666
0.5815,0.1,0.5,0.5,0,0.1666,0.28,0.5,1,0.25,1.0,0.5,1,-1.0,0.1666,0,0.0,0.0,1,0.2
0.3022,0.85,0.5,0.5,0,0.1666,0.02,0.5,1,0.0,0.5,1.0,1,0.0,0.5,0,0.5,0.0,1,0.2444
0.5117,0.55,1.0,0.0,0,0.5,0.3,1.0,1,0.125,0.5,1.0,1,-1.0,0.5,0,0.0,0.0,0,0.2888
0.3953,0.7,1.0,0.0,1,0.3333,0.68,0.5,1,0.125,0.5,1.0,1,1.0,0.5,0,1.0,0.5,0,0.3333
0.558,0.975,1.0,0.5,1,0.5,0.76,0.5,1,0.375,0.0,0.5,0,1.0,0.6665,0,0.5,0.5,0,0.4443
0.1395,0.075,1.0,1.0,1,1.0,0.8,0.5,1,0.0,0.0,0.5,0,1.0,0.3333,1,0.0,0.5,1,0.689
0.4187,0.9,0.5,0.5,1,0.5,0.9,1.0,1,0.375,0.5,1.0,0,-1.0,0.5,0,0.5,0.0,0,0.4
0.3489,0.125,0.5,0.0,0,0.8335,0.36,0.5,1,0.125,1.0,0.5,1,0.0,0.5,0,0.0,0.5,1,0.1333
0.5117,0.4,1.0,1.0,0,0.5,0.86,0.5,1,0.0,0.5,0.5,0,-1.0,1.0,0,0.0,0.5,1,0.2888
0.5117,0.85,0.5,1.0,0,0.6665,0.72,0.5,1,0.125,0.0,1.0,1,0.0,0.0,0,0.5,1.0,0,0.3333
0.3489,0.9,0.5,0.5,1,0.0,0.54,1.0,1,0.125,1.0,1.0,1,1.0,0.3333,0,0.0,0.0,1,0.3555
0.3489,0.5,1.0,0.5,1,0.6665,0.96,1.0,1,0.25,0.5,1.0,0,1.0,0.6665,0,1.0,0.0,1,0.3555
0.4187,0.6,0.5,0.5,0,0.6665,0.94,1.0,1,0.25,0.5,0.5,1,0.0,0.1666,1,0.5,0.0,1,0.2888
0.3257,0.7,1.0,1.0,1,0.3333,0.9,0.5,1,0.25,0.0,0.5,1,-1.0,0.6665,0,0.0,0.0,0,0.3333
0.558,0.825,0.5,0.5,1,1.0,0.2,0.0,1,0.125,0.5,0.5,1,1.0,0.5,0,0.5,0.5,1,0.3333
0.3953,0.125,0.5,1.0,1,0.3333,0.2,0.0,1,0.0,0.5,1.0,0,0.0,0.5,0,0.0,0.5,0,0.1555
0.0465,0.8,1.0,0.0,1,0.1666,0.9,1.0,1,0.375,0.5,0.5,1,0.0,0.1666,0,1.0,0.0,0,0.2666
0.3953,0.475,0.5,0.5,0,0.6665,0.4,1.0,1,0.375,0.5,0.5,1,1.0,0.5,0,0.5,0.0,0,0.2888
0.3022,0.45,1.0,1.0,1,0.1666,0.8,0.5,1,0.125,0.5,0.5,1,0.0,0.5,0,1.0,0.0,0,0.2888
0.2094,0.425,1.0,1.0,0,0.5,0.68,0.0,1,0.25,0.0,1.0,0,0.0,0.1666,0,0.0,1.0,1,0.2
0.279,0.5,0.5,1.0,0,0.8335,0.76,0.5,1,0.125,1.0,1.0,1,1.0,0.5,0,1.0,0.0,1,0.2888
0.465,0.95,0.0,1.0,1,0.6665,0.02,0.5,1,0.0,0.5,0.5,1,0.0,0.5,0,0.0,0.0,1,0.311
0.628,0.55,0.5,1.0,0,0.5,0.42,0.0,1,0.125,0.5,1.0,1,0.0,0.5,0,0.0,0.0,1,0.3333
0.4883,0.95,0.5,0.5,1,0.3333,0.86,0.5,1,0.5,0.0,0.5,1,0.0,0.6665,0,0.0,0.0,0,0.4
0.3489,0.175,1.0,0.5,1,0.8335,0.48,0.5,1,0.125,1.0,1.0,1,1.0,0.5,0,1.0,0.5,1,0.2444
0.5117,0.725,0.0,0.5,0,0.1666,0.7,0.0,1,0.0,0.0,0.5,1,1.0,0.5,0,1.0,0.5,1,0.2888
0.372,0.8,0.0,0.5,1,0.6665,0.76,1.0,0,0.125,1.0,0.5,1,0.0,0.5,0,0.0,0.0,0,0.2888
0.3489,0.675,0.0,0.5,1,1.0,0.12,0.0,1,0.25,0.5,1.0,0,0.0,0.0,0,1.0,0.5,0,0.2222
0.279,0.6,0.5,0.5,1,0.6665,0.16,1.0,1,0.25,0.0,0.0,1,0.0,0.5,0,1.0,0.0,0,0.2444
0.186,0.575,1.0,0.0,1,0.5,0.72,0.5,1,0.0,0.0,0.5,1,-1.0,0.1666,0,0.5,1.0,0,0.1555
0.3953,0.85,0.0,0.0,1,0.5,0.06,0.0,1,0.375,0.5,1.0,0,0.0,0.3333,0,0.0,0.0,0,0.2666
0.465,0.825,0.5,1.0,1,0.3333,0.34,1.0,1,0.125,0.5,1.0,1,1.0,0.5,0,1.0,0.0,0,0.4
0.4187,0.125,0.5,0.0,1,0.3333,0.92,0.5,1,0.25,0.5,1.0,0,0.0,0.3333,0,1.0,0.0,1,0.2222
0.3953,0.85,1.0,0.0,0,0.5,0.58,1.0,1,0.25,1.0,0.5,0,0.0,0.6665,0,0.0,0.0,0,0.3333
0.3022,0.425,1.0,0.5,1,0.6665,0.92,0.5,1,0.375,0.5,0.5,1,0.0,0.3333,0,1.0,0.0,1,0.2888
0.5347,0.25,1.0,0.5,1,0.8335,0.3,0.5,1,0.375,0.5,0.0,0,1.0,0.5,0,0.0,0.5,1,0.2666
0.2559,0.875,0.0,0.5,1,0.0,0.64,1.0,1,0.25,0.0,0.5,1,-1.0,0.5,0,0.0,0.5,1,0.2444
0.558,0.425,0.5,0.0,0,0.0,0.28,0.0,1,0.375,0.0,0.5,1,0.0,0.6665,1,0.5,0.0,0,0.2222
0.3022,0.8,1.0,0.0,1,0.8335,0.12,0.0,1,0.125,0.5,0.5,1,0.0,0.6665,0,0.0,0.5,0,0.2444
0.3257,0.275,1.0,1.0,0,0.5,1.0,0.0,1,0.25,0.0,0.0,1,0.0,0.6665,0,0.0,0.0,1,0.2444
0.2325,0.0,0.5,1.0,0,0.5,0.18,1.0,1,0.25,0.0,0.5,1,1.0,0.1666,0,0.5,0.5,1,0.1111
0.372,0.5,1.0,0.0,1,0.6665,0.18,0.5,1,0.0,1.0,1.0,1,-1.0,0.6665,0,0.5,0.0,0,0.2444
0.5815,0.1,1.0,0.5,1,0.5,0.84,0.0,1,0.25,0.0,1.0,0,1.0,0.6665,0,0.5,0.5,0,0.2888
0.5117,0.75,0.5,0.5,1,1.0,0.8,0.0,1,0.375,0.0,0.5,1,1.0,0.8335,0,0.0,0.0,1,0.3777
0.5815,0.275,0.0,1.0,0,0.6665,0.98,0.5,0,0.125,0.5,0.5,1,1.0,0.5,0,0.5,0.0,1,0.2888
0.5117,0.45,0.5,0.5,1,0.3333,0.08,1.0,1,0.0,0.0,0.5,1,0.0,0.5,0,1.0,0.0,0,0.2666
0.279,0.075,1.0,0.5,0,0.3333,0.1,1.0,1,0.0,0.5,0.0,1,1.0,0.6665,0,1.0,0.0,1,0.1555
0.3953,0.275,0.5,0.5,0,0.5,0.44,1.0,1,0.0,1.0,1.0,1,1.0,0.8335,0,0.5,0.5,0,0.2444
0.3257,0.775,1.0,0.5,0,0.3333,0.6,0.5,1,0.0,0.0,0.5,0,1.0,0.5,0,1.0,0.0,1,0.311
0.628,0.15,0.5,0.5,0,1.0,0.04,0.0,1,0.0,0.0,1.0,1,1.0,0.5,0,0.0,0.0,1,0.2
0.279,0.65,0.0,0.5,0,0.5,0.16,0.5,0,0.0,0.5,0.5,0,1.0,0.5,0,0.0,0.0,1,0.1777
0.558,0.925,0.0,1.0,1,0.1666,0.7,0.5,1,0.25,1.0,0.5,1,1.0,0.3333,0,0.0,0.0,1,0.422
0.558,0.675,1.0,0.5,1,0.6665,0.66,0.5,1,0.0,0.5,1.0,0,1.0,0.6665,0,0.5,0.5,1,0.3777
0.6978,0.8,0.5,0.5,1,0.8335,0.08,0.5,0,0.125,0.0,0.5,0,1.0,0.5,0,0.5,0.0,1,0.3555
0.3953,0.1,0.0,1.0,1,0.8335,0.94,0.5,1,0.25,0.5,0.5,1,-1.0,0.5,0,0.0,0.5,0,0.2
0.5347,0.25,1.0,1.0,0,0.3333,0.26,0.0,0,0.0,0.0,0.5,1,0.0,0.5,0,0.0,0.0,1,0.2222
0.7676,0.9,0.5,0.5,1,0.1666,0.88,1.0,1,0.125,0.5,1.0,1,-1.0,0.8335,1,0.0,0.5,0,0.4443
0.3489,0.725,1.0,0.5,0,0.8335,0.92,0.5,1,0.25,0.5,0.0,1,1.0,0.5,0,0.5,1.0,1,0.311
0.2325,0.65,0.5,0.5,0,0.1666,0.5,0.5,1,0.125,0.5,0.0,1,0.0,0.6665,0,1.0,0.5,0,0.2222
0.186,0.675,0.0,0.0,0,0.6665,0.42,0.0,0,0.0,0.0,1.0,1,0.0,0.1666,0,0.5,0.5,1,0.1111
0.5347,0.425,0.5,0.5,1,0.3333,0.28,0.5,1,0.25,1.0,0.5,1,1.0,0.6665,0,0.0,0.0,1,0.311
0.186,0.05,1.0,1.0,1,0.8335,0.8,1.0,1,0.5,1.0,0.5,1,0.0,0.6665,0,0.5,1.0,1,0.2222
0.3953,0.775,0.0,0.5,1,0.1666,0.2,0.0,1,0.0,1.0,1.0,0,1.0,0.6665,0,0.0,0.5,1,0.2666
0.5117,0.675,1.0,0.0,0,0.3333,0.62,0.0,1,0.625,0.5,1.0,0,0.0,0.3333,0,0.0,1.0,0,0.3333
0.465,0.475,0.5,0.0,1,0.6665,0.56,0.0,1,0.125,0.0,1.0,1,1.0,0.6665,0,0.5,0.5,0,0.2444
0.5117,0.9,0.5,0.5,1,0.6665,0.24,0.5,1,0.0,0.0,1.0,1,0.0,0.6665,0,0.0,0.5,0,0.311
0.465,0.325,0.5,0.5,1,0.8335,0.98,0.5,1,0.25,0.5,1.0,1,0.0,0.5,0,1.0,0.0,1,0.311
0.628,0.3,1.0,0.5,1,0.6665,0.84,0.0,1,0.125,0.5,0.5,1,-1.0,0.3333,0,0.0,0.0,0,0.2888
0.3022,0.875,0.5,0.5,1,0.6665,0.02,0.5,1,0.625,0.5,0.5,0,1.0,0.6665,0,0.5,0.0,0,0.3333
0.3489,0.8,0.5,0.0,0,0.8335,0.42,1.0,1,0.25,0.0,0.5,0,0.0,0.3333,0,0.0,0.5,0,0.2444
0.3257,0.525,1.0,0.5,0,0.1666,0.36,0.0,0,0.0,0.5,1.0,1,1.0,0.5,0,0.0,0.0,0,0.2222
0.558,0.125,0.0,0.5,0,0.3333,0.88,0.5,1,0.125,0.0,1.0,1,-1.0,0.6665,0,0.5,0.0,1,0.2222
0.558,0.225,0.0,0.5,1,0.1666,0.26,0.5,1,0.125,1.0,0.5,0,0.0,0.3333,0,0.0,0.0,1,0.2222
0.5117,0.65,0.0,0.5,1,0.0,1.0,0.5,1,0.0,0.0,1.0,1,-1.0,0.5,0,1.0,0.0,1,0.311
0.6045,0.375,0.5,0.5,0,0.6665,0.2,0.5,1,0.5,0.5,0.5,1,1.0,0.3333,0,1.0,0.5,0,0.311
0.279,0.825,0.5,1.0,0,0.8335,0.24,0.0,1,0.0,0.0,0.5,0,0.0,0.5,0,0.0,0.5,1,0.2222
0.6743,0.95,1.0,1.0,1,0.6665,0.66,1.0,0,0.125,0.0,1.0,1,0.0,0.5,0,0.0,0.0,0,0.4666
0.6514,0.8,0.5,1.0,0,0.6665,0.16,0.0,1,0.25,0.5,0.0,0,0.0,0.5,0,0.5,0.0,1,0.3777
0.5347,0.375,0.5,0.0,0,0.5,0.88,0.5,1,0.25,0.5,1.0,1,-1.0,0.6665,0,0.0,0.0,1,0.2666
0.6978,0.8,1.0,0.5,1,0.5,0.1,0.5,1,0.375,0.0,1.0,1,1.0,0.5,0,0.0,0.0,1,0.422
0.2094,0.35,0.5,0.5,1,1.0,0.98,1.0,1,0.25,0.5,1.0,1,0.0,0.5,0,0.5,0.0,1,0.2444
0.372,0.175,1.0,1.0,1,0.8335,0.88,0.5,1,0.25,0.0,0.0,0,1.0,0.5,0,0.0,0.0,0,0.2444
0.3489,0.025,0.5,1.0,0,0.3333,0.84,1.0,1,0.5,1.0,1.0,1,0.0,0.5,0,0.0,0.0,1,0.2444
0.5347,0.375,0.0,1.0,1,0.8335,0.4,1.0,1,0.625,1.0,1.0,1,-1.0,0.8335,0,0.5,0.0,0,0.3555
0.3022,0.9,0.5,0.0,0,0.8335,0.52,0.5,1,0.0,0.0,1.0,1,0.0,0.5,0,0.0,0.5,1,0.2444
0.558,0.25,0.0,1.0,0,0.6665,0.46,1.0,1,0.125,0.0,0.0,1,-1.0,0.3333,0,1.0,0.0,1,0.2222
0.628,0.2,0.0,1.0,1,0.6665,0.98,0.5,1,0.125,1.0,0.5,1,0.0,0.5,0,0.0,0.0,0,0.311
0.5347,0.975,0.5,0.0,1,0.6665,0.04,0.0,1,0.125,0.0,1.0,1,-1.0,0.3333,0,0.0,0.0,1,0.311
0.4883,0.025,0.5,0.5,1,0.1666,0.38,0.0,1,0.25,0.0,1.0,1,0.0,0.3333,0,0.0,1.0,0,0.1777
0.3022,0.775,0.0,0.5,0,0.1666,0.96,1.0,1,0.0,1.0,1.0,1,0.0,0.5,0,0.0,0.0,0,0.2888
0.3257,0.325,0.5,0.5,0,0.6665,0.36,0.5,1,0.125,1.0,0.5,1,0.0,0.5,0,0.0,0.0,0,0.2
0.6045,0.025,0.5,0.5,0,0.1666,0.4,0.5,1,0.25,0.0,0.0,1,0.0,0.3333,0,0.5,0.0,1,0.2
0.558,0.925,0.5,1.0,1,0.1666,0.64,1.0,1,0.125,0.0,1.0,1,-1.0,0.8335,0,0.5,0.5,1,0.4
0.442,0.15,0.0,1.0,1,0.0,0.9,1.0,1,0.25,1.0,0.5,1,0.0,0.3333,0,0.0,0.5,0,0.2444
0.372,0.55,0.5,1.0,0,0.3333,0.3,0.0,1,0.5,0.0,0.5,0,1.0,0.5,0,0.0,0.5,0,0.2666
0.1628,0.275,1.0,0.5,1,0.6665,0.94,0.5,1,0.375,0.5,0.5,0,0.0,0.1666,1,0.0,0.0,0,0.1777
0.3022,0.075,0.5,0.5,1,0.6665,0.28,1.0,1,0.125,0.0,0.5,1,0.0,0.5,0,0.0,0.5,1,0.1333
0.6978,0.05,0.5,0.5,1,0.6665,0.82,1.0,1,0.5,1.0,1.0,1,1.0,0.6665,0,0.0,0.5,1,0.3555
0.2559,0.125,0.0,0.5,1,0.3333,0.28,0.5,1,0.125,0.5,0.5,1,1.0,0.5,0,0.5,0.0,0,0.1333
0.465,0.075,0.5,0.0,1,0.5,0.08,0.0,1,0.125,0.5,0.5,0,1.0,0.5,0,0.5,0.5,0,0.1555
0.5815,0.75,1.0,1.0,1,0.6665,0.82,0.5,1,0.125,1.0,1.0,0,0.0,0.6665,1,0.0,0.0,1,0.422
0.2559,0.475,0.5,0.5,0,0.6665,0.46,0.5,1,0.25,0.5,0.5,0,0.0,0.6665,0,0.0,0.0,1,0.2222
0.465,0.35,0.0,0.0,1,0.3333,0.4,0.0,1,0.25,0.0,1.0,1,1.0,0.5,0,0.0,0.5,0,0.2
0.5815,0.425,0.0,0.0,0,0.5,0.42,0.5,1,0.125,0.5,1.0,1,0.0,0.6665,0,1.0,0.5,1,0.2444
0.442,0.925,1.0,1.0,1,0.0,0.62,0.5,1,0.125,0.5,0.5,1,1.0,0.3333,1,0.0,0.0,1,0.3777
0.8374,0.9,1.0,0.5,1,0.5,0.26,0.5,1,0.0,0.5,1.0,0,1.0,0.6665,0,0.0,0.0,1,0.4666
0.2094,0.725,0.5,0.5,1,0.3333,0.24,0.5,1,0.5,0.0,0.5,1,1.0,0.5,0,1.0,0.5,1,0.2666
0.5815,0.875,0.5,1.0,0,0.8335,0.48,0.0,1,0.375,0.0,0.5,0,0.0,0.5,1,0.0,0.0,0,0.3555
0.4187,0.325,1.0,0.5,0,0.3333,0.04,0.5,1,0.125,0.5,0.5,1,1.0,0.5,0,0.0,0.0,1,0.2222
0.558,0.375,0.0,0.0,1,0.5,0.64,0.5,1,0.375,0.5,1.0,0,-1.0,0.6665,0,1.0,0.0,1,0.2888
0.5117,0.625,0.5,0.5,1,0.3333,0.82,0.0,1,0.125,0.0,1.0,1,0.0,0.5,0,0.0,1.0,1,0.2888
0.3489,0.625,1.0,0.0,1,0.3333,0.72,0.0,1,0.375,1.0,1.0,0,0.0,0.3333,0,0.0,1.0,1,0.2666
0.465,0.475,0.5,0.0,0,0.6665,0.46,0.5,1,0.125,0.0,0.0,1,0.0,0.3333,0,0.0,0.0,0,0.2
0.186,0.4,0.0,1.0,0,0.3333,0.56,0.0,0,0.0,0.5,0.5,1,-1.0,0.6665,1,1.0,0.0,1,0.1111
0.5347,0.975,0.5,0.5,0,1.0,0.02,0.0,1,0.125,0.0,0.5,1,0.0,0.5,0,0.0,0.0,1,0.3333
0.4883,0.825,1.0,0.5,1,0.0,0.92,1.0,1,0.125,1.0,0.0,0,1.0,0.3333,0,0.5,0.0,1,0.4
0.5347,0.425,0.5,0.5,1,0.6665,0.56,0.0,1,0.25,1.0,1.0,0,1.0,0.5,0,0.0,0.5,1,0.311
0.5815,0.725,1.0,0.5,0,0.5,0.32,0.5,1,0.0,0.0,0.5,1,0.0,0.8335,1,0.5,0.0,1,0.3333
0.4883,0.275,0.5,0.5,0,0.5,0.3,0.0,1,0.125,0.0,0.5,1,0.0,0.5,0,0.5,0.0,1,0.2
0.465,0.1,1.0,0.0,1,0.5,0.66,1.0,1,0.25,0.0,0.0,1,0.0,0.5,0,0.0,0.5,0,0.2
0.3257,0.35,1.0,0.5,1,0.6665,0.58,0.5,1,0.0,1.0,0.5,1,-1.0,0.5,0,0.5,0.0,1,0.2222
0.3489,0.4,0.5,0.5,0,0.5,0.18,0.0,1,0.0,0.0,0.5,1,0.0,0.3333,0,0.5,0.0,0,0.1555
0.6045,0.025,0.5,0.5,1,0.8335,0.4,0.5,1,0.0,0.5,0.5,1,0.0,0.3333,0,0.0,0.0,1,0.2
0.6514,0.825,0.5,0.5,1,0.5,0.68,0.5,1,0.0,1.0,0.5,1,0.0,0.5,0,0.5,0.5,1,0.3777
0.4187,0.35,0.5,0.0,1,0.1666,0.3,1.0,0,0.125,0.0,1.0,1,1.0,0.5,0,0.0,0.0,1,0.2
0.442,0.575,0.5,0.5,1,0.5,0.5,0.5,1,0.0,0.5,0.5,1,0.0,0.6665,0,0.0,0.0,0,0.2666
0.3257,0.075,1.0,1.0,1,0.8335,0.26,0.0,0,0.5,1.0,1.0,0,-1.0,0.5,0,0.5,0.0,1,0.2
0.6045,0.175,0.0,0.5,0,0.3333,0.08,0.5,1,0.0,0.5,0.0,0,-1.0,0.3333,0,0.0,1.0,1,0.1333
0.5347,0.9,0.5,1.0,1,0.1666,0.38,0.5,1,0.125,0.0,0.5,1,1.0,0.6665,0,0.0,0.0,1,0.3777
0.7207,0.6,0.5,0.5,1,0.6665,0.74,0.5,0,0.25,0.5,0.5,1,1.0,0.1666,0,0.0,1.0,1,0.3333
0.3257,0.95,0.5,1.0,0,0.6665,0.22,0.5,1,0.5,0.0,0.5,1,1.0,0.3333,0,0.0,0.5,0,0.3333
0.3953,1.0,0.5,0.5,0,0.3333,0.76,0.5,1,0.25,0.5,0.5,1,0.0,0.3333,0,0.5,0.5,1,0.3555
0.465,0.375,1.0,1.0,0,0.5,0.66,0.0,1,0.125,0.5,0.5,1,1.0,0.3333,0,0.5,0.0,0,0.2888
0.5347,0.3,0.5,0.5,0,0.5,0.5,0.5,1,0.375,1.0,0.5,0,0.0,0.3333,0,0.5,0.0,0,0.2888
0.4187,0.85,1.0,1.0,0,0.5,0.98,0.5,1,0.0,0.0,0.5,1,0.0,0.1666,1,0.0,0.0,1,0.3333
0.3257,1.0,1.0,1.0,0,0.6665,0.88,1.0,1,0.25,0.5,1.0,1,-1.0,0.5,0,0.5,0.0,1,0.4
0.558,0.625,1.0,0.5,0,0.3333,0.56,0.0,1,0.25,0.5,1.0,1,0.0,0.1666,0,0.0,1.0,0,0.311
0.5347,0.8,0.5,1.0,0,0.6665,0.56,1.0,1,0.0,0.5,0.5,1,0.0,0.5,0,0.0,0.0,1,0.3555
0.3257,0.775,0.0,0.5,0,0.3333,0.28,0.0,1,0.125,0.0,1.0,1,1.0,0.5,1,0.0,0.0,1,0.2
0.628,0.35,0.5,0.5,0,0.8335,0.92,0.0,1,0.0,0.5,0.5,0,0.0,0.5,0,0.0,0.0,0,0.2888
0.6045,0.575,0.5,0.5,0,1.0,0.9,0.5,1,0.0,1.0,0.0,0,0.0,0.6665,0,0.0,0.5,0,0.311
0.465,0.825,1.0,0.0,0,0.3333,0.74,0.5,1,0.125,0.0,1.0,1,1.0,0.3333,0,0.0,0.0,0,0.3333
0.442,0.7,0.5,0.5,0,0.1666,0.12,0.5,1,0.125,0.0,0.5,1,0.0,0.6665,0,0.0,0.0,0,0.2666
0.5117,0.025,0.5,1.0,1,0.6665,0.7,0.5,1,0.125,0.5,1.0,0,1.0,0.0,0,0.0,0.0,1,0.2444
0.3257,0.325,0.5,1.0,0,0.5,0.26,0.5,1,0.25,0.5,0.5,1,0.0,0.8335,0,1.0,0.5,1,0.2222
0.442,0.15,0.5,1.0,1,0.6665,0.18,0.0,1,0.5,0.5,0.5,1,1.0,0.5,0,0.5,0.0,1,0.2444
0.1395,0.225,0.0,0.5,1,0.3333,0.76,0.5,1,0.0,0.0,1.0,0,-1.0,0.6665,0,1.0,0.0,0,0.1333
0.558,0.9,0.0,0.5,0,0.5,0.96,0.5,1,0.0,0.0,0.5,1,1.0,0.3333,0,0.0,0.0,0,0.3555
0.2325,0.025,1.0,0.0,1,0.3333,0.1,0.5,1,0.625,1.0,0.0,1,0.0,0.5,0,0.0,1.0,1,0.1111
0.6514,0.225,0.5,0.5,1,0.5,0.16,0.5,1,0.125,0.0,0.0,1,1.0,0.3333,0,0.5,0.0,1,0.2444
0.3953,0.3,0.0,0.0,1,0.1666,0.22,0.0,1,0.125,0.5,0.5,0,-1.0,0.6665,0,0.5,0.5,1,0.1333
0.4187,0.625,0.5,0.5,1,0.5,0.96,1.0,1,0.25,0.5,0.5,1,-1.0,0.5,1,0.0,0.5,0,0.2888
0.3489,0.525,0.5,1.0,1,0.1666,0.7,1.0,0,0.25,0.0,0.5,1,1.0,0.5,0,0.5,0.0,1,0.2888
0.3953,0.225,0.5,0.5,1,0.3333,0.68,0.5,1,0.25,0.0,0.5,1,1.0,0.6665,0,0.0,0.0,1,0.2222
0.6514,0.175,1.0,0.0,0,0.5,0.5,0.5,0,0.375,0.0,0.5,1,0.0,0.1666,0,0.0,0.0,0,0.2222
0.093,0.225,0.5,0.5,1,0.6665,0.54,0.5,0,0.25,0.0,1.0,1,-1.0,0.3333,0,0.5,0.0,0,0.1111
0.628,0.5,0.0,0.5,0,0.6665,0.3,0.0,1,0.25,0.0,0.5,0,0.0,0.3333,0,0.5,0.0,1,0.2666
0.4883,0.275,1.0,0.5,0,0.6665,0.16,0.5,0,0.25,0.0,0.5,1,-1.0,0.6665,0,0.5,0.0,0,0.2222
0.279,0.95,1.0,0.5,1,0.1666,0.78,1.0,1,0.125,1.0,0.5,1,-1.0,0.5,0,0.0,0.0,1,0.3333
0.3022,0.475,0.5,0.5,0,0.8335,0.48,0.5,1,0.125,0.5,0.5,1,0.0,0.6665,0,0.0,0.0,1,0.2
0.6743,0.05,0.5,1.0,1,0.3333,0.26,0.5,1,0.25,0.0,1.0,1,1.0,0.6665,0,0.0,0.5,1,0.2888
0.3022,0.725,1.0,0.5,0,0.3333,0.64,1.0,1,0.25,0.5,0.5,1,-1.0,0.6665,0,0.5,0.5,0,0.311
0.279,0.325,0.5,1.0,1,0.5,0.2,1.0,1,0.0,1.0,1.0,1,0.0,0.5,0,0.5,0.0,0,0.2222
0.6045,0.65,0.5,0.5,0,0.3333,0.48,0.5,1,0.25,1.0,1.0,0,0.0,0.5,0,0.0,0.0,1,0.3555
0.4883,0.275,0.5,0.5,1,0.6665,0.2,0.0,1,0.125,0.5,1.0,1,0.0,0.6665,0,0.0,0.5,0,0.2222
0.3022,0.575,0.5,1.0,1,0.6665,0.76,0.0,1,0.0,1.0,0.5,1,-1.0,0.3333,1,0.0,0.5,1,0.2222
0.465,0.775,0.5,0.5,1,0.3333,0.32,1.0,1,0.0,0.5,0.5,1,1.0,0.3333,1,0.5,1.0,0,0.2888
0.3022,0.925,0.5,0.0,0,0.5,0.44,1.0,1,0.125,0.0,0.0,1,0.0,0.5,0,0.0,0.0,0,0.2444
0.6045,0.25,0.0,0.0,1,0.5,0.76,0.5,0,0.125,1.0,0.5,1,0.0,0.5,0,0.0,0.0,1,0.2222
0.5815,0.325,1.0,1.0,1,0.6665,0.66,0.0,1,0.25,0.5,0.5,1,1.0,0.6665,0,0.5,0.0,1,0.3555
0.5117,0.475,0.0,0.5,1,0.3333,0.4,0.5,1,0.375,0.5,1.0,1,-1.0,0.6665,0,1.0,0.5,0,0.2888
0.4883,0.925,0.5,0.5,1,0.3333,0.08,0.5,0,0.25,1.0,0.5,1,0.0,0.3333,0,0.5,0.0,1,0.3333
0.6978,0.9,0.5,0.0,0,0.1666,0.92,0.0,1,0.375,0.0,1.0,0,0.0,0.3333,0,0.5,0.0,0,0.422
0.442,0.1,1.0,0.0,1,0.3333,0.0,1.0,1,0.0,0.0,0.5,0,0.0,0.3333,0,0.0,0.0,1,0.1555
0.279,0.125,0.5,1.0,0,0.1666,0.74,0.0,1,0.125,0.5,0.5,1,1.0,0.3333,1,0.0,0.5,0,0.1333
0.5117,0.5,1.0,1.0,1,0.3333,0.94,0.5,1,0.0,0.5,0.5,0,0.0,0.5,0,0.0,0.0,1,0.3333
0.744,0.1,0.0,0.5,1,0.8335,0.3,0.5,1,0.0,0.5,0.5,1,-1.0,0.3333,0,0.5,0.5,1,0.2222
0.3022,0.35,0.5,0.5,1,0.6665,0.08,1.0,1,0.25,0.0,0.0,1,0.0,0.3333,0,0.0,0.5,1,0.1555
0.3953,0.15,1.0,1.0,0,0.8335,0.24,0.5,1,0.25,1.0,0.5,1,0.0,0.6665,0,0.0,0.5,0,0.2222
0.4883,0.625,1.0,0.5,0,0.3333,0.32,0.0,1,0.0,0.0,0.5,0,1.0,0.6665,0,0.5,0.0,1,0.2888
0.442,0.95,0.5,1.0,1,0.0,0.46,0.5,1,0.25,0.5,0.0,0,1.0,0.1666,0,0.0,1.0,1,0.3333
0.3022,1.0,0.5,0.0,0,0.5,0.52,0.0,1,0.125,0.5,0.5,0,0.0,0.5,0,1.0,0.0,0,0.2888
0.6045,0.375,0.0,0.5,0,1.0,0.72,0.5,0,0.375,0.5,0.5,0,1.0,1.0,0,1.0,0.0,0,0.311
0.7676,0.6,0.5,1.0,1,0.3333,0.9,0.5,1,0.125,0.0,0.5,0,0.0,0.5,0,1.0,1.0,1,0.4
0.465,0.85,0.5,0.5,1,0.5,0.46,0.5,1,0.125,0.5,0.5,0,1.0,0.8335,0,0.5,0.0,0,0.3555
0.3257,0.125,0.0,1.0,1,0.1666,0.74,0.5,1,0.0,0.0,1.0,0,0.0,0.6665,0,0.0,0.0,0,0.1777
0.2325,0.7,1.0,0.5,1,0.5,0.12,0.0,1,0.25,0.5,0.5,1,0.0,0.3333,0,0.5,0.0,1,0.2444
0.4883,0.4,1.0,0.0,1,0.5,0.32,0.0,1,0.125,0.0,1.0,0,1.0,0.6665,0,1.0,0.0,1,0.2666
0.6045,0.2,0.0,1.0,0,0.0,0.12,0.5,1,0.0,0.0,1.0,1,0.0,0.1666,0,0.0,0.0,0,0.2
0.5117,0.4,0.5,0.0,1,0.1666,0.7,0.5,1,0.125,0.5,0.0,1,0.0,0.5,0,0.0,0.0,0,0.2444
0.442,0.075,1.0,1.0,1,0.1666,0.9,0.5,1,0.25,1.0,1.0,1,1.0,0.5,0,0.5,0.0,1,0.311
0.3489,0.7,0.5,1.0,1,0.1666,0.88,1.0,1,0.5,0.5,0.5,0,1.0,1.0,0,0.5,0.5,1,0.3777
0.279,0.25,0.5,1.0,1,0.3333,0.32,0.5,1,0.125,0.5,0.5,1,-1.0,0.6665,0,0.0,0.0,1,0.1777
0.558,0.3,0.5,1.0,1,0.6665,0.24,0.5,1,0.25,0.0,0.5,1,1.0,0.3333,0,0.0,0.0,0,0.2666
0.558,0.125,0.0,0.5,0,0.3333,0.28,0.5,1,0.125,0.5,0.5,0,-1.0,0.6665,0,0.5,0.0,1,0.2
0.2325,0.875,0.5,0.5,1,0.8335,0.28,1.0,1,0.5,0.0,0.5,1,1.0,0.6665,0,0.0,0.5,1,0.2888
0.6743,0.5,1.0,1.0,0,0.3333,0.08,1.0,1,0.125,1.0,0.5,1,1.0,0.5,0,0.0,0.5,0,0.3555
0.5117,0.575,0.5,0.0,1,0.5,0.14,0.5,0,0.25,0.5,1.0,1,1.0,0.6665,0,0.0,0.5,0,0.2666
0.628,0.575,0.5,0.0,0,0.6665,0.22,0.5,1,0.125,0.0,0.5,0,-1.0,0.8335,1,1.0,0.0,1,0.2666
0.2559,0.4,0.5,0.5,1,0.8335,0.0,0.5,1,0.25,0.5,1.0,1,-1.0,0.5,0,0.5,0.0,1,0.2
0.2559,0.2,1.0,0.0,0,0.3333,0.04,0.0,1,0.625,1.0,1.0,1,0.0,0.5,0,0.5,0.0,1,0.1777
0.4187,0.75,1.0,1.0,0,0.6665,0.7,0.5,1,0.25,0.5,0.5,1,0.0,0.6665,0,0.5,0.0,1,0.3777
0.5117,0.125,0.0,0.5,1,0.3333,0.62,0.0,1,0.25,0.0,0.5,1,0.0,0.3333,0,0.0,0.0,0,0.1777
0.6978,0.1,1.0,0.5,0,1.0,0.94,0.0,1,0.25,0.5,0.5,0,-1.0,0.6665,0,0.0,1.0,0,0.2666
0.5347,0.7,0.0,0.5,1,0.1666,0.4,0.5,0,0.125,0.0,0.5,0,1.0,0.3333,0,1.0,0.0,1,0.2888
0.4187,0.2,0.0,1.0,1,0.6665,0.44,1.0,1,0.25,0.0,1.0,0,0.0,0.5,0,0.5,1.0,1,0.2
0.3022,0.3,0.5,1.0,0,0.8335,0.06,0.5,1,0.5,0.5,0.5,1,-1.0,0.5,0,1.0,0.0,1,0.2222
0.6045,0.475,0.5,0.0,1,0.1666,0.16,1.0,1,0.25,0.5,0.5,0,0.0,0.1666,0,1.0,1.0,0,0.2888
0.3022,0.45,0.5,1.0,1,0.6665,0.7,0.5,1,0.25,0.0,0.5,0,-1.0,0.6665,0,0.0,0.0,1,0.2444
0.6743,0.7,0.5,0.5,1,0.3333,0.24,1.0,1,0.5,0.0,0.5,0,1.0,0.8335,0,0.5,1.0,0,0.4
0.3953,0.625,0.0,0.5,1,1.0,0.78,0.5,1,0.125,1.0,0.5,0,1.0,0.5,0,0.0,0.0,0,0.2888
0.6743,0.65,0.5,1.0,0,0.0,0.7,1.0,1,0.25,0.5,0.5,0,0.0,0.8335,1,1.0,1.0,1,0.3777
0.5347,0.725,0.5,0.5,1,0.1666,0.74,0.5,0,0.375,1.0,0.5,1,0.0,0.0,0,0.0,0.0,0,0.3333
0.4187,0.3,0.5,0.5,1,0.1666,0.7,1.0,1,0.125,0.0,0.5,0,0.0,0.6665,0,0.5,0.0,0,0.2444
0.372,0.325,0.0,0.5,1,0.1666,0.7,1.0,1,0.375,0.5,0.5,1,1.0,0.1666,0,0.5,0.0,0,0.2444
0.3953,0.45,0.0,0.0,1,0.6665,0.54,0.5,1,0.25,0.5,1.0,0,0.0,0.6665,0,0.5,0.0,0,0.2444
0.5117,0.3,1.0,0.0,1,1.0,0.68,0.0,1,0.25,0.0,0.5,1,-1.0,0.3333,0,0.0,0.5,1,0.2222
0.442,0.975,1.0,0.0,1,0.8335,0.52,1.0,1,0.25,0.0,0.5,1,0.0,0.8335,0,0.5,1.0,1,0.3555
0.3489,0.825,0.0,0.5,1,0.5,0.2,0.5,1,0.125,0.5,0.5,1,1.0,0.1666,0,0.0,0.5,0,0.2444
0.4187,0.175,0.5,0.0,0,0.5,0.22,1.0,1,0.125,0.5,0.5,0,0.0,0.6665,0,0.5,0.5,0,0.1777
0.442,0.0,0.5,0.5,1,0.3333,0.4,0.5,1,0.25,0.0,0.5,1,0.0,0.5,1,1.0,0.0,0,0.1777
0.1395,0.05,1.0,0.5,1,0.6665,0.02,0.0,1,0.0,0.5,0.0,1,1.0,0.5,0,0.5,0.5,1,0.06665
0.5117,0.25,0.5,1.0,0,0.5,0.88,0.0,1,0.375,0.5,1.0,1,0.0,0.5,0,0.0,0.0,0,0.2888
0.3022,0.125,1.0,0.5,0,0.5,0.26,0.5,1,0.25,0.0,0.5,1,0.0,0.5,0,0.0,0.5,1,0.1333
0.279,0.525,0.5,1.0,0,0.3333,0.06,0.0,1,0.25,0.0,0.5,1,1.0,0.6665,0,0.0,0.0,1,0.2222
0.2094,0.85,1.0,0.0,0,0.1666,0.42,0.5,1,0.125,1.0,0.5,1,1.0,0.5,0,0.0,0.5,1,0.2666
0.186,0.725,0.0,1.0,1,0.5,0.82,0.5,1,0.125,1.0,0.0,1,0.0,0.5,0,1.0,0.0,1,0.2666
0.2559,0.225,1.0,0.0,0,0.5,0.4,0.5,1,0.125,0.5,0.5,0,1.0,0.6665,0,0.0,0.0,1,0.1555
0.3489,0.4,0.5,1.0,1,0.3333,0.26,1.0,1,0.0,0.0,0.5,1,1.0,0.1666,0,0.0,0.0,0,0.689
0.7207,0.5,1.0,0.5,0,0.3333,0.54,0.0,1,0.0,0.5,0.5,1,0.0,0.8335,0,0.5,0.0,1,0.3555
0.372,0.8,0.5,0.5,1,0.6665,0.58,0.5,1,0.125,0.0,0.5,1,1.0,0.5,0,1.0,0.0,1,0.3333
0.465,0.85,0.5,0.5,0,0.6665,0.76,0.5,1,0.125,0.5,0.5,1,1.0,0.5,0,0.5,0.0,1,0.3555
0.4883,0.9,1.0,0.0,0,1.0,0.8,1.0,1,0.25,0.0,0.5,1,0.0,0.5,1,0.5,0.5,1,0.3555
0.465,0.5,1.0,1.0,1,0.8335,0.7,0.0,1,0.125,1.0,0.5,1,-1.0,0.5,0,0.5,0.0,0,0.3333
0.442,0.7,0.5,1.0,1,0.1666,0.0,0.5,0,0.25,0.0,0.5,1,0.0,0.8335,0,0.0,0.5,1,0.2666
0.279,0.1,0.5,0.0,1,0.5,0.0,1.0,1,0.0,0.5,0.0,1,1.0,0.6665,0,0.0,0.0,1,0.1111
0.6514,0.575,1.0,1.0,0,0.1666,0.98,0.5,1,0.0,0.5,1.0,1,0.0,0.6665,0,0.5,0.0,0,0.4
0.6978,0.25,1.0,0.0,1,0.0,0.26,1.0,1,0.125,0.5,0.5,1,0.0,0.3333,1,0.0,0.0,0,0.2666
0.2094,0.425,0.0,1.0,1,1.0,0.28,1.0,1,0.125,0.0,0.5,0,-1.0,0.5,1,0.5,0.0,0,0.1555
0.3022,0.625,0.5,1.0,0,0.8335,0.74,1.0,1,0.0,0.5,0.5,1,-1.0,0.5,0,0.5,0.0,0,0.2666
0.3953,0.25,1.0,0.0,0,0.3333,0.58,0.5,1,0.125,0.5,1.0,1,1.0,0.3333,0,0.5,0.0,0,0.2222
0.3022,0.05,0.5,0.5,0,0.8335,0.46,0.5,1,0.125,0.0,0.5,1,0.0,1.0,0,0.0,0.0,1,0.1333
0.5117,0.0,1.0,0.5,1,0.8335,0.12,0.0,0,0.0,0.0,0.5,0,-1.0,0.6665,0,0.0,0.5,0,0.1333
0.3489,0.025,1.0,0.5,0,0.0,0.08,0.0,1,0.125,0.0,0.5,0,0.0,0.3333,0,0.0,0.0,0,0.1111
0.744,0.0,1.0,1.0,0,0.6665,0.7,0.0,1,0.5,0.0,0.0,1,-1.0,0.5,0,0.0,0.0,1,0.2888
0.6045,0.1,1.0,0.5,1,0.3333,0.12,0.0,1,0.0,0.0,1.0,1,0.0,0.8335,0,0.5,0.5,0,0.2222
0.465,0.25,1.0,1.0,1,0.6665,0.44,0.0,1,0.375,0.5,0.0,1,0.0,0.1666,0,1.0,0.5,0,0.2666
0.5815,0.225,1.0,0.0,0,1.0,0.74,0.0,1,0.25,0.5,0.0,1,1.0,0.3333,0,1.0,0.0,1,0.2666
0.6045,0.975,1.0,0.5,0,0.8335,0.92,0.0,1,0.0,1.0,0.5,0,1.0,0.3333,0,0.5,0.5,1,0.422
0.372,0.3,0.0,0.5,0,0.5,0.88,0.0,1,0.5,0.5,0.5,1,1.0,0.3333,0,0.0,1.0,0,0.2
0.3257,0.125,0.5,1.0,1,0.8335,0.86,0.0,1,0.25,0.0,0.0,0,0.0,0.5,0,0.5,0.0,1,0.2
0.442,0.55,0.5,0.0,1,0.0,0.36,0.5,1,0.25,0.0,1.0,1,0.0,0.5,0,0.0,0.0,1,0.2666
0.558,0.85,1.0,1.0,0,0.6665,0.92,1.0,1,0.75,0.5,0.5,1,-1.0,0.5,1,0.0,1.0,0,0.422
0.465,0.675,0.5,0.5,1,0.6665,0.68,1.0,1,0.125,0.0,0.0,0,1.0,0.3333,0,0.5,0.0,1,0.311
0.2325,0.3,0.0,0.5,0,0.6665,0.88,1.0,1,0.125,0.0,0.0,1,1.0,0.3333,0,0.0,0.0,1,0.1555
0.3257,0.55,0.5,0.5,1,0.3333,0.08,0.5,1,0.125,0.5,0.5,1,1.0,0.3333,0,0.5,0.0,0,0.2444
0.442,0.725,1.0,1.0,1,0.6665,0.04,0.0,1,0.25,0.5,0.5,1,-1.0,0.5,0,0.5,0.5,0,0.311
0.442,0.725,1.0,0.5,1,0.6665,0.42,0.5,1,0.125,0.5,0.5,1,-1.0,0.1666,0,1.0,1.0,1,0.2888
0.7207,0.675,1.0,0.5,1,0.0,0.82,0.5,1,0.25,1.0,0.5,1,0.0,0.3333,0,0.0,0.5,0,0.422
0.2559,0.875,0.5,0.5,0,0.5,0.4,0.5,1,0.5,0.5,1.0,1,1.0,0.5,0,0.0,1.0,1,0.2888
0.5117,0.875,0.5,0.5,1,0.3333,0.88,1.0,1,0.25,0.5,0.5,1,0.0,0.5,0,0.0,0.0,1,0.4
0.6514,0.575,0.5,0.0,0,0.6665,0.24,0.0,1,0.5,1.0,0.5,1,-1.0,0.8335,0,0.5,0.0,1,0.3333
0.7676,0.425,0.5,1.0,0,0.8335,0.04,0.5,1,0.0,0.5,0.5,0,0.0,0.6665,0,0.0,0.5,0,0.311
0.3953,0.65,0.5,0.5,1,0.3333,0.76,0.5,1,0.25,0.5,1.0,1,0.0,0.3333,0,0.5,1.0,1,0.2888
0.5117,0.825,0.5,1.0,0,0.1666,0.62,1.0,1,0.25,0.0,0.5,0,-1.0,0.1666,0,0.5,0.0,1,0.3555
0.5117,0.0,0.0,0.5,0,0.5,0.44,0.0,1,0.375,1.0,0.5,1,0.0,0.3333,0,0.5,0.0,0,0.2
0.465,1.0,0.5,0.5,0,0.1666,0.84,0.0,1,0.375,0.0,0.0,1,1.0,0.5,1,1.0,0.0,1,0.3555
0.4187,0.175,0.5,0.5,0,0.5,0.82,0.5,1,0.125,0.0,1.0,1,0.0,0.5,0,0.0,0.0,0,0.2222
0.5117,0.475,0.0,0.5,1,0.5,0.32,1.0,1,0.125,1.0,0.5,0,1.0,0.5,0,1.0,0.0,1,0.2888
0.093,0.875,0.5,1.0,1,0.6665,0.84,0.0,1,0.125,0.0,1.0,0,0.0,0.3333,0,0.5,0.0,0,0.2666
0.5347,0.225,0.5,1.0,1,0.5,0.34,0.5,1,0.25,0.5,1.0,1,-1.0,0.6665,0,1.0,1.0,1,0.2666
0.465,0.475,0.5,0.0,1,0.5,0.62,0.0,1,0.25,0.5,0.5,1,0.0,0.6665,0,0.0,0.0,1,0.2666
0.4187,0.125,0.5,1.0,1,0.8335,0.2,0.0,1,0.125,0.0,0.5,1,0.0,0.5,0,1.0,0.5,1,0.1777
0.7207,0.4,0.5,0.5,0,0.5,0.26,0.5,1,0.0,0.5,0.0,1,1.0,0.5,0,0.0,0.0,0,0.2888
0.3489,0.175,1.0,1.0,1,0.3333,0.44,0.5,1,0.125,0.0,1.0,1,1.0,0.5,0,1.0,0.0,0,0.2444
0.3953,0.375,0.5,0.5,1,0.5,0.32,1.0,1,0.125,1.0,1.0,1,1.0,0.6665,0,0.0,0.0,1,0.2666
0.7207,0.375,0.5,0.0,1,0.3333,0.12,0.5,1,0.375,0.5,0.5,1,0.0,0.3333,0,0.5,0.5,0,0.2888
0.3257,1.0,1.0,0.5,1,0.1666,0.48,0.5,1,0.25,1.0,0.5,0,0.0,0.5,0,1.0,0.0,1,0.3777
0.372,1.0,0.5,0.5,0,0.1666,0.52,0.0,1,0.375,0.0,1.0,0,0.0,0.5,0,1.0,0.5,0,0.3333
0.4187,0.125,0.0,1.0,0,0.8335,0.16,0.0,1,0.375,0.5,0.5,1,-1.0,0.6665,0,0.0,0.5,0,0.1555
0.558,0.725,0.5,0.0,1,0.3333,0.18,0.5,1,0.25,0.0,0.5,1,0.0,0.3333,0,0.5,0.0,0,0.311
0.465,0.05,0.5,0.0,1,0.5,0.02,0.0,1,0.0,0.0,0.5,0,1.0,0.6665,0,0.0,0.0,0,0.1333
0.2559,0.025,0.5,0.0,1,0.5,0.04,0.0,1,0.25,0.0,0.5,1,1.0,0.3333,0,0.0,0.5,0,0.06665
0.372,0.1,0.0,0.5,0,0.5,0.36,0.5,1,0.625,0.5,0.5,0,0.0,0.5,0,0.0,0.0,1,0.1777
0.3489,0.975,1.0,0.5,0,0.8335,0.14,1.0,0,0.5,0.5,0.5,1,1.0,0.5,0,0.5,0.0,0,0.3555
0.442,0.95,0.0,0.5,1,0.5,0.92,0.0,0,0.125,0.0,1.0,1,1.0,0.5,0,0.5,0.0,0,0.3333
0.5117,0.2,1.0,0.5,0,0.3333,0.2,0.5,1,0.125,0.0,0.5,1,0.0,0.5,0,0.0,0.0,0,0.2
0.5117,0.15,1.0,0.0,0,0.3333,0.06,0.0,1,0.25,0.5,0.5,1,1.0,0.1666,0,0.5,1.0,1,0.1777
0.186,0.25,1.0,0.5,1,0.6665,0.4,0.0,1,0.125,0.5,0.5,1,1.0,0.5,0,0.5,0.0,1,0.1777
0.5815,0.525,1.0,0.0,0,0.6665,0.2,1.0,1,0.25,0.0,1.0,1,1.0,0.8335,0,1.0,0.0,0,0.3555
0.4883,0.575,0.0,1.0,1,0.6665,0.06,0.5,0,0.0,0.0,0.0,1,-1.0,0.3333,0,1.0,0.0,0,0.2222
0.628,0.225,1.0,1.0,0,0.5,0.76,0.0,1,0.25,0.0,0.5,1,0.0,0.3333,0,0.0,0.5,1,0.2888
0.5117,0.75,0.5,1.0,1,0.1666,0.56,1.0,0,0.125,0.5,0.5,0,0.0,0.5,0,0.0,0.5,1,0.3333
0.6045,0.3,1.0,1.0,1,0.6665,0.06,0.5,1,0.375,0.5,0.0,1,0.0,0.5,0,0.0,1.0,0,0.2888
0.5117,0.925,0.5,1.0,0,0.5,0.46,0.5,0,0.375,0.0,0.5,0,-1.0,0.1666,0,0.0,0.5,1,0.311
0.628,0.65,0.5,0.5,1,0.5,0.04,0.5,1,0.0,0.5,0.5,1,1.0,0.8335,0,0.5,0.0,1,0.3333
0.5117,0.425,1.0,0.5,0,0.1666,0.36,0.0,1,0.0,1.0,1.0,0,1.0,0.5,1,0.0,0.0,1,0.2666
0.4187,0.8,0.0,1.0,1,0.3333,0.36,0.5,1,0.25,0.5,0.5,1,0.0,0.3333,0,0.0,0.0,0,0.311
0.7676,0.825,0.0,0.5,0,0.3333,0.82,0.0,1,0.25,1.0,0.5,1,0.0,0.5,0,0.0,0.5,0,0.4
0.558,0.3,0.5,0.5,1,0.6665,0.74,0.0,1,0.375,0.5,0.0,1,1.0,0.5,0,1.0,0.5,1,0.2888
0.5117,0.35,1.0,0.5,0,0.6665,0.9,0.5,1,0.25,0.0,0.5,1,-1.0,0.3333,0,0.5,1.0,0,0.2666
0.2559,0.925,0.5,1.0,1,0.5,0.14,0.0,1,0.0,0.0,0.5,0,1.0,0.6665,0,0.5,0.5,0,0.2666
0.2559,0.175,0.5,1.0,1,0.6665,0.54,0.5,1,0.25,0.0,1.0,0,1.0,0.5,0,0.5,0.0,1,0.2
0.4883,0.05,1.0,0.5,0,0.8335,0.02,0.5,1,0.25,0.0,0.5,1,0.0,0.3333,0,0.0,0.0,1,0.1777
0.465,0.45,0.0,1.0,0,0.6665,0.82,0.5,0,0.125,0.5,0.0,0,-1.0,0.8335,0,1.0,0.0,0,0.2666
0.3489,0.8,0.5,1.0,1,0.6665,0.36,0.5,1,0.125,0.5,1.0,1,1.0,0.3333,0,0.0,0.0,1,0.3333
0.465,0.775,1.0,0.5,1,0.3333,0.06,1.0,1,0.125,0.5,0.5,1,1.0,0.5,0,1.0,0.0,0,0.3555
0.6743,0.925,0.5,1.0,1,0.3333,0.32,1.0,1,0.125,0.5,0.5,0,0.0,0.3333,0,0.5,0.0,1,0.422
0.5347,0.525,0.5,1.0,1,0.8335,0.28,1.0,1,0.25,1.0,0.0,1,1.0,0.5,0,0.0,0.0,1,0.3333
0.279,0.1,0.0,0.0,0,0.3333,0.76,0.5,1,0.125,0.5,0.5,1,0.0,0.3333,0,0.5,0.5,0,0.08887
0.4187,0.6,0.0,0.5,1,0.6665,0.12,0.5,1,0.0,0.0,0.5,0,0.0,0.5,1,0.0,0.0,1,0.2
0.3257,0.775,0.0,0.5,0,1.0,0.56,0.0,1,0.25,0.5,1.0,1,0.0,0.5,0,0.0,0.0,0,0.2666
0.3953,0.1,0.5,0.5,1,0.6665,0.8,0.5,1,0.125,0.0,0.5,1,0.0,0.5,0,0.0,0.0,1,0.1777
0.3953,0.175,0.0,1.0,1,0.5,0.74,0.5,1,0.625,0.0,0.0,1,1.0,0.3333,0,0.5,0.0,1,0.2444
0.372,0.0,0.5,0.5,1,0.1666,0.94,0.5,1,0.125,0.5,0.5,0,-1.0,0.6665,0,0.5,1.0,1,0.1555
0.2559,0.6,0.0,0.5,0,0.5,0.0,0.5,1,0.375,1.0,1.0,1,0.0,0.5,0,0.0,0.0,1,0.2222
0.4187,0.875,1.0,1.0,1,0.8335,0.36,0.5,1,0.375,1.0,0.5,1,1.0,0.6665,0,0.5,1.0,1,0.4
0.372,0.675,1.0,1.0,1,0.5,0.36,1.0,1,0.125,0.5,1.0,1,1.0,0.3333,0,0.0,0.0,1,0.3333
0.02325,0.975,0.5,0.0,1,0.8335,0.04,0.0,1,0.0,0.5,0.5,1,0.0,0.6665,0,0.0,0.0,1,0.1555
0.7207,0.075,0.5,1.0,0,0.6665,0.82,0.5,0,0.25,1.0,0.0,1,1.0,0.8335,1,0.0,0.0,0,0.2888
0.6045,0.9,1.0,0.0,1,0.5,0.68,0.5,1,0.125,1.0,0.5,1,0.0,0.5,0,0.5,0.0,1,0.422
0.3953,0.825,0.5,0.5,0,0.5,0.52,0.0,1,0.25,0.5,0.5,0,0.0,0.6665,0,0.0,0.0,0,0.911
0.442,0.325,1.0,1.0,0,0.1666,0.4,1.0,1,0.125,0.0,1.0,1,-1.0,0.3333,0,0.0,0.5,1,0.2444
0.279,0.975,0.0,1.0,1,0.3333,0.9,0.5,0,0.0,0.0,0.5,1,1.0,0.6665,0,1.0,0.0,1,0.311
0.6743,0.3,1.0,1.0,1,0.3333,0.26,0.5,1,0.125,0.0,0.5,1,0.0,0.5,0,1.0,0.0,0,0.3333
0.6978,0.9,0.5,0.0,1,0.6665,0.34,0.5,1,0.25,0.5,0.5,0,0.0,0.5,0,0.5,0.0,1,0.4
0.465,0.875,0.0,0.0,0,0.5,0.96,0.0,1,0.125,0.0,1.0,1,1.0,0.3333,0,0.0,0.0,1,0.311
0.5815,0.75,1.0,1.0,1,0.8335,0.06,0.5,1,0.125,0.0,0.5,0,0.0,0.6665,0,0.0,1.0,1,0.3555
0.465,0.575,1.0,0.0,1,0.5,0.78,0.0,0,0.0,0.0,0.0,1,0.0,0.3333,0,0.5,0.5,0,0.2222
0.2559,0.125,0.5,0.0,1,0.3333,0.72,0.5,1,0.125,0.5,0.5,1,1.0,0.5,0,1.0,0.0,0,0.1555
0.3953,0.525,1.0,1.0,0,0.3333,0.9,0.0,1,0.125,0.5,0.5,1,1.0,0.5,0,0.0,0.0,1,0.311
0.465,0.35,0.0,0.5,0,0.3333,0.1,1.0,1,0.375,0.0,0.5,1,1.0,0.3333,0,0.5,0.0,1,0.2222
0.372,0.8,0.5,0.5,0,0.5,0.98,0.5,1,0.125,0.5,0.5,1,0.0,0.3333,0,0.5,1.0,0,0.2888
0.4187,0.75,0.0,0.0,1,0.3333,0.02,1.0,1,0.125,0.0,0.5,1,-1.0,0.5,1,1.0,0.0,1,0.2222
0.4187,0.9,0.5,1.0,1,0.1666,0.34,0.5,1,0.5,1.0,0.5,0,0.0,0.1666,0,0.0,0.5,1,0.3777
0.442,0.025,1.0,1.0,1,0.8335,0.08,0.5,1,0.25,1.0,0.5,0,1.0,0.6665,0,1.0,0.0,1,0.2666
0.442,0.8,0.5,0.0,0,0.5,0.06,0.5,1,0.25,0.5,1.0,0,1.0,0.3333,0,0.5,1.0,1,0.2888
0.3022,0.95,0.0,0.5,0,0.5,0.96,0.5,0,0.0,0.5,1.0,1,1.0,0.5,0,0.0,0.0,1,0.2888
0.3489,0.8,0.5,0.5,0,0.3333,0.72,0.0,0,0.25,0.5,0.5,0,0.0,0.5,1,0.5,0.0,0,0.2444
0.2559,0.125,0.5,1.0,1,0.1666,0.5,1.0,1,0.0,1.0,0.5,0,-1.0,0.3333,0,0.0,0.5,1,0.1555
0.5815,0.075,0.5,0.5,1,0.5,0.1,0.5,1,0.25,0.5,1.0,1,0.0,0.6665,0,0.0,1.0,1,0.2222
0.1395,0.025,0.0,1.0,1,0.0,0.52,1.0,1,0.125,0.5,0.5,0,1.0,0.8335,0,0.0,1.0,0,0.1111
0.6045,0.625,1.0,0.5,1,0.6665,0.32,0.5,1,0.25,0.0,1.0,0,0.0,0.6665,1,0.0,0.5,1,0.3333
0.628,0.625,0.5,0.5,1,0.3333,0.28,0.0,1,0.125,0.0,0.5,1,0.0,0.1666,0,0.0,0.5,1,0.2888
0.3953,0.975,0.5,1.0,1,0.5,0.62,0.0,1,0.125,0.5,0.5,1,0.0,0.5,0,1.0,0.0,1,0.3777
0.06976,0.4,0.5,0.5,1,0.6665,0.8,0.5,1,0.25,1.0,0.5,1,1.0,0.3333,0,0.0,0.5,0,0.1777
0.3953,0.325,0.5,1.0,1,0.5,0.44,0.0,1,0.125,0.5,0.5,0,0.0,0.1666,1,0.0,0.5,1,0.1777
0.442,0.625,0.0,0.5,1,0.1666,0.5,0.0,1,0.125,0.5,0.5,1,0.0,0.3333,0,0.5,0.0,1,0.2666
0.3022,0.825,0.5,0.0,1,0.8335,0.66,0.0,1,0.5,0.5,0.5,1,0.0,0.3333,0,1.0,0.0,0,0.2888
0.372,0.925,0.5,0.5,0,0.1666,0.12,0.0,1,0.25,1.0,0.5,1,1.0,0.5,0,0.0,0.0,0,0.311
0.6514,0.8,1.0,0.5,1,0.0,0.82,0.0,1,0.125,1.0,1.0,1,0.0,0.6665,0,0.0,0.0,0,0.4443
0.5347,0.425,0.0,0.5,0,0.6665,0.84,1.0,1,0.0,1.0,0.5,1,0.0,0.5,0,0.0,0.5,1,0.2666
0.3022,0.625,1.0,1.0,1,0.1666,0.54,0.5,1,0.25,0.0,1.0,1,1.0,0.5,0,0.0,0.0,1,0.311
0.2094,0.85,0.0,0.5,0,0.8335,0.18,0.0,1,0.0,0.5,0.5,1,1.0,0.3333,0,1.0,0.0,1,0.2222
0.3953,0.5,0.0,1.0,1,0.6665,0.5,0.5,0,0.25,0.5,0.5,1,-1.0,0.6665,0,0.0,0.0,1,0.2222
0.4187,0.225,0.5,0.5,1,0.5,0.1,0.0,1,0.125,0.0,0.5,1,1.0,0.6665,0,0.5,0.0,0,0.1777
0.5117,0.175,0.0,0.5,0,0.3333,0.76,0.5,1,0.25,0.5,0.5,0,0.0,0.6665,0,0.0,0.0,1,0.2222
0.372,0.0,0.5,0.0,0,0.3333,0.32,0.5,1,0.0,0.0,0.5,1,1.0,0.3333,0,0.0,1.0,0,0.06665
0.5117,0.725,1.0,1.0,1,0.3333,0.32,0.0,1,0.0,0.0,1.0,0,1.0,0.5,0,0.0,0.5,1,0.3333
0.7207,0.1,0.0,0.0,1,0.3333,0.94,0.5,1,0.125,0.5,0.0,1,0.0,0.8335,0,0.5,0.5,1,0.2444
0.558,0.25,0.5,0.0,0,0.8335,0.42,0.5,0,0.25,0.0,0.5,1,-1.0,0.3333,0,0.5,0.0,0,0.1777
0.442,0.3,0.5,0.0,1,0.3333,0.78,0.0,1,0.125,0.0,0.5,0,-1.0,0.5,0,0.0,1.0,1,0.1555
0.4187,0.55,0.5,0.5,1,0.6665,0.64,1.0,1,0.25,0.5,0.5,0,1.0,0.5,0,0.5,0.5,0,0.311
0.3953,0.4,0.5,0.5,0,0.8335,0.32,1.0,1,0.125,1.0,1.0,1,1.0,0.5,0,0.0,0.0,0,0.2444
0.6045,0.675,1.0,0.0,0,0.3333,0.12,0.5,1,0.0,0.0,1.0,1,0.0,0.3333,0,0.0,0.5,1,0.2888
0.3489,0.05,0.0,0.5,1,0.6665,0.8,0.0,1,0.25,1.0,0.5,1,0.0,0.3333,0,1.0,1.0,1,0.1555
0.442,0.125,1.0,0.5,0,0.3333,0.76,0.5,1,0.0,0.5,1.0,1,-1.0,0.6665,1,0.0,0.0,1,0.2
0.442,0.5,0.5,1.0,1,0.5,0.16,0.0,0,0.0,0.5,0.5,1,0.0,0.3333,0,0.5,0.0,0,0.2222
0.372,0.325,0.5,1.0,1,0.3333,0.24,0.0,1,0.25,0.0,0.5,0,-1.0,0.5,0,0.5,1.0,1,0.2
0.2559,0.3,0.5,0.5,0,0.3333,0.76,1.0,1,0.25,1.0,0.5,1,1.0,0.5,0,0.0,0.0,0,0.2222
0.4883,0.075,0.5,0.5,1,0.5,0.98,0.0,1,0.375,0.5,0.5,0,0.0,0.6665,0,0.0,0.5,1,0.2222
0.442,0.9,0.0,0.5,1,0.1666,0.84,0.5,1,0.0,0.5,0.5,1,0.0,0.5,0,0.5,0.0,0,0.3333
0.5117,0.7,0.0,1.0,0,0.6665,0.68,1.0,1,0.25,0.5,0.5,0,1.0,0.5,1,1.0,0.0,0,0.3555
0.372,0.125,0.5,0.5,1,0.1666,0.92,0.0,1,0.25,0.5,1.0,1,1.0,0.5,0,0.5,0.5,1,0.2222
0.6045,0.075,1.0,0.5,0,0.1666,0.28,0.5,0,0.125,1.0,1.0,1,1.0,0.6665,0,1.0,0.0,1,0.2666
0.3257,0.975,0.0,1.0,1,0.5,0.0,1.0,0,0.5,0.0,0.5,1,1.0,0.3333,0,0.0,0.5,1,0.2888
0.6743,0.675,1.0,1.0,1,0.3333,0.32,0.0,1,0.125,0.5,0.5,1,0.0,0.6665,0,0.0,0.0,1,0.4
0.2094,0.425,0.5,1.0,0,0.6665,0.98,0.5,1,0.0,0.5,1.0,1,0.0,0.6665,1,0.0,0.0,1,0.2
0.5117,0.7,1.0,1.0,0,0.5,0.88,0.0,0,0.375,0.0,0.5,0,1.0,0.1666,0,0.0,0.0,1,0.3555
0.5117,0.75,0.5,1.0,0,0.1666,0.06,0.5,1,0.25,0.5,1.0,0,1.0,0.3333,0,0.0,0.0,0,0.3333
0.3257,0.775,0.0,1.0,0,0.6665,0.5,0.5,1,0.5,0.5,0.5,1,0.0,0.1666,0,0.0,0.0,0,0.2888
0.5117,0.475,1.0,0.5,1,0.5,0.08,0.5,1,0.25,0.0,0.5,0,0.0,0.6665,0,0.5,0.5,0,0.2888
0.628,0.425,0.0,1.0,1,0.5,0.78,0.5,1,0.375,0.0,0.5,1,1.0,0.5,1,0.0,1.0,1,0.2888
0.1395,0.0,0.5,1.0,1,1.0,0.38,0.0,1,0.0,0.0,0.5,0,1.0,0.5,0,0.5,0.5,0,0.08887
0.5117,0.925,0.5,0.5,1,0.8335,0.92,0.5,1,0.25,0.5,1.0,0,0.0,0.6665,0,0.5,0.0,1,0.422
0.093,0.6,0.5,0.5,1,0.5,0.06,0.0,0,0.125,0.0,1.0,1,1.0,0.5,0,1.0,0.5,1,0.1555
0.3022,0.2,1.0,0.0,1,0.1666,0.74,1.0,1,0.25,0.5,0.5,1,1.0,0.5,0,0.0,1.0,1,0.2
0.6743,0.925,1.0,1.0,0,0.1666,0.4,0.5,1,0.0,1.0,0.5,1,1.0,0.3333,0,1.0,0.0,1,0.4666
0.372,0.925,1.0,0.5,1,0.8335,0.26,0.5,1,0.25,0.0,0.5,1,1.0,0.3333,0,0.0,0.0,1,0.3333
0.279,1.0,1.0,0.5,0,0.3333,0.52,0.5,0,0.0,0.0,0.0,1,1.0,0.8335,0,1.0,0.0,1,0.311
0.4187,0.875,0.5,0.5,1,0.5,0.48,1.0,0,0.0,0.0,1.0,1,1.0,0.3333,0,0.0,0.0,0,0.311
0.7207,1.0,0.0,1.0,1,0.1666,0.34,0.5,0,0.5,0.5,0.5,1,1.0,0.5,0,0.0,1.0,1,0.422
0.186,0.25,1.0,0.5,0,0.6665,0.64,0.0,0,0.25,1.0,1.0,1,-1.0,0.3333,0,0.0,0.0,0,0.1555
0.3022,0.85,0.5,0.5,0,0.8335,0.66,1.0,1,0.25,0.0,1.0,1,1.0,0.5,0,1.0,0.5,1,0.3333
0.6514,0.825,0.0,0.5,1,0.8335,0.08,0.5,0,0.5,0.0,1.0,1,1.0,0.5,0,0.0,0.0,1,0.3555
0.6978,0.225,0.5,0.0,1,0.3333,0.6,0.0,1,0.5,0.5,0.5,1,-1.0,0.3333,0,0.5,0.0,1,0.2888
0.4187,0.1,1.0,0.0,1,0.6665,0.72,0.0,1,0.375,1.0,0.5,0,0.0,0.5,0,1.0,0.0,0,0.2444
0.279,0.975,0.0,0.5,0,0.5,0.08,1.0,1,0.375,1.0,0.5,1,-1.0,0.5,0,0.0,1.0,1,0.2666
0.744,0.3,1.0,0.5,0,0.6665,0.66,0.0,1,0.375,0.0,1.0,0,0.0,0.6665,0,0.0,0.0,1,0.3555
0.6743,0.875,0.5,0.5,1,0.5,0.8,0.5,1,0.375,0.5,0.5,1,0.0,0.1666,0,0.0,0.5,1,0.422
0.5347,0.0,0.0,0.5,1,0.3333,0.84,0.0,1,0.375,0.5,0.5,1,1.0,0.3333,0,0.5,0.0,1,0.2222
0.3257,0.025,1.0,0.0,1,0.8335,0.04,0.5,1,0.125,0.5,0.5,0,0.0,0.5,0,0.0,0.5,0,0.1111
0.442,0.475,1.0,1.0,1,0.5,0.7,0.0,1,0.25,0.5,0.5,1,0.0,0.3333,0,0.5,0.5,1,0.311
0.4187,0.25,0.5,0.5,1,0.3333,0.8,0.0,1,0.25,0.0,0.5,0,1.0,0.5,0,0.0,0.5,1,0.2222
0.4883,0.7,0.5,0.0,1,0.5,0.4,0.5,1,0.375,0.0,0.5,1,1.0,0.3333,0,0.0,0.0,0,0.311
0.6514,0.575,0.5,0.0,1,0.3333,0.54,1.0,1,0.125,0.5,0.5,1,0.0,0.6665,0,0.0,0.0,1,0.3333
0.558,0.075,1.0,0.0,1,0.6665,0.26,0.5,1,0.0,0.5,1.0,0,1.0,0.1666,1,1.0,0.0,0,0.2222
0.3022,0.175,0.0,0.0,1,0.5,0.32,0.0,1,0.0,0.0,0.5,1,0.0,0.6665,0,0.0,1.0,0,0.04443
0.628,0.4,0.5,0.5,1,0.3333,0.5,0.0,1,0.0,0.5,1.0,1,1.0,0.3333,0,0.0,0.0,0,0.2888
0.4883,0.175,1.0,1.0,0,1.0,0.16,0.5,1,0.25,1.0,0.0,1,0.0,0.5,0,1.0,0.0,1,0.2666
0.5347,0.8,0.5,0.5,0,0.1666,0.38,0.5,1,0.25,0.5,0.5,0,-1.0,0.6665,0,0.0,0.0,0,0.3333
0.6514,0.425,0.5,0.5,1,0.6665,0.3,0.5,1,0.125,0.5,0.5,1,0.0,0.5,0,0.0,0.0,1,0.2888
0.279,0.1,1.0,1.0,1,0.5,0.24,0.5,1,0.125,0.0,0.5,1,0.0,0.1666,0,0.5,0.5,0,0.1555
0.442,0.475,1.0,0.5,1,0.1666,0.48,0.5,1,0.125,0.0,0.5,1,0.0,0.8335,0,0.0,1.0,1,0.2666
0.372,0.1,1.0,1.0,1,0.3333,0.84,0.5,1,0.0,0.5,0.5,0,1.0,0.1666,0,1.0,0.0,1,0.2444
0.2325,0.125,0.5,0.0,1,0.1666,0.24,0.5,1,0.25,0.5,1.0,1,0.0,0.3333,0,0.5,1.0,0,0.1111
0.4883,0.25,1.0,0.0,0,1.0,0.66,0.0,1,0.0,0.5,0.5,1,1.0,0.3333,0,0.5,0.5,1,0.2222
0.7905,0.85,1.0,0.5,1,0.5,0.26,0.5,1,0.125,0.0,1.0,1,1.0,0.3333,0,0.5,0.0,0,0.4443
0.186,0.925,0.0,0.5,1,0.5,0.14,0.5,1,0.5,0.5,1.0,1,0.0,0.8335,0,0.0,1.0,0,0.2666
0.442,0.825,0.5,1.0,0,1.0,0.94,0.5,1,0.125,0.0,0.5,1,0.0,0.3333,0,1.0,0.5,1,0.3555
0.5347,0.325,0.0,0.0,1,0.3333,0.64,0.5,1,0.0,0.5,0.5,1,-1.0,0.3333,1,0.0,0.0,1,0.1777
0.465,0.275,1.0,0.5,1,0.8335,0.1,0.0,1,0.25,1.0,1.0,1,1.0,0.1666,0,1.0,0.5,1,0.2666
0.4187,0.55,1.0,0.5,0,0.6665,0.64,0.0,1,0.25,0.0,0.5,0,-1.0,0.6665,0,1.0,0.0,0,0.2888
0.2559,0.725,1.0,0.0,1,0.0,0.18,0.0,1,0.25,0.0,1.0,1,-1.0,0.6665,0,0.0,0.0,1,0.2222
0.465,1.0,0.0,1.0,0,0.3333,0.88,0.5,0,0.125,1.0,0.5,1,1.0,0.5,0,0.5,0.5,0,0.3777
0.3257,0.125,0.5,0.5,0,0.6665,0.24,0.5,1,0.125,0.5,0.5,1,0.0,0.6665,0,0.0,0.5,0,0.1333
0.1395,0.05,0.0,1.0,0,0.5,0.8,0.5,1,0.125,0.5,0.0,1,0.0,0.8335,0,0.5,0.5,0,0.1111
0.6045,0.7,1.0,1.0,1,0.5,0.2,0.5,1,0.25,0.0,0.5,1,1.0,0.3333,0,0.0,0.0,0,0.3777
0.5815,0.825,0.5,0.5,1,0.3333,0.56,0.5,1,0.25,0.5,0.5,1,0.0,0.5,0,1.0,1.0,0,0.3777
0.442,0.85,0.0,0.5,1,0.3333,0.92,0.5,1,0.25,0.5,0.5,0,-1.0,0.5,0,0.5,0.0,1,0.3333
0.465,0.675,0.0,0.5,0,0.5,0.3,1.0,1,0.25,0.5,0.5,1,-1.0,0.5,1,0.5,0.0,1,0.2666
0.5815,0.95,0.5,0.5,0,1.0,0.08,0.5,1,0.0,0.0,1.0,0,0.0,0.1666,0,1.0,0.0,1,0.3555
0.465,0.5,0.5,0.0,1,0.3333,0.56,0.5,1,0.0,0.5,0.5,0,-1.0,0.3333,0,1.0,0.0,0,0.2444
0.558,0.925,1.0,1.0,0,0.3333,0.18,0.0,1,0.0,0.0,1.0,1,1.0,0.3333,0,0.0,0.0,0,0.3777
0.3953,0.975,0.5,0.5,1,0.5,0.72,0.5,0,0.125,1.0,0.5,1,0.0,0.6665,0,0.0,0.5,0,0.3333
0.628,0.85,0.5,0.0,1,0.1666,0.6,0.5,1,0.25,1.0,0.5,1,-1.0,0.3333,0,0.0,0.5,0,0.3555
0.4883,0.3,0.0,0.0,1,0.6665,0.34,1.0,1,0.25,0.5,0.5,1,-1.0,0.6665,0,0.5,1.0,1,0.2
0.465,0.2,0.5,0.5,1,0.1666,0.7,0.5,0,0.375,1.0,0.5,1,1.0,0.3333,0,0.5,0.5,1,0.2444
0.2559,0.55,1.0,0.0,0,0.1666,0.24,0.0,1,0.25,0.5,0.5,1,1.0,0.6665,0,0.0,0.0,1,0.2
0.4883,0.45,0.5,0.5,1,0.1666,0.92,0.5,1,0.0,0.0,0.5,1,0.0,0.5,0,0.0,0.5,1,0.2666
0.3257,0.875,0.0,0.0,0,0.1666,0.34,1.0,1,0.375,0.5,0.5,1,1.0,0.5,0,0.0,0.5,0,0.2666
0.3489,0.1,1.0,0.0,0,0.8335,0.76,0.5,1,0.125,0.5,1.0,1,1.0,0.5,0,0.0,0.0,1,0.2
0.3257,0.25,0.0,0.5,0,0.6665,0.26,0.0,1,0.0,0.5,0.5,0,1.0,0.6665,0,0.0,0.5,0,0.1333
0.3022,0.75,1.0,1.0,1,0.6665,0.72,0.5,1,0.5,0.5,0.5,0,-1.0,0.3333,0,0.0,0.0,0,0.9775
0.744,0.1,0.5,0.5,0,0.6665,0.04,0.0,0,0.375,1.0,0.5,1,1.0,0.6665,0,0.0,0.0,1,0.2666
0.628,0.325,0.5,1.0,1,0.5,0.3,1.0,1,0.375,1.0,1.0,1,1.0,0.5,0,1.0,0.0,1,0.3777
0.7207,0.375,0.0,0.0,0,0.5,0.1,0.5,1,0.125,0.5,0.5,1,0.0,0.6665,0,0.0,0.5,1,0.2444
0.279,0.625,0.0,1.0,1,0.8335,0.46,1.0,1,0.375,0.5,1.0,1,1.0,0.3333,0,1.0,0.5,1,0.2888
0.442,0.15,1.0,0.0,0,0.8335,0.44,0.0,1,0.125,0.5,1.0,1,1.0,0.1666,0,0.5,0.0,0,0.2
0.2559,0.85,1.0,1.0,0,0.1666,0.36,1.0,1,0.125,1.0,0.5,1,0.0,0.3333,0,0.0,0.0,1,0.311
0.3489,0.45,0.5,1.0,0,1.0,0.98,0.0,1,0.0,0.0,0.5,1,1.0,0.6665,0,0.0,1.0,0,0.2222
0.3022,0.925,0.0,1.0,0,0.1666,0.24,0.5,0,0.125,0.5,0.5,1,0.0,0.6665,1,1.0,1.0,0,0.2444
0.6045,0.475,1.0,1.0,1,0.3333,0.8,0.0,1,0.375,0.5,1.0,1,1.0,0.6665,0,0.0,0.0,1,0.4
0.3953,0.275,0.5,0.5,1,0.5,0.44,0.0,1,0.0,0.0,0.5,1,0.0,0.6665,0,0.0,0.0,0,0.1777
0.5815,0.15,0.5,0.5,1,0.5,0.34,1.0,1,0.375,0.5,0.5,1,-1.0,0.6665,0,0.0,0.5,0,0.2444
0.5347,0.0,0.5,0.5,1,1.0,0.2,0.0,1,0.375,0.0,1.0,0,0.0,0.3333,0,1.0,0.0,0,0.2222
0.7676,0.525,0.5,0.5,1,0.8335,0.64,0.0,1,0.125,0.5,1.0,1,-1.0,0.3333,0,0.0,0.0,1,0.3555
0.2325,0.1,0.5,0.0,1,0.6665,0.34,1.0,0,0.125,0.5,0.5,1,0.0,0.3333,1,0.5,0.0,1,0.06665
0.628,0.4,0.5,0.5,0,0.8335,0.82,0.5,1,0.0,0.0,1.0,0,0.0,0.5,0,0.0,0.5,1,0.2888
0.6045,0.6,0.5,0.5,0,0.6665,0.96,0.5,1,0.0,0.0,0.5,1,0.0,0.6665,0,0.0,0.5,1,0.311
0.3022,0.275,1.0,0.0,1,0.3333,0.22,0.0,1,0.0,0.0,0.5,1,1.0,0.5,0,1.0,0.0,0,0.1777
0.5815,0.175,0.5,0.5,1,0.6665,0.12,0.5,1,0.125,0.5,0.5,1,-1.0,0.8335,0,0.5,0.0,0,0.2444
0.4883,0.775,0.5,0.5,1,0.5,0.32,0.5,0,0.0,1.0,1.0,1,-1.0,0.5,0,0.5,0.0,0,0.311
0.4187,0.95,0.5,0.0,1,0.3333,0.46,0.5,1,0.375,0.0,0.5,0,-1.0,0.5,0,0.5,0.0,1,0.311
0.3257,0.1,1.0,0.5,0,0.8335,0.3,0.5,1,0.25,0.5,0.5,1,0.0,0.3333,0,0.0,0.0,1,0.1777
0.3489,0.15,0.0,1.0,1,0.5,0.98,0.5,1,0.125,0.0,0.5,1,1.0,0.5,0,0.5,0.0,0,0.2222
0.7207,0.95,0.0,1.0,0,0.1666,0.78,0.5,1,0.25,1.0,0.0,0,1.0,0.5,0,0.5,0.0,1,0.4666
0.442,0.05,1.0,0.5,1,0.3333,0.96,1.0,1,0.0,1.0,1.0,1,0.0,0.5,0,1.0,0.0,1,0.2666
0.558,0.975,0.0,0.5,0,0.6665,0.38,0.5,0,0.125,0.0,1.0,1,1.0,0.5,0,1.0,0.5,1,0.3333
0.3257,0.0,0.5,0.0,0,0.8335,0.3,0.5,1,0.125,0.5,1.0,1,-1.0,0.8335,0,0.5,0.5,1,0.1111
0.3257,0.875,1.0,0.0,0,0.6665,0.4,0.5,1,0.25,1.0,1.0,1,0.0,0.5,1,0.0,0.0,0,0.2888
0.5815,0.3,0.5,0.5,1,0.6665,0.52,0.5,1,0.125,0.5,0.5,1,-1.0,0.5,0,1.0,0.0,1,0.2888
0.2559,0.95,0.0,1.0,1,0.3333,0.74,0.5,1,0.25,0.0,0.5,0,0.0,0.5,0,1.0,0.0,0,0.3333
0.3953,0.325,0.5,1.0,1,0.5,0.88,1.0,1,0.125,1.0,0.5,0,0.0,0.5,0,1.0,0.5,0,0.2888
0.442,0.65,1.0,1.0,0,0.5,0.46,0.5,1,0.375,0.0,0.0,1,0.0,0.5,1,0.0,0.0,1,0.311
0.465,0.075,0.5,0.5,1,0.5,0.28,0.5,1,0.0,0.0,0.5,1,-1.0,0.5,0,0.0,0.0,0,0.1555
0.4187,0.25,1.0,0.0,0,0.5,0.32,0.5,1,0.125,1.0,0.0,0,0.0,0.6665,0,0.5,0.5,1,0.2
0.4883,0.775,1.0,0.5,0,0.3333,0.7,0.0,1,0.25,0.5,0.5,0,1.0,0.3333,0,0.0,0.5,0,0.3555
0.5347,0.525,0.5,0.5,1,0.6665,0.56,0.5,1,0.125,0.0,0.5,1,1.0,0.3333,0,0.0,0.0,1,0.2888
0.5347,0.925,1.0,0.5,0,0.1666,0.48,1.0,1,0.0,0.5,0.0,1,0.0,0.8335,0,0.0,0.0,0,0.3777
0.3022,0.425,0.5,0.5,1,0.1666,0.2,0.0,1,0.125,1.0,1.0,0,-1.0,0.5,0,1.0,1.0,1,0.2
0.3953,0.875,0.5,1.0,1,0.3333,0.88,0.5,1,0.75,0.0,1.0,1,0.0,0.5,0,0.0,1.0,0,0.4
0.6045,0.45,0.5,1.0,0,0.6665,0.78,0.0,1,0.0,0.0,0.5,1,0.0,0.5,0,1.0,0.0,0,0.311
0.558,0.975,0.0,0.5,0,0.6665,0.14,0.5,1,0.125,0.5,0.0,0,1.0,0.5,0,1.0,0.5,1,0.3333
0.2559,0.95,0.5,1.0,0,0.0,0.36,0.5,1,0.375,0.0,1.0,1,0.0,0.3333,0,0.0,0.0,0,0.311
0.4883,0.325,0.5,0.0,0,0.6665,0.54,0.5,1,0.125,1.0,0.5,1,0.0,0.5,0,0.0,1.0,1,0.2
0.1628,0.875,0.5,0.5,0,0.5,0.46,0.0,1,0.25,0.5,0.5,0,0.0,0.3333,0,0.5,0.0,1,0.2444
0.442,0.85,0.5,0.5,1,0.3333,0.4,1.0,1,0.125,0.5,0.5,1,0.0,0.3333,0,0.0,0.5,0,0.311
0.6978,0.2,1.0,0.5,0,0.5,0.72,0.0,1,0.125,0.0,0.5,0,1.0,0.5,0,0.0,0.5,0,0.2888
0.3022,0.625,0.5,0.0,1,0.1666,0.06,0.5,1,0.5,0.5,0.5,1,0.0,0.5,0,0.0,0.0,1,0.2222
0.3257,0.075,1.0,0.0,1,0.5,0.48,0.5,1,0.5,0.0,0.5,1,-1.0,0.3333,0,0.0,0.5,1,0.1555
0.558,0.825,1.0,1.0,1,0.1666,0.26,0.5,1,0.25,1.0,0.5,1,1.0,0.3333,0,1.0,0.0,0,0.4443
0.2325,0.175,0.5,0.5,1,0.3333,0.08,0.0,1,0.0,0.0,0.5,1,1.0,0.5,0,0.0,0.0,0,0.1111
0.3489,0.075,0.5,1.0,1,0.3333,0.46,0.5,1,0.0,0.5,0.5,1,0.0,0.6665,0,0.5,0.0,1,0.1777
0.5347,0.4,0.5,0.0,1,0.6665,0.18,0.5,1,0.25,0.5,0.5,1,1.0,0.6665,0,0.5,1.0,1,0.2444
0.3489,0.575,1.0,0.5,1,0.5,0.26,0.5,1,0.0,0.5,0.5,1,0.0,0.5,0,1.0,0.0,0,0.2666
0.4187,0.85,0.0,0.5,1,0.6665,0.5,0.5,1,0.125,0.5,0.5,1,-1.0,0.5,0,0.5,0.5,0,0.2888
0.5347,0.975,0.5,0.5,1,0.1666,0.98,0.5,1,0.0,0.0,0.5,1,1.0,0.5,0,0.0,0.5,0,0.3777
0.5117,0.45,0.0,0.5,0,0.5,0.68,1.0,1,0.0,0.0,0.5,0,0.0,0.5,0,0.5,0.0,1,0.2444
0.4883,0.05,0.5,0.5,1,0.6665,0.28,0.5,1,0.0,0.0,0.5,1,0.0,0.5,0,1.0,0.0,0,0.1777
0.3953,0.75,0.5,1.0,1,0.8335,0.38,0.5,1,0.125,1.0,1.0,0,1.0,0.5,0,0.5,0.5,0,0.3555
0.4883,0.575,0.0,0.5,1,0.1666,0.4,1.0,1,0.25,0.0,0.5,1,1.0,0.5,0,0.5,1.0,1,0.2666
0.4187,0.45,0.5,0.5,1,0.3333,0.16,0.5,1,0.125,0.0,0.5,1,0.0,0.5,0,1.0,0.0,1,0.2444
0.5117,0.3,1.0,0.5,0,0.6665,0.16,0.5,0,0.25,0.0,1.0,0,1.0,0.3333,0,0.5,0.0,0,0.2444
0.372,0.5,1.0,1.0,0,0.8335,0.14,0.5,1,0.5,0.0,0.5,1,1.0,0.3333,0,0.5,0.0,1,0.2888
0.4187,0.35,0.5,0.5,0,0.5,0.52,1.0,1,0.125,1.0,0.5,1,0.0,0.5,0,0.5,0.0,0,0.2444
0.3022,0.75,1.0,0.5,1,0.1666,0.68,0.5,1,0.0,0.0,0.5,1,-1.0,0.5,0,1.0,0.0,0,0.2888
0.442,0.55,1.0,0.5,1,0.1666,0.6,0.5,1,0.375,0.0,0.5,1,0.0,0.1666,1,0.5,0.0,0,0.2888
0.3257,0.875,0.0,0.5,1,0.5,0.98,0.0,1,0.0,1.0,1.0,1,0.0,0.3333,0,0.0,0.0,0,0.2888
0.279,0.55,0.5,1.0,0,0.6665,0.12,0.0,1,0.25,0.0,1.0,0,0.0,0.5,0,1.0,0.0,1,0.2444
0.4883,0.25,1.0,0.0,0,0.5,0.98,0.5,1,0.125,0.0,1.0,0,1.0,0.3333,0,0.0,0.5,1,0.2444
0.465,0.85,0.5,1.0,0,0.1666,0.46,0.0,1,0.0,0.5,1.0,1,0.0,0.5,0,1.0,1.0,0,0.3333
0.558,0.55,1.0,0.5,1,0.8335,0.22,0.0,1,0.125,1.0,0.5,1,-1.0,0.3333,0,0.0,0.0,1,0.2888
0.372,0.2,0.5,0.5,1,0.3333,0.94,1.0,1,0.25,1.0,0.0,1,-1.0,0.5,0,0.0,0.5,1,0.2222
0.4883,0.625,0.0,1.0,1,0.6665,0.46,1.0,1,0.125,0.5,0.5,0,1.0,0.5,0,0.5,0.0,1,0.3333
0.5117,0.35,0.5,0.5,0,0.0,0.34,0.5,1,0.375,1.0,0.5,0,-1.0,0.8335,0,0.0,1.0,1,0.2444
0.5117,0.85,0.5,1.0,1,0.8335,0.22,0.5,0,0.0,0.5,0.5,1,-1.0,0.1666,1,1.0,0.5,0,0.2888
0.3257,0.45,0.5,0.5,1,0.3333,0.26,1.0,1,0.125,0.5,0.5,0,0.0,0.3333,1,0.5,0.5,1,0.2
0.465,0.725,0.5,0.5,0,0.8335,0.98,0.5,1,0.0,0.5,0.5,0,-1.0,0.5,0,0.0,0.0,1,0.311
0.4883,0.1,0.5,0.5,0,0.6665,0.3,0.0,1,0.25,0.5,0.5,0,0.0,0.6665,0,1.0,0.0,0,0.2222
0.442,0.4,0.5,1.0,1,0.1666,0.98,0.0,0,0.375,0.5,1.0,1,-1.0,0.5,0,1.0,0.0,0,0.311
0.1395,0.975,0.0,1.0,1,0.5,0.34,0.0,0,0.125,1.0,1.0,0,0.0,0.6665,0,0.0,0.0,0,0.2444
0.465,0.8,1.0,0.0,0,0.8335,0.24,0.5,1,0.125,0.5,0.0,1,1.0,0.3333,0,0.0,0.0,0,0.2888
0.744,0.15,0.5,0.5,1,0.3333,0.18,0.5,1,0.375,1.0,0.5,1,1.0,0.3333,0,1.0,0.0,0,0.3333
0.3953,0.275,1.0,0.5,0,0.8335,0.42,0.5,1,0.125,0.5,1.0,1,1.0,0.5,0,0.0,0.5,0,0.2222
0.3489,0.325,1.0,0.5,1,0.6665,0.24,0.5,1,0.0,1.0,1.0,0,0.0,0.3333,0,0.0,0.0,0,0.2222
0.4883,0.65,0.5,0.0,0,0.8335,0.7,0.5,1,0.125,0.5,0.5,1,-1.0,0.5,0,1.0,0.0,0,0.2888
0.4883,0.75,0.0,0.5,0,0.5,0.24,0.0,1,0.0,0.5,0.5,1,1.0,0.5,0,0.5,0.0,1,0.2666
0.6045,0.75,1.0,1.0,0,0.5,0.84,0.5,1,0.0,0.0,0.5,0,0.0,0.5,0,0.0,0.0,0,0.3777
0.2559,0.5,1.0,1.0,1,1.0,0.84,1.0,1,0.125,1.0,1.0,1,1.0,0.5,0,1.0,0.5,1,0.3333
0.5347,0.8,0.0,1.0,1,0.6665,0.28,1.0,1,0.125,1.0,1.0,0,0.0,0.5,0,0.5,0.0,1,0.3777
0.5347,0.425,1.0,1.0,1,0.5,0.76,0.0,1,0.125,1.0,0.5,1,-1.0,0.8335,0,0.5,0.0,1,0.3555
0.4187,0.125,0.0,0.5,0,0.6665,0.86,0.0,1,0.125,0.5,1.0,0,0.0,0.6665,0,0.5,0.0,1,0.2
0.4883,0.575,0.0,1.0,1,0.3333,0.6,0.5,1,0.25,0.5,0.5,1,1.0,0.8335,0,0.0,0.5,0,0.311
0.5815,0.95,0.5,0.5,1,0.5,0.36,0.5,1,0.5,0.0,0.5,1,1.0,0.1666,0,0.0,0.0,0,0.4
0.558,0.8,0.0,1.0,1,0.8335,0.44,0.5,1,0.125,0.0,0.5,1,-1.0,0.8335,0,1.0,1.0,0,0.3333
0.279,0.575,1.0,0.5,0,0.5,0.78,0.5,1,0.125,0.0,0.5,1,0.0,0.6665,0,1.0,0.0,0,0.2888
0.558,0.65,1.0,0.5,0,0.3333,0.3,0.5,1,0.25,0.5,1.0,1,1.0,0.8335,0,0.0,0.5,1,0.3555
0.442,0.925,0.5,1.0,0,0.3333,0.34,0.0,1,0.125,0.0,1.0,0,1.0,0.5,0,1.0,0.0,0,0.3555
0.442,0.425,0.0,1.0,1,0.5,0.16,1.0,1,0.0,1.0,0.5,1,0.0,0.5,0,0.0,0.0,1,0.2444
0.442,0.325,0.5,1.0,0,0.3333,0.4,0.0,1,0.375,1.0,1.0,1,0.0,0.6665,0,0.0,0.0,0,0.2888
0.4187,0.975,0.5,1.0,1,0.1666,0.08,0.0,1,0.0,0.5,0.5,1,0.0,0.3333,0,1.0,0.0,1,0.3333
0.6045,0.875,0.5,0.5,0,0.1666,0.32,0.0,1,0.375,0.5,0.5,1,0.0,0.6665,0,0.0,0.0,1,0.3777
0.4187,0.325,0.0,1.0,1,0.8335,0.38,1.0,1,0.125,0.0,0.0,1,1.0,0.6665,0,1.0,0.0,0,0.2444
0.279,0.475,0.5,1.0,1,0.5,0.26,0.0,0,0.375,1.0,0.5,0,0.0,0.3333,0,0.0,0.0,0,0.2222
0.3953,0.425,0.5,1.0,1,0.5,0.1,1.0,0,0.375,1.0,0.5,0,0.0,0.5,1,0.0,0.0,0,0.2444
0.465,0.15,1.0,0.5,1,0.3333,0.52,0.0,1,0.375,0.0,0.5,0,0.0,0.1666,0,0.0,0.5,0,0.2222
0.6045,0.95,1.0,0.0,1,0.3333,0.86,0.0,1,0.0,0.0,0.5,0,0.0,0.6665,0,0.0,0.5,1,0.3777
0.5347,0.4,0.5,0.5,1,0.3333,0.34,0.5,1,0.25,1.0,0.5,1,-1.0,0.5,0,0.5,0.0,0,0.2888
0.3257,0.875,0.5,0.5,1,0.5,0.24,1.0,1,0.0,1.0,0.5,1,-1.0,0.5,0,0.5,0.0,0,0.2888
0.7905,0.2,0.0,1.0,1,0.1666,0.28,0.5,1,0.0,1.0,0.0,1,1.0,0.6665,1,0.0,0.0,1,0.2666
0.4883,0.55,0.5,0.5,1,0.8335,0.86,0.0,1,0.25,0.0,0.5,1,0.0,0.3333,0,0.0,0.0,1,0.2888
0.628,0.025,1.0,0.5,0,0.5,0.52,1.0,1,0.125,0.5,1.0,1,1.0,0.6665,0,0.0,0.5,1,0.2666
0.4187,0.775,0.5,1.0,0,0.5,0.14,0.0,1,0.375,1.0,1.0,1,-1.0,0.5,0,0.0,0.5,0,0.311
0.5117,0.575,0.0,0.0,0,0.6665,0.7,0.5,1,0.25,0.0,0.5,0,0.0,0.3333,1,0.0,0.0,1,0.2222
0.558,0.625,0.5,0.5,0,0.6665,0.16,0.5,1,0.25,0.5,1.0,1,0.0,0.6665,0,0.5,0.0,1,0.3333
0.6045,0.05,1.0,0.5,0,0.3333,0.06,0.0,1,0.125,0.5,0.5,1,1.0,0.3333,0,0.0,0.5,1,0.2
0.5815,0.2,0.5,0.5,0,0.6665,0.26,0.5,1,0.25,0.0,1.0,1,1.0,0.5,0,0.0,0.0,1,0.2444
0.558,0.075,0.0,0.5,0,0.6665,0.16,0.5,1,0.125,1.0,0.5,1,1.0,0.1666,0,0.5,0.0,0,0.2
0.3953,0.3,1.0,1.0,1,0.5,0.6,1.0,1,0.125,1.0,1.0,1,-1.0,0.3333,1,0.0,0.5,0,0.2444
0.372,0.625,0.5,0.5,1,0.8335,0.48,0.5,1,0.125,0.5,0.5,0,0.0,0.3333,0,0.0,0.0,1,0.2666
0.4883,0.575,0.5,0.0,1,0.6665,0.72,0.5,1,0.375,0.5,0.0,1,-1.0,0.6665,0,0.0,0.0,1,0.2888
0.5815,0.6,0.5,0.5,0,0.6665,0.52,0.5,1,0.625,0.5,1.0,1,0.0,0.3333,0,0.0,0.5,1,0.3555
0.4187,0.55,1.0,0.0,0,0.8335,0.42,0.5,1,0.125,0.0,1.0,0,0.0,0.5,0,0.5,0.0,0,0.2666
0.5815,0.275,1.0,0.5,1,0.5,0.52,0.5,1,0.375,0.0,0.5,1,1.0,0.3333,0,1.0,0.5,1,0.311
0.6514,0.25,0.5,0.0,1,0.5,0.44,0.0,1,0.125,0.5,0.5,1,1.0,0.6665,0,0.5,0.0,1,0.2666
0.3257,0.125,0.0,1.0,1,0.6665,0.04,0.5,1,0.5,0.0,0.5,0,0.0,0.5,1,0.0,0.5,0,0.1333
0.3257,0.85,0.5,0.5,0,0.5,0.68,0.5,1,0.0,0.5,1.0,1,1.0,0.3333,0,0.0,0.5,1,0.2888
0.4187,0.625,0.0,0.0,1,0.6665,0.96,0.5,1,0.25,0.5,0.0,0,0.0,0.6665,0,0.0,0.0,0,0.2666
0.4883,0.175,0.0,0.5,1,0.3333,0.42,0.0,1,0.125,0.5,1.0,1,0.0,0.6665,0,0.5,0.5,1,0.2
0.372,0.175,0.5,0.5,1,0.0,0.42,0.5,1,0.375,0.5,1.0,1,-1.0,0.3333,0,0.0,0.5,0,0.1777
0.628,0.875,0.0,0.5,0,0.6665,0.04,1.0,1,0.375,1.0,1.0,1,-1.0,0.6665,0,0.5,0.0,1,0.3777
0.5117,0.75,1.0,0.5,0,0.1666,0.9,0.0,1,0.25,0.0,0.5,1,-1.0,0.3333,0,0.0,0.5,1,0.311
0.442,0.65,0.0,1.0,0,0.3333,0.92,0.5,1,0.125,1.0,0.0,1,0.0,0.3333,1,0.0,1.0,1,0.2444
0.2325,0.4,0.5,0.5,1,0.6665,0.82,0.0,1,0.125,1.0,1.0,0,0.0,0.5,1,0.5,0.0,0,0.2
0.2559,0.25,0.0,0.5,1,0.6665,0.1,0.5,1,0.25,0.5,1.0,1,-1.0,0.6665,0,0.0,0.0,0,0.1333
0.4883,0.975,0.5,1.0,1,0.8335,0.9,0.5,1,0.25,0.0,0.0,1,-1.0,0.6665,1,0.0,0.0,1,0.3555
0.1395,0.8,0.0,0.5,1,0.0,0.02,0.5,1,0.0,1.0,0.5,1,1.0,0.1666,0,0.0,0.0,0,0.1777
0.5815,0.3,0.5,0.0,0,0.5,0.44,0.0,1,0.25,0.5,0.0,1,0.0,0.6665,0,0.0,0.0,0,0.2222
0.4187,0.85,1.0,0.0,1,0.5,0.5,0.5,1,0.25,1.0,0.5,1,-1.0,0.8335,0,0.5,0.0,0,0.3555
0.884,0.75,1.0,1.0,0,0.6665,0.84,1.0,1,0.25,0.5,1.0,0,0.0,0.1666,0,0.0,0.0,0,0.511
0.7676,0.3,0.5,1.0,1,0.8335,0.76,0.0,1,0.125,1.0,0.5,0,1.0,0.5,0,1.0,0.0,1,0.4
0.4187,0.425,0.0,0.5,0,0.1666,0.8,0.0,1,0.125,0.0,1.0,0,0.0,0.5,0,0.5,0.0,0,0.2222
0.4187,0.175,0.0,0.5,1,0.5,0.86,1.0,1,0.0,0.5,0.5,1,1.0,0.6665,0,1.0,0.0,1,0.2444
0.5815,0.1,1.0,0.0,1,0.6665,0.48,0.0,1,0.375,0.5,1.0,1,0.0,0.3333,0,0.0,0.0,1,0.2444
0.6743,0.725,0.5,0.5,0,0.3333,0.78,0.5,1,0.375,1.0,0.5,1,0.0,0.5,0,1.0,0.5,1,0.422
0.2094,0.275,0.5,0.0,0,1.0,0.06,0.0,1,0.5,1.0,0.5,0,1.0,0.5,0,0.0,0.0,0,0.1555
0.186,0.825,1.0,0.0,1,0.3333,0.44,0.0,1,0.125,0.5,0.5,1,1.0,0.3333,0,0.5,0.0,0,0.2444
0.3489,1.0,1.0,1.0,0,0.5,0.04,0.5,1,0.5,0.0,0.5,1,-1.0,0.6665,0,0.0,0.0,0,0.3555
0.5117,0.075,1.0,0.5,1,0.1666,0.92,0.5,1,0.25,1.0,0.5,1,0.0,0.3333,0,0.0,0.0,0,0.2666
0.5117,0.475,1.0,0.0,1,0.5,0.96,0.0,1,0.0,0.5,1.0,1,0.0,0.6665,0,0.5,0.0,0,0.311
0.5815,0.8,0.5,1.0,0,0.0,0.08,0.5,1,0.25,1.0,0.5,1,1.0,0.6665,0,0.0,0.5,1,0.3777
0.279,0.8,1.0,1.0,1,0.5,0.54,0.5,1,0.25,1.0,0.5,1,1.0,0.6665,0,1.0,0.0,1,0.3777
0.1163,0.75,0.5,0.5,1,0.8335,0.32,0.5,1,0.25,0.5,1.0,1,1.0,0.3333,0,0.0,1.0,1,0.2222
0.558,0.35,1.0,1.0,0,0.1666,0.34,1.0,1,0.125,0.5,0.5,1,1.0,0.8335,0,1.0,0.0,1,0.3555
0.3257,0.45,0.5,0.5,0,0.1666,0.46,0.5,1,0.0,1.0,1.0,0,1.0,0.1666,1,0.5,0.0,1,0.2
0.1628,0.6,0.5,0.0,1,0.8335,0.12,0.0,1,0.125,0.0,0.5,1,1.0,0.3333,0,0.0,0.5,1,0.1333
0.465,0.975,0.5,0.0,1,0.8335,0.18,0.0,1,0.125,1.0,1.0,1,-1.0,0.3333,0,0.5,0.5,0,0.311
0.558,0.325,0.0,0.5,1,0.1666,0.58,0.5,1,0.125,0.0,0.5,0,0.0,0.8335,0,0.0,0.5,0,0.2222
0.4187,0.925,0.5,0.0,1,1.0,0.02,1.0,1,0.375,0.0,1.0,1,0.0,0.6665,0,0.5,1.0,0,0.311
0.372,0.275,0.5,0.5,0,0.6665,0.6,0.0,1,0.25,1.0,0.0,1,0.0,0.5,0,0.0,0.0,0,0.2
0.4187,1.0,0.5,0.0,1,0.8335,0.32,1.0,1,0.125,1.0,0.5,1,-1.0,0.6665,1,1.0,0.5,1,0.311
0.3953,0.675,0.5,0.5,1,0.3333,0.84,0.0,1,0.125,0.0,0.5,0,0.0,0.6665,0,0.0,0.0,0,0.2888
0.2559,0.475,0.5,0.0,0,0.8335,0.6,0.0,1,0.125,1.0,0.5,1,1.0,0.3333,0,0.5,0.5,1,0.1777
0.3489,0.625,0.0,0.5,0,0.5,0.7,1.0,1,0.125,0.5,1.0,1,0.0,0.3333,0,0.0,0.0,1,0.2444
0.5117,0.275,0.5,0.5,0,0.5,0.12,0.0,1,0.125,0.5,0.5,0,1.0,0.6665,0,0.0,0.0,0,0.2222
0.4883,0.275,1.0,0.5,1,0.6665,0.26,0.5,1,0.25,0.5,1.0,1,-1.0,0.3333,0,0.0,0.5,1,0.2444
0.465,0.125,0.5,0.5,0,0.3333,1.0,0.5,1,0.375,0.5,0.5,1,0.0,0.6665,0,1.0,0.0,1,0.2666
0.3022,0.125,0.5,1.0,1,0.1666,0.44,0.0,1,0.375,0.0,1.0,0,-1.0,0.3333,0,0.0,0.0,1,0.1555
0.4187,0.35,0.5,1.0,1,0.5,0.36,0.5,1,0.25,0.0,1.0,1,-1.0,0.3333,0,0.0,0.0,0,0.2444
0.1395,0.775,1.0,0.5,0,0.5,0.88,1.0,0,0.375,1.0,0.5,1,0.0,0.5,0,1.0,0.5,0,0.2888
0.465,0.6,0.5,0.5,1,0.3333,0.04,0.5,1,0.25,1.0,1.0,1,-1.0,0.8335,0,0.0,0.5,1,0.2888
0.6514,0.1,0.0,0.5,0,0.8335,0.54,0.5,1,0.0,0.0,1.0,1,-1.0,0.3333,0,0.0,0.5,0,0.1777
0.2325,0.85,1.0,0.0,1,1.0,0.22,0.5,1,0.125,0.5,0.0,1,0.0,0.5,0,0.5,0.5,1,0.2444
0.3489,0.6,1.0,0.0,0,0.3333,0.36,0.0,0,0.375,0.5,0.5,0,0.0,0.5,0,0.0,0.0,1,0.2222
0.4883,0.95,1.0,0.5,1,0.5,0.2,0.5,1,0.125,1.0,0.5,1,1.0,0.1666,0,0.0,0.0,1,0.3777
0.628,0.675,0.5,0.5,0,0.3333,0.04,0.5,1,0.5,0.0,0.0,0,0.0,0.5,0,1.0,0.0,0,0.3333
0.372,0.175,1.0,0.0,0,1.0,0.42,0.5,1,0.125,0.5,0.5,1,1.0,0.5,0,0.0,0.0,1,0.1777
0.3489,0.475,0.5,0.5,0,0.6665,0.78,0.5,1,0.0,0.0,1.0,0,0.0,0.6665,0,0.0,0.0,1,0.2222
0.1628,0.65,1.0,0.0,1,0.6665,0.96,0.0,1,0.125,0.0,0.5,0,0.0,0.1666,0,0.5,0.0,1,0.2222
0.465,0.025,1.0,1.0,0,0.8335,0.62,0.5,1,0.125,0.5,0.5,0,0.0,0.5,0,1.0,0.0,1,0.2444
0.7207,0.025,1.0,0.5,1,0.5,0.38,1.0,1,0.0,1.0,0.5,1,1.0,0.5,0,0.0,0.5,0,0.2888
0.4883,0.125,0.5,0.0,1,0.5,0.76,0.0,0,0.25,0.5,0.5,1,1.0,0.6665,0,0.5,0.0,1,0.2
0.442,0.25,1.0,0.5,0,0.8335,0.5,0.0,1,0.375,0.5,0.5,1,0.0,0.6665,0,0.5,0.5,1,0.2444
0.4883,0.425,0.0,0.5,1,0.6665,0.36,0.5,1,0.375,1.0,1.0,1,1.0,0.6665,0,0.0,0.5,1,0.2888
0.442,0.475,0.0,0.5,1,0.3333,0.18,0.5,1,0.0,0.0,0.5,1,1.0,0.3333,0,0.0,0.5,1,0.2
0.3257,0.15,0.5,0.5,0,0.3333,0.8,0.0,1,0.25,0.5,0.5,1,-1.0,0.5,0,0.5,1.0,0,0.1555
0.558,0.675,0.5,0.5,1,0.3333,0.5,0.5,0,0.0,0.0,0.5,0,0.0,0.3333,1,0.0,0.0,1,0.2666
0.465,0.6,0.0,1.0,0,0.8335,0.96,0.5,1,0.125,0.0,0.5,1,-1.0,0.5,0,0.0,0.5,1,0.2666
0.442,0.3,0.5,0.5,0,0.8335,0.8,0.0,1,0.125,0.5,0.5,0,0.0,0.3333,0,1.0,0.5,1,0.2222
0.3022,0.025,0.0,0.5,1,1.0,0.42,0.5,0,0.25,0.0,0.5,1,0.0,0.6665,0,0.0,0.0,1,0.08887
0.628,0.075,0.5,1.0,1,0.3333,0.74,0.0,1,0.0,0.0,0.5,1,1.0,0.3333,0,0.0,0.5,0,0.2444
0.5347,0.4,1.0,0.0,0,0.5,0.46,0.5,1,0.5,0.5,0.5,1,0.0,0.3333,0,0.0,0.0,0,0.2888
0.372,0.15,1.0,0.5,0,0.3333,0.08,0.5,1,0.25,1.0,0.0,1,1.0,0.5,1,0.0,0.0,0,0.1777
0.5815,0.375,0.5,0.0,1,0.5,0.52,0.5,1,0.25,0.5,0.5,1,0.0,0.5,0,0.5,0.0,1,0.2888
0.372,0.625,1.0,0.0,1,0.6665,0.86,0.0,1,0.25,0.5,1.0,1,1.0,0.5,0,0.5,1.0,0,0.2888
0.3257,0.55,0.5,0.5,1,0.5,0.86,0.5,1,0.375,0.0,1.0,1,-1.0,0.3333,0,0.0,0.5,0,0.2444
0.3257,0.225,1.0,0.0,0,0.8335,0.58,0.0,1,0.125,0.5,0.5,0,1.0,0.3333,0,0.0,0.5,0,0.1777
0.186,0.35,0.5,0.0,0,0.3333,0.38,0.0,1,0.375,0.0,0.5,0,1.0,0.3333,0,0.0,0.5,0,0.1333
0.5117,0.625,1.0,0.5,1,0.6665,0.02,0.0,1,0.0,1.0,0.0,1,-1.0,0.6665,0,0.5,0.0,0,0.2888
0.186,0.85,1.0,0.0,0,0.3333,0.32,0.0,1,0.0,0.0,1.0,1,1.0,0.5,0,0.5,0.0,1,0.2444
0.279,0.75,0.5,1.0,0,0.0,0.98,1.0,1,0.125,1.0,0.5,1,0.0,0.6665,1,0.5,0.5,1,0.311
0.1628,0.55,0.5,1.0,1,0.1666,0.72,0.5,0,0.0,0.0,0.5,1,-1.0,0.5,0,1.0,0.0,0,0.2
0.4187,0.35,0.5,0.5,0,0.5,0.72,1.0,1,0.125,1.0,0.5,0,1.0,0.5,0,1.0,0.0,1,0.2888
0.4187,0.375,0.5,1.0,0,1.0,0.76,0.0,1,0.0,0.0,1.0,1,1.0,0.3333,0,0.0,0.0,0,0.2444
0.3953,0.875,0.5,0.5,0,0.3333,0.62,0.5,1,0.0,0.0,0.5,1,1.0,0.5,1,0.0,0.0,0,0.2888
0.3022,0.05,0.5,1.0,1,0.5,0.58,0.0,1,0.25,0.5,0.5,0,1.0,0.3333,0,0.0,0.5,0,0.1555
0.279,1.0,0.5,0.0,1,0.6665,0.46,0.0,1,0.125,0.0,0.5,1,0.0,0.5,0,1.0,0.0,1,0.2888
0.5117,0.675,0.5,1.0,0,0.3333,0.44,0.5,1,0.125,0.0,1.0,0,-1.0,0.5,0,0.5,0.5,1,0.311
0.372,0.675,1.0,1.0,1,0.3333,0.88,0.5,1,0.25,0.0,0.5,0,0.0,0.5,0,0.0,0.5,1,0.3333
0.4883,0.05,1.0,0.5,1,0.5,0.4,0.0,1,0.5,0.0,0.5,1,-1.0,0.3333,0,0.5,0.0,0,0.2222
0.3257,0.6,0.0,0.5,1,0.3333,0.84,0.5,1,0.375,0.5,0.5,1,1.0,0.5,0,0.5,0.0,0,0.2888
0.465,0.475,0.5,1.0,0,0.0,0.84,0.0,1,0.0,0.0,0.5,1,-1.0,0.3333,0,1.0,0.0,0,0.2666
0.628,0.1,0.0,0.5,1,0.3333,0.78,0.5,1,0.0,0.0,0.0,1,0.0,0.6665,0,0.5,1.0,1,0.2
0.5347,0.275,0.0,0.5,0,0.6665,0.04,0.5,0,0.25,0.5,0.5,1,-1.0,0.5,0,0.5,0.0,0,0.1777
0.3953,0.9,0.5,0.0,1,0.6665,0.14,0.5,1,0.125,0.5,0.5,1,-1.0,0.3333,0,0.0,0.0,0,0.2666
0.4883,0.55,1.0,0.0,0,0.8335,0.32,0.5,1,0.125,0.0,1.0,0,-1.0,0.5,0,0.0,0.5,1,0.2444
0.4187,0.425,1.0,0.0,1,0.8335,0.84,0.5,1,0.25,0.0,0.5,1,1.0,0.6665,0,0.0,0.0,0,0.2666
0.442,0.075,0.5,0.5,1,0.3333,0.88,0.5,0,0.25,0.5,0.5,1,0.0,0.5,0,0.0,1.0,0,0.1777
0.3953,0.725,0.5,0.5,1,0.3333,0.04,0.5,1,0.375,1.0,1.0,1,1.0,0.5,0,0.0,0.5,0,0.311
0.4187,0.7,1.0,1.0,0,0.3333,0.32,0.5,1,0.375,0.5,0.5,1,1.0,0.3333,0,0.0,0.0,0,0.3333
0.465,0.625,1.0,0.5,1,0.5,0.86,0.5,1,0.0,1.0,0.5,1,0.0,0.6665,0,0.0,0.5,1,0.3333
0.3022,0.5,1.0,0.5,0,0.3333,0.24,0.5,1,0.0,1.0,0.5,0,-1.0,0.3333,0,1.0,0.0,1,0.2222
0.3022,0.425,0.0,0.0,0,0.5,0.98,0.0,1,0.25,0.5,0.5,1,1.0,0.3333,0,1.0,0.5,0,0.2
0.2559,0.6,0.5,1.0,1,0.3333,0.48,1.0,1,0.125,0.5,1.0,1,-1.0,0.5,0,0.5,0.5,0,0.2666
0.2094,0.225,0.0,0.5,0,0.6665,0.94,0.5,1,0.125,0.5,0.5,0,-1.0,0.5,0,0.0,0.0,0,0.1333
0.279,0.95,0.5,1.0,1,0.3333,0.42,0.5,1,0.125,0.0,1.0,0,1.0,0.1666,0,0.5,0.0,0,0.3333
0.465,0.6,1.0,0.0,0,0.3333,0.32,1.0,1,0.25,1.0,0.5,0,1.0,0.6665,1,0.5,1.0,1,0.2888
0.3257,0.3,0.5,0.5,1,0.6665,0.36,1.0,1,0.0,0.5,0.5,1,1.0,0.3333,0,0.0,0.0,0,0.2
0.5117,0.45,1.0,0.5,0,0.6665,0.88,0.5,1,0.125,1.0,0.5,0,0.0,0.3333,1,0.0,0.5,1,0.2888
0.442,0.8,0.5,0.0,0,0.5,0.34,0.0,1,0.125,0.5,0.5,1,1.0,0.8335,0,0.0,0.0,1,0.2888
0.1628,0.15,1.0,1.0,1,0.6665,0.66,0.5,1,0.0,0.0,0.5,0,1.0,0.6665,0,0.5,0.0,1,0.1777
0.5347,0.3,0.0,0.5,1,0.6665,0.46,0.0,1,0.125,0.0,0.5,1,1.0,0.3333,0,0.5,0.5,0,0.2222
0.558,0.675,0.0,0.5,1,1.0,0.94,0.5,1,0.5,0.0,0.0,0,0.0,0.5,1,0.0,0.0,0,0.311
0.3022,0.325,0.5,1.0,0,0.6665,0.16,0.5,1,0.25,0.0,1.0,1,-1.0,0.3333,0,0.5,0.5,1,0.1777
0.5117,0.8,0.0,0.5,1,1.0,0.42,0.5,1,0.125,0.0,0.5,1,0.0,0.5,0,0.5,0.0,1,0.311
0.3257,0.125,1.0,0.0,1,0.5,0.12,0.5,0,0.375,1.0,0.5,0,1.0,0.5,1,0.0,0.0,0,0.1333
0.465,0.775,0.0,1.0,1,0.8335,0.58,0.5,1,0.25,0.0,0.5,0,0.0,0.5,0,0.5,1.0,0,0.311
0.2559,0.075,1.0,0.5,0,0.8335,0.4,0.0,1,0.125,1.0,0.0,1,1.0,0.5,0,0.5,0.0,0,0.1555
0.186,0.025,0.0,1.0,1,0.5,0.06,0.5,1,0.0,0.5,0.5,1,1.0,0.3333,1,1.0,1.0,1,0.06665
0.3953,0.9,0.5,1.0,1,0.3333,0.84,0.5,1,0.25,0.5,0.5,1,1.0,0.5,0,0.0,1.0,1,0.3555
0.4187,0.575,1.0,0.0,0,0.3333,0.38,0.5,1,0.625,0.5,0.5,0,1.0,0.3333,0,1.0,1.0,1,0.311
0.3953,0.35,1.0,0.5,0,0.6665,0.5,1.0,1,0.125,1.0,1.0,1,1.0,0.5,0,1.0,0.5,1,0.2888
0.279,0.225,0.5,0.0,0,0.1666,0.4,0.5,1,0.0,0.5,1.0,0,-1.0,0.3333,0,0.5,0.0,1,0.1333
0.3953,0.625,1.0,0.5,1,0.3333,0.48,0.5,1,0.375,0.0,0.5,0,-1.0,0.3333,0,0.5,1.0,1,0.2666
0.4883,0.5,0.5,1.0,1,0.8335,0.02,0.5,1,0.25,0.5,0.5,1,-1.0,0.5,0,1.0,0.0,1,0.2888
0.442,1.0,0.5,0.5,1,0.6665,0.82,0.5,1,0.375,0.0,0.5,1,1.0,0.5,0,0.0,0.0,1,0.3777
0.465,0.975,1.0,0.0,1,0.0,0.34,0.5,1,0.125,0.5,0.5,0,-1.0,0.6665,0,0.5,0.0,0,0.3555
0.3489,0.625,0.5,0.5,1,0.1666,0.72,0.0,0,0.375,0.5,0.5,1,1.0,0.3333,0,0.0,0.0,1,0.2666
0.6045,0.45,0.5,0.5,0,1.0,0.06,0.5,1,0.375,0.5,0.5,0,0.0,0.6665,1,1.0,0.5,1,0.2888
0.279,0.5,0.5,0.5,0,0.8335,0.52,0.5,1,0.0,1.0,0.5,1,0.0,0.3333,0,0.0,0.0,0,0.2
0.5117,0.675,0.5,1.0,0,0.3333,0.9,1.0,1,0.375,1.0,0.5,0,1.0,0.0,0,0.0,0.0,0,0.4
0.6045,0.1,0.0,0.5,1,0.1666,0.4,0.5,1,0.0,0.0,1.0,1,1.0,0.6665,0,0.0,0.0,0,0.2222
0.5117,0.325,0.0,1.0,0,0.1666,0.2,1.0,1,0.125,0.5,0.5,0,1.0,0.3333,0,1.0,0.0,0,0.2666
0.4187,0.075,1.0,0.5,1,0.6665,0.1,0.0,1,0.0,0.5,0.5,0,1.0,0.6665,0,0.5,0.5,0,0.1777
0.372,0.075,0.5,0.5,1,1.0,0.86,0.5,1,0.0,0.0,0.5,1,1.0,0.3333,1,1.0,0.0,0,0.1777
0.5815,0.2,0.5,0.5,1,1.0,0.24,1.0,1,0.5,0.5,0.5,1,0.0,0.3333,0,1.0,0.0,0,0.311
0.2325,0.475,1.0,1.0,1,0.1666,0.98,0.5,1,0.125,1.0,0.0,1,1.0,0.5,0,0.0,0.0,0,0.2888
0.3022,0.775,0.5,0.5,1,0.5,0.24,0.5,1,0.25,0.0,1.0,1,0.0,0.3333,0,0.5,0.0,1,0.2888
0.3953,0.475,1.0,1.0,1,0.3333,0.48,0.5,1,0.375,0.0,0.5,1,1.0,0.6665,0,0.0,0.0,1,0.311
0.6045,0.325,1.0,1.0,1,0.5,0.46,1.0,1,0.625,1.0,1.0,1,-1.0,0.5,0,0.0,0.0,0,0.4
0.4883,0.075,1.0,1.0,1,0.1666,0.06,1.0,1,0.375,0.0,1.0,1,-1.0,0.3333,0,0.0,0.0,1,0.2444
0.3022,0.55,0.5,0.5,1,0.3333,0.54,0.5,1,0.375,0.5,0.5,1,1.0,0.5,0,0.5,0.0,0,0.2888
0.3953,0.275,0.5,0.5,0,0.3333,0.68,0.5,1,0.25,0.5,0.0,1,0.0,0.3333,0,1.0,0.0,1,0.2222
0.3489,0.625,0.5,0.5,0,0.6665,0.74,1.0,1,0.5,0.0,0.5,0,-1.0,0.5,0,0.0,1.0,1,0.2666
0.3489,0.975,0.5,0.5,0,0.3333,0.52,0.0,1,0.25,0.5,0.5,0,1.0,0.6665,0,0.5,0.0,0,0.3333
0.5815,0.1,0.5,1.0,0,0.3333,0.82,0.5,1,0.125,0.0,0.5,0,0.0,0.6665,0,0.0,0.5,1,0.2444
0.2559,0.2,0.5,1.0,0,0.6665,0.76,1.0,1,0.375,0.0,0.5,1,-1.0,0.5,0,1.0,0.5,0,0.2
0.6743,0.475,0.5,1.0,0,0.8335,0.2,0.5,1,0.125,0.0,0.5,1,0.0,0.5,0,0.0,0.0,0,0.311
0.558,0.975,0.0,0.5,0,1.0,0.4,0.5,1,0.125,0.5,0.5,1,1.0,0.8335,0,0.5,1.0,0,0.3555
0.6045,0.775,0.5,0.0,0,0.6665,0.14,0.5,1,0.0,0.0,0.0,0,0.0,0.6665,0,1.0,0.5,1,0.2888
0.372,0.9,1.0,0.5,0,0.5,0.14,0.0,1,0.25,0.5,0.5,0,-1.0,0.5,0,0.5,0.5,0,0.2888
0.4187,0.325,0.0,0.5,1,0.8335,0.72,1.0,1,0.0,0.5,1.0,1,1.0,0.5,0,0.5,0.0,0,0.2444
0.2325,1.0,0.0,1.0,0,0.8335,0.54,0.5,1,0.25,0.5,1.0,1,1.0,0.5,0,1.0,0.0,0,0.3333
0.372,0.1,0.5,1.0,0,0.6665,0.6,0.5,1,0.0,1.0,1.0,1,1.0,0.3333,0,1.0,0.0,0,0.2222
0.5117,0.05,0.5,0.0,1,0.1666,0.74,0.5,1,0.125,0.5,0.5,1,-1.0,0.6665,0,0.0,0.0,0,0.1777
0.628,0.85,0.0,0.5,1,0.8335,0.28,0.5,1,0.0,0.5,0.5,1,0.0,0.5,0,0.0,0.5,0,0.3333
0.279,0.925,0.0,0.5,1,0.6665,0.4,0.5,1,0.0,1.0,0.5,0,0.0,0.3333,0,1.0,0.5,0,0.2666
0.3953,0.1,0.5,0.5,0,0.3333,0.6,0.5,1,0.125,0.5,0.5,1,1.0,0.8335,1,0.0,0.0,1,0.1777
0.4187,0.125,1.0,0.5,0,0.3333,0.1,0.5,1,0.125,0.0,1.0,1,1.0,0.5,0,1.0,0.5,1,0.2
0.2559,0.025,0.0,0.5,1,0.6665,0.84,0.5,1,0.25,1.0,0.5,1,0.0,0.6665,1,0.0,0.5,1,0.1111
0.5347,0.1,0.5,0.5,1,0.0,0.34,0.0,1,0.0,0.0,0.5,1,0.0,0.1666,0,0.0,0.0,1,0.1555
0.3489,0.2,0.5,1.0,0,0.5,0.66,1.0,1,0.25,0.0,1.0,1,1.0,0.3333,0,0.0,0.0,0,0.2222
0.4187,0.975,0.0,0.0,0,0.3333,1.0,0.5,1,0.0,1.0,0.0,0,-1.0,0.5,0,1.0,0.0,1,0.311
0.372,0.675,0.5,1.0,1,0.3333,0.48,0.0,1,0.125,0.0,1.0,0,0.0,0.5,0,0.5,0.5,0,0.2888
0.3257,0.775,0.5,0.5,0,0.3333,0.22,0.5,0,0.125,0.5,1.0,1,1.0,0.3333,0,0.0,0.5,1,0.2444
0.442,0.775,1.0,1.0,1,0.1666,0.22,0.0,1,0.5,0.0,0.5,1,1.0,0.3333,0,1.0,0.0,1,0.3777
0.4187,0.525,0.5,1.0,1,0.8335,0.06,0.5,1,0.25,1.0,0.5,1,1.0,0.5,0,0.0,0.0,1,0.2888
0.3953,0.8,0.5,0.5,0,0.0,0.76,0.5,1,0.375,1.0,0.5,1,0.0,0.3333,0,0.0,0.5,1,0.311
0.3489,0.6,0.5,0.5,0,0.5,0.3,0.0,1,0.125,1.0,1.0,1,-1.0,0.5,0,0.0,0.5,1,0.2222
0.4883,0.325,1.0,0.5,1,0.3333,0.18,0.0,1,0.0,0.0,0.5,1,1.0,0.1666,0,0.0,0.0,1,0.2222
0.6743,0.55,0.0,0.5,1,1.0,0.72,0.0,1,0.25,0.0,1.0,1,0.0,0.6665,0,0.0,0.0,0,0.3333
0.465,0.525,0.5,0.0,1,0.5,0.3,1.0,1,0.125,0.5,0.5,1,1.0,0.3333,0,0.5,0.5,1,0.2666
0.5815,0.825,1.0,0.5,0,0.0,0.6,0.5,1,0.5,0.0,0.5,0,1.0,0.5,1,0.5,0.0,1,0.4
0.2559,0.975,1.0,1.0,0,0.6665,0.42,0.5,1,0.25,0.5,0.0,1,0.0,0.3333,0,0.5,0.0,0,0.3333
0.465,0.4,0.5,0.5,1,0.1666,0.34,0.5,1,0.125,1.0,0.0,0,1.0,0.5,0,0.0,0.5,1,0.2444
0.279,0.775,0.5,0.5,1,0.6665,0.48,0.5,1,0.125,0.0,0.5,0,1.0,0.1666,0,1.0,0.0,1,0.2888
0.2325,0.1,0.5,0.5,1,0.6665,0.32,0.5,1,0.25,0.0,0.5,1,1.0,0.3333,0,0.5,0.5,1,0.1333
0.3489,0.775,0.5,1.0,0,0.8335,0.88,0.0,1,0.0,1.0,0.5,1,1.0,0.5,0,1.0,0.0,1,0.3333
0.6045,0.375,0.5,0.0,1,0.5,0.08,0.0,1,0.25,0.5,0.5,1,-1.0,0.5,0,1.0,0.0,0,0.2444
0.5815,0.05,1.0,0.5,1,0.6665,0.04,0.5,1,0.5,0.0,0.5,1,0.0,0.8335,0,0.5,0.0,1,0.2666
0.465,0.375,1.0,1.0,0,0.5,0.4,1.0,1,0.125,0.5,1.0,0,0.0,0.5,0,1.0,0.0,0,0.311
0.2325,0.6,0.5,0.0,1,0.3333,0.18,0.0,1,0.25,0.5,0.5,1,1.0,0.5,0,0.0,0.0,0,0.2
0.4187,0.125,1.0,0.5,1,0.8335,0.74,0.0,1,0.0,1.0,1.0,1,1.0,0.3333,0,0.5,0.5,1,0.2222
0.4883,0.925,1.0,0.5,1,0.1666,0.36,0.0,1,0.875,0.5,1.0,0,-1.0,0.8335,0,0.5,0.0,0,0.4443
0.465,0.075,1.0,0.5,0,0.5,0.26,0.5,1,0.25,0.5,0.5,1,0.0,0.3333,0,0.0,1.0,1,0.1777
0.186,0.925,1.0,0.5,0,0.3333,0.36,0.0,1,0.625,0.5,0.5,0,0.0,0.5,0,0.5,0.0,1,0.311
0.3257,0.7,0.5,1.0,1,0.6665,0.22,0.0,1,0.25,0.5,1.0,1,1.0,0.6665,1,0.0,0.0,1,0.2888
0.442,0.325,0.5,0.0,1,0.3333,0.3,0.5,1,0.25,1.0,1.0,0,1.0,0.3333,0,0.5,0.0,1,0.2444
0.5117,0.4,0.0,0.5,1,0.3333,0.56,0.0,1,0.25,1.0,0.5,1,1.0,0.3333,0,0.0,0.5,0,0.2444
0.1395,0.75,0.0,0.5,1,0.5,0.86,0.0,1,0.5,0.5,0.5,1,0.0,0.5,0,0.5,0.0,1,0.2444
0.4187,0.6,0.5,0.5,1,0.8335,0.38,0.5,1,0.25,0.5,0.0,1,0.0,0.6665,0,0.5,0.0,0,0.2888
0.465,0.675,0.0,0.5,1,0.3333,0.32,0.5,1,0.125,0.0,0.0,1,-1.0,0.3333,0,0.0,0.5,0,0.2222
0.558,0.4,0.5,1.0,0,0.3333,0.78,1.0,1,0.375,0.0,0.5,1,0.0,0.5,0,0.5,0.0,1,0.3333
0.5347,0.5,0.5,1.0,0,0.1666,0.02,0.5,1,0.375,1.0,0.0,1,1.0,0.3333,0,0.0,0.0,0,0.2888
0.5117,1.0,0.5,0.5,0,0.3333,0.3,0.0,1,0.125,0.5,1.0,1,0.0,0.3333,1,0.0,0.0,0,0.3333
0.3257,0.225,0.0,0.5,0,0.6665,0.46,0.5,1,0.25,0.5,0.5,1,0.0,0.3333,0,0.0,0.5,1,0.1333
0.186,0.425,0.0,0.0,0,0.5,0.6,0.5,1,0.375,0.5,0.5,1,1.0,0.5,1,0.0,0.0,1,0.1333
0.3953,0.3,0.0,1.0,0,0.5,0.16,0.0,1,0.75,0.0,0.5,1,1.0,0.0,0,0.0,0.5,1,0.2
0.5815,0.775,0.0,0.5,0,1.0,0.44,0.0,1,0.5,1.0,0.5,1,0.0,0.5,0,0.5,0.5,1,0.3555
0.628,0.775,1.0,0.5,1,0.0,0.56,0.0,1,0.125,0.5,0.0,1,1.0,0.5,0,0.0,0.5,1,0.3777
0.5347,0.3,0.5,1.0,1,1.0,0.52,1.0,0,0.125,0.0,0.5,1,-1.0,0.5,0,0.0,0.0,1,0.2444
0.5117,0.075,0.5,0.5,1,0.8335,0.58,1.0,1,0.0,0.0,0.5,0,-1.0,0.6665,0,0.0,1.0,0,0.1777
0.4883,0.0,0.0,0.0,0,0.5,0.66,0.5,0,0.375,0.5,0.5,1,1.0,0.1666,0,0.5,0.0,0,0.1555
0.372,0.425,0.5,0.5,1,0.6665,0.38,0.0,1,0.375,1.0,0.5,1,0.0,0.5,1,0.0,0.0,1,0.2222
0.4187,0.4,0.5,0.5,1,0.3333,0.06,0.5,1,0.25,0.5,0.5,1,1.0,0.8335,0,0.0,0.0,1,0.2444
0.6743,1.0,0.0,1.0,0,0.5,0.06,0.5,1,0.25,0.0,1.0,0,0.0,0.5,0,0.0,0.5,1,0.3777
0.3022,0.475,1.0,0.5,1,1.0,0.86,0.5,1,0.25,0.5,0.5,1,0.0,0.5,0,0.5,0.0,1,0.2888
0.6743,0.25,1.0,0.0,0,0.3333,0.68,1.0,1,0.25,0.5,0.5,1,1.0,0.5,0,1.0,0.0,1,0.3333
0.3953,0.9,0.5,0.5,1,0.5,0.76,0.5,1,0.125,0.5,1.0,0,-1.0,0.5,0,0.0,0.5,0,0.3333
0.628,0.5,0.5,1.0,0,0.3333,0.92,1.0,1,0.25,0.0,0.5,1,1.0,1.0,0,0.0,0.0,1,0.4
0.2559,0.6,0.5,1.0,0,0.3333,0.76,1.0,0,0.25,1.0,1.0,1,1.0,0.3333,0,0.0,0.0,1,0.2666
0.5347,0.1,0.5,0.0,0,0.3333,0.7,0.5,1,0.375,0.5,0.5,1,1.0,0.3333,0,1.0,0.5,1,0.2222
0.3489,0.375,1.0,0.0,1,0.1666,0.66,0.5,1,0.125,0.5,1.0,0,-1.0,0.5,0,0.5,0.5,0,0.2222
0.2559,0.95,0.0,0.5,0,0.5,0.26,0.5,1,0.0,1.0,0.5,0,0.0,0.5,1,0.0,0.0,0,0.2222
0.465,0.6,0.5,0.5,1,0.5,0.96,0.5,1,0.0,0.5,0.5,1,0.0,0.6665,0,0.5,0.0,1,0.3333
0.5815,0.35,0.5,0.0,1,0.3333,0.54,0.5,1,0.375,0.5,0.5,0,-1.0,0.3333,0,0.0,1.0,1,0.2444
0.3257,0.625,0.5,0.5,1,0.0,0.22,0.5,1,0.0,0.5,0.0,1,0.0,0.1666,0,0.5,0.0,1,0.2222
0.2325,0.9,1.0,1.0,0,0.5,0.2,0.5,1,0.25,0.0,0.5,1,0.0,0.1666,0,0.0,0.0,1,0.2888
0.4187,0.275,0.5,0.5,1,0.5,0.82,0.5,1,0.375,1.0,0.5,1,-1.0,0.1666,0,0.0,0.5,0,0.2444
0.4187,0.5,0.0,0.5,1,1.0,0.26,1.0,0,0.125,0.5,0.5,1,0.0,0.3333,0,0.5,0.0,0,0.2222
0.5117,0.95,0.5,1.0,1,0.5,0.04,0.0,1,0.25,0.0,1.0,0,1.0,0.6665,1,0.0,0.0,0,0.3555
0.5815,0.175,0.0,0.5,1,0.6665,0.42,0.5,1,0.25,1.0,0.5,0,-1.0,0.5,0,0.0,0.0,1,0.2222
0.442,0.725,0.0,0.5,1,0.3333,0.82,1.0,1,0.0,0.5,0.5,0,1.0,0.6665,0,0.5,0.0,1,0.3333
0.6978,0.625,0.5,0.5,1,0.8335,0.42,0.0,1,0.0,0.5,1.0,1,-1.0,0.3333,1,0.5,0.5,0,0.311
0.465,0.675,0.5,0.5,0,0.3333,0.8,1.0,1,0.375,1.0,0.5,1,-1.0,0.6665,0,0.0,0.0,1,0.3555
0.3953,0.35,0.5,1.0,1,0.6665,0.82,0.5,1,0.0,0.5,1.0,0,1.0,0.3333,0,0.0,0.0,0,0.2666
0.2094,0.325,0.5,0.5,1,0.6665,0.86,1.0,1,0.375,0.0,0.5,1,1.0,0.3333,1,0.0,0.5,1,0.2
0.3953,0.675,0.0,0.0,0,0.6665,0.58,1.0,1,0.125,0.0,1.0,1,-1.0,0.6665,0,0.5,0.0,1,0.6
0.3953,0.225,0.5,1.0,1,1.0,0.7,0.5,1,0.25,1.0,0.5,0,1.0,0.0,0,0.5,0.5,0,0.2444
0.5815,0.425,0.0,0.5,1,0.3333,0.26,0.0,1,0.125,0.0,1.0,1,-1.0,0.6665,0,0.0,0.0,1,0.2444
0.5117,0.2,1.0,0.5,1,0.8335,0.1,0.5,1,0.125,0.5,0.5,1,1.0,0.5,0,0.0,0.5,1,0.2222
0.279,0.0,0.5,0.5,0,0.8335,0.54,0.0,1,0.25,0.5,1.0,0,1.0,0.8335,1,0.0,0.0,1,0.1333
0.465,0.975,0.5,1.0,0,0.5,0.02,1.0,1,0.25,0.5,0.0,0,0.0,0.3333,0,1.0,0.0,0,0.3777
0.5347,0.425,1.0,0.5,1,1.0,0.46,0.5,1,0.375,0.5,0.5,1,1.0,0.5,0,0.0,0.0,1,0.3333
0.6514,0.975,0.5,0.5,1,0.5,0.1,0.0,1,0.0,0.5,0.5,0,1.0,0.5,0,0.0,0.5,1,0.3555
0.558,0.15,1.0,0.5,1,0.5,0.1,0.5,1,0.5,0.5,0.5,1,0.0,0.3333,1,0.0,0.5,0,0.6445
0.558,0.575,1.0,1.0,1,0.5,0.88,0.0,1,0.25,0.0,1.0,1,1.0,0.5,1,0.5,0.5,1,0.3777
0.442,0.2,0.5,1.0,1,0.1666,0.64,0.5,0,0.125,0.0,1.0,1,1.0,0.5,0,1.0,0.0,0,0.2666
0.4883,0.8,1.0,0.0,0,0.6665,0.64,0.5,1,0.25,0.5,0.5,0,0.0,0.8335,0,1.0,0.0,1,0.3777
0.6045,0.775,0.0,1.0,1,0.6665,0.4,0.0,1,0.125,0.5,0.0,1,0.0,1.0,0,0.0,0.5,0,0.3333
0.2559,0.125,0.5,1.0,0,0.5,0.42,0.5,1,0.125,0.0,1.0,1,0.0,0.6665,0,0.0,0.5,1,0.1555
0.3953,0.9,1.0,0.5,1,1.0,0.3,0.0,1,0.375,0.5,0.5,1,1.0,0.3333,0,0.5,0.5,0,0.3555
0.3257,0.2,0.0,0.5,0,0.3333,0.44,0.0,1,0.375,1.0,0.0,1,0.0,0.5,0,0.0,0.0,0,0.1555
0.4883,0.625,0.5,0.5,1,0.0,0.58,0.0,1,0.125,0.0,0.0,1,1.0,0.5,0,0.0,0.0,0,0.2888
0.6045,0.975,1.0,0.5,0,1.0,0.18,1.0,1,0.25,0.0,0.5,1,1.0,0.5,0,0.0,0.0,1,0.422
0.3489,0.875,1.0,1.0,0,0.8335,0.26,0.5,0,0.0,0.5,0.0,0,1.0,0.5,0,0.0,0.0,1,0.2888
0.1163,0.95,0.5,0.0,0,0.6665,0.5,0.5,1,0.125,1.0,0.5,1,0.0,0.5,1,1.0,1.0,0,0.2
0.3953,0.35,1.0,0.5,1,0.3333,0.38,0.5,1,0.0,0.0,0.5,1,1.0,0.6665,0,0.0,0.5,1,0.2222
0.558,0.1,0.5,0.0,1,0.6665,0.82,0.5,1,0.125,0.0,0.0,1,1.0,0.8335,0,0.5,0.0,1,0.2444
0.5117,0.2,0.5,1.0,0,0.1666,0.82,0.0,1,0.625,0.0,0.5,1,0.0,0.1666,0,0.5,0.0,0,0.2888
0.5117,0.5,0.5,0.5,0,0.5,0.34,0.0,1,0.25,0.0,1.0,1,0.0,0.6665,0,0.0,0.0,1,0.2666
0.3953,0.8,0.5,0.5,1,0.3333,0.46,0.0,1,0.125,0.5,1.0,1,0.0,0.8335,1,0.0,0.5,0,0.2666
0.2559,0.15,0.5,1.0,1,0.5,0.98,0.0,1,0.25,0.5,0.0,1,0.0,0.5,0,0.0,0.5,1,0.1777
0.5117,0.65,0.5,1.0,1,0.6665,0.82,0.5,1,0.25,0.0,0.5,1,-1.0,0.1666,0,0.5,0.0,0,0.3555
0.3257,0.325,0.5,1.0,0,0.1666,0.22,0.0,0,0.125,0.0,1.0,0,1.0,0.3333,0,1.0,0.5,1,0.1777
0.744,0.35,0.5,0.0,0,0.6665,0.28,0.5,1,0.0,0.5,0.5,1,-1.0,0.5,1,0.0,0.0,1,0.2444
0.5117,0.65,1.0,0.5,0,0.5,0.08,0.0,1,0.25,0.5,0.5,1,-1.0,0.3333,1,0.0,0.0,0,0.2666
0.372,0.475,0.5,1.0,1,0.6665,0.68,0.5,1,0.0,0.5,0.5,1,0.0,0.3333,0,0.0,0.5,1,0.2444
0.3489,0.8,0.5,0.5,1,0.5,0.32,1.0,1,0.25,0.5,0.5,1,1.0,0.6665,0,1.0,0.5,0,0.3333
0.4187,0.15,1.0,0.5,0,0.6665,0.54,0.0,0,0.375,0.5,0.5,1,-1.0,0.6665,0,0.5,0.5,0,0.2
0.4187,0.8,0.5,0.5,1,0.3333,0.76,0.0,1,0.125,1.0,0.5,1,1.0,0.3333,0,1.0,0.0,1,0.3555
0.6045,0.075,1.0,1.0,1,0.0,0.84,0.5,1,0.0,0.0,0.5,1,0.0,0.5,0,0.5,0.0,0,0.2888
0.465,0.2,0.0,0.5,1,0.1666,0.32,0.0,1,0.25,1.0,0.5,0,0.0,0.5,0,0.0,0.0,1,0.2
0.3489,0.65,0.5,0.5,1,0.3333,0.24,0.0,1,0.125,0.0,1.0,1,1.0,0.6665,0,0.0,0.0,0,0.2444
0.6978,0.85,0.0,0.5,0,0.1666,0.84,0.0,1,0.125,1.0,0.0,0,0.0,0.6665,0,0.0,0.0,1,0.3777
0.442,0.25,0.0,0.5,1,0.8335,0.38,1.0,1,0.25,0.5,1.0,1,0.0,0.5,0,1.0,0.0,0,0.2444
0.558,0.325,0.5,1.0,1,0.5,0.82,0.5,1,0.0,0.5,1.0,1,0.0,0.6665,0,0.0,0.0,0,0.3333
0.3489,0.525,0.5,0.5,1,0.6665,0.14,1.0,1,0.125,0.5,0.5,0,1.0,0.3333,0,0.0,0.0,1,0.2444
0.4883,0.2,1.0,0.5,0,0.6665,0.92,0.5,1,0.125,0.5,0.5,1,1.0,0.5,0,1.0,0.5,0,0.2888
0.4883,0.8,0.5,0.0,1,0.5,0.48,1.0,1,0.25,0.5,0.0,1,1.0,0.6665,0,0.5,0.5,1,0.3333
0.186,0.775,0.5,0.5,0,1.0,0.18,1.0,1,0.0,0.0,0.5,0,1.0,0.3333,0,0.5,0.5,1,0.2
0.7207,0.15,1.0,1.0,1,1.0,0.54,1.0,1,0.375,0.5,0.5,1,0.0,0.1666,0,0.5,0.0,1,0.3555
0.628,0.475,0.5,1.0,1,0.8335,0.88,0.0,1,0.25,0.0,0.5,0,1.0,0.8335,0,0.5,0.0,1,0.3777
0.3953,0.775,1.0,0.5,1,0.3333,0.38,0.5,1,0.625,0.0,1.0,1,1.0,0.3333,0,0.0,0.0,1,0.3555
0.279,0.325,0.5,0.0,0,0.8335,0.18,0.5,1,0.0,0.5,1.0,1,0.0,0.6665,0,1.0,0.0,1,0.1777
0.4883,0.625,0.0,0.5,1,0.0,0.58,0.5,1,0.125,1.0,0.0,1,1.0,0.3333,0,0.5,0.0,1,0.2888
0.465,0.05,0.5,0.5,0,0.8335,0.84,0.5,1,0.125,0.5,0.5,0,1.0,0.6665,1,0.0,0.0,1,0.1777
0.4883,0.6,0.5,0.5,0,0.0,0.12,0.5,1,0.0,1.0,0.0,0,1.0,0.3333,0,0.0,0.5,1,0.2444
0.465,0.15,0.5,0.5,1,0.5,0.04,1.0,1,0.125,0.5,0.5,1,0.0,0.5,0,0.0,1.0,0,0.1777
0.5117,0.825,1.0,1.0,0,0.8335,0.06,1.0,1,0.125,0.0,0.5,0,0.0,0.6665,0,0.5,0.0,0,0.3777
0.6514,0.35,0.5,1.0,1,0.6665,0.24,1.0,1,0.375,0.0,1.0,1,1.0,0.5,1,1.0,0.5,1,0.3333
0.5117,0.275,0.5,0.5,1,0.1666,0.0,0.5,1,0.125,0.0,1.0,1,1.0,0.1666,0,0.5,0.0,0,0.2222
0.3022,0.85,0.5,1.0,1,0.5,0.42,0.5,1,0.0,0.5,0.5,0,-1.0,0.5,1,0.5,0.5,0,0.2666
0.628,0.05,0.0,1.0,0,0.6665,0.7,0.5,1,0.25,0.0,1.0,1,1.0,0.5,0,0.0,0.5,0,0.2444
0.6743,0.4,0.5,0.5,1,0.5,0.72,0.5,1,0.125,0.5,1.0,1,0.0,0.3333,1,1.0,1.0,1,0.311
0.884,0.375,0.5,1.0,1,0.3333,0.64,1.0,1,0.125,1.0,0.0,1,-1.0,0.5,0,0.5,0.0,1,0.4
0.279,0.275,0.5,1.0,1,0.6665,0.3,1.0,1,0.25,0.5,0.5,1,0.0,0.6665,0,1.0,0.0,0,0.2444
0.465,0.9,0.5,0.5,1,0.8335,0.74,0.5,1,0.0,0.5,0.5,1,0.0,1.0,1,0.0,0.0,0,0.3333
0.1628,0.75,1.0,1.0,0,0.5,0.58,1.0,1,0.25,0.0,0.5,1,-1.0,0.6665,0,0.5,0.0,1,0.2888
0.5117,0.075,0.0,0.5,1,0.8335,0.86,0.5,1,0.25,0.5,1.0,0,1.0,0.3333,0,0.0,1.0,1,0.2222
0.372,0.725,0.5,0.5,0,0.5,0.48,0.5,1,0.125,0.0,0.5,0,1.0,0.3333,0,1.0,0.5,0,0.2666
0.7207,0.525,1.0,0.5,0,0.3333,0.18,1.0,1,0.25,1.0,0.5,1,0.0,0.3333,0,0.0,0.5,0,0.3555
0.3257,0.9,1.0,1.0,0,0.8335,0.64,0.5,1,0.25,0.0,0.0,0,0.0,0.5,0,0.0,0.0,0,0.3333
0.2094,0.325,0.5,0.0,1,0.8335,0.16,0.0,1,0.625,0.0,0.5,0,-1.0,0.5,0,0.0,0.5,1,0.1333
0.372,0.575,1.0,0.5,1,0.3333,0.96,0.5,1,0.0,0.5,0.5,1,1.0,0.5,0,0.0,0.0,1,0.311
0.1628,0.5,0.0,0.5,1,0.3333,0.7,0.5,1,0.125,0.0,1.0,1,-1.0,0.5,0,1.0,0.0,1,0.1777
0.558,0.5,0.5,0.5,1,1.0,0.76,0.0,1,0.0,0.0,1.0,0,-1.0,0.3333,0,0.5,0.5,1,0.2666
0.1628,0.45,1.0,0.5,1,0.5,0.68,0.5,1,0.0,0.5,0.5,1,1.0,0.3333,0,0.5,0.0,1,0.2222
0.442,0.2,1.0,0.5,1,0.5,0.1,1.0,1,0.0,0.0,0.0,1,1.0,0.5,1,0.0,0.0,0,0.1777
0.1628,0.75,0.5,0.5,0,0.5,0.46,1.0,1,0.375,1.0,0.0,0,-1.0,0.6665,0,1.0,0.0,1,0.2666
0.3953,0.45,0.0,1.0,1,0.8335,0.66,0.5,1,0.25,0.0,0.5,0,-1.0,0.3333,0,1.0,0.5,0,0.2444
0.6743,0.95,0.0,0.5,1,1.0,0.22,0.5,1,0.0,0.0,0.5,1,1.0,0.5,0,1.0,0.5,1,0.3777
0.4883,0.25,0.5,1.0,0,0.5,0.68,0.0,1,0.375,0.0,1.0,1,1.0,0.8335,0,0.0,0.0,1,0.2888
0.3257,0.675,1.0,0.5,1,1.0,0.82,0.5,1,0.125,0.0,0.0,1,0.0,0.6665,0,0.0,0.5,1,0.2666
0.442,0.95,0.5,0.5,1,0.3333,0.28,0.5,1,0.125,1.0,1.0,0,1.0,0.5,0,1.0,0.5,1,0.3777
0.442,0.675,0.5,1.0,1,0.5,0.2,0.5,1,0.0,0.0,0.5,1,1.0,0.3333,1,0.0,1.0,0,0.2444
0.5117,0.875,0.5,0.5,1,0.6665,0.88,0.5,1,0.125,0.5,0.5,1,1.0,0.6665,0,0.0,0.0,1,0.4
0.2559,0.825,1.0,1.0,1,0.3333,0.0,0.0,1,0.5,1.0,1.0,1,1.0,0.5,0,1.0,0.5,1,0.3555
0.5347,0.35,0.0,0.0,1,0.6665,0.26,1.0,1,0.125,0.0,1.0,1,1.0,0.5,0,0.0,0.5,1,0.2222
0.06976,0.6,0.5,0.5,1,0.3333,0.4,0.5,1,0.625,0.5,1.0,0,0.0,0.6665,0,0.0,0.0,1,0.2222
0.3489,0.15,1.0,0.5,1,0.1666,0.68,0.5,1,0.25,0.5,0.5,0,0.0,0.5,0,0.0,0.0,0,0.2222
0.372,0.525,0.5,0.5,1,0.0,1.0,0.0,1,0.25,0.5,1.0,0,0.0,0.3333,0,0.5,0.0,1,0.2888
0.5347,0.225,1.0,0.5,0,0.5,0.38,0.5,0,0.875,1.0,0.5,1,1.0,0.5,0,0.5,0.0,0,0.3333
0.442,0.75,0.5,0.0,1,0.6665,0.94,0.0,1,0.125,0.5,0.0,0,0.0,0.3333,0,0.0,0.0,0,0.2888
0.2559,0.525,0.0,0.5,1,0.1666,0.36,1.0,1,0.0,0.0,1.0,0,-1.0,0.3333,0,0.0,0.0,1,0.1555
0.3022,0.4,0.5,0.5,0,0.5,0.7,1.0,1,0.375,0.0,0.5,0,0.0,0.5,0,0.5,0.0,1,0.2444
0.465,0.275,0.5,0.5,0,0.5,0.16,0.0,1,0.375,0.0,0.5,1,-1.0,0.8335,0,0.5,0.0,0,0.2222
0.442,1.0,0.5,0.5,1,0.5,0.46,0.5,1,0.125,0.0,0.5,1,0.0,0.6665,0,0.5,0.0,0,0.3555
0.372,0.075,0.5,0.5,0,0.3333,0.88,0.0,1,0.0,0.5,0.5,1,-1.0,0.3333,0,0.0,0.5,1,0.1333
0.372,0.05,0.5,0.5,0,0.5,0.32,1.0,1,0.25,1.0,0.5,1,0.0,0.6665,0,0.0,0.5,1,0.1777
0.5347,0.225,0.5,1.0,1,0.5,0.1,0.0,1,0.375,0.5,1.0,1,0.0,0.6665,0,0.0,0.0,1,0.2666
0.372,0.975,0.5,0.5,0,0.6665,0.52,0.0,0,0.25,1.0,0.5,1,1.0,0.6665,0,1.0,0.0,1,0.3333
0.4187,0.975,0.5,0.5,1,0.1666,0.44,0.0,1,0.375,0.5,1.0,0,0.0,0.6665,0,1.0,0.0,1,0.4
0.744,0.65,0.5,0.5,0,0.5,0.22,0.5,1,0.125,1.0,0.5,1,1.0,0.5,0,0.0,0.0,1,0.3777
0.2325,0.875,0.5,0.5,1,0.1666,0.9,0.0,1,0.125,0.0,1.0,1,1.0,0.5,0,1.0,0.0,1,0.311
0.186,0.225,0.0,0.5,1,0.5,0.6,0.5,1,0.125,0.5,0.5,0,0.0,0.5,0,0.5,0.5,1,0.1333
0.558,0.975,0.5,0.5,0,0.1666,0.34,0.5,1,0.125,0.0,1.0,1,0.0,0.5,0,0.0,0.0,1,0.3555
0.3489,0.15,0.5,0.5,1,0.3333,1.0,0.5,1,0.125,0.5,0.5,1,0.0,0.5,0,0.0,0.5,0,0.2
0.3953,0.1,0.0,0.5,1,0.5,0.14,0.5,1,0.125,1.0,0.5,1,0.0,0.5,0,0.0,0.5,1,0.1333
0.3257,0.1,0.5,0.5,0,0.3333,0.84,0.0,1,0.375,0.0,0.5,1,-1.0,0.6665,0,0.5,0.0,0,0.1777
0.3953,0.575,0.5,0.0,1,0.8335,0.24,1.0,1,0.25,0.0,0.5,1,-1.0,0.3333,0,0.0,0.0,1,0.2222
0.6743,0.775,1.0,0.5,0,0.8335,0.24,0.0,1,0.375,0.0,1.0,1,-1.0,0.6665,0,1.0,0.0,0,0.4
0.558,0.375,0.5,0.0,1,0.6665,0.5,1.0,1,0.25,1.0,1.0,0,-1.0,0.6665,1,1.0,0.0,1,0.2888
0.558,0.975,0.5,0.5,0,0.6665,0.66,0.5,1,0.125,0.5,0.5,1,0.0,0.3333,0,0.5,0.0,0,0.3777
0.2559,0.425,0.0,0.0,1,0.5,0.7,0.5,1,0.125,0.5,0.5,1,1.0,0.5,0,0.5,1.0,1,0.1555
0.279,0.15,1.0,0.5,1,0.8335,0.02,0.0,1,0.375,0.5,0.5,0,1.0,0.3333,0,1.0,0.5,1,0.1777
0.0465,0.475,0.0,0.5,1,0.5,0.28,0.0,1,0.0,0.5,0.5,1,-1.0,0.5,0,1.0,1.0,0,0.06665
0.3257,0.675,0.5,0.5,0,1.0,0.66,0.5,1,0.125,1.0,1.0,0,1.0,0.5,0,0.0,0.0,1,0.2888
0.5815,0.825,1.0,1.0,1,0.3333,0.88,0.0,1,0.125,0.5,1.0,1,-1.0,0.3333,0,0.0,0.0,0,0.422
0.5117,0.45,0.5,0.5,1,0.1666,0.66,0.5,1,0.125,0.5,0.5,1,1.0,0.5,0,0.0,0.0,1,0.2888
0.4187,0.6,0.5,0.5,1,0.1666,0.26,0.5,1,0.125,1.0,0.5,0,1.0,0.3333,0,0.0,0.0,1,0.2666
0.442,0.275,0.5,0.5,1,0.1666,0.5,0.0,1,0.0,0.5,0.5,0,1.0,0.6665,0,0.0,0.0,1,0.2222
0.3489,0.65,0.0,0.0,1,0.1666,0.64,0.0,1,0.0,0.0,0.5,1,0.0,0.6665,0,0.0,0.5,0,0.1777
0.465,0.975,0.5,0.0,0,0.5,0.14,1.0,1,0.25,0.5,0.5,1,0.0,0.3333,0,1.0,0.0,1,0.3555
0.558,0.05,0.5,0.0,1,0.6665,0.54,0.5,1,0.0,0.5,0.0,1,-1.0,0.6665,0,0.5,1.0,0,0.1555
0.2094,0.875,1.0,0.0,1,0.5,0.48,1.0,1,0.25,0.0,0.5,1,-1.0,0.5,0,0.0,1.0,1,0.2444
0.4883,0.55,0.0,0.5,0,0.1666,0.34,0.0,1,0.125,0.0,1.0,0,0.0,0.1666,1,1.0,0.0,0,0.2222
0.5815,0.25,1.0,0.5,0,0.3333,0.62,0.0,1,0.0,0.0,1.0,1,0.0,0.5,0,0.0,0.5,1,0.2444
0.3953,0.95,1.0,0.0,0,0.6665,0.64,0.5,1,0.375,0.5,1.0,1,-1.0,0.5,0,0.5,0.0,1,0.3555
0.5347,0.475,0.0,1.0,0,0.3333,0.98,1.0,0,0.25,0.0,1.0,1,-1.0,0.5,0,0.0,0.0,1,0.2888
0.8374,0.325,0.5,1.0,1,0.3333,0.42,0.5,1,0.0,1.0,1.0,1,1.0,0.8335,0,0.0,0.5,1,0.3777
0.4187,0.175,0.5,1.0,0,0.1666,0.54,0.5,1,0.125,0.5,1.0,0,-1.0,0.6665,0,1.0,0.0,1,0.2444
0.4883,0.25,0.5,0.0,1,0.3333,0.16,0.0,1,0.5,1.0,0.5,1,1.0,0.3333,0,1.0,0.5,1,0.2444
0.3489,0.825,0.0,1.0,0,0.3333,0.54,1.0,1,0.25,0.0,0.5,1,-1.0,0.1666,0,0.0,0.5,1,0.2666
0.465,0.625,0.0,1.0,1,0.5,0.04,0.5,1,0.625,1.0,1.0,1,1.0,0.5,0,1.0,0.5,1,0.3555
0.5117,0.925,1.0,1.0,1,0.6665,0.14,0.0,0,0.25,1.0,0.5,1,1.0,0.1666,0,1.0,1.0,1,0.3777
0.465,0.225,0.0,0.5,0,0.5,0.18,0.5,1,0.375,0.0,0.5,1,0.0,0.5,0,1.0,0.0,1,0.2
0.3022,0.125,0.0,1.0,0,0.5,0.64,0.0,1,0.125,0.0,0.0,1,-1.0,0.5,0,0.0,0.0,1,0.1111
0.465,0.0,1.0,0.0,0,0.6665,0.56,0.5,1,0.25,0.5,1.0,1,1.0,0.3333,0,0.0,0.0,0,0.2
0.6514,0.5,0.5,0.0,1,0.1666,0.8,0.5,1,0.25,0.5,0.0,1,1.0,0.1666,0,0.5,0.0,0,0.3333
0.5117,1.0,0.5,0.0,1,1.0,0.46,0.5,1,0.375,0.5,0.5,0,0.0,0.3333,0,0.5,0.0,1,0.3777
0.5815,0.7,0.5,1.0,0,0.3333,0.48,0.5,1,0.0,0.0,0.5,1,-1.0,0.3333,0,0.0,0.5,0,0.2888
0.4187,0.3,0.5,0.0,1,0.6665,0.16,0.5,1,0.0,0.5,0.0,1,0.0,0.5,0,0.0,0.0,0,0.1555
0.5347,0.875,0.5,0.0,0,0.1666,0.74,0.5,1,0.0,0.0,0.5,1,0.0,0.3333,0,0.0,1.0,1,0.2888
0.4883,0.775,1.0,1.0,1,0.5,0.0,0.5,1,0.25,0.0,0.5,1,1.0,0.8335,0,1.0,0.5,1,0.3777
0.3022,0.025,0.5,0.0,1,0.5,0.42,0.5,1,0.0,0.5,0.0,0,0.0,0.1666,0,1.0,0.0,0,0.1111
0.4883,0.825,0.5,1.0,0,0.8335,0.18,0.0,1,0.375,0.0,1.0,1,1.0,0.6665,0,1.0,0.0,0,0.3777
0.3022,0.3,0.0,1.0,0,0.5,0.78,0.5,1,0.25,0.5,0.5,1,1.0,0.5,0,0.0,0.0,0,0.2222
0.3489,0.15,0.5,0.0,0,0.8335,0.68,1.0,1,0.375,0.0,0.0,1,1.0,0.6665,0,0.0,0.0,0,0.1777
0.465,0.225,0.5,0.0,1,0.5,0.7,0.5,1,0.25,0.5,0.5,0,1.0,0.0,0,1.0,0.0,1,0.2444
0.4883,0.475,0.0,0.5,0,1.0,0.14,0.0,1,0.125,0.5,1.0,1,1.0,0.3333,0,0.0,0.0,1,0.2222
0.279,0.425,0.5,1.0,0,0.0,0.66,0.5,1,0.125,0.5,1.0,1,-1.0,0.3333,0,1.0,0.5,1,0.2222
0.5815,0.3,0.0,1.0,0,0.6665,0.7,0.5,1,0.25,0.0,0.5,1,-1.0,0.5,0,0.0,0.0,1,0.2666
0.5117,0.175,0.5,0.5,0,0.0,0.0,0.0,1,0.5,0.0,0.5,0,1.0,0.5,0,0.5,0.5,1,0.2222
0.3489,0.75,1.0,0.5,0,0.5,0.32,0.5,1,0.0,1.0,1.0,1,-1.0,0.5,0,0.0,0.5,1,0.2666
0.2325,1.0,0.5,0.5,1,0.8335,0.08,0.0,1,0.125,0.0,0.5,1,-1.0,0.5,0,1.0,0.0,1,0.2444
0.4187,0.775,0.0,1.0,1,0.8335,0.68,1.0,1,0.25,1.0,1.0,1,1.0,0.5,1,0.0,0.0,1,0.3555
0.372,0.3,0.5,0.5,0,0.6665,0.22,0.5,1,0.125,0.5,0.5,1,0.0,0.6665,0,1.0,0.5,1,0.2
0.465,0.25,0.0,0.0,0,0.5,0.26,0.5,1,0.0,0.5,0.5,1,1.0,0.3333,0,0.0,1.0,1,0.1333
0.3953,0.225,1.0,1.0,1,0.6665,0.08,0.0,1,0.125,1.0,1.0,0,0.0,0.3333,0,0.0,0.0,1,0.2222
0.1628,0.125,0.5,0.5,0,1.0,0.48,0.5,1,0.125,0.5,1.0,0,1.0,0.8335,0,0.0,0.0,1,0.1333
0.3953,0.55,1.0,0.0,0,0.5,0.04,0.0,1,0.125,0.0,0.5,1,-1.0,0.6665,0,0.0,0.0,0,0.2
0.3953,0.6,1.0,1.0,1,0.6665,0.84,0.0,1,0.0,0.0,1.0,1,-1.0,0.5,0,0.5,0.0,0,0.311
0.5347,0.7,0.5,0.5,1,0.3333,0.02,1.0,1,0.5,0.5,0.0,1,1.0,0.6665,0,0.0,0.0,1,0.3555
0.3489,0.675,1.0,0.5,0,0.8335,0.06,1.0,1,0.375,0.5,1.0,0,0.0,0.8335,0,0.5,0.0,1,0.3333
0.6743,0.3,1.0,0.5,1,0.6665,0.64,1.0,1,0.125,0.0,0.5,1,1.0,0.1666,0,0.5,0.5,0,0.3333
0.186,0.325,0.5,0.5,1,0.3333,0.92,0.0,1,0.0,0.0,1.0,1,1.0,0.3333,0,0.0,0.0,1,0.1555
0.628,0.675,0.5,0.5,0,0.6665,0.9,0.5,1,0.25,0.5,0.0,0,1.0,0.5,0,1.0,0.0,0,0.4
0.4187,0.35,0.5,1.0,0,0.6665,0.08,1.0,1,0.0,0.5,0.5,1,1.0,0.5,0,0.5,0.0,1,0.2444
0.558,0.225,0.5,0.5,1,0.6665,0.28,0.5,1,0.125,1.0,0.0,1,-1.0,0.5,0,1.0,0.5,0,0.2444
0.442,0.375,0.0,0.5,0,0.5,0.52,0.5,1,0.375,1.0,1.0,0,-1.0,0.5,0,0.5,0.0,0,0.2444
0.6045,0.275,0.5,0.5,1,0.8335,0.02,0.5,0,0.375,1.0,0.5,1,0.0,0.1666,0,0.5,1.0,0,0.2444
0.3953,0.1,0.5,0.5,1,0.3333,0.52,0.5,1,0.25,0.5,1.0,1,1.0,0.6665,0,0.0,0.0,1,0.2222
0.279,0.825,0.0,0.0,0,0.5,0.44,1.0,1,0.25,0.5,0.5,0,1.0,0.3333,0,1.0,0.0,0,0.2666
0.6514,0.85,1.0,0.5,0,0.5,0.58,0.5,1,0.75,0.0,1.0,0,0.0,0.6665,0,0.5,0.0,0,0.4666
0.4187,0.225,0.5,0.5,1,0.8335,0.92,0.5,1,0.0,1.0,1.0,0,1.0,0.5,0,0.0,0.5,0,0.2444
0.465,0.075,0.5,0.5,1,0.3333,0.28,0.0,1,0.125,1.0,1.0,1,-1.0,0.5,0,0.0,0.0,1,0.1777
0.6045,0.75,0.5,0.5,0,0.5,0.64,0.5,1,0.0,0.5,0.5,1,1.0,0.5,0,0.5,0.5,0,0.3555
0.3022,0.2,0.5,1.0,0,0.3333,0.42,0.0,1,0.125,0.5,0.5,1,1.0,0.5,0,0.5,0.5,1,0.1777
0.5347,0.4,1.0,0.0,1,0.5,0.44,0.0,1,0.125,1.0,0.5,1,1.0,0.3333,0,0.5,0.5,1,0.2666
0.3489,0.075,0.5,0.5,1,0.6665,0.64,0.5,1,0.0,1.0,0.5,1,0.0,0.5,0,0.0,0.0,1,0.1777
0.4187,0.225,1.0,0.5,1,0.1666,0.96,0.5,1,0.0,1.0,0.5,1,0.0,0.6665,0,0.0,0.5,1,0.2444
0.442,0.8,0.5,0.5,1,0.8335,0.86,0.0,1,0.375,1.0,0.5,1,1.0,0.3333,0,0.5,0.0,0,0.3777
0.2325,0.8,1.0,0.5,1,0.6665,0.64,1.0,1,0.5,0.5,0.5,0,-1.0,0.3333,0,1.0,0.0,0,0.3333
0.3257,0.2,1.0,0.0,1,0.3333,0.46,0.5,0,0.0,0.5,0.5,1,1.0,0.5,0,0.5,0.0,1,0.1555
0.628,0.325,1.0,0.5,1,0.3333,0.42,0.5,1,0.0,0.5,1.0,0,1.0,0.3333,0,0.5,0.5,0,0.311
0.558,0.125,0.0,0.5,1,0.8335,0.78,0.5,1,0.25,0.5,1.0,1,0.0,0.5,0,0.0,0.0,0,0.2444
0.442,0.075,0.5,0.5,1,0.6665,0.22,0.5,1,0.25,1.0,0.5,1,0.0,0.5,0,0.0,0.0,1,0.2
0.465,1.0,0.0,0.5,1,0.3333,0.58,0.5,1,0.25,0.0,0.5,1,0.0,0.1666,0,0.0,0.0,0,0.3333
0.3953,0.65,0.5,0.5,0,0.3333,0.5,1.0,1,0.0,0.0,1.0,1,0.0,0.6665,0,0.0,0.0,1,0.2666
0.628,0.55,0.5,1.0,1,0.6665,0.64,0.0,1,0.125,0.5,0.5,0,-1.0,0.3333,0,1.0,0.0,1,0.3555
0.4187,0.775,0.5,0.5,0,0.6665,0.18,1.0,1,0.125,1.0,0.5,1,0.0,0.3333,0,1.0,0.0,1,0.311
0.465,0.85,1.0,0.0,0,0.6665,0.7,0.5,1,0.125,0.5,0.5,1,-1.0,0.6665,0,0.5,0.0,1,0.3333
0.6045,0.8,0.5,0.5,1,0.5,0.62,0.5,1,0.0,0.0,0.5,1,-1.0,0.1666,0,0.5,0.0,1,0.3333
0.3257,0.025,1.0,0.0,1,0.6665,0.18,0.5,1,0.125,0.5,0.5,1,0.0,0.3333,0,1.0,0.5,0,0.1333
0.6514,0.175,0.0,1.0,0,0.5,0.44,0.5,0,0.0,0.5,1.0,1,0.0,0.5,0,0.0,0.0,0,0.2222
0.2325,0.65,0.5,1.0,1,0.3333,0.68,0.5,1,0.0,1.0,1.0,0,0.0,0.5,0,0.0,0.0,1,0.2666
0.6743,0.375,0.5,0.0,1,0.8335,0.9,0.0,1,0.125,1.0,0.5,1,-1.0,0.8335,0,1.0,0.0,1,0.3333
0.3953,0.975,0.5,0.5,0,0.6665,0.12,0.5,0,0.25,0.0,1.0,0,-1.0,0.5,0,0.0,0.0,1,0.2666
0.4187,0.675,0.0,1.0,1,0.3333,0.0,0.5,1,0.375,0.0,0.5,1,0.0,0.3333,0,1.0,0.0,1,0.2888
0.186,0.95,1.0,1.0,0,0.5,0.16,0.5,1,0.25,0.5,0.5,1,-1.0,0.6665,0,0.5,0.0,1,0.311
0.372,0.2,0.5,0.5,0,0.5,0.98,0.5,1,0.125,0.5,0.0,0,0.0,0.1666,0,1.0,0.0,1,0.2222
0.3022,0.875,1.0,0.5,1,0.3333,0.76,0.5,1,0.25,0.0,0.0,1,0.0,0.3333,0,0.0,1.0,1,0.2888
0.3489,0.325,1.0,0.5,1,0.5,0.62,0.5,1,0.125,1.0,1.0,1,-1.0,0.6665,0,1.0,0.0,1,0.2666
0.4187,1.0,0.5,1.0,1,0.3333,0.14,0.5,1,0.125,1.0,0.5,0,1.0,0.3333,1,0.0,0.0,1,0.3333
0.5815,0.15,1.0,1.0,0,0.6665,0.42,1.0,1,0.25,0.5,0.5,1,0.0,0.5,0,0.0,0.0,0,0.2888
0.465,0.525,1.0,0.5,1,0.5,0.72,0.5,1,0.125,0.0,0.5,1,0.0,0.6665,0,0.5,0.0,1,0.311
0.4883,0.8,1.0,0.0,1,0.1666,0.9,0.0,1,0.0,0.0,0.0,1,1.0,0.5,0,1.0,0.0,1,0.3333
0.279,0.425,1.0,1.0,1,0.5,0.38,0.5,1,0.25,0.0,1.0,0,0.0,0.8335,0,0.5,0.5,1,0.2666
0.3257,0.475,1.0,1.0,1,0.3333,1.0,0.5,1,0.5,0.0,0.5,1,0.0,0.5,0,0.5,0.0,0,0.3333
0.6978,0.975,0.5,0.0,1,0.0,0.14,1.0,1,0.125,1.0,1.0,1,0.0,0.3333,0,1.0,0.5,0,0.422
0.3489,0.425,0.5,0.0,1,0.5,0.38,0.0,1,0.125,0.0,1.0,1,0.0,0.6665,0,0.0,0.0,0,0.1777
0.6743,0.6,1.0,0.5,1,0.8335,0.88,0.5,1,0.125,0.0,1.0,0,1.0,0.3333,1,0.0,0.0,0,0.3777
0.4187,0.05,1.0,0.5,0,0.5,0.64,0.0,1,0.0,0.0,0.0,0,0.0,0.8335,1,1.0,0.0,1,0.1555
0.442,0.85,0.5,0.5,0,0.6665,0.82,0.5,1,0.125,0.0,0.5,1,1.0,0.3333,0,1.0,0.0,0,0.3555
0.5815,0.65,0.5,0.0,0,0.5,0.9,0.5,1,0.0,0.0,1.0,1,-1.0,0.8335,0,0.0,0.5,1,0.2888
0.628,0.4,0.5,1.0,1,0.3333,0.5,1.0,1,0.375,1.0,0.5,1,1.0,0.5,0,0.0,0.0,1,0.3777
0.4187,0.025,0.5,1.0,1,0.3333,0.24,1.0,1,0.125,1.0,0.5,1,0.0,0.3333,0,1.0,0.5,0,0.2
0.3953,0.6,0.0,0.0,0,0.1666,0.7,0.5,1,0.0,0.5,0.5,1,0.0,0.6665,0,0.0,0.5,1,0.2
0.442,0.025,0.0,1.0,1,0.6665,0.56,0.5,1,0.0,0.0,0.5,0,1.0,0.8335,0,0.0,0.0,0,0.1777
0.4883,0.0,1.0,0.5,1,0.6665,0.78,0.5,1,0.25,0.5,1.0,0,0.0,0.6665,0,0.5,0.5,1,0.2444
0.558,0.625,0.5,0.5,1,0.5,0.52,0.5,1,0.25,1.0,0.5,1,1.0,0.3333,0,0.5,0.0,0,0.3555
0.442,0.2,0.5,1.0,1,0.0,0.82,1.0,1,0.5,1.0,0.5,0,1.0,0.6665,0,0.5,0.0,1,0.3333
0.5347,0.2,1.0,0.5,1,0.6665,0.9,0.0,1,0.375,0.5,0.5,1,1.0,0.0,0,0.0,0.5,1,0.2666
0.6743,0.65,1.0,1.0,1,0.3333,0.74,0.5,1,0.0,0.0,0.0,0,1.0,0.6665,0,0.5,0.0,0,0.4
0.4883,0.05,0.0,0.5,1,0.5,0.74,0.5,1,0.25,1.0,0.0,1,0.0,0.5,0,0.0,0.0,0,0.2
0.4883,0.325,0.0,0.5,0,0.1666,0.58,0.5,1,0.5,0.5,0.0,1,-1.0,0.1666,0,1.0,0.5,0,0.2222
0.2325,0.15,0.5,0.5,1,0.5,0.48,0.5,1,0.375,0.5,1.0,0,0.0,0.5,0,0.0,1.0,0,0.1555
0.06976,0.575,1.0,0.5,0,0.5,0.98,0.0,1,0.125,0.0,0.0,0,0.0,0.5,0,0.5,0.0,0,0.2
0.4883,0.65,0.0,0.5,0,0.0,0.64,0.0,1,0.125,0.0,0.0,0,1.0,0.8335,0,0.5,0.5,1,0.2666
0.4187,0.725,0.5,1.0,0,0.8335,0.84,1.0,1,0.625,0.5,0.5,0,1.0,0.5,0,1.0,0.0,1,0.422
0.372,0.25,1.0,0.5,0,0.5,0.5,0.5,1,0.125,0.0,0.5,0,0.0,0.6665,1,0.5,1.0,1,0.1777
0.465,0.1,1.0,0.0,1,0.5,0.56,0.0,1,0.125,0.5,0.5,1,1.0,0.6665,0,0.0,0.0,1,0.2
0.442,0.075,0.5,0.0,0,0.6665,0.66,0.0,1,0.5,0.5,0.5,1,0.0,0.5,0,1.0,0.5,0,0.2
0.6045,0.425,0.0,1.0,0,0.5,0.72,1.0,1,0.125,1.0,1.0,1,-1.0,0.5,0,0.5,0.0,1,0.3333
0.465,0.95,0.5,0.5,1,0.6665,0.44,0.5,1,0.375,0.0,0.0,1,1.0,0.5,0,0.0,0.5,0,0.3555
0.3489,0.225,0.5,0.5,1,0.1666,0.36,0.5,1,0.0,0.5,1.0,1,0.0,0.6665,0,0.5,0.5,1,0.1777
0.5815,0.25,0.5,1.0,1,0.5,0.24,0.5,1,0.0,0.0,0.5,0,-1.0,0.1666,0,0.5,0.0,0,0.2444
0.4187,0.1,0.5,1.0,1,0.0,0.42,0.5,1,0.125,1.0,0.5,1,0.0,0.5,0,0.0,0.0,1,0.2222
0.5117,0.6,0.5,1.0,0,0.5,0.22,0.5,1,0.25,0.5,1.0,1,0.0,0.8335,0,0.5,0.5,1,0.3333
0.372,0.675,0.0,0.0,1,0.8335,0.42,0.5,1,0.25,0.0,0.5,1,0.0,0.5,0,0.5,0.5,0,0.2222
0.3489,0.65,1.0,0.5,1,0.1666,0.88,1.0,1,0.0,0.5,0.5,1,-1.0,0.3333,0,0.0,0.0,1,0.2888
0.465,0.85,0.5,1.0,0,0.3333,0.98,0.5,1,0.125,0.5,1.0,0,0.0,0.3333,0,0.0,0.0,1,0.3777
0.442,0.475,0.5,1.0,1,0.0,0.58,0.0,1,0.0,0.5,1.0,0,0.0,0.6665,0,0.0,0.5,1,0.2666
0.5117,0.125,1.0,1.0,0,0.5,0.14,0.0,0,0.125,1.0,0.5,1,0.0,0.6665,0,0.0,0.0,1,0.2222
0.3953,0.3,0.5,0.5,0,0.6665,0.42,0.0,1,0.25,1.0,0.5,1,1.0,0.6665,0,1.0,0.0,1,0.2444
0.186,0.65,1.0,1.0,0,0.6665,0.6,0.5,1,0.125,0.0,0.5,1,1.0,0.8335,0,0.5,1.0,0,0.2666
0.372,0.625,0.5,0.0,0,0.3333,0.38,0.5,1,0.125,0.5,0.5,0,0.0,0.5,1,1.0,0.0,1,0.2222
0.558,0.525,0.5,0.5,0,0.0,0.2,0.5,1,0.25,0.5,0.5,0,0.0,0.5,0,0.0,0.0,1,0.2888
0.3953,0.675,0.5,0.5,0,0.1666,0.22,1.0,1,0.25,0.5,0.5,1,1.0,0.1666,0,0.0,0.0,1,0.2888
0.4187,0.625,0.5,1.0,1,0.8335,0.48,0.5,1,0.125,1.0,0.5,1,0.0,0.5,0,0.5,0.5,0,0.311
0.5815,0.875,0.5,0.0,1,0.6665,0.22,0.5,1,0.25,0.5,0.5,0,0.0,0.3333,0,1.0,0.0,0,0.3555
0.3489,0.575,0.5,0.5,1,0.5,0.24,0.5,1,0.0,0.0,0.5,0,0.0,0.1666,1,1.0,0.5,1,0.2
0.2325,0.775,0.0,1.0,0,0.5,0.88,0.5,1,0.125,0.5,0.5,1,0.0,0.5,1,0.0,0.5,1,0.2222
0.4187,0.25,0.5,0.5,0,0.1666,0.78,0.5,1,0.125,0.0,1.0,0,0.0,0.3333,0,0.0,0.0,1,0.2
0.372,0.675,0.5,0.5,1,0.8335,0.06,0.0,1,0.375,0.0,0.5,1,1.0,0.5,0,1.0,0.5,0,0.2666
0.3022,0.9,0.5,1.0,0,0.3333,0.32,0.5,1,0.375,0.5,0.5,1,1.0,0.3333,0,0.5,0.0,0,0.3333
0.4187,0.375,0.5,1.0,0,0.6665,0.54,0.5,1,0.125,0.0,0.0,1,1.0,0.6665,0,0.0,0.5,0,0.2444
0.5117,0.775,1.0,0.5,0,0.1666,0.06,0.0,1,0.375,0.5,1.0,0,-1.0,0.5,0,0.0,0.0,1,0.3333
0.442,0.725,0.5,1.0,1,0.5,0.68,0.0,1,0.125,1.0,1.0,1,0.0,0.6665,0,0.0,0.5,1,0.3333
0.4883,0.05,1.0,0.5,1,0.8335,0.38,0.0,1,0.125,1.0,0.0,0,-1.0,0.5,0,0.5,0.0,1,0.2
0.6978,0.575,0.0,1.0,1,0.3333,0.4,0.5,1,0.375,0.0,0.5,0,-1.0,0.5,0,0.5,0.0,1,0.3555
0.3953,0.125,0.5,1.0,1,0.6665,0.26,0.5,1,0.125,0.5,0.5,1,1.0,0.5,0,0.0,1.0,1,0.1777
0.4883,0.975,0.5,0.5,1,0.1666,0.34,1.0,1,0.125,0.5,1.0,0,-1.0,0.5,0,0.5,0.0,1,0.3777
0.372,0.8,1.0,1.0,0,0.3333,0.86,0.5,1,0.5,0.5,0.0,0,0.0,0.6665,0,0.5,0.5,0,0.3777
0.3257,0.1,1.0,0.0,1,0.5,0.78,0.0,1,0.0,0.0,0.5,1,-1.0,0.3333,0,0.0,0.0,1,0.1333
0.3489,0.125,1.0,0.0,1,0.6665,0.94,1.0,1,0.25,0.0,0.5,1,-1.0,0.6665,1,0.0,0.0,0,0.1777
0.372,0.6,0.0,1.0,0,0.5,0.7,1.0,1,0.0,0.5,0.5,0,1.0,0.3333,0,0.5,0.5,1,0.2666
0.4883,0.35,1.0,0.0,1,0.6665,0.58,0.0,1,0.375,0.5,0.5,1,0.0,0.1666,0,0.0,0.0,0,0.2666
0.7676,0.025,0.5,0.0,0,0.8335,0.26,0.0,1,0.25,0.5,0.5,1,0.0,0.8335,0,0.0,0.5,0,0.2222
0.3489,0.55,0.0,0.5,0,0.3333,0.66,0.5,1,0.0,0.5,0.5,1,-1.0,0.3333,0,0.0,0.0,0,0.2
0.3953,0.4,0.5,0.0,0,0.1666,0.9,1.0,1,0.25,1.0,1.0,1,1.0,1.0,0,1.0,0.0,0,0.311
0.442,0.1,0.5,1.0,0,0.3333,0.06,1.0,0,0.5,1.0,0.5,0,0.0,0.6665,0,0.5,0.5,0,0.2222
0.4883,0.8,1.0,1.0,0,0.8335,0.44,0.0,1,0.125,0.0,1.0,1,0.0,0.6665,1,1.0,0.0,1,0.3555
0.4883,0.925,0.5,0.5,1,0.3333,0.14,0.5,1,0.0,0.5,1.0,0,1.0,0.3333,0,0.0,0.0,1,0.3333
0.628,0.75,0.0,0.5,1,0.8335,0.82,0.5,1,0.0,0.5,0.5,1,1.0,0.3333,0,0.5,0.5,0,0.9556
0.093,0.825,0.5,0.5,1,0.5,0.62,0.5,0,0.125,0.0,1.0,1,0.0,0.3333,0,0.5,0.0,0,0.2222
0.1163,0.225,1.0,0.5,1,1.0,0.88,0.5,0,0.125,0.5,0.5,0,0.0,0.6665,0,1.0,0.0,0,0.1777
0.372,0.275,0.5,0.5,1,1.0,0.06,0.0,1,0.0,0.0,0.0,1,1.0,0.5,0,0.0,0.5,1,0.1333
0.6045,0.2,0.5,0.0,1,0.8335,0.9,0.5,1,0.125,0.0,0.5,1,1.0,0.5,0,0.5,0.5,1,0.2666
0.2325,0.775,0.5,0.5,0,0.1666,0.06,0.5,1,0.0,0.0,0.5,0,0.0,0.3333,0,1.0,0.0,0,0.2
0.02325,0.95,1.0,0.5,0,0.0,0.28,0.5,1,0.125,0.0,1.0,0,0.0,0.3333,0,0.0,0.0,0,0.2222
0.5117,0.725,1.0,1.0,1,0.5,0.16,0.5,1,0.25,0.5,1.0,0,1.0,0.5,0,1.0,0.5,1,0.4
0.465,0.875,0.5,1.0,1,0.6665,0.14,0.0,0,0.125,0.0,0.5,1,1.0,0.5,0,0.0,0.0,1,0.311
0.279,0.65,0.5,1.0,0,0.6665,0.18,0.5,1,0.375,0.5,0.5,1,0.0,0.5,0,0.0,0.0,1,0.2666
0.3022,0.4,1.0,0.5,0,0.3333,0.48,0.0,1,0.0,1.0,0.5,0,1.0,0.3333,1,0.5,1.0,1,0.1777
0.3022,0.425,1.0,1.0,1,0.1666,0.78,0.0,1,0.0,0.5,0.5,0,1.0,0.3333,0,0.5,0.0,1,0.2666
0.465,0.075,0.0,1.0,1,0.6665,0.9,0.5,1,0.25,1.0,0.5,1,0.0,0.8335,0,0.0,0.0,1,0.2444
0.3489,0.025,0.5,1.0,1,1.0,0.56,0.5,1,0.25,0.0,1.0,1,1.0,0.3333,0,0.5,0.5,0,0.2
0.5117,0.7,1.0,0.0,1,0.3333,0.16,0.5,1,0.25,0.0,0.5,1,0.0,0.3333,0,0.0,0.5,1,0.2888
0.0465,0.45,0.5,0.5,0,0.6665,0.08,1.0,1,0.25,1.0,0.5,1,1.0,0.6665,0,0.0,0.5,1,0.1333
0.3257,0.55,0.5,0.5,1,1.0,0.5,0.5,1,0.125,1.0,0.5,1,-1.0,0.1666,0,0.5,0.0,0,0.2444
0.279,0.55,0.5,0.5,1,0.5,0.76,0.5,1,0.0,0.0,0.5,1,0.0,0.3333,0,0.0,0.0,0,0.2222
0.3953,0.275,0.5,1.0,1,0.5,0.62,0.5,1,0.0,0.5,0.5,1,-1.0,0.6665,0,0.5,0.5,0,0.2222
0.372,0.475,0.5,0.5,0,0.6665,0.58,0.5,1,0.375,0.5,1.0,0,0.0,0.8335,1,1.0,0.0,1,0.2666
0.558,0.475,1.0,0.5,1,0.5,0.04,0.5,1,0.125,0.5,0.5,1,-1.0,0.3333,0,1.0,0.5,0,0.2888
0.186,0.4,0.5,0.5,1,0.8335,0.42,0.5,1,0.125,0.5,1.0,1,0.0,0.5,0,0.5,0.0,1,0.1777
0.442,0.825,1.0,0.5,0,0.3333,0.56,0.0,1,0.125,0.0,0.5,1,1.0,0.5,0,0.5,0.5,0,0.3333
0.5117,0.45,1.0,1.0,0,0.5,0.6,0.5,1,0.0,0.0,0.5,0,0.0,0.3333,0,0.0,0.0,0,0.2888
0.6978,0.6,0.5,0.5,0,0.1666,0.0,0.5,0,0.25,0.0,1.0,0,1.0,0.5,0,0.0,0.0,1,0.311
0.372,0.9,1.0,0.5,1,0.5,0.2,0.0,1,0.0,0.0,0.5,0,0.0,0.3333,1,0.5,0.0,1,0.2666
0.4883,0.875,0.5,0.5,0,0.1666,0.94,0.5,1,0.0,0.0,0.0,1,0.0,0.5,0,0.0,0.5,1,0.311
0.186,0.9,0.5,0.0,1,0.6665,0.5,0.0,1,0.125,0.0,1.0,0,1.0,0.6665,1,0.0,0.0,0,0.2222
0.1163,0.275,0.5,1.0,1,0.1666,0.7,0.5,1,0.125,0.0,0.5,1,1.0,0.3333,0,0.0,0.5,1,0.1333
0.558,0.025,0.5,1.0,1,0.6665,0.3,0.0,1,0.375,0.0,0.0,1,0.0,0.5,0,0.5,0.0,0,0.2222
0.442,0.25,0.0,0.5,1,0.3333,0.58,0.0,1,0.5,0.5,0.5,1,1.0,0.6665,0,1.0,0.0,1,0.2666
0.6045,0.275,0.5,1.0,1,1.0,0.36,0.5,1,0.125,0.0,0.5,1,-1.0,0.3333,0,0.0,0.5,1,0.2444
0.2559,0.9,0.5,0.5,0,0.8335,0.3,0.5,1,0.25,1.0,1.0,0,0.0,0.6665,1,1.0,0.0,0,0.311
0.5117,0.65,0.5,0.5,1,0.6665,0.42,1.0,1,0.375,0.5,0.5,1,0.0,0.6665,0,0.5,0.0,0,0.3555
0.6978,0.075,1.0,1.0,0,0.1666,0.46,0.5,1,0.125,1.0,0.0,1,1.0,0.3333,0,0.0,0.0,0,0.2888
0.5117,0.125,1.0,0.5,0,0.3333,0.34,1.0,0,0.375,0.5,0.5,0,-1.0,0.8335,0,0.0,0.5,1,0.2222
0.4883,0.15,0.5,0.5,0,0.3333,0.26,1.0,1,0.125,0.0,0.5,0,0.0,0.8335,0,1.0,1.0,1,0.2
0.442,0.625,0.5,0.0,0,0.3333,0.62,0.0,1,0.125,1.0,1.0,0,1.0,0.5,0,0.5,0.0,1,0.2888
0.2325,0.725,0.0,1.0,0,0.8335,0.38,0.0,1,0.125,0.0,0.0,1,0.0,0.5,0,0.0,0.0,1,0.2
0.628,0.85,0.5,1.0,0,0.5,0.2,0.0,1,0.125,0.0,0.5,1,1.0,0.5,0,0.0,0.0,1,0.3555
0.3489,0.95,1.0,0.5,0,0.3333,0.76,0.5,1,0.125,0.0,0.5,1,0.0,0.5,0,1.0,0.5,0,0.3333
0.5117,0.2,1.0,0.5,1,0.3333,0.72,0.5,1,0.0,0.5,0.5,1,1.0,0.3333,0,1.0,0.0,1,0.2888
0.2325,0.3,0.5,0.5,1,0.3333,0.88,0.0,1,0.25,0.5,0.5,1,1.0,0.5,0,0.0,0.5,1,0.1777
0.279,0.25,0.5,1.0,1,0.6665,0.56,0.5,1,0.0,0.0,0.5,0,-1.0,0.5,1,0.0,0.0,1,0.1333
0.6514,0.35,0.5,0.0,0,0.1666,0.28,0.5,1,0.25,0.5,0.5,1,0.0,0.1666,0,0.5,0.5,1,0.2444
0.3953,0.925,0.5,1.0,1,0.5,0.86,0.5,1,0.625,1.0,0.5,1,1.0,0.6665,0,0.5,0.0,0,0.4443
0.6514,0.575,1.0,1.0,1,0.6665,0.28,0.5,1,0.25,0.5,1.0,1,0.0,0.1666,0,0.0,1.0,1,0.3555
0.442,0.75,0.5,0.5,1,0.0,0.66,1.0,1,0.125,0.0,0.0,1,1.0,0.5,0,0.5,0.0,1,0.311
0.186,0.5,1.0,0.0,0,0.1666,0.2,0.5,1,0.25,0.0,0.5,0,0.0,0.5,0,0.0,0.0,1,0.1555
0.558,0.025,0.5,0.5,0,0.5,0.62,1.0,1,0.0,0.5,0.5,1,1.0,0.6665,0,0.0,0.5,0,0.2222
0.3489,0.075,0.5,0.0,0,0.8335,0.84,0.5,1,0.0,0.0,0.5,0,1.0,0.5,0,0.5,0.5,0,0.1333
0.5347,0.55,0.5,0.5,0,0.8335,0.54,0.5,1,0.375,0.5,0.5,1,1.0,0.3333,0,0.0,0.0,0,0.311
0.442,0.725,0.0,0.0,1,0.3333,0.48,0.0,1,0.125,0.5,0.0,0,1.0,0.5,0,1.0,1.0,1,0.2444
0.2325,0.225,1.0,0.5,1,0.8335,1.0,0.0,1,0.125,0.0,0.5,1,0.0,0.8335,0,0.0,0.0,1,0.2
0.465,0.725,1.0,0.5,1,0.5,0.02,0.0,1,0.125,0.5,0.5,1,1.0,0.6665,0,0.0,0.0,0,0.311
0.744,0.8,1.0,1.0,1,0.5,0.34,0.0,1,0.75,1.0,0.5,1,1.0,0.8335,0,0.0,0.0,0,0.511
0.5117,0.4,0.0,1.0,1,0.5,0.92,0.0,1,0.25,0.5,0.5,0,0.0,0.6665,0,0.0,0.0,0,0.2888
0.442,0.75,1.0,1.0,0,0.6665,0.64,0.5,1,0.25,1.0,0.5,0,-1.0,0.6665,1,0.0,0.5,0,0.3333
0.5815,0.4,0.0,0.5,1,0.3333,0.54,0.5,1,0.125,0.5,0.5,0,0.0,0.8335,0,0.0,0.0,1,0.2888
0.465,0.675,0.0,0.0,1,0.3333,0.64,0.5,1,0.0,0.5,1.0,1,0.0,0.8335,0,1.0,0.0,0,0.2888
0.465,0.775,0.5,0.5,0,0.1666,0.32,0.0,1,0.125,1.0,0.5,1,1.0,0.5,0,0.5,0.0,0,0.311
0.279,1.0,0.5,0.0,1,0.6665,0.08,0.5,1,0.0,0.5,1.0,1,1.0,0.5,0,0.5,0.0,0,0.2888
0.465,0.35,1.0,0.0,1,0.6665,0.28,0.5,1,0.375,0.0,0.0,1,0.0,0.1666,0,0.5,1.0,1,0.5557
0.5815,0.4,0.5,0.5,1,0.6665,0.34,1.0,1,0.125,0.0,0.5,1,-1.0,0.5,0,0.0,0.5,1,0.2666
0.3257,0.175,0.0,0.5,1,0.1666,0.48,0.5,1,0.125,1.0,1.0,1,1.0,0.3333,0,1.0,0.0,1,0.2
0.6514,0.2,0.5,0.0,0,0.3333,0.4,0.0,1,0.0,0.5,0.5,1,-1.0,0.3333,0,1.0,0.0,1,0.2
0.4187,0.7,0.5,0.5,1,0.8335,0.52,0.0,1,0.125,0.5,1.0,1,1.0,0.5,0,0.0,1.0,1,0.2888
0.3257,0.925,0.0,0.5,0,0.5,0.2,0.0,1,0.5,0.5,0.5,1,-1.0,0.5,0,0.0,0.0,0,0.2666
0.5815,0.4,0.5,0.5,0,0.5,0.18,0.0,1,0.0,0.5,0.5,1,0.0,0.1666,1,1.0,0.0,1,0.2222
0.3953,0.175,1.0,1.0,1,0.5,0.36,0.5,1,0.0,0.5,0.5,1,1.0,0.6665,0,0.0,0.0,1,0.2444
0.558,0.275,0.5,0.0,1,0.6665,0.48,0.0,1,0.5,0.5,0.5,1,1.0,0.6665,1,1.0,0.0,1,0.2666
0.3953,0.45,1.0,0.5,0,0.5,0.34,0.0,0,0.0,1.0,0.5,1,-1.0,0.5,0,0.5,0.5,1,0.2
0.442,0.3,0.5,0.0,1,0.3333,0.58,0.5,1,0.125,0.0,0.5,0,1.0,0.6665,0,1.0,0.0,0,0.2444
0.5117,0.225,0.5,0.0,1,0.6665,0.32,0.0,0,0.125,0.5,0.5,1,1.0,0.5,0,0.5,1.0,1,0.1777
0.4883,0.725,0.5,1.0,0,0.1666,0.18,1.0,1,0.625,0.5,0.5,0,1.0,0.6665,1,0.0,0.0,1,0.3555
0.1628,0.0,1.0,0.5,1,0.8335,0.86,1.0,1,0.0,0.0,1.0,1,0.0,0.5,0,1.0,0.0,0,0.1555
0.279,0.55,0.5,1.0,0,0.3333,0.2,0.5,1,0.125,0.0,0.0,1,1.0,0.6665,0,0.5,1.0,0,0.2
0.5815,0.8,0.0,0.5,1,0.6665,0.96,0.5,1,0.25,0.5,0.5,1,0.0,0.5,0,1.0,0.5,1,0.3777
0.4187,0.275,1.0,0.5,1,0.5,0.98,0.0,1,0.0,0.0,1.0,1,-1.0,0.6665,0,0.0,0.5,0,0.2222
0.372,0.6,0.0,1.0,0,0.3333,0.7,0.5,1,0.125,0.5,0.0,1,1.0,0.3333,0,0.5,0.0,0,0.2666
0.2559,0.675,1.0,1.0,1,0.8335,0.5,0.5,0,0.125,0.0,0.5,0,0.0,0.5,1,0.5,0.5,0,0.2222
0.3022,0.65,0.0,0.0,1,0.6665,0.8,0.0,1,0.0,0.0,0.5,0,0.0,0.1666,0,0.0,0.0,1,0.1777
0.1628,0.45,1.0,1.0,0,0.5,0.88,0.0,1,0.125,1.0,1.0,1,0.0,0.5,1,0.0,0.0,0,0.2222
0.4187,0.35,0.5,0.5,1,1.0,0.7,0.5,1,0.125,0.0,0.5,1,1.0,0.8335,0,1.0,0.5,1,0.2666
0.3489,0.825,0.5,0.5,1,0.6665,0.1,0.0,1,0.0,1.0,0.5,1,0.0,0.6665,0,0.0,0.5,1,0.2666
0.3022,0.75,0.0,0.5,1,0.3333,0.0,0.5,1,0.0,0.5,1.0,0,1.0,0.5,0,0.5,0.5,1,0.2222
0.442,0.325,0.5,1.0,1,0.0,0.2,0.5,1,0.125,0.0,0.5,0,1.0,0.5,1,0.0,0.5,1,0.2
0.4883,0.1,1.0,0.0,0,0.5,0.18,1.0,1,0.0,0.5,1.0,0,1.0,0.8335,1,0.0,0.0,0,0.2
0.744,0.075,1.0,1.0,1,0.8335,0.18,0.5,1,0.125,0.5,0.5,1,1.0,0.6665,0,0.0,0.0,1,0.311
0.2325,0.1,0.5,0.5,0,0.6665,0.5,0.0,1,0.125,1.0,0.5,0,1.0,0.5,0,0.0,0.5,1,0.1111
0.6045,0.575,0.5,0.5,1,0.8335,0.52,0.5,1,0.125,0.0,1.0,1,1.0,0.6665,0,0.0,0.0,1,0.3333
0.5815,0.05,0.0,1.0,0,0.3333,0.72,0.5,1,0.25,0.5,0.5,1,1.0,0.5,0,0.0,0.0,1,0.2444
0.3257,0.325,0.5,0.5,1,0.5,0.2,1.0,1,0.375,0.5,0.5,1,0.0,0.6665,0,0.5,0.0,0,0.2444
0.465,0.75,0.5,0.0,0,0.5,0.1,0.5,1,0.25,0.5,0.5,1,0.0,0.3333,0,0.5,0.0,0,0.2888
0.372,0.3,0.0,0.5,0,0.5,0.66,0.0,1,0.375,0.5,1.0,1,-1.0,0.5,1,0.0,1.0,0,0.1555
0.465,0.775,0.5,1.0,1,0.6665,0.48,0.0,1,0.0,0.5,0.5,1,-1.0,0.3333,0,1.0,0.0,0,0.3333
0.6514,0.75,0.5,0.5,1,0.8335,0.66,0.5,1,0.0,0.5,1.0,0,1.0,0.5,0,0.0,0.0,0,0.3777
0.5347,0.25,0.0,0.0,1,1.0,0.38,1.0,1,0.125,1.0,0.5,1,-1.0,0.3333,0,0.0,0.5,0,0.2
0.5117,0.725,0.0,0.5,0,0.8335,0.76,1.0,1,0.125,1.0,0.5,1,0.0,0.8335,0,1.0,0.0,1,0.3555
0.372,0.75,0.5,1.0,0,0.6665,0.68,0.5,1,0.125,0.0,0.0,1,-1.0,0.6665,0,0.0,1.0,0,0.2666
0.2325,0.4,0.0,0.5,0,0.3333,0.66,1.0,1,0.375,0.5,0.5,1,1.0,0.1666,0,0.0,0.0,0,0.2
0.4187,0.2,1.0,1.0,0,0.5,0.02,0.5,0,0.125,1.0,0.5,1,1.0,0.1666,0,0.0,0.5,0,0.2
0.6045,0.525,0.5,1.0,1,0.6665,0.86,0.5,1,0.0,1.0,1.0,1,0.0,0.5,0,0.5,0.0,0,0.3777
0.2325,0.925,0.0,0.0,1,0.5,0.38,0.5,1,0.375,0.0,0.5,1,1.0,0.3333,0,0.0,0.0,0,0.2444
0.3022,0.65,1.0,0.5,0,0.3333,0.14,0.5,1,0.375,1.0,1.0,0,0.0,0.3333,0,0.5,0.0,0,0.2888
0.465,0.175,0.5,0.5,1,0.3333,0.76,0.5,1,0.125,0.0,0.5,0,1.0,0.8335,0,1.0,0.0,0,0.8887
0.3022,0.675,0.5,0.0,1,0.6665,0.48,0.5,1,0.0,0.5,1.0,1,0.0,0.5,1,0.5,0.5,1,0.2
0.3257,0.425,0.5,0.5,1,0.5,0.04,0.5,1,0.125,0.5,0.5,1,0.0,0.3333,0,0.5,0.0,1,0.2
0.372,0.6,0.0,1.0,1,0.5,0.78,0.5,1,0.25,1.0,0.5,1,1.0,0.3333,0,0.0,0.5,1,0.2888
0.2559,0.725,0.5,0.0,1,0.5,0.44,0.5,1,0.125,1.0,1.0,1,0.0,0.8335,0,0.5,0.0,1,0.2666
0.3022,0.525,0.5,0.5,0,0.3333,0.76,0.5,1,0.125,1.0,0.5,1,1.0,0.5,0,1.0,0.5,0,0.2666
0.5347,0.825,1.0,0.5,1,0.5,0.76,0.0,1,0.125,0.5,1.0,1,-1.0,0.5,0,0.0,0.5,0,0.3555
0.2559,0.725,0.5,0.0,1,0.3333,0.1,0.0,1,0.125,0.0,1.0,1,-1.0,0.5,0,0.0,0.0,0,0.1777
0.2094,0.625,0.5,0.5,1,0.3333,0.62,0.5,1,0.375,0.0,0.5,1,0.0,0.5,0,0.0,0.0,0,0.2444
0.3489,0.15,1.0,1.0,0,0.1666,0.36,1.0,0,0.25,0.0,0.5,1,1.0,0.8335,0,1.0,0.5,1,0.2222
0.5347,0.825,0.5,0.0,1,0.5,0.54,0.5,1,0.0,0.0,0.5,0,-1.0,0.5,0,0.0,0.0,0,0.2888
0.4187,0.925,0.5,0.0,1,0.6665,0.08,0.5,1,0.0,1.0,0.5,1,0.0,0.3333,0,0.0,0.0,1,0.2888
0.372,0.125,0.5,1.0,0,0.8335,0.58,0.5,1,0.0,0.5,0.5,1,1.0,0.3333,1,0.0,0.5,1,0.1555
0.442,0.5,0.0,0.5,1,0.1666,0.78,0.5,1,0.0,1.0,1.0,1,0.0,0.5,0,1.0,1.0,1,0.2666
0.2094,0.25,1.0,1.0,1,0.8335,0.98,0.5,1,0.125,0.5,0.5,1,0.0,0.6665,0,0.0,0.5,0,0.2222
0.5117,0.75,1.0,0.5,1,0.5,0.32,0.0,1,0.25,1.0,1.0,1,0.0,0.5,0,0.0,0.0,0,0.3555
0.4883,0.725,0.5,1.0,1,0.1666,0.16,0.5,1,0.5,1.0,1.0,1,0.0,0.3333,1,0.5,0.0,0,0.3555
0.3953,0.15,1.0,0.5,1,0.3333,0.36,0.0,0,0.125,0.5,1.0,1,1.0,0.5,1,0.0,1.0,1,0.1333
0.5815,0.875,0.5,0.5,0,0.0,0.02,0.5,1,0.125,0.0,0.5,1,1.0,0.3333,0,0.0,0.0,1,0.3333
0.279,0.175,0.5,0.0,1,0.1666,0.4,0.5,1,0.0,0.0,1.0,0,-1.0,0.3333,0,0.0,0.0,1,0.1111
0.6045,0.8,0.0,0.5,0,1.0,0.92,0.5,1,0.0,0.0,0.5,1,0.0,0.3333,0,1.0,1.0,1,0.3333
0.465,0.45,0.5,1.0,0,0.3333,0.2,1.0,1,0.125,0.0,1.0,0,0.0,0.3333,0,0.5,0.0,0,0.2666
0.3953,0.325,0.5,0.5,1,0.6665,0.48,0.0,0,0.375,0.5,1.0,0,0.0,0.3333,0,1.0,0.0,1,0.2444
0.442,0.15,0.0,0.0,1,0.5,0.58,0.5,1,0.25,0.5,0.5,0,1.0,0.3333,0,0.0,0.5,0,0.1777
0.4187,0.175,0.5,0.5,0,0.5,0.18,0.0,1,0.375,0.0,1.0,0,1.0,0.5,0,1.0,0.0,0,0.2222
0.6045,0.65,1.0,0.5,1,0.6665,0.34,1.0,1,0.625,1.0,1.0,1,1.0,0.3333,1,1.0,0.0,0,0.4443
0.3022,0.55,1.0,0.5,0,0.0,0.92,0.0,1,0.25,1.0,0.5,0,-1.0,0.6665,1,0.0,0.0,1,0.2444
0.3257,0.125,0.5,0.5,0,0.8335,0.3,0.5,1,0.125,0.0,0.5,1,0.0,0.3333,0,0.5,0.0,0,0.1333
0.5815,0.125,0.5,0.5,1,0.5,0.64,0.0,1,0.125,0.0,0.5,1,1.0,0.1666,0,1.0,1.0,1,0.2222
0.3489,0.075,0.0,0.5,1,0.3333,0.14,0.5,1,0.25,0.0,0.0,1,0.0,0.5,0,1.0,0.0,1,0.1333
0.558,0.75,1.0,1.0,1,0.6665,0.66,0.5,1,0.25,0.5,0.5,1,-1.0,0.5,0,0.5,0.0,1,0.4
0.6743,0.7,1.0,0.5,1,0.3333,0.28,0.5,1,0.125,1.0,0.5,1,0.0,0.3333,0,0.5,0.0,0,0.4
0.3953,0.05,0.5,0.5,1,0.5,0.24,0.5,1,0.125,0.5,0.5,1,1.0,0.8335,0,0.5,0.5,1,0.1777
0.5347,0.55,0.0,0.5,0,0.5,0.12,0.5,1,0.125,0.5,0.5,1,1.0,0.5,0,1.0,0.5,1,0.2666
0.279,0.075,0.5,1.0,1,0.6665,0.04,0.5,1,0.25,0.0,0.5,1,1.0,0.6665,0,0.0,0.0,1,0.1555
0.558,0.9,0.0,0.0,0,0.5,0.96,0.5,1,0.125,0.5,0.5,0,0.0,0.5,0,0.5,0.0,1,0.3555
0.465,0.9,0.5,0.5,1,0.1666,0.42,0.5,1,0.25,0.0,1.0,1,-1.0,0.6665,0,0.0,0.5,1,0.3333
0.5117,0.7,0.5,0.5,0,0.6665,0.78,0.5,1,0.0,0.5,1.0,0,1.0,0.8335,0,0.0,0.0,0,0.3333
0.3489,0.925,0.5,0.5,0,0.5,0.92,0.0,0,0.5,0.0,1.0,0,0.0,0.3333,0,0.0,0.0,0,0.311
0.2094,0.8,0.5,0.5,0,0.0,0.2,1.0,1,0.375,0.0,0.0,1,1.0,0.3333,0,0.5,0.0,0,0.2444
0.5117,0.825,0.0,1.0,1,0.5,0.86,1.0,1,0.125,0.5,1.0,1,-1.0,0.5,0,0.0,0.0,0,0.3777
0.1628,0.575,1.0,0.0,1,0.3333,0.7,0.0,1,0.125,0.0,1.0,1,0.0,0.5,0,0.0,1.0,0,0.1777
0.3953,0.3,0.0,0.5,1,0.6665,0.58,0.5,1,0.125,0.5,1.0,1,1.0,0.6665,0,0.0,0.5,1,0.2222
0.5815,0.225,1.0,1.0,1,0.3333,0.8,0.5,1,0.375,0.5,0.5,1,1.0,0.5,0,0.5,0.5,0,0.3555
0.465,0.325,0.5,0.5,0,0.1666,0.12,0.5,1,0.625,1.0,0.5,0,0.0,0.5,0,0.0,0.5,1,0.2444
0.7207,0.625,0.5,0.0,1,0.8335,0.26,0.0,0,0.25,1.0,0.5,1,0.0,0.5,0,0.0,0.5,1,0.311
0.5815,0.175,0.0,0.5,0,0.6665,0.14,0.5,1,0.0,0.5,0.5,1,-1.0,0.6665,0,0.5,1.0,0,0.1555
0.3489,0.25,1.0,1.0,0,0.5,0.9,1.0,0,0.125,0.5,0.5,1,0.0,0.5,0,0.0,0.0,0,0.2444
0.442,0.475,0.5,0.0,1,0.6665,0.1,0.0,1,0.375,0.0,0.5,0,1.0,0.6665,0,0.0,0.0,0,0.2444
0.442,0.225,0.5,0.0,1,0.6665,0.98,1.0,1,0.125,0.5,1.0,1,-1.0,0.5,1,0.0,0.5,0,0.2
0.2325,0.6,0.0,0.5,1,0.5,0.1,1.0,1,0.0,0.5,1.0,1,-1.0,0.5,0,0.0,0.0,1,0.1777
0.3022,0.925,0.5,0.5,1,0.1666,0.66,0.5,1,0.0,0.0,0.5,1,1.0,0.3333,0,0.0,0.0,0,0.2888
0.372,0.75,0.5,0.5,0,0.5,0.66,0.0,1,0.625,0.5,1.0,1,-1.0,0.5,1,0.0,0.0,1,0.2888
0.1628,0.675,1.0,1.0,0,0.8335,0.94,0.0,1,0.25,0.0,0.5,1,1.0,0.5,0,0.0,0.0,1,0.2666
0.442,0.575,1.0,0.0,1,0.6665,0.32,0.5,1,0.125,1.0,0.5,0,0.0,0.5,1,0.5,0.0,0,0.2666
0.4187,0.5,1.0,1.0,1,0.5,0.34,0.5,1,0.25,0.0,1.0,1,0.0,0.3333,1,1.0,0.0,0,0.2888
0.2094,0.175,1.0,0.5,1,0.6665,0.84,0.5,1,0.125,0.5,1.0,1,-1.0,0.6665,0,1.0,0.0,1,0.2222
0.4883,0.9,0.0,1.0,1,0.5,0.98,1.0,1,0.5,0.0,0.5,1,1.0,0.6665,0,0.5,0.5,1,0.422
0.5347,0.25,0.5,1.0,1,0.8335,0.04,1.0,1,0.125,0.0,0.5,1,1.0,0.3333,0,1.0,0.5,1,0.6665
0.465,0.1,0.5,0.5,0,0.8335,0.64,0.5,1,0.25,0.0,0.5,1,0.0,0.5,0,0.5,0.5,1,0.2
0.3953,0.75,0.0,0.5,1,0.1666,0.24,1.0,1,0.375,0.5,0.5,0,0.0,0.3333,0,0.0,0.5,0,0.2666
0.5347,0.175,1.0,1.0,1,0.8335,0.72,0.5,1,0.25,0.5,0.5,1,-1.0,0.3333,0,0.5,0.0,0,0.2888
0.5347,0.375,0.0,0.5,1,1.0,0.78,0.0,1,0.0,0.5,1.0,0,1.0,0.5,0,0.5,0.0,0,0.2666
0.4883,0.025,1.0,0.5,0,0.6665,0.76,0.0,1,0.125,0.5,1.0,1,0.0,0.6665,0,0.0,0.0,0,0.2222
0.3257,0.125,1.0,1.0,1,0.6665,0.44,0.0,1,0.25,0.0,0.5,0,0.0,0.3333,1,1.0,1.0,1,0.1777
0.4883,0.175,0.5,0.5,1,0.3333,0.16,0.5,1,0.125,0.0,0.5,1,0.0,0.3333,0,1.0,0.0,1,0.2
0.6045,0.05,0.0,0.0,1,0.3333,0.58,0.5,1,0.0,0.0,0.5,0,-1.0,0.5,0,0.5,0.5,1,0.1555
0.3489,0.65,0.0,1.0,1,0.5,0.78,0.0,1,0.125,0.5,0.0,1,1.0,0.3333,0,1.0,0.0,0,0.2888
0.744,0.825,0.5,0.5,1,0.3333,0.92,1.0,1,0.0,0.0,0.5,0,1.0,0.6665,0,1.0,1.0,0,0.4443
0.372,0.375,0.5,0.0,0,0.1666,0.46,1.0,1,0.0,0.0,0.5,0,0.0,0.6665,0,0.0,0.0,0,0.1777
0.442,0.875,0.5,0.0,1,0.5,0.24,0.0,1,0.25,0.0,0.5,1,0.0,0.6665,0,0.5,0.5,1,0.2888
0.3489,0.225,0.5,0.5,0,0.6665,0.12,0.0,1,0.25,0.5,0.5,0,0.0,0.5,0,1.0,0.0,1,0.1777
0.465,0.325,1.0,1.0,0,0.1666,0.8,0.5,1,0.0,0.5,0.5,1,0.0,0.3333,0,0.5,0.0,0,0.2888
0.2094,0.15,0.5,1.0,0,0.5,0.54,0.5,1,0.0,0.5,1.0,1,1.0,0.3333,0,0.0,0.0,1,0.1555
0.372,0.625,0.0,0.5,1,0.5,0.68,0.5,1,0.375,0.5,0.5,1,1.0,0.3333,0,0.5,1.0,0,0.2666
0.279,0.425,1.0,1.0,0,0.5,0.16,0.5,1,0.25,0.0,0.5,1,1.0,0.5,0,0.0,0.0,1,0.2444
0.465,0.625,0.5,0.5,0,0.6665,0.0,0.0,1,0.125,0.5,1.0,0,0.0,0.3333,0,0.0,1.0,1,0.2222
0.5815,0.75,0.5,0.5,1,0.6665,0.96,0.5,1,0.0,0.0,0.0,0,-1.0,0.5,1,1.0,0.5,0,0.311
0.5347,0.55,1.0,0.5,0,0.3333,0.82,0.5,1,0.25,1.0,0.5,1,1.0,0.1666,0,0.0,0.0,1,0.3333
0.1163,0.625,1.0,0.5,1,0.8335,0.4,1.0,1,0.0,0.0,0.5,1,1.0,0.5,1,1.0,0.0,0,0.2
0.7207,0.925,1.0,0.5,1,0.6665,0.46,0.5,1,0.0,1.0,0.5,1,-1.0,0.5,0,0.5,0.0,0,0.4443
0.4883,0.3,0.0,0.0,1,0.8335,0.92,1.0,1,0.125,0.0,0.5,0,1.0,0.5,0,0.5,0.0,1,0.2444
0.3257,0.35,0.5,0.0,0,0.5,0.2,0.0,1,0.25,0.5,0.5,1,1.0,0.5,0,0.0,1.0,0,0.1555
0.465,0.725,0.0,0.5,0,0.5,0.8,0.0,1,0.5,1.0,0.5,1,0.0,0.8335,0,1.0,1.0,1,0.3333
0.465,0.6,1.0,1.0,0,0.5,0.02,0.5,1,0.0,0.5,0.5,1,1.0,0.5,0,0.0,0.5,1,0.2888
0.3489,0.175,0.5,1.0,1,0.8335,0.88,1.0,1,0.125,0.5,0.5,0,0.0,0.3333,0,1.0,0.0,0,0.2444
0.465,0.375,0.0,1.0,1,0.5,0.58,0.5,1,0.0,0.0,0.5,1,0.0,0.3333,0,0.0,0.0,1,0.2222
0.3489,0.475,1.0,0.5,1,0.5,0.48,1.0,1,0.375,0.5,0.5,0,1.0,0.3333,0,1.0,1.0,1,0.2888
0.3953,0.425,1.0,0.5,0,1.0,0.7,0.0,1,0.25,0.5,0.5,1,1.0,0.5,0,1.0,0.0,0,0.2888
0.3489,0.175,0.5,0.5,1,0.1666,0.06,0.0,1,0.25,0.5,0.5,0,1.0,0.5,0,0.0,0.5,1,0.1555
0.2325,0.925,0.0,0.5,1,0.6665,0.2,0.0,1,0.25,0.0,0.5,1,1.0,0.5,0,0.5,0.0,0,0.2444
0.465,0.75,0.5,0.0,0,0.5,0.4,0.5,1,0.25,0.0,0.5,1,-1.0,0.3333,0,1.0,0.0,0,0.2888
0.5347,0.475,1.0,0.5,0,0.5,0.62,1.0,1,0.0,1.0,0.5,1,1.0,0.3333,0,0.0,0.5,1,0.311
0.5117,0.675,0.5,0.0,0,0.3333,0.14,0.5,1,0.25,1.0,0.5,1,1.0,0.5,1,0.0,0.0,1,0.2666
0.558,0.9,0.0,1.0,1,0.3333,0.38,0.0,1,0.375,1.0,0.5,1,1.0,0.3333,0,1.0,0.0,1,0.422
0.4883,0.125,0.0,0.5,0,0.3333,0.26,0.5,0,0.25,0.5,0.5,1,0.0,0.5,0,0.0,1.0,1,0.1333
0.372,0.25,1.0,0.5,0,0.6665,0.64,0.0,1,0.25,1.0,1.0,1,-1.0,0.3333,1,0.0,0.5,0,0.2
0.558,0.55,0.5,0.5,0,0.6665,0.92,0.5,1,0.125,0.0,0.5,0,1.0,0.3333,0,0.0,0.5,0,0.311
0.2559,0.8,1.0,0.5,0,0.0,0.16,0.0,1,0.25,0.5,0.5,1,1.0,0.3333,1,0.5,0.5,1,0.2444
0.3257,0.025,0.5,0.5,0,0.1666,0.18,1.0,1,0.0,0.0,1.0,1,0.0,0.6665,0,0.0,0.0,0,0.1333
0.3022,0.975,0.5,0.5,1,0.6665,0.6,1.0,1,0.375,0.5,0.0,0,0.0,0.6665,0,0.5,0.0,0,0.3555
0.5815,0.45,1.0,1.0,1,0.6665,0.46,0.5,0,0.25,0.0,0.5,0,1.0,0.6665,0,0.5,0.0,0,0.3555
0.5815,0.35,0.5,0.5,0,0.1666,0.72,0.0,1,0.25,0.0,1.0,1,1.0,0.6665,0,0.5,0.0,0,0.311
0.5117,0.3,0.5,0.5,1,0.6665,0.28,0.0,1,0.125,0.0,0.5,1,0.0,0.6665,0,1.0,0.0,0,0.2444
0.5815,0.175,0.0,0.5,1,0.5,0.54,0.0,1,0.25,0.0,1.0,0,0.0,0.5,1,0.0,0.5,1,0.2
0.3257,0.8,0.0,0.5,0,0.6665,0.38,0.5,1,0.125,1.0,0.5,0,0.0,0.6665,0,1.0,0.0,1,0.2888
0.4883,0.95,1.0,0.5,1,0.3333,0.28,0.0,1,0.0,0.5,1.0,1,1.0,0.5,0,0.0,0.5,0,0.3555
0.4187,0.425,1.0,0.5,1,0.1666,0.72,1.0,1,0.0,0.5,0.0,1,-1.0,0.6665,1,0.0,0.0,1,0.2444
0.558,0.95,0.5,0.5,1,0.5,0.8,1.0,1,0.125,1.0,0.0,1,0.0,0.6665,0,1.0,0.0,1,0.8667
0.4187,0.825,0.0,1.0,1,0.5,0.32,0.0,1,0.125,0.5,0.5,0,0.0,0.5,0,0.0,0.0,0,0.2888
0.3953,0.475,0.5,0.5,0,0.5,0.62,0.5,0,0.125,0.5,1.0,0,1.0,0.6665,0,0.5,0.5,0,0.2444
0.5117,0.675,1.0,0.0,0,0.3333,0.18,0.5,1,0.5,0.5,1.0,1,0.0,0.3333,0,0.0,0.0,1,0.3333
0.558,0.425,0.5,0.5,0,1.0,0.8,0.5,1,0.125,0.0,0.5,1,0.0,0.5,0,0.0,0.0,1,0.2888
0.3489,0.55,1.0,0.0,0,0.0,0.28,0.0,1,0.125,0.5,0.5,0,0.0,0.3333,0,1.0,0.5,1,0.2222
0.442,0.05,0.5,0.5,1,0.3333,0.18,0.0,1,0.375,0.5,0.5,1,1.0,0.6665,0,0.0,0.0,1,0.2
0.3022,0.7,1.0,0.5,1,0.3333,0.94,0.5,1,0.0,0.0,0.5,1,1.0,0.5,0,0.5,0.0,1,0.311
0.093,0.05,1.0,1.0,0,0.5,0.42,0.0,1,0.125,0.0,0.5,0,1.0,0.6665,0,0.5,1.0,1,0.08887
0.465,0.825,0.0,0.5,0,0.6665,0.64,0.5,1,0.25,0.5,1.0,0,0.0,0.6665,0,0.5,0.0,1,0.3333
0.5347,0.825,1.0,0.0,1,0.6665,0.8,1.0,1,0.0,1.0,0.5,0,-1.0,0.3333,0,0.5,0.0,1,0.3777
0.4883,0.225,0.0,0.5,0,0.8335,0.68,0.5,1,0.0,0.5,0.5,1,0.0,0.5,0,0.5,0.5,1,0.2
0.1628,0.325,0.5,1.0,0,0.6665,0.56,1.0,1,0.0,0.5,1.0,0,-1.0,0.5,0,0.0,0.0,1,0.1777
0.3953,0.475,0.5,0.5,1,0.0,0.38,0.5,1,0.25,1.0,0.0,0,1.0,0.5,0,0.5,0.0,1,0.2666
0.1395,0.6,0.5,0.5,1,0.1666,0.92,0.5,0,0.125,0.0,0.0,1,1.0,0.5,1,0.0,0.0,1,0.1555
0.628,0.275,0.5,0.5,1,0.8335,0.14,1.0,1,0.125,0.0,1.0,1,0.0,0.6665,0,1.0,0.0,0,0.311
0.279,0.6,0.5,0.5,1,0.8335,0.88,0.5,1,0.375,0.5,0.5,1,-1.0,0.3333,1,0.0,0.0,1,0.2444
0.628,0.3,0.0,0.0,0,0.6665,0.7,1.0,1,0.5,0.0,0.5,0,-1.0,0.3333,0,0.0,0.0,0,0.2444
0.5815,0.05,0.0,0.5,0,0.3333,0.58,0.5,1,0.125,0.0,0.5,1,1.0,0.5,1,0.5,0.0,0,0.1777
0.3257,0.0,0.5,0.5,0,0.5,0.32,1.0,1,0.25,1.0,0.5,1,0.0,0.6665,0,0.0,0.0,1,0.1555
0.279,0.1,0.5,1.0,0,0.3333,0.14,0.0,1,0.125,0.0,0.0,1,0.0,0.5,1,0.0,0.5,0,0.06665
0.4883,0.8,0.5,0.0,0,0.1666,0.44,0.0,1,0.0,0.5,0.5,0,-1.0,0.6665,0,0.5,0.5,1,0.2666
0.3257,0.95,0.5,0.5,1,0.5,0.78,0.0,0,0.25,0.0,0.0,1,0.0,0.5,0,0.5,0.5,1,0.2888
0.465,0.425,1.0,0.5,0,1.0,0.74,0.0,1,0.125,0.0,0.5,1,0.0,0.5,0,0.5,0.0,1,0.2666
0.372,0.525,0.5,0.5,0,0.3333,0.64,0.5,1,0.375,0.0,0.5,0,0.0,0.6665,0,0.5,0.0,1,0.2666
0.186,0.15,0.0,0.5,0,0.8335,1.0,0.0,1,0.375,0.5,0.5,1,0.0,0.5,0,0.5,0.0,1,0.1555
0.1395,0.55,0.5,1.0,1,0.3333,0.98,0.5,1,0.25,0.5,1.0,1,-1.0,0.3333,0,1.0,0.5,1,0.2444
0.465,0.15,0.5,0.5,1,0.1666,0.4,0.5,1,0.125,0.0,1.0,0,1.0,0.8335,0,0.0,0.0,0,0.2222
0.372,0.6,0.5,1.0,1,0.6665,0.2,0.5,1,0.0,0.0,0.0,0,1.0,0.8335,0,0.5,0.0,0,0.2666
0.372,0.925,0.5,0.0,0,0.5,0.46,1.0,0,0.125,0.5,1.0,0,0.0,0.6665,0,0.5,0.0,1,0.311
0.5347,0.2,0.5,1.0,1,0.8335,0.84,0.0,1,0.125,0.0,1.0,1,1.0,0.3333,0,0.0,0.0,1,0.2666
0.6045,0.775,0.0,0.5,1,0.8335,0.46,0.0,1,0.0,0.0,0.5,0,0.0,0.5,0,0.5,0.0,1,0.311
0.3953,0.025,0.5,0.0,0,0.5,0.34,0.0,1,0.25,1.0,0.5,1,1.0,0.6665,0,0.0,0.0,1,0.1555
0.3953,0.375,0.5,0.5,1,0.8335,0.74,0.0,1,0.375,0.0,0.5,1,-1.0,0.5,0,1.0,0.0,0,0.2666
0.5117,0.1,0.5,0.0,1,0.3333,0.66,0.5,1,0.0,0.5,0.5,1,0.0,0.5,0,0.0,0.5,1,0.1777
0.2559,0.35,0.5,0.5,0,0.3333,0.96,1.0,1,0.25,0.0,0.5,1,0.0,0.5,0,0.5,0.0,1,0.2222
0.465,0.175,0.5,0.5,1,0.8335,0.54,0.5,1,0.375,1.0,0.0,1,0.0,0.5,0,0.5,0.5,0,0.2444
0.5117,0.375,0.5,1.0,1,0.1666,0.96,0.5,1,0.375,0.5,1.0,1,1.0,0.1666,0,0.5,0.0,0,0.3555
0.5347,0.425,0.0,1.0,1,0.5,0.3,1.0,1,0.125,0.5,1.0,0,1.0,0.6665,0,1.0,0.0,1,0.3333
0.1628,0.3,1.0,1.0,1,0.8335,0.86,1.0,1,0.5,0.5,0.5,1,1.0,0.6665,0,0.0,0.0,1,0.2888
0.3257,0.65,1.0,0.5,1,0.8335,0.36,1.0,1,0.0,0.5,0.0,1,0.0,0.5,0,0.0,0.0,1,0.2666
0.3257,0.925,0.5,1.0,0,0.3333,0.8,1.0,1,0.25,1.0,1.0,0,0.0,0.0,0,0.0,0.0,1,0.3555
0.465,0.4,0.0,0.5,1,0.8335,0.92,0.5,1,0.125,0.0,0.0,1,-1.0,0.8335,0,0.0,0.0,1,0.2222
0.5117,0.2,0.0,0.5,1,0.1666,0.62,0.0,1,0.125,0.0,0.0,1,0.0,0.3333,0,1.0,0.0,1,0.2
0.6514,0.275,0.5,0.5,1,0.3333,0.72,0.5,1,0.125,0.0,0.5,1,1.0,0.3333,0,0.5,0.0,0,0.311
0.372,0.85,0.5,0.0,1,0.5,0.96,0.0,1,0.125,0.5,1.0,1,-1.0,0.3333,0,0.0,0.0,1,0.2888
0.372,0.575,0.5,0.0,1,0.6665,0.38,0.0,1,0.5,0.0,1.0,1,0.0,0.5,0,0.5,0.0,1,0.2666
0.6045,0.45,0.5,0.5,1,0.1666,0.52,1.0,1,0.125,0.5,0.5,0,1.0,0.6665,0,1.0,0.0,1,0.3555
0.4883,0.15,0.5,0.0,1,1.0,0.9,0.5,1,0.125,0.5,0.5,0,-1.0,0.5,0,0.0,0.0,1,0.2
0.628,0.45,0.5,1.0,1,0.0,0.68,0.5,1,0.25,0.0,0.0,1,-1.0,0.5,0,0.5,1.0,0,0.311
0.4883,0.275,0.5,1.0,1,0.5,0.88,0.5,1,0.125,0.5,0.5,1,0.0,0.6665,0,0.0,0.0,1,0.2888
0.279,0.95,1.0,0.0,1,0.5,0.62,0.5,1,0.125,0.5,0.0,0,-1.0,0.5,0,1.0,0.0,1,0.311
0.2559,0.875,0.5,0.5,0,0.0,0.74,0.5,1,0.0,0.0,0.5,1,1.0,0.5,0,0.0,0.5,1,0.2666
0.2325,0.075,0.5,1.0,1,0.8335,0.02,1.0,1,0.0,0.0,0.0,1,-1.0,0.5,1,0.5,0.5,1,0.06665
0.5347,0.525,0.0,0.5,1,0.3333,0.34,1.0,1,0.0,0.5,1.0,1,-1.0,0.3333,0,0.0,1.0,1,0.2444
0.6045,0.225,0.5,1.0,1,0.5,0.78,0.0,1,0.25,1.0,1.0,0,0.0,0.1666,0,0.0,0.5,1,0.311
0.6978,0.4,0.5,1.0,1,0.5,0.4,0.0,1,0.375,0.0,0.5,1,0.0,0.5,0,0.5,0.5,1,0.3333
0.558,0.875,0.5,0.0,1,0.1666,0.36,0.5,1,0.125,0.5,1.0,1,1.0,0.5,0,0.0,1.0,1,0.3333
0.6045,0.525,0.5,0.0,1,0.1666,0.96,0.5,1,0.0,1.0,0.5,1,1.0,0.5,0,0.0,0.0,1,0.3333
0.372,0.325,1.0,1.0,0,0.8335,0.56,0.5,1,0.0,0.0,1.0,1,-1.0,0.5,0,1.0,0.5,0,0.2444
0.279,0.2,0.0,1.0,0,0.5,0.2,0.5,1,0.125,0.5,0.0,0,1.0,0.5,0,0.5,0.5,0,0.1333
0.558,0.8,0.5,0.5,1,0.0,0.48,0.5,1,0.375,0.0,1.0,1,1.0,0.3333,1,0.0,0.5,0,0.3555
0.5117,0.625,1.0,0.0,1,0.5,0.52,1.0,1,0.25,0.0,0.5,1,0.0,0.5,0,0.5,0.0,0,0.311
0.465,0.475,0.5,0.5,1,0.5,0.98,0.5,1,0.25,0.0,0.5,1,1.0,0.3333,0,1.0,0.0,1,0.311
0.4883,0.225,1.0,0.5,0,0.5,0.72,0.0,1,0.0,0.5,0.5,1,0.0,0.1666,0,0.0,0.0,0,0.2222
0.4883,0.325,1.0,1.0,1,0.0,0.52,1.0,1,0.375,0.5,0.5,1,-1.0,0.6665,0,0.5,1.0,1,0.311
0.628,0.95,0.5,1.0,1,0.5,0.44,0.5,1,0.125,0.0,1.0,0,1.0,0.3333,0,0.5,0.0,1,0.422
0.628,0.525,0.5,0.5,1,0.3333,0.92,1.0,1,0.25,0.0,0.5,0,1.0,0.8335,0,0.0,0.5,1,0.3555
0.5117,0.4,1.0,0.5,0,0.5,0.64,1.0,1,0.0,0.5,1.0,0,0.0,0.1666,0,0.5,0.0,1,0.2888
0.558,0.525,1.0,1.0,1,0.6665,0.36,0.0,1,0.0,0.0,1.0,1,0.0,0.5,0,0.5,0.5,0,0.311
0.5117,0.775,0.0,0.5,1,0.6665,0.46,0.5,0,0.375,0.5,0.5,1,-1.0,0.8335,0,0.0,1.0,1,0.2888
0.372,0.35,0.5,0.0,0,0.8335,0.28,0.5,1,0.25,0.5,0.5,1,0.0,0.5,0,0.0,0.0,1,0.1777
0.558,0.175,0.5,0.5,1,1.0,0.96,1.0,1,0.0,1.0,0.5,1,1.0,0.3333,0,0.0,0.0,1,0.2888
0.2559,0.575,1.0,0.5,1,0.1666,0.7,0.5,1,0.25,0.0,1.0,0,-1.0,0.3333,0,0.5,0.0,1,0.2666
0.5815,0.675,0.5,1.0,0,0.3333,0.4,0.0,1,0.375,0.5,0.5,1,0.0,0.5,0,0.5,0.5,1,0.3555
0.279,0.725,1.0,1.0,0,0.6665,0.18,0.0,1,0.0,0.0,1.0,1,0.0,0.3333,0,1.0,0.5,1,0.2444
0.4883,0.875,1.0,0.5,0,0.5,0.18,0.5,1,0.25,0.0,0.5,1,-1.0,0.5,1,0.0,0.0,1,0.311
0.3257,0.375,1.0,0.5,1,0.0,0.48,0.5,1,0.375,0.5,1.0,1,1.0,0.6665,0,0.5,0.0,0,0.2888
0.5117,0.075,0.5,0.5,0,0.5,0.46,0.0,1,0.125,0.0,0.5,1,0.0,0.5,0,0.5,0.5,1,0.1777
0.442,0.95,0.5,0.5,0,0.8335,0.42,0.5,1,0.0,0.0,0.5,1,-1.0,0.6665,0,0.5,0.5,1,0.311
0.2094,0.425,0.0,1.0,1,0.1666,0.86,0.5,1,0.375,0.0,0.5,1,1.0,0.5,0,0.5,0.0,0,0.2444
0.5117,0.625,0.5,0.5,1,0.5,0.98,1.0,1,0.125,0.0,1.0,1,0.0,0.8335,0,0.5,0.0,0,0.3555
0.372,0.675,0.5,1.0,0,0.0,0.36,0.5,1,0.25,0.0,0.0,1,1.0,0.6665,0,1.0,0.5,1,0.2888
0.558,0.55,0.5,0.5,1,0.6665,0.3,0.5,1,0.0,1.0,0.5,0,0.0,0.6665,0,0.0,0.0,1,0.311
0.442,0.2,0.5,0.5,1,0.5,0.78,0.5,1,0.0,0.5,1.0,0,1.0,0.5,0,0.0,1.0,0,0.2222
0.4883,0.75,0.5,0.0,1,0.3333,0.44,0.5,1,0.0,0.0,0.5,1,0.0,0.6665,0,0.5,0.0,1,0.2888
0.3022,0.8,1.0,0.5,1,0.3333,0.22,1.0,1,0.0,0.0,0.5,0,0.0,0.3333,0,0.5,0.5,1,0.2666
0.3489,0.55,0.5,0.5,0,0.1666,0.18,0.5,1,0.125,0.5,0.5,1,1.0,0.5,0,0.0,0.0,1,0.2222
0.372,0.5,0.0,0.5,1,0.8335,0.28,0.5,1,0.125,0.0,0.5,0,1.0,0.6665,0,1.0,1.0,0,0.2222
0.558,0.125,0.5,0.0,1,0.3333,0.0,0.5,1,0.25,0.0,0.5,1,1.0,0.3333,0,0.5,0.0,0,0.2
0.6743,0.075,1.0,1.0,0,0.6665,0.94,0.5,1,0.125,0.0,1.0,1,0.0,0.5,0,0.0,0.0,0,0.311
0.3257,0.35,1.0,0.0,0,0.3333,0.44,0.0,1,0.25,0.0,0.5,1,1.0,0.5,0,0.0,0.0,1,0.2
0.5815,0.3,0.5,0.5,0,1.0,0.08,0.5,0,0.25,1.0,1.0,1,0.0,0.3333,0,0.5,0.5,1,0.2444
0.1395,0.95,0.5,0.0,1,0.8335,0.16,0.5,1,0.25,0.5,0.5,0,0.0,0.8335,1,0.5,0.0,1,0.2222
0.279,0.775,1.0,0.5,1,1.0,0.32,0.5,1,0.25,0.5,0.5,1,1.0,0.6665,0,0.0,0.0,0,0.311
0.3022,0.65,0.0,0.5,1,1.0,0.56,0.5,1,0.375,0.5,1.0,0,-1.0,0.6665,1,0.0,0.0,0,0.2444
0.2559,0.525,0.5,0.5,1,0.3333,0.7,1.0,1,0.0,0.0,0.5,0,1.0,0.3333,1,0.0,0.0,1,0.2
0.2094,0.175,0.5,0.5,1,0.3333,0.3,0.5,1,0.125,0.5,1.0,1,-1.0,0.6665,0,0.0,0.0,0,0.1333
0.4883,0.975,0.5,0.5,0,1.0,0.96,0.0,1,0.125,0.5,0.5,0,0.0,0.1666,0,0.5,0.0,1,0.3777
0.4187,0.375,0.5,0.5,1,0.5,0.76,0.0,1,0.125,0.5,0.5,0,1.0,0.5,0,1.0,0.5,1,0.2666
0.4883,0.1,0.0,0.5,1,0.6665,0.82,0.0,1,0.0,0.0,0.5,1,0.0,0.6665,0,0.5,0.5,0,0.1777
0.5347,0.5,0.5,1.0,0,0.3333,0.32,1.0,1,0.125,0.5,0.5,1,0.0,0.5,0,0.5,0.5,1,0.311
0.4883,0.875,0.0,1.0,1,0.3333,0.38,1.0,1,0.375,0.5,0.5,1,0.0,0.3333,1,1.0,1.0,1,0.3333
0.5347,0.875,0.5,1.0,1,0.6665,0.54,0.0,1,0.125,0.0,0.5,1,1.0,0.5,1,0.0,0.0,1,0.3555
0.442,0.0,0.5,0.0,1,0.0,0.46,0.5,1,0.0,0.0,0.0,1,0.0,0.1666,0,1.0,0.5,0,0.1111
0.279,0.875,0.5,1.0,1,0.6665,0.26,0.5,1,0.375,0.5,0.5,0,0.0,0.3333,0,1.0,0.0,0,0.3333
0.5815,0.275,0.0,1.0,0,0.6665,1.0,0.0,1,0.125,0.0,1.0,0,1.0,0.6665,0,0.5,0.0,0,0.311
0.3489,0.05,0.5,1.0,0,0.3333,0.84,0.5,0,0.0,0.5,0.5,0,1.0,0.6665,0,0.0,0.0,0,0.1777
0.3022,0.85,0.5,0.5,1,0.5,0.24,1.0,1,0.25,0.5,1.0,0,-1.0,0.1666,0,1.0,0.0,1,0.311
0.4187,0.875,0.5,0.5,1,0.5,0.9,1.0,1,0.0,0.5,1.0,0,-1.0,0.3333,0,0.5,0.0,1,0.3555
0.3257,0.6,0.5,1.0,1,0.5,0.58,0.5,1,0.125,0.5,1.0,1,0.0,0.6665,0,0.0,0.0,0,0.2888
0.372,0.575,0.5,1.0,0,0.6665,0.02,0.0,1,0.0,0.0,0.5,1,-1.0,0.6665,0,0.0,0.5,1,0.2
0.4883,0.825,0.0,0.5,0,0.3333,0.34,0.5,1,0.0,0.5,0.5,1,0.0,0.5,0,0.5,0.0,0,0.2888
0.4883,0.775,0.0,0.5,1,1.0,0.02,1.0,1,0.25,1.0,0.5,1,0.0,0.5,0,0.0,0.0,0,0.311
0.3257,0.9,0.5,0.0,0,0.5,0.08,0.0,1,0.0,0.0,0.5,1,0.0,0.5,0,0.5,0.0,0,0.2222
0.372,0.55,0.5,0.5,1,0.5,0.18,0.5,1,0.375,0.5,0.5,1,1.0,0.6665,0,0.5,0.0,1,0.2888
0.5815,0.975,0.5,1.0,1,1.0,0.48,0.5,1,0.125,0.5,0.5,0,0.0,0.3333,0,0.5,0.0,1,0.422
0.5117,1.0,1.0,0.0,1,0.0,0.38,0.0,1,0.0,0.0,1.0,1,1.0,0.6665,0,1.0,0.0,0,0.3777
0.7207,0.125,1.0,0.5,0,1.0,0.14,0.5,1,0.125,1.0,0.5,0,-1.0,0.3333,0,0.0,0.0,0,0.2666
0.6045,0.85,1.0,1.0,1,0.5,0.4,0.0,1,0.125,0.5,1.0,1,0.0,0.3333,0,0.0,0.5,0,0.4
0.6045,0.5,0.5,0.5,0,0.3333,0.3,1.0,0,0.125,1.0,0.5,0,0.0,0.6665,0,0.5,0.5,1,0.2888
0.2559,0.4,0.5,0.0,1,0.1666,0.42,0.0,1,0.0,0.5,0.5,1,-1.0,0.6665,0,0.0,0.0,1,0.1333
0.558,0.625,1.0,1.0,0,0.1666,0.18,0.5,1,0.375,0.0,0.5,1,0.0,0.6665,0,0.0,0.0,0,0.3333
0.442,0.05,0.5,0.0,1,0.3333,0.6,1.0,0,0.125,0.5,1.0,1,0.0,0.5,0,0.5,0.5,0,0.1555
0.372,0.5,0.5,0.5,1,0.5,0.04,1.0,1,0.25,0.5,0.5,0,0.0,0.5,0,1.0,0.0,0,0.2666
0.465,0.875,0.0,1.0,1,0.6665,0.38,0.5,0,0.0,0.0,1.0,1,-1.0,0.5,0,1.0,0.0,1,0.311
0.5815,0.225,1.0,1.0,0,0.5,0.9,0.0,0,0.0,0.5,0.5,1,-1.0,0.5,0,1.0,0.0,0,0.844
0.5117,0.425,0.5,1.0,0,0.3333,0.42,0.0,1,0.375,0.5,0.0,0,1.0,0.6665,0,0.0,0.5,1,0.2888
0.3257,0.95,0.5,0.5,1,0.8335,0.44,0.5,1,0.125,0.0,1.0,1,0.0,0.3333,0,0.5,0.0,0,0.311
0.5347,0.425,0.5,0.5,1,1.0,0.06,1.0,1,0.25,1.0,0.5,1,0.0,0.6665,0,0.5,0.5,1,0.2888
0.3489,0.35,0.5,1.0,0,0.8335,0.6,0.0,1,0.0,0.5,0.5,1,-1.0,0.8335,0,0.0,0.0,1,0.2
0.465,0.45,1.0,0.5,1,0.3333,0.94,0.5,1,0.0,0.5,0.5,1,1.0,0.3333,0,0.0,0.0,0,0.311
0.3953,0.525,0.5,0.5,0,0.6665,0.3,0.0,1,0.25,0.0,0.5,1,0.0,0.6665,0,1.0,0.0,1,0.2444
0.4187,0.625,0.5,0.5,0,0.6665,0.4,0.0,1,0.5,1.0,0.5,1,0.0,0.5,0,0.0,0.5,1,0.2888
0.558,0.8,0.5,0.5,1,0.8335,0.58,0.5,1,0.375,0.5,1.0,1,-1.0,0.6665,0,0.5,0.5,1,0.3777
0.3022,0.45,1.0,0.5,0,0.3333,0.1,0.0,1,0.25,0.0,0.5,0,0.0,0.3333,0,0.0,0.0,0,0.1777
0.7207,0.825,1.0,0.5,0,0.3333,0.96,0.5,1,0.0,0.5,0.5,1,0.0,0.6665,1,0.0,0.0,1,0.4
0.186,0.525,1.0,0.5,1,0.8335,0.46,0.5,1,0.125,0.5,0.5,1,-1.0,0.1666,0,1.0,0.0,1,0.2222
0.3489,0.35,1.0,1.0,1,0.6665,0.12,0.0,1,0.125,0.0,0.5,0,1.0,0.3333,0,0.0,0.0,0,0.2222
0.4883,0.65,0.0,0.5,1,0.1666,0.34,0.5,1,0.0,1.0,0.5,1,1.0,0.3333,0,0.5,0.0,1,0.2888
0.5347,0.725,1.0,0.5,0,0.6665,0.38,0.0,0,0.375,1.0,0.5,1,0.0,0.3333,0,0.5,0.0,1,0.3333
0.4187,0.55,0.5,0.5,0,1.0,0.34,0.5,1,0.0,0.0,0.0,1,1.0,0.3333,0,1.0,1.0,1,0.2222
0.442,0.05,1.0,0.5,1,0.3333,0.7,0.5,1,0.25,0.5,0.5,1,0.0,0.5,0,0.5,0.0,0,0.2444
0.4883,0.175,0.5,1.0,1,0.3333,0.34,1.0,1,0.125,0.0,0.5,0,0.0,0.1666,0,0.5,0.0,1,0.2444
0.4187,0.275,0.5,1.0,1,0.5,0.32,0.0,1,0.25,0.0,0.5,1,0.0,0.5,0,0.0,0.0,0,0.2222
0.628,0.275,0.5,1.0,0,0.6665,0.32,0.5,1,0.25,0.0,0.5,0,1.0,0.5,0,0.5,0.0,1,0.311
0.558,0.675,0.0,1.0,1,0.5,0.78,0.5,1,0.125,0.0,0.5,1,0.0,0.6665,1,0.0,0.0,0,0.311
0.558,0.025,0.5,1.0,0,0.8335,0.3,0.5,1,0.25,0.5,0.5,0,0.0,0.6665,1,0.0,0.5,0,0.2
0.3022,0.75,0.5,0.5,1,0.5,0.02,0.5,1,0.125,0.5,0.5,1,1.0,0.6665,1,0.0,0.0,0,0.2444
0.442,0.275,0.0,0.5,1,0.8335,0.36,0.5,1,0.125,0.0,0.5,0,1.0,0.5,0,0.0,1.0,1,0.1777
0.3953,0.3,1.0,0.5,1,0.3333,0.28,0.5,1,0.5,0.0,0.5,1,1.0,0.5,0,1.0,0.0,0,0.2888
0.3022,0.525,1.0,0.5,1,0.1666,0.9,0.0,1,0.25,0.0,1.0,1,1.0,0.5,0,0.0,0.0,1,0.2888
0.4883,0.225,1.0,0.5,0,0.3333,0.48,1.0,1,0.125,0.5,0.0,1,-1.0,0.5,1,0.5,0.0,0,0.2222
0.372,0.875,1.0,0.5,0,0.1666,0.24,1.0,1,0.125,0.5,0.5,0,1.0,0.5,0,0.0,0.5,1,0.311
0.5347,0.075,0.5,0.5,0,0.6665,0.98,0.0,1,0.25,0.0,1.0,1,0.0,0.1666,0,1.0,0.0,0,0.2444
0.3022,0.45,0.5,0.5,0,0.0,0.24,0.5,1,0.125,0.0,0.5,1,0.0,0.6665,0,0.5,0.0,1,0.1777
0.6743,0.85,0.0,0.5,1,0.3333,0.76,0.0,1,0.25,0.0,0.5,0,0.0,0.5,1,0.5,0.0,0,0.3777
0.3257,0.625,1.0,0.5,0,0.5,0.64,1.0,1,0.25,0.5,0.5,1,-1.0,0.6665,0,0.0,1.0,1,0.2666
0.465,0.3,1.0,1.0,0,0.1666,0.46,0.5,1,0.125,0.5,0.5,1,0.0,0.5,0,0.0,0.0,1,0.2666
0.558,0.425,1.0,0.5,1,0.5,0.4,0.5,1,0.0,0.5,0.5,1,0.0,0.8335,0,0.0,0.0,1,0.2888
0.372,0.7,1.0,1.0,1,0.5,0.88,0.5,0,0.25,0.5,1.0,1,1.0,0.5,0,0.0,0.0,1,0.3555
0.558,0.975,0.5,1.0,0,0.8335,0.48,0.5,1,0.125,0.5,1.0,0,-1.0,0.5,0,0.0,0.0,1,0.4
0.279,0.9,0.5,0.5,0,0.1666,0.38,0.5,1,0.25,0.5,0.0,1,1.0,0.5,0,0.0,0.0,1,0.2888
0.6514,0.35,1.0,0.5,0,0.6665,0.36,0.5,1,0.0,0.5,1.0,1,1.0,0.6665,0,0.0,0.0,0,0.311
0.442,1.0,0.5,0.5,1,0.6665,0.28,0.5,1,0.0,0.0,0.5,1,0.0,0.3333,0,0.0,0.5,1,0.311
0.3489,0.0,0.5,1.0,0,0.5,0.4,0.0,1,0.375,1.0,1.0,0,-1.0,0.6665,0,0.0,0.0,0,0.1777
0.3953,0.025,0.5,0.5,1,0.3333,0.12,0.5,1,0.375,0.0,0.5,1,0.0,0.5,0,0.0,0.5,1,0.1555
0.558,0.825,0.5,0.5,1,0.1666,0.06,0.5,1,0.0,1.0,0.5,0,0.0,0.8335,0,0.5,0.5,0,0.3333
0.3489,0.2,1.0,0.5,0,1.0,0.54,0.5,1,0.125,1.0,0.5,1,1.0,0.5,0,1.0,0.0,1,0.2444
0.3489,0.05,0.5,0.5,0,0.5,0.46,0.0,1,0.375,1.0,0.5,1,-1.0,0.5,0,0.0,0.0,0,0.1555
0.4187,0.225,0.5,1.0,1,0.5,0.18,0.0,1,0.25,0.0,0.0,0,0.0,0.3333,0,1.0,0.5,0,0.2
0.279,0.425,0.5,0.5,1,1.0,0.1,0.0,1,0.25,0.0,0.5,0,1.0,0.5,0,0.5,0.5,1,0.1777
0.6978,0.725,0.5,0.5,1,0.5,0.14,0.5,1,0.125,1.0,0.0,1,1.0,0.3333,0,0.5,0.5,0,0.3555
0.372,0.625,1.0,0.5,1,1.0,0.32,0.5,1,0.125,1.0,0.5,1,0.0,0.1666,1,1.0,0.5,1,0.2666
0.558,0.25,0.0,1.0,1,0.1666,0.46,0.5,1,0.25,0.5,0.5,0,0.0,0.1666,0,1.0,0.0,1,0.2666
0.465,0.5,0.0,1.0,1,0.5,0.2,0.5,1,0.125,0.5,1.0,1,1.0,0.3333,0,0.5,0.5,1,0.2666
0.3022,0.925,0.0,0.5,1,0.1666,0.76,0.5,1,0.25,1.0,0.5,1,1.0,0.5,0,1.0,0.0,1,0.3555
0.442,0.825,1.0,0.5,0,0.5,0.2,1.0,1,0.0,0.0,1.0,1,0.0,0.5,0,0.0,0.0,1,0.311
0.558,0.325,0.5,0.5,1,0.5,0.12,0.5,1,0.25,1.0,0.5,1,0.0,0.6665,0,0.0,0.0,0,0.844
0.4187,0.975,1.0,0.5,1,0.3333,1.0,0.5,1,0.125,0.0,0.5,0,1.0,0.1666,0,0.0,0.5,1,0.3777
0.6045,0.7,0.5,1.0,0,0.5,0.44,0.5,1,0.125,0.0,1.0,1,1.0,0.1666,0,0.0,0.0,0,0.3555
0.5815,0.05,0.5,0.5,0,0.3333,0.18,0.5,1,0.125,0.5,0.5,1,0.0,0.5,0,0.0,0.5,1,0.1777
0.5815,0.025,1.0,0.0,1,0.5,0.9,0.0,0,0.0,0.5,1.0,1,0.0,0.5,0,1.0,0.5,1,0.2222
0.372,0.175,0.0,0.5,1,0.3333,0.24,0.5,1,0.0,0.5,0.5,1,0.0,0.5,0,0.5,0.5,0,0.1333
0.3022,0.725,0.5,0.0,0,0.8335,0.92,0.0,1,0.25,0.0,1.0,0,0.0,0.5,0,0.5,0.5,0,0.2444
0.3489,0.175,0.5,0.5,1,0.1666,0.12,0.0,1,0.125,0.0,0.5,1,-1.0,0.3333,0,0.5,0.0,0,0.1333
0.465,0.5,0.5,0.5,0,0.5,0.84,0.0,1,0.125,0.5,0.5,1,1.0,0.5,0,0.0,0.5,1,0.2666
0.5117,0.1,0.5,0.0,1,0.1666,0.18,0.5,1,0.375,0.0,0.5,1,1.0,0.8335,0,0.0,0.5,0,0.2
0.1395,0.925,0.0,1.0,0,0.3333,0.94,0.5,1,0.375,0.5,1.0,0,1.0,0.3333,0,0.5,0.5,0,0.311
0.442,0.35,0.0,0.5,0,0.3333,0.58,0.5,1,0.125,1.0,0.5,1,0.0,0.3333,1,0.5,1.0,1,0.2
0.465,0.9,0.5,0.5,1,0.5,0.18,0.0,1,0.25,1.0,0.5,1,-1.0,0.3333,0,0.5,0.0,1,0.3333
0.3953,0.95,1.0,0.5,1,0.5,0.84,0.5,1,0.25,0.0,1.0,0,0.0,0.6665,0,0.0,0.0,1,0.4
0.628,0.0,0.0,0.5,1,0.1666,0.4,0.0,1,0.0,0.0,0.5,0,0.0,0.8335,0,0.0,0.0,1,0.1777
0.5117,0.475,0.5,0.5,1,0.3333,0.74,0.5,0,0.25,0.0,1.0,1,0.0,0.6665,0,0.5,0.5,1,0.2888
0.628,0.025,0.0,0.0,1,0.3333,0.64,0.0,1,0.0,0.5,1.0,1,1.0,0.5,0,0.5,0.0,0,0.2
0.4187,0.9,0.5,0.0,1,0.1666,0.72,0.5,0,0.375,0.5,0.5,1,1.0,0.5,0,0.0,0.5,1,0.311
0.5815,0.525,0.5,0.5,1,0.8335,0.34,0.5,1,0.375,0.0,0.5,1,0.0,0.3333,0,0.5,0.0,0,0.311
0.6743,0.075,1.0,0.0,0,0.1666,0.94,1.0,1,0.25,0.0,1.0,1,1.0,0.3333,1,0.5,0.5,0,0.2666
0.628,0.1,1.0,0.0,1,0.5,0.56,0.5,1,0.375,0.5,1.0,0,1.0,0.6665,0,1.0,0.5,1,0.311
0.279,0.375,0.5,1.0,0,1.0,0.08,0.5,1,0.125,0.0,0.5,0,-1.0,0.5,1,0.5,0.0,1,0.1555
0.3953,0.95,0.0,0.5,0,0.8335,0.06,0.5,1,0.0,1.0,0.5,1,0.0,0.1666,0,0.0,0.5,1,0.2444
0.3953,0.7,0.0,0.5,0,0.6665,0.74,0.5,1,0.25,0.5,1.0,1,0.0,0.3333,0,1.0,0.5,0,0.2888
0.5117,0.875,1.0,0.0,0,0.5,0.84,1.0,1,0.125,0.0,0.5,1,1.0,0.1666,0,0.0,0.0,0,0.3555
0.5347,0.375,0.5,0.0,0,0.6665,0.7,0.5,1,0.125,0.0,0.5,1,1.0,0.3333,1,1.0,0.0,1,0.2444
0.3257,0.05,0.0,1.0,0,0.6665,0.28,1.0,1,0.25,0.0,0.5,1,0.0,0.6665,0,0.5,0.0,0,0.1555
0.442,0.975,0.0,0.0,1,0.8335,0.22,0.0,1,0.125,1.0,0.5,0,0.0,0.6665,0,0.0,0.5,1,0.2888
0.1628,0.025,0.5,0.0,1,0.5,0.56,0.5,1,0.0,0.5,0.5,0,1.0,0.5,0,0.0,0.0,0,0.08887
0.6514,0.95,0.5,0.5,1,0.8335,0.2,0.0,1,0.0,0.0,0.5,0,-1.0,0.6665,0,0.0,0.0,0,0.3333
0.372,0.375,1.0,0.0,1,0.5,0.38,0.5,1,0.125,1.0,0.5,1,1.0,0.6665,0,0.0,0.0,1,0.2444
0.442,0.0,0.5,0.5,1,1.0,0.62,0.5,1,0.375,0.0,0.5,1,1.0,0.5,0,0.5,0.0,1,0.2222
0.3953,0.7,0.5,0.5,0,0.5,0.28,0.0,1,0.0,0.5,0.0,1,1.0,0.6665,0,0.5,0.5,1,0.2444
0.6045,0.975,0.5,0.5,1,0.1666,0.38,0.5,1,0.25,0.5,0.0,1,1.0,0.3333,0,1.0,0.5,1,0.4
0.0465,0.975,0.5,0.0,1,0.5,0.36,0.5,1,0.25,1.0,0.5,0,0.0,0.5,0,0.0,0.0,0,0.2222
0.442,0.15,0.5,1.0,1,0.6665,0.46,0.5,1,0.0,1.0,0.0,1,1.0,0.5,0,0.0,0.5,1,0.2222
0.4187,0.175,1.0,0.5,0,0.8335,0.68,0.0,1,0.0,0.5,0.5,1,1.0,0.5,0,0.0,0.5,0,0.2
0.372,0.575,0.5,0.5,1,0.3333,0.78,1.0,1,0.0,0.0,0.5,1,1.0,0.6665,0,1.0,0.0,1,0.311
0.6743,0.625,0.5,0.5,0,0.0,0.66,0.0,1,0.25,1.0,1.0,1,1.0,0.5,0,1.0,0.0,0,0.422
0.3257,0.75,1.0,1.0,1,0.6665,0.02,1.0,1,0.25,1.0,0.5,1,-1.0,0.3333,0,0.0,0.5,0,0.2888
0.558,0.175,0.0,0.5,0,0.6665,0.9,0.5,1,0.0,0.5,0.5,1,0.0,0.6665,0,1.0,0.5,0,0.2222
0.4883,0.95,0.5,1.0,1,0.1666,0.58,0.5,0,0.25,1.0,0.5,1,0.0,0.8335,0,0.0,0.5,1,0.3777
0.628,0.65,0.5,0.5,1,0.5,0.92,0.5,1,0.25,0.5,0.0,1,0.0,0.6665,0,0.0,0.0,1,0.3555
0.3489,0.85,1.0,0.5,0,0.5,0.96,0.5,1,0.0,0.0,0.5,1,0.0,0.6665,0,0.0,0.5,0,0.311
0.3489,0.55,0.0,1.0,1,0.6665,0.46,0.0,1,0.375,0.0,1.0,1,1.0,0.1666,0,0.5,0.0,1,0.2666
0.6045,0.425,0.5,1.0,1,0.3333,0.92,0.0,1,0.0,0.5,1.0,1,1.0,0.5,0,1.0,0.5,1,0.3555
0.5117,0.975,0.0,0.0,1,0.3333,0.36,1.0,1,0.125,0.5,0.5,1,0.0,0.5,1,0.5,1.0,1,0.2888
0.2325,0.575,0.0,0.5,0,0.5,0.26,1.0,1,0.375,1.0,0.5,1,-1.0,0.3333,0,0.0,1.0,0,0.1777
0.372,0.875,1.0,0.5,0,0.1666,0.08,0.0,1,0.25,1.0,1.0,1,0.0,0.3333,0,0.5,0.5,0,0.311
0.4883,0.95,0.5,0.0,0,1.0,0.46,0.5,1,0.125,0.0,0.0,1,-1.0,0.6665,1,0.5,0.0,0,0.2888
0.558,0.675,1.0,1.0,1,0.6665,0.68,0.0,1,0.25,1.0,0.5,1,1.0,0.6665,0,0.5,0.5,1,0.4
0.3489,0.55,0.5,0.5,1,0.3333,0.98,0.5,1,0.375,1.0,0.5,1,1.0,0.3333,0,0.0,0.0,1,0.311
0.0465,0.0,0.5,0.5,1,0.1666,0.52,0.5,1,0.0,0.5,1.0,0,0.0,0.6665,0,0.0,0.5,0,0.06665
0.5117,0.05,1.0,0.0,0,0.1666,0.74,0.5,1,0.125,1.0,0.0,0,1.0,0.5,0,0.0,0.0,1,0.2222
0.279,0.2,0.5,0.5,1,0.6665,0.9,0.5,1,0.25,0.0,0.0,0,1.0,0.6665,0,0.0,0.5,1,0.1777
0.1628,0.175,0.0,0.0,0,0.1666,0.54,0.0,1,0.125,0.5,1.0,1,1.0,0.3333,0,0.5,0.0,1,0.08887
0.0465,0.25,0.5,0.5,1,0.5,0.16,0.5,1,0.0,0.5,0.5,0,0.0,0.3333,0,0.0,0.5,1,0.06665
0.558,0.3,0.5,0.5,1,0.0,0.84,1.0,1,0.125,0.0,0.5,0,-1.0,0.3333,1,0.0,0.0,1,0.2444
0.465,0.35,0.5,1.0,1,0.6665,0.58,0.5,1,0.0,0.0,1.0,0,1.0,0.6665,0,0.0,0.0,1,0.2666
0.4187,0.425,1.0,0.5,1,0.6665,0.76,0.5,0,0.375,0.0,0.5,1,1.0,0.5,0,0.5,0.5,1,0.2666
0.628,0.1,1.0,0.5,0,0.5,0.66,0.0,1,0.25,1.0,0.5,0,0.0,0.6665,0,0.0,0.5,1,0.2666
0.5347,0.05,1.0,0.0,1,0.5,0.06,0.5,1,0.0,0.5,0.5,1,1.0,1.0,0,1.0,0.0,0,0.2222
0.6743,0.675,1.0,0.5,1,0.6665,0.16,1.0,1,0.125,0.0,0.5,1,-1.0,0.1666,0,0.5,0.0,1,0.3555
0.2559,0.525,0.5,0.5,1,0.5,0.28,1.0,1,0.25,1.0,0.5,1,0.0,0.5,0,0.0,0.0,1,0.2444
0.442,0.45,0.5,1.0,1,0.6665,0.28,0.5,1,0.25,1.0,0.5,0,1.0,0.3333,0,0.0,0.5,0,0.2888
0.2094,0.625,0.5,1.0,1,0.1666,0.84,0.5,1,0.0,0.0,1.0,0,1.0,0.6665,1,0.0,1.0,0,0.2222
0.4187,0.825,1.0,1.0,0,0.6665,0.6,0.5,1,0.125,0.5,0.5,0,0.0,0.5,0,0.5,0.5,1,0.3555
0.4187,0.425,0.5,0.0,1,0.5,0.08,0.0,1,0.25,0.0,0.5,0,1.0,0.6665,0,0.0,0.0,0,0.2
0.5347,0.65,0.5,1.0,1,0.8335,0.38,1.0,1,0.125,0.5,1.0,1,0.0,0.5,0,1.0,0.0,1,0.3777
0.442,0.95,0.0,0.0,0,0.5,0.56,0.0,1,0.5,1.0,1.0,1,0.0,0.3333,0,0.0,1.0,1,0.311
0.5347,0.85,0.5,0.5,0,0.5,0.26,0.5,1,0.125,0.0,1.0,1,0.0,0.5,0,0.0,0.0,1,0.3333
0.5347,0.425,0.5,0.5,1,0.3333,0.04,0.5,1,0.0,0.5,0.5,0,-1.0,0.6665,0,0.0,0.0,1,0.2444
0.744,0.65,0.5,0.5,0,0.8335,0.38,0.5,0,0.0,0.5,0.5,1,0.0,0.5,0,0.5,0.0,0,0.3333
0.3953,0.175,1.0,0.0,0,0.0,0.46,0.0,1,0.0,0.5,0.5,0,0.0,0.3333,0,1.0,0.5,1,0.1555
0.3022,0.55,0.0,0.5,1,0.6665,0.9,0.5,1,0.125,0.0,0.5,0,0.0,0.5,0,1.0,0.5,1,0.2444
0.465,0.975,1.0,0.0,0,0.5,0.9,0.0,1,0.25,0.0,0.5,1,-1.0,0.1666,0,0.0,0.0,0,0.3333
0.3257,0.525,0.0,0.0,1,0.5,0.5,0.0,1,0.125,0.5,1.0,1,-1.0,0.1666,0,1.0,0.5,1,0.1777
0.6514,0.925,1.0,0.5,1,0.5,0.48,0.5,1,0.125,0.5,0.0,1,1.0,0.6665,1,0.0,0.0,0,0.4
0.3953,0.4,0.5,1.0,1,0.5,0.64,1.0,1,0.25,0.5,1.0,1,0.0,0.6665,0,1.0,0.0,0,0.3333
0.372,1.0,1.0,1.0,0,0.6665,0.26,0.0,1,0.125,0.0,0.5,0,1.0,0.8335,0,0.0,0.0,1,0.3555
0.372,0.575,0.0,0.5,0,0.3333,0.28,0.5,1,0.125,0.5,0.5,0,1.0,0.6665,0,0.0,0.0,0,0.2222
0.5347,0.05,0.5,0.0,1,0.5,0.0,0.5,1,0.125,1.0,1.0,0,-1.0,0.3333,0,1.0,0.0,1,0.2
0.4187,0.575,1.0,0.0,1,0.6665,0.08,0.5,1,0.125,0.0,0.5,0,1.0,0.6665,0,0.0,0.5,1,0.2444
0.3489,0.275,0.0,0.0,1,0.3333,0.18,1.0,1,0.125,0.0,1.0,1,1.0,0.5,0,1.0,0.0,1,0.6
0.6743,0.025,0.0,1.0,1,0.6665,0.64,0.0,1,0.25,0.0,1.0,1,0.0,0.5,0,1.0,0.0,0,0.2888
0.3257,0.825,0.5,0.5,0,0.6665,0.22,1.0,1,0.125,0.5,0.5,1,0.0,0.6665,0,0.0,0.0,0,0.2666
0.442,0.275,0.0,1.0,1,0.3333,0.12,1.0,1,0.625,0.5,0.5,0,1.0,0.8335,0,0.5,0.0,1,0.2888
0.5347,0.8,0.0,1.0,1,0.1666,0.62,0.5,1,0.25,0.0,0.5,0,-1.0,0.5,1,0.0,0.0,1,0.311
0.2094,0.3,0.5,0.5,1,0.3333,0.66,0.5,1,0.0,0.5,0.5,1,1.0,0.6665,0,0.0,0.0,1,0.1777
0.5117,0.2,0.5,1.0,0,0.5,0.06,1.0,1,0.375,1.0,0.5,1,0.0,0.5,0,0.0,0.5,0,0.2444
0.3022,0.975,0.5,0.5,0,0.5,0.78,1.0,0,0.0,0.5,0.5,0,1.0,0.3333,0,1.0,1.0,0,0.2888
0.558,0.35,1.0,0.5,1,0.8335,0.6,0.5,1,0.5,0.5,0.5,1,1.0,0.5,0,0.5,0.5,0,0.3555
0.3022,0.6,0.5,1.0,1,0.3333,0.4,1.0,1,0.25,1.0,0.5,1,1.0,0.5,0,0.5,0.0,0,0.311
0.5347,0.6,0.0,0.5,1,0.3333,0.98,0.5,1,0.125,0.5,1.0,1,1.0,0.3333,0,1.0,1.0,0,0.3333
0.6045,0.55,0.5,0.5,0,0.6665,0.02,1.0,1,0.375,1.0,0.5,1,0.0,0.3333,0,0.5,0.0,1,0.3333
0.558,0.925,0.5,0.5,1,0.3333,0.54,0.0,1,0.125,0.0,1.0,0,1.0,0.6665,0,1.0,0.0,1,0.4
0.4883,0.675,0.5,1.0,1,0.3333,0.16,0.5,1,0.0,0.0,0.5,0,0.0,0.6665,0,0.0,0.0,0,0.2888
0.4187,0.4,0.5,0.0,1,0.3333,0.32,0.5,1,0.125,1.0,0.5,1,1.0,0.5,0,0.0,0.0,1,0.2222
0.372,0.85,1.0,1.0,1,0.0,0.14,0.5,1,0.5,0.5,1.0,1,0.0,0.6665,0,0.0,0.5,1,0.3777
0.6514,0.175,1.0,0.0,1,0.6665,0.66,0.5,1,0.25,0.0,0.5,0,1.0,0.6665,1,0.0,0.0,0,0.2666
0.3489,0.55,0.0,0.5,1,0.6665,0.4,1.0,1,0.5,0.0,1.0,1,0.0,0.6665,0,0.5,0.0,0,0.2888
0.3022,0.95,0.5,0.5,1,0.6665,0.98,0.0,1,0.0,1.0,0.5,1,0.0,0.5,0,0.0,0.0,1,0.311
0.5347,0.625,0.5,0.5,1,1.0,0.66,0.0,1,0.125,0.5,1.0,1,1.0,0.6665,0,0.5,0.5,0,0.3333
0.3257,0.825,1.0,0.5,1,0.8335,0.92,0.5,1,0.125,0.5,0.5,1,-1.0,0.3333,0,0.0,0.5,0,0.311
0.3022,0.65,1.0,1.0,1,0.3333,0.24,0.5,1,0.125,0.5,0.5,0,1.0,0.3333,0,0.0,0.0,1,0.2888
0.2325,0.85,0.5,0.5,0,0.8335,0.32,0.5,0,0.25,0.0,1.0,0,1.0,0.3333,0,0.0,0.5,1,0.2222
0.372,0.95,0.5,1.0,1,0.5,0.36,0.5,1,0.125,0.0,0.5,1,1.0,0.6665,0,0.5,0.5,1,0.3333
0.442,0.275,0.5,0.0,1,0.3333,0.84,1.0,1,0.125,0.0,0.5,0,-1.0,0.6665,0,0.5,0.0,1,0.2222
0.465,0.175,0.5,0.0,0,0.3333,0.22,0.5,1,0.0,0.0,0.5,0,1.0,0.5,0,0.0,0.5,0,0.1333
0.5815,0.475,0.5,0.0,0,0.5,0.94,0.5,1,0.125,1.0,0.5,0,1.0,0.3333,0,0.0,0.0,1,0.311
0.5117,0.7,0.5,0.0,1,0.5,0.04,0.5,1,0.0,0.5,0.0,1,0.0,0.6665,0,0.0,0.0,1,0.2666
0.4187,0.225,0.5,0.5,1,0.8335,0.88,0.5,1,0.125,0.0,1.0,1,1.0,0.5,0,0.0,0.5,1,0.2222
0.4187,0.0,0.5,0.5,0,0.6665,0.46,1.0,1,0.375,0.5,0.0,0,0.0,0.5,0,0.0,0.0,1,0.1777
0.5117,0.35,0.5,1.0,1,0.3333,0.52,0.5,1,0.0,0.5,1.0,0,-1.0,0.6665,0,0.0,0.0,1,0.2666
0.628,0.975,1.0,0.0,0,0.1666,1.0,0.5,1,0.75,0.5,0.5,0,0.0,0.8335,0,0.0,0.5,0,0.4666
0.465,0.7,0.5,0.5,0,0.6665,0.88,0.5,1,0.0,0.5,1.0,1,0.0,0.5,0,0.5,0.0,1,0.3333
0.372,0.4,0.5,1.0,1,0.6665,0.9,0.0,1,0.125,0.0,0.5,0,0.0,0.6665,0,1.0,0.0,0,0.2666
0.3022,0.2,1.0,1.0,1,0.8335,0.58,0.0,1,0.25,0.0,0.5,0,1.0,0.6665,0,0.5,0.0,0,0.2444
0.2325,0.35,0.5,1.0,1,0.5,0.96,0.0,1,0.125,0.0,0.5,1,1.0,0.3333,0,0.0,0.0,1,0.2222
0.5347,0.175,0.0,1.0,0,0.6665,0.68,1.0,1,0.0,0.0,0.5,1,0.0,0.1666,0,0.5,0.0,0,0.2222
0.5117,0.1,0.0,0.5,0,0.6665,0.82,0.5,1,0.25,0.0,0.5,1,-1.0,0.5,0,0.0,1.0,0,0.1777
0.5117,0.9,0.5,1.0,1,0.1666,0.72,0.5,1,0.375,0.5,1.0,1,0.0,0.5,1,0.0,0.0,1,0.422
0.4187,1.0,0.0,1.0,1,0.5,0.78,1.0,1,0.25,1.0,0.0,0,0.0,0.5,0,0.5,0.5,1,0.3777
0.628,0.175,1.0,1.0,0,0.6665,0.64,0.0,1,0.125,1.0,0.0,1,0.0,0.6665,0,0.0,0.0,0,0.2888
0.372,0.05,0.5,0.0,0,0.6665,0.72,1.0,1,0.25,0.5,0.5,1,0.0,0.6665,0,0.0,0.5,0,0.1555
0.5815,0.325,0.0,1.0,0,0.5,0.44,0.5,1,0.125,0.0,0.0,0,0.0,0.5,0,0.5,1.0,1,0.2222
0.442,0.45,1.0,0.5,1,1.0,0.7,0.5,1,0.125,1.0,1.0,0,-1.0,0.5,0,0.0,0.0,1,0.311
0.3489,0.2,0.5,0.0,1,1.0,0.28,0.5,1,0.25,1.0,0.0,1,-1.0,0.3333,0,0.0,0.5,1,0.1333
0.5347,0.3,0.5,0.5,1,0.5,0.64,1.0,1,0.25,0.5,0.5,0,1.0,0.6665,0,0.0,1.0,1,0.2666
0.4883,0.2,0.5,1.0,0,0.5,0.52,0.5,1,0.125,0.5,0.5,1,1.0,0.6665,0,0.0,0.0,1,0.2444
0.4883,0.775,0.0,0.5,1,0.6665,0.9,0.5,1,0.125,0.0,1.0,0,0.0,0.3333,0,0.0,0.0,1,0.3333
0.442,0.725,0.5,1.0,0,0.5,0.68,0.0,1,0.625,1.0,0.5,1,0.0,0.5,0,1.0,0.5,1,0.3777
0.442,0.625,1.0,0.0,1,0.8335,0.6,0.5,1,0.375,0.0,0.5,0,0.0,0.5,0,1.0,0.5,1,0.311
0.7676,0.375,0.0,0.5,1,0.1666,0.32,0.5,1,0.0,0.0,0.5,0,1.0,0.5,0,0.0,0.0,1,0.2888
0.6045,0.9,0.5,0.5,0,0.5,0.86,0.5,1,0.25,0.5,0.5,1,0.0,0.3333,0,0.5,0.0,1,0.422
0.5347,0.975,1.0,0.5,0,0.6665,0.06,1.0,1,0.125,0.0,0.5,0,0.0,0.5,1,0.0,0.0,1,0.3333
0.465,0.175,0.5,0.5,1,0.8335,0.9,1.0,1,0.125,0.5,0.5,0,1.0,0.6665,0,0.0,0.0,1,0.2666
0.5815,0.225,0.5,0.5,1,0.1666,0.66,0.5,1,0.5,0.5,1.0,0,0.0,0.3333,0,0.0,0.5,0,0.2888
0.5117,0.525,1.0,0.0,0,0.3333,0.18,0.5,1,0.25,1.0,1.0,0,0.0,0.1666,0,1.0,0.0,0,0.311
0.442,0.1,1.0,0.0,0,0.0,0.9,0.5,1,0.5,0.5,0.5,1,0.0,0.6665,0,0.0,0.0,1,0.2444
0.3953,0.425,0.5,0.0,0,0.3333,0.32,1.0,1,0.375,0.5,1.0,1,1.0,0.5,0,0.5,0.5,1,0.2444
0.442,0.575,1.0,1.0,1,0.1666,0.16,0.5,1,0.125,0.5,0.5,1,0.0,0.5,0,0.0,0.0,1,0.2888
0.0,0.525,0.5,0.5,1,0.6665,0.32,0.5,1,0.125,0.0,0.5,1,-1.0,0.3333,0,0.5,0.0,1,0.1111
0.465,0.325,1.0,0.5,0,0.5,0.96,1.0,1,0.0,1.0,1.0,1,1.0,0.6665,1,1.0,0.0,1,0.311
0.372,0.55,1.0,0.5,0,0.5,0.76,0.5,1,0.125,0.5,0.5,1,-1.0,0.1666,1,0.0,0.0,1,0.2444
0.6743,0.95,0.5,1.0,1,0.5,0.92,0.5,1,0.125,0.5,0.5,0,0.0,0.5,0,1.0,0.0,0,0.4888
0.442,0.2,0.5,0.0,0,0.8335,0.3,0.0,1,0.125,1.0,0.5,1,-1.0,0.8335,0,0.5,0.0,1,0.1777
0.279,0.65,0.5,0.0,1,0.1666,0.08,0.5,1,0.375,1.0,1.0,1,0.0,0.5,1,0.5,0.0,1,0.2444
0.442,0.05,1.0,0.5,1,0.0,0.56,0.5,0,0.125,1.0,0.5,0,1.0,0.6665,0,0.0,0.5,0,0.2
0.3022,0.075,1.0,1.0,0,0.6665,0.48,0.5,1,0.125,0.0,0.5,0,0.0,0.6665,0,1.0,0.5,0,0.1777
0.5117,0.55,0.0,0.5,1,0.3333,0.72,0.5,1,0.0,1.0,0.5,1,0.0,0.6665,0,0.0,0.0,1,0.2888
0.4883,0.1,1.0,0.5,0,0.1666,0.54,0.5,1,0.125,1.0,0.5,0,-1.0,0.3333,0,0.5,0.0,1,0.2222
0.5815,0.025,1.0,0.5,1,0.6665,0.4,0.0,1,0.125,0.5,0.5,0,0.0,0.6665,1,1.0,0.5,1,0.2222
0.3257,0.175,1.0,1.0,1,0.0,0.0,0.0,1,0.0,0.5,0.5,1,1.0,0.1666,0,0.5,0.0,1,0.2
0.442,0.575,1.0,0.5,1,0.3333,0.46,0.5,1,0.0,1.0,0.5,1,1.0,0.5,0,0.5,1.0,1,0.2888
0.2559,0.7,0.0,0.5,1,0.0,0.12,0.5,1,0.0,0.0,1.0,0,0.0,0.3333,0,0.0,1.0,1,0.1555
0.5347,0.2,0.5,0.5,1,0.5,0.92,0.5,1,0.125,0.0,1.0,1,1.0,0.5,0,0.0,0.0,1,0.2666
0.5117,0.675,1.0,1.0,1,0.8335,0.92,1.0,1,0.125,0.5,0.5,0,1.0,0.1666,0,0.5,0.0,0,0.4
0.5117,0.175,1.0,1.0,1,0.3333,0.8,0.5,1,0.25,1.0,0.5,0,1.0,0.5,0,0.0,0.0,0,0.311
0.442,0.625,0.5,0.5,0,0.3333,0.16,0.0,1,0.0,0.0,0.5,0,-1.0,0.3333,0,1.0,0.0,1,0.2222
0.4883,0.4,0.5,0.5,1,1.0,0.14,0.5,1,0.125,0.5,1.0,0,0.0,0.5,0,0.0,1.0,1,0.2444
0.6743,0.65,1.0,0.5,0,0.6665,0.56,0.5,1,0.5,0.5,0.0,1,1.0,0.3333,0,0.5,1.0,1,0.4
0.3953,1.0,1.0,0.5,1,1.0,0.72,0.5,1,0.125,0.5,0.5,1,0.0,0.5,0,0.0,0.0,1,0.3777
0.465,0.95,0.5,0.5,1,0.5,0.9,0.0,1,0.375,1.0,0.0,1,0.0,0.1666,0,0.0,0.0,1,0.3777
0.279,0.0,0.0,1.0,1,0.5,0.9,0.5,1,0.125,0.0,0.5,0,1.0,0.1666,0,0.0,0.0,0,0.1333
0.3257,0.875,1.0,0.5,1,0.8335,0.16,0.0,1,0.25,0.0,1.0,0,0.0,0.5,0,0.0,0.0,0,0.311
0.465,0.075,1.0,0.5,0,0.5,1.0,0.5,1,0.125,1.0,0.5,0,0.0,0.3333,0,1.0,0.5,0,0.2444
0.6045,0.95,1.0,1.0,0,0.5,0.16,0.5,1,0.125,1.0,0.5,1,1.0,0.5,0,1.0,1.0,0,0.422
0.3953,0.275,1.0,0.0,1,0.0,0.84,0.5,1,0.125,0.0,0.5,1,-1.0,0.6665,1,0.5,0.0,0,0.2
0.4187,0.375,0.5,1.0,1,1.0,0.58,0.5,1,0.125,0.5,0.5,1,0.0,0.3333,0,0.0,0.0,0,0.2444
0.3953,0.1,1.0,0.5,1,0.6665,0.68,0.5,0,0.25,0.5,0.5,1,0.0,0.5,0,0.5,0.0,0,0.2
0.372,0.1,1.0,1.0,0,0.5,0.6,0.0,1,0.375,0.5,0.5,0,1.0,0.6665,0,0.0,0.0,1,0.2444
0.4883,0.725,0.5,1.0,0,0.6665,0.86,0.5,1,0.25,1.0,0.0,0,0.0,0.8335,0,0.0,0.0,1,0.3777
0.2325,0.95,1.0,1.0,1,0.1666,0.64,1.0,1,0.125,0.5,0.5,0,0.0,0.3333,0,1.0,0.0,1,0.3555
0.628,0.6,1.0,0.5,1,0.3333,0.84,0.5,1,0.125,0.5,0.5,1,-1.0,0.5,1,0.0,0.0,0,0.3333
0.3489,0.725,1.0,0.5,1,0.6665,0.16,0.0,1,0.25,0.0,0.5,1,0.0,0.5,0,0.5,0.5,1,0.2666
0.5347,0.75,0.5,1.0,0,0.5,0.86,0.0,1,0.125,0.0,1.0,1,0.0,0.3333,1,1.0,0.0,1,0.3555
0.2559,0.275,0.5,0.0,0,0.6665,1.0,0.5,1,0.25,1.0,0.5,1,0.0,0.5,1,0.5,0.0,1,0.1777
0.5347,0.05,0.5,1.0,0,0.5,0.66,0.0,1,0.125,0.5,0.0,1,0.0,0.3333,0,0.5,0.5,0,0.2
0.5347,0.0,0.5,0.5,1,0.6665,0.98,0.5,1,0.25,0.0,0.0,1,0.0,0.1666,0,0.0,0.5,1,0.2
0.4883,0.35,0.5,0.0,0,0.1666,0.22,0.5,1,0.125,0.0,0.5,1,1.0,0.5,0,1.0,0.0,0,0.2222
0.3022,0.25,0.5,0.5,1,0.8335,0.82,1.0,1,0.25,0.5,0.5,1,0.0,0.6665,0,0.0,0.0,0,0.2222
0.465,0.05,0.5,0.0,0,0.3333,0.16,0.5,1,0.25,0.0,1.0,0,0.0,0.5,0,0.5,0.5,0,0.1555
0.279,0.175,1.0,1.0,1,0.5,0.52,0.5,1,0.25,0.0,0.5,0,0.0,0.8335,0,0.0,0.0,1,0.2222
0.3953,0.125,0.5,1.0,0,0.3333,0.66,0.0,1,0.125,0.5,1.0,0,0.0,0.3333,0,0.0,0.0,1,0.2
0.5815,0.925,0.5,0.5,1,0.5,0.66,0.0,1,0.25,0.0,0.5,1,1.0,0.5,0,1.0,0.0,1,0.422
0.558,0.15,0.5,1.0,1,0.5,0.68,0.0,1,0.25,1.0,0.5,1,1.0,0.1666,0,0.0,0.0,1,0.2666
0.442,0.55,0.0,0.5,0,0.6665,0.32,0.0,1,0.0,1.0,0.5,1,1.0,0.3333,0,1.0,0.0,1,0.2444
0.3022,0.6,1.0,1.0,0,0.6665,0.98,0.5,0,0.375,0.5,1.0,1,0.0,0.6665,0,1.0,0.0,0,0.3333
0.5347,0.55,0.5,1.0,0,0.6665,0.0,0.5,1,0.0,0.5,0.5,1,1.0,0.3333,0,1.0,0.5,1,0.2888
0.442,0.1,0.5,0.5,0,0.3333,0.62,0.5,1,0.0,1.0,1.0,1,1.0,0.1666,0,0.0,0.5,0,0.2
0.1163,0.325,0.5,0.5,0,0.6665,0.86,0.0,1,0.0,0.0,0.5,0,0.0,0.1666,1,0.0,1.0,0,0.06665
0.558,0.05,0.5,0.5,1,0.5,0.9,0.0,1,0.125,1.0,0.5,1,0.0,0.6665,1,0.5,0.0,1,0.2222
0.442,0.4,0.5,1.0,1,0.5,0.72,0.5,1,0.25,0.5,0.5,1,-1.0,0.8335,0,0.0,0.0,0,0.2888
0.6045,0.2,0.0,0.5,0,0.6665,0.58,0.5,1,0.25,0.0,1.0,0,-1.0,0.1666,1,1.0,0.5,0,0.2
0.279,0.55,0.5,1.0,0,0.1666,0.46,0.0,1,0.5,0.0,0.5,1,-1.0,0.6665,0,0.0,0.0,1,0.2444
0.0,0.7,0.5,1.0,1,0.0,0.44,1.0,1,0.375,0.5,0.5,0,-1.0,0.3333,0,0.5,0.0,1,0.8223
0.4883,0.525,1.0,0.5,1,0.8335,0.42,0.5,1,0.25,1.0,0.0,1,-1.0,0.6665,0,0.0,0.0,1,0.311
0.4883,0.425,0.5,1.0,0,0.5,0.7,0.0,1,0.25,0.0,0.5,1,0.0,0.3333,0,0.5,0.0,1,0.2888
0.2094,0.375,0.5,0.5,0,0.6665,0.74,0.0,1,0.25,0.5,0.5,1,1.0,0.6665,1,0.0,0.0,0,0.1777
0.3022,0.85,0.0,0.5,1,0.3333,0.52,0.5,0,0.0,0.0,0.0,1,0.0,0.5,0,0.0,0.0,1,0.2
0.8374,0.225,0.5,1.0,1,0.8335,0.74,0.5,0,0.125,0.0,0.5,1,-1.0,0.3333,0,0.5,1.0,0,0.2888
0.3953,0.725,0.5,0.0,0,0.6665,0.52,1.0,1,0.0,0.0,0.5,1,1.0,0.3333,0,0.0,0.0,1,0.2666
0.5347,0.75,0.0,0.5,1,0.5,0.1,0.5,1,0.125,1.0,0.5,1,-1.0,0.3333,0,1.0,1.0,1,0.2888
0.3489,0.425,0.5,0.5,1,0.5,0.86,0.5,1,0.125,0.0,0.5,1,1.0,0.3333,0,0.0,0.5,1,0.2444
0.1395,0.3,0.5,0.5,1,0.0,0.88,0.5,1,0.5,0.5,0.5,0,1.0,0.6665,0,1.0,0.0,1,0.2444
0.4187,0.475,0.5,1.0,1,0.6665,0.26,0.5,1,0.5,0.0,1.0,1,0.0,0.3333,0,0.0,0.5,1,0.2888
0.3953,0.1,0.5,1.0,1,0.8335,0.78,0.0,1,0.125,0.5,1.0,0,0.0,0.5,0,0.0,0.5,1,0.2
0.3953,0.05,1.0,0.5,1,0.5,0.52,0.5,1,0.25,0.5,0.5,0,-1.0,0.5,1,0.5,0.0,0,0.1777
0.4187,0.1,0.5,0.5,1,0.5,0.12,0.5,1,0.0,0.0,0.5,0,0.0,0.6665,0,0.0,0.0,0,0.1555
0.4883,0.175,0.5,1.0,0,0.5,0.4,1.0,1,0.25,0.0,0.5,0,1.0,0.3333,0,0.0,0.0,1,0.2444
0.4187,0.5,1.0,0.5,1,0.8335,0.08,0.5,1,0.0,0.0,0.5,1,-1.0,0.3333,0,1.0,0.5,1,0.2222
0.2559,0.85,0.5,0.0,1,0.8335,0.78,0.5,1,0.125,0.0,0.0,0,-1.0,0.5,0,0.0,0.0,1,0.2444
0.5117,0.225,0.5,1.0,1,0.3333,0.2,0.5,1,0.25,0.0,1.0,0,-1.0,0.6665,0,0.0,0.0,1,0.2444
0.1628,0.925,0.5,1.0,1,0.6665,0.16,1.0,1,0.25,1.0,0.5,1,0.0,0.3333,0,0.5,0.0,0,0.311
0.1628,0.95,0.0,0.5,1,0.5,0.2,0.5,1,0.125,1.0,1.0,0,-1.0,0.5,0,1.0,0.0,0,0.2666
0.5347,0.95,0.5,1.0,0,0.6665,0.22,0.5,1,0.75,0.5,1.0,0,1.0,0.5,0,0.0,0.0,0,0.4443
0.5117,0.85,1.0,0.5,1,0.3333,0.68,1.0,1,0.0,0.0,1.0,1,0.0,0.5,0,1.0,0.0,1,0.4
0.442,0.375,0.5,0.5,1,0.8335,0.64,1.0,1,0.0,0.0,0.0,1,1.0,0.8335,0,0.5,0.5,0,0.2444
0.2559,0.075,0.5,0.5,0,0.6665,0.12,0.0,1,0.5,0.5,0.5,1,1.0,0.6665,0,0.5,0.5,1,0.1333
0.3489,0.575,0.5,0.5,1,0.8335,0.72,0.5,1,0.625,0.0,1.0,0,-1.0,0.6665,0,0.0,0.5,0,0.2888
0.3953,0.55,0.5,0.5,1,0.1666,0.34,1.0,0,0.125,0.5,1.0,1,0.0,0.6665,0,0.5,0.0,1,0.2666
0.2094,0.85,0.5,1.0,0,0.1666,0.46,0.5,1,0.125,0.5,0.5,1,-1.0,0.5,0,0.0,0.5,1,0.2444
0.3489,1.0,0.5,1.0,0,1.0,0.12,0.5,1,0.125,1.0,0.5,1,0.0,0.3333,0,0.0,0.0,0,0.311
0.5347,0.5,0.5,0.5,0,0.8335,0.7,0.0,1,0.375,0.0,0.5,1,1.0,0.6665,0,0.0,0.0,1,0.311
0.6514,0.35,0.5,1.0,1,0.3333,0.38,0.5,1,0.125,0.0,1.0,0,-1.0,0.1666,0,0.5,1.0,0,0.2666
0.372,0.175,1.0,0.5,0,0.6665,0.64,0.5,1,0.0,0.5,0.5,1,1.0,0.6665,0,0.0,0.0,0,0.2222
0.558,0.0,0.5,0.0,0,0.3333,0.42,0.0,1,0.25,1.0,0.5,1,1.0,0.3333,0,0.0,0.0,1,0.1777
0.186,0.5,0.5,0.0,1,0.0,0.04,0.0,1,0.125,1.0,0.5,1,1.0,0.3333,0,1.0,0.0,0,0.1777
0.5347,0.55,0.5,0.5,0,0.0,0.7,0.0,0,0.125,0.0,0.5,1,-1.0,0.3333,0,0.0,0.0,1,0.2444
0.3257,0.825,0.5,0.5,1,0.5,0.56,0.0,1,0.0,0.5,0.5,1,-1.0,0.6665,0,0.0,0.5,1,0.2444
0.4883,0.5,0.5,1.0,1,0.8335,0.44,0.0,1,0.25,0.5,0.5,1,0.0,0.6665,0,0.5,0.0,0,0.311
0.4187,0.925,1.0,0.5,1,0.8335,0.2,1.0,1,0.375,0.5,0.5,1,-1.0,0.6665,0,1.0,0.5,0,0.3777
0.628,0.625,0.5,0.5,1,0.8335,0.62,0.0,1,0.25,0.0,0.5,1,0.0,0.5,0,0.0,0.0,1,0.3333
0.3257,0.85,0.5,1.0,1,0.6665,0.28,0.5,1,0.25,0.0,0.5,1,-1.0,0.1666,0,0.5,0.0,1,0.2888
0.5347,0.15,1.0,0.5,1,0.5,0.42,0.0,1,0.125,0.0,1.0,1,0.0,0.5,0,0.0,0.0,1,0.2444
0.3953,0.85,0.0,0.5,1,0.8335,0.06,0.5,1,0.375,0.0,0.5,1,-1.0,0.5,0,0.5,0.5,0,0.2666
0.4187,0.675,1.0,0.5,0,0.0,0.78,0.5,1,0.0,0.0,0.0,1,1.0,0.8335,1,1.0,0.5,0,0.2888
0.4187,0.175,0.5,0.0,1,0.6665,0.1,0.5,0,0.0,0.5,1.0,0,1.0,0.6665,0,0.0,0.0,1,0.1555
0.3257,0.2,0.5,1.0,0,0.1666,0.9,1.0,1,0.125,0.5,0.5,0,1.0,0.3333,1,0.5,0.0,0,0.2
0.442,0.925,1.0,0.0,1,0.3333,0.86,0.0,1,0.125,1.0,1.0,1,1.0,0.1666,0,0.5,1.0,1,0.3555
0.442,0.025,1.0,0.5,0,0.6665,0.98,0.5,1,0.0,0.5,1.0,1,0.0,0.6665,0,0.5,0.0,1,0.2222
0.465,0.475,0.5,0.5,1,0.6665,0.9,1.0,1,0.0,0.5,0.5,1,0.0,0.3333,0,1.0,0.0,0,0.311
0.465,0.325,0.5,0.5,0,0.3333,0.98,0.5,0,0.125,0.0,0.5,1,0.0,0.8335,0,0.0,0.0,1,0.2222
0.558,0.675,0.5,0.5,0,0.6665,0.88,1.0,1,0.0,0.5,1.0,1,1.0,0.6665,0,0.0,0.0,1,0.3555
0.5815,0.85,0.0,0.5,0,0.6665,0.12,0.0,1,0.125,1.0,0.5,1,-1.0,0.3333,0,0.5,0.0,0,0.311
0.3022,0.35,1.0,0.5,1,0.5,0.44,1.0,0,0.25,0.5,0.5,0,-1.0,0.5,0,0.5,0.0,1,0.2222
0.558,0.425,0.0,0.5,1,0.5,0.08,0.5,1,0.25,0.5,0.5,1,0.0,0.1666,0,0.5,0.5,1,0.2444
0.279,0.975,0.5,0.5,1,1.0,0.54,0.0,1,0.0,0.5,1.0,0,-1.0,0.5,0,0.5,0.5,0,0.2888
0.5347,0.775,1.0,1.0,1,0.5,0.52,0.5,1,0.0,0.5,0.5,0,1.0,0.3333,0,0.0,0.5,0,0.3777
0.5347,0.9,1.0,1.0,1,0.5,0.92,0.5,1,0.125,0.5,0.5,1,-1.0,0.5,0,0.0,0.0,0,0.422
0.186,0.45,0.5,0.5,0,0.5,0.96,0.0,1,0.375,0.0,0.5,1,1.0,0.3333,0,0.0,0.0,1,0.2
0.465,0.225,1.0,0.0,1,0.5,0.26,0.5,1,0.0,0.5,0.5,1,1.0,0.5,0,0.0,0.5,1,0.2
0.372,0.4,0.5,0.5,1,0.6665,0.58,0.0,0,0.125,0.0,0.5,1,0.0,0.6665,1,1.0,1.0,0,0.1777
0.3257,0.725,1.0,0.0,0,0.8335,0.46,1.0,1,0.25,0.0,0.0,0,0.0,0.3333,0,0.0,0.0,1,0.2444
0.628,0.1,0.5,0.5,1,0.5,0.54,0.5,1,0.125,1.0,0.5,1,1.0,0.3333,0,0.0,0.0,1,0.2666
0.3489,0.275,1.0,0.0,1,0.3333,0.54,0.0,1,0.5,0.5,0.5,1,0.0,0.8335,1,0.5,0.5,1,0.2
0.3257,0.05,0.0,1.0,0,1.0,0.92,0.0,1,0.0,0.5,1.0,0,1.0,0.6665,0,0.0,1.0,1,0.1555
0.442,0.425,0.5,0.0,1,0.5,0.9,1.0,1,0.0,0.5,0.5,1,1.0,0.1666,0,0.0,1.0,1,0.2444
0.5347,0.825,0.5,1.0,0,0.0,0.12,0.0,1,0.5,0.0,1.0,1,-1.0,0.3333,0,1.0,0.5,0,0.3555
0.4187,0.025,1.0,0.0,1,1.0,0.34,0.0,0,0.125,0.5,0.5,1,1.0,1.0,0,1.0,0.0,0,0.1777
0.6045,0.675,1.0,0.5,1,0.8335,0.76,0.5,1,0.125,0.0,1.0,1,1.0,0.6665,1,0.5,0.0,1,0.3777
0.5117,0.925,0.5,1.0,0,0.8335,0.68,0.0,1,0.125,1.0,0.5,1,1.0,0.5,1,0.0,1.0,0,0.3555
0.1395,0.225,0.0,0.5,0,0.8335,0.64,0.0,1,0.125,0.5,1.0,0,1.0,0.5,0,1.0,0.0,0,0.1333
0.372,0.7,0.5,1.0,1,1.0,1.0,0.5,1,0.125,0.0,1.0,1,1.0,0.3333,0,1.0,0.0,0,0.3555
0.372,0.975,0.5,0.5,0,0.1666,0.34,0.0,1,0.25,0.5,0.5,0,0.0,0.6665,0,1.0,1.0,1,0.311
0.5117,0.95,0.5,1.0,1,0.3333,0.52,0.0,1,0.375,0.0,1.0,1,1.0,0.5,0,0.0,0.0,1,0.422
0.06976,0.225,0.5,1.0,1,0.3333,0.98,0.5,1,0.0,0.5,1.0,1,0.0,0.3333,0,0.0,0.5,1,0.1333
0.7905,0.1,0.5,0.0,0,0.3333,0.7,1.0,1,0.25,0.5,1.0,0,0.0,0.3333,0,0.0,0.5,1,0.2888
0.5117,0.15,0.5,1.0,1,0.5,0.64,1.0,1,0.125,0.5,0.5,1,1.0,0.3333,0,0.0,0.0,1,0.2666
0.465,0.7,1.0,0.0,0,0.3333,0.16,0.5,1,0.375,1.0,0.5,0,0.0,0.6665,0,0.5,0.0,1,0.3333
0.6045,0.725,0.5,0.5,0,0.1666,0.24,0.5,1,0.0,0.0,0.5,1,0.0,0.5,0,0.0,0.0,1,0.311
0.7676,0.675,0.5,0.0,0,0.3333,0.38,1.0,1,0.375,0.0,0.5,0,0.0,0.3333,0,0.5,0.5,1,0.3777
0.558,0.325,0.5,0.0,1,0.5,0.46,0.5,1,0.125,0.5,0.5,1,1.0,0.3333,0,0.0,0.0,1,0.2444
0.5815,0.175,0.5,0.5,0,0.8335,0.5,0.5,1,0.25,0.5,0.5,1,1.0,0.5,0,0.0,0.0,1,0.2666
0.465,0.575,0.5,0.5,0,0.3333,0.9,1.0,1,0.5,1.0,1.0,1,0.0,0.3333,0,0.0,1.0,0,0.3333
0.4187,0.475,0.5,1.0,1,0.6665,0.1,0.5,1,0.375,0.5,0.5,0,0.0,0.6665,1,1.0,0.0,1,0.2888
0.372,0.725,0.0,0.5,1,0.1666,0.24,1.0,1,0.25,0.5,0.5,0,1.0,0.3333,0,0.5,0.0,0,0.2888
0.3257,0.45,0.5,1.0,0,0.0,0.14,1.0,1,0.25,0.5,1.0,1,-1.0,0.3333,0,0.0,0.0,0,0.2222
0.3489,0.35,0.5,0.0,1,0.5,0.74,0.5,1,0.0,0.0,0.0,1,1.0,0.5,0,0.5,0.0,0,0.1777
0.2559,0.3,0.0,0.0,1,0.3333,0.98,1.0,1,0.0,0.0,0.5,1,1.0,0.6665,0,0.5,1.0,0,0.1555
0.442,0.2,0.5,1.0,1,0.3333,0.9,0.5,1,0.0,0.0,0.5,1,1.0,0.6665,0,0.0,0.0,0,0.2444
0.2094,0.275,0.5,1.0,1,0.3333,0.72,0.5,1,0.125,0.5,0.0,1,-1.0,0.3333,1,1.0,0.0,1,0.1555
0.465,0.1,0.0,1.0,1,0.3333,0.02,0.0,1,0.0,1.0,0.0,1,-1.0,0.5,0,0.5,0.5,0,0.1333
0.442,0.35,0.0,0.5,1,0.3333,0.34,1.0,1,0.0,0.5,0.5,0,-1.0,0.6665,1,0.5,0.5,0,0.1777
0.465,0.025,0.5,0.5,1,0.3333,0.86,0.0,1,0.375,0.5,1.0,0,0.0,0.5,0,0.0,0.0,0,0.2222
0.372,0.175,1.0,0.0,0,0.1666,0.66,1.0,1,0.375,0.0,0.5,1,1.0,0.5,0,0.0,0.5,1,0.2
0.8604,0.75,1.0,0.5,1,0.0,0.2,0.0,1,0.25,0.0,0.5,1,0.0,0.6665,0,0.5,0.5,1,0.422
0.628,0.325,0.0,0.5,1,0.0,0.46,0.5,1,0.25,1.0,1.0,1,1.0,0.3333,0,1.0,0.0,0,0.3333
0.279,0.675,0.0,0.5,0,1.0,0.08,0.0,1,0.25,0.0,0.5,1,1.0,0.3333,0,0.0,0.5,0,0.1777
0.465,0.725,0.0,0.5,0,0.5,0.52,0.5,1,0.375,1.0,0.5,1,1.0,0.3333,0,0.0,1.0,0,0.2888
0.3489,0.575,0.5,1.0,1,0.8335,0.9,0.5,1,0.25,0.0,1.0,1,0.0,0.3333,0,0.5,0.0,1,0.311
0.3022,0.95,0.5,1.0,1,0.5,0.04,1.0,1,0.125,0.5,1.0,0,-1.0,0.6665,0,0.0,0.5,1,0.3333
0.2559,0.025,0.5,0.5,1,0.5,0.62,0.5,1,0.25,1.0,0.5,1,0.0,0.5,0,0.5,1.0,1,0.1555
0.5117,0.75,1.0,0.5,1,0.5,0.24,0.5,1,0.375,0.5,0.0,0,1.0,0.3333,0,1.0,0.5,1,0.3555
0.3489,0.95,0.5,0.0,0,0.6665,1.0,0.0,1,0.25,0.0,0.5,1,0.0,0.1666,0,0.0,0.0,1,0.311
0.5815,0.85,1.0,0.0,1,0.1666,0.06,0.0,1,0.0,0.0,1.0,1,0.0,0.3333,0,0.0,0.0,1,0.311
0.5815,0.175,0.0,1.0,1,0.3333,0.62,1.0,1,0.5,0.0,1.0,1,0.0,0.5,1,0.5,0.0,1,0.2888
0.628,0.325,0.0,0.5,1,0.5,0.26,0.0,1,0.0,0.0,0.5,1,1.0,0.3333,0,0.0,0.0,1,0.2222
0.3257,0.175,0.5,1.0,1,0.0,0.88,1.0,1,0.125,0.5,0.5,0,1.0,0.8335,0,0.0,1.0,1,0.2222
0.5117,0.6,0.0,0.0,1,0.8335,0.12,0.0,0,0.125,0.5,1.0,1,1.0,0.6665,0,0.0,0.0,0,0.2222
0.5347,0.7,1.0,1.0,0,0.8335,0.42,0.5,1,0.25,1.0,1.0,1,-1.0,0.5,0,0.0,0.0,0,0.3777
0.372,0.325,0.5,0.0,0,0.0,0.18,1.0,1,0.25,0.0,1.0,0,-1.0,0.6665,0,0.0,0.5,0,0.1777
0.3257,0.55,0.5,1.0,1,0.3333,0.8,1.0,0,0.25,1.0,0.5,1,1.0,0.3333,0,0.0,0.0,1,0.2888
0.6743,0.7,0.5,0.5,1,0.5,0.36,0.0,1,0.125,0.5,1.0,1,1.0,0.5,0,0.5,0.0,0,0.3777
0.465,0.425,0.5,0.0,1,0.6665,0.18,0.5,1,0.375,0.0,0.5,0,1.0,0.3333,0,0.0,0.0,1,0.2444
0.5347,0.85,0.0,0.5,0,0.8335,0.72,1.0,1,0.25,0.0,0.5,1,0.0,0.5,0,0.5,0.0,0,0.3555
0.3257,0.775,0.5,0.0,1,0.3333,0.82,0.0,1,0.0,0.5,0.5,1,1.0,0.5,0,0.5,0.5,0,0.2666
0.279,0.075,0.5,0.5,0,1.0,0.46,0.0,1,0.25,0.0,1.0,1,-1.0,0.5,0,1.0,0.5,1,0.1333
0.372,0.625,1.0,1.0,1,0.5,0.38,0.5,1,0.5,0.0,1.0,0,0.0,0.3333,0,0.0,0.0,0,0.3333
0.4187,0.225,0.5,0.5,1,0.5,0.64,0.0,0,0.25,0.0,0.5,1,0.0,0.5,0,0.5,0.0,1,0.2
0.3022,0.55,0.5,0.5,1,0.6665,0.66,0.5,1,0.0,0.5,0.5,1,-1.0,0.3333,0,0.0,0.5,1,0.2
0.442,0.95,0.0,1.0,1,0.5,0.66,0.5,0,0.0,0.0,0.5,1,0.0,0.5,0,0.0,1.0,0,0.2888
0.2094,0.875,1.0,0.5,0,0.5,0.28,1.0,1,0.5,0.0,0.5,0,1.0,0.5,0,1.0,0.0,1,0.3333
0.279,0.4,0.0,0.5,1,1.0,0.94,1.0,1,0.5,0.0,0.0,1,0.0,0.5,0,0.5,0.5,1,0.2222
0.5347,0.3,1.0,1.0,0,0.5,0.22,0.5,1,0.375,0.0,0.5,0,0.0,0.3333,0,0.0,0.0,0,0.2666
0.5347,0.225,0.5,0.0,1,0.3333,0.38,0.5,1,0.0,0.0,1.0,0,0.0,0.6665,0,0.5,0.0,1,0.2222
0.3953,0.525,0.0,0.5,1,0.3333,0.28,0.5,1,0.125,0.5,0.5,1,1.0,0.6665,0,0.0,0.5,0,0.2222
0.3022,0.125,0.5,1.0,1,0.8335,0.94,0.0,1,0.375,0.0,1.0,1,1.0,0.6665,0,0.0,0.0,0,0.2222
0.3022,0.55,1.0,0.0,1,0.6665,0.82,1.0,1,0.125,0.0,0.5,1,-1.0,0.3333,0,0.0,0.0,1,0.2444
0.3953,0.0,0.5,1.0,0,0.1666,0.82,0.0,1,0.25,0.0,0.5,1,-1.0,0.6665,1,0.0,0.0,1,0.1555
0.5347,0.325,0.5,0.5,1,0.1666,0.0,0.0,1,0.125,0.0,0.5,1,-1.0,0.3333,0,0.0,0.0,1,0.1777
0.5815,0.225,0.0,0.0,1,0.5,0.68,0.5,1,0.0,0.5,0.5,0,0.0,0.5,1,0.0,0.5,1,0.1777
0.372,0.975,0.5,0.5,1,0.6665,0.24,0.5,1,0.375,0.5,0.5,0,0.0,0.5,0,0.0,0.0,1,0.3333
0.279,0.725,0.0,1.0,1,0.3333,0.96,0.5,1,0.0,0.5,0.5,0,-1.0,0.6665,0,0.0,0.0,1,0.2666
0.4883,0.35,1.0,1.0,0,0.0,0.54,0.0,1,0.0,1.0,0.5,0,-1.0,0.5,1,0.0,0.0,1,0.2444
0.3257,0.1,1.0,0.5,0,0.1666,0.56,0.5,1,0.25,0.0,0.5,1,1.0,0.3333,0,0.0,0.5,1,0.1777
0.372,0.525,1.0,0.0,1,0.8335,0.36,1.0,1,0.125,0.0,0.0,0,1.0,0.5,0,0.5,0.0,0,0.2444
0.628,0.225,0.0,0.5,0,0.6665,0.54,0.5,1,0.375,0.5,0.5,1,0.0,0.6665,0,0.5,0.5,0,0.2666
0.558,0.525,0.5,0.5,0,0.8335,0.74,0.0,1,0.125,0.0,1.0,0,-1.0,0.1666,0,1.0,0.5,0,0.2888
0.465,0.825,0.0,1.0,1,0.8335,0.56,0.0,1,0.125,0.5,0.0,1,0.0,0.3333,1,0.0,1.0,1,0.2666
0.2559,0.625,0.5,1.0,1,0.3333,0.64,0.5,1,0.125,1.0,0.5,1,0.0,0.3333,0,0.0,1.0,1,0.2444
0.465,0.625,1.0,1.0,1,0.3333,0.48,0.5,1,0.25,0.5,0.5,1,0.0,0.6665,0,0.0,0.0,0,0.3555
0.5815,0.55,0.5,0.5,1,0.5,0.72,0.5,1,0.0,0.0,1.0,1,0.0,0.3333,1,1.0,0.0,1,0.311
0.3953,0.925,1.0,0.0,1,0.6665,0.9,1.0,1,0.125,0.5,0.5,1,1.0,0.3333,0,1.0,0.5,1,0.3777
0.628,0.925,1.0,0.0,1,0.8335,0.06,0.0,1,0.0,0.0,0.5,0,-1.0,0.5,0,0.5,0.5,0,0.3333
0.628,0.525,0.5,0.5,1,1.0,0.1,0.5,1,0.25,0.5,0.0,0,0.0,0.5,0,0.0,0.0,1,0.2888
0.6743,0.3,0.5,0.5,0,0.6665,0.68,0.5,1,0.125,0.0,1.0,0,1.0,0.1666,0,0.0,0.0,1,0.2888
0.4883,0.45,0.0,1.0,1,0.6665,0.38,1.0,1,0.25,0.0,0.5,1,-1.0,0.3333,0,0.0,0.0,0,0.2666
0.5347,0.175,0.5,0.5,0,1.0,0.28,0.0,1,0.125,0.0,0.5,1,1.0,0.3333,1,0.5,1.0,0,0.1555
0.628,0.625,0.5,0.0,0,0.5,0.18,0.0,1,0.125,0.0,0.5,1,0.0,0.5,0,1.0,1.0,1,0.2666
0.5117,0.5,1.0,0.5,0,0.8335,0.58,0.5,1,0.125,0.5,1.0,1,-1.0,0.3333,0,1.0,0.0,1,0.311
0.372,0.1,0.5,1.0,1,0.6665,0.34,0.5,1,0.375,0.0,0.5,1,-1.0,0.5,0,0.5,0.0,1,0.2
0.372,0.2,0.5,1.0,1,0.6665,0.5,0.5,1,0.25,0.0,1.0,0,1.0,0.5,0,0.5,0.0,0,0.2444
0.465,0.475,1.0,0.0,1,0.5,0.96,1.0,1,0.25,0.0,0.5,1,1.0,0.1666,0,0.0,0.0,1,0.311
0.2559,0.9,1.0,1.0,0,0.1666,0.76,1.0,1,0.0,0.5,0.5,0,1.0,0.3333,0,0.5,0.5,0,0.3333
0.4187,0.575,1.0,0.5,0,0.6665,0.8,0.0,1,0.375,0.0,0.5,1,1.0,0.5,0,0.5,0.5,0,0.311
0.6045,0.675,0.5,0.5,1,0.6665,0.12,0.5,1,0.375,0.5,1.0,1,0.0,0.5,0,1.0,0.0,1,0.3777
0.1395,0.35,0.5,0.5,1,0.3333,0.32,0.0,1,0.125,0.0,1.0,0,1.0,0.3333,0,0.0,0.0,0,0.1333
0.6514,0.575,0.5,0.5,0,0.5,0.1,1.0,1,0.25,0.0,0.0,0,-1.0,0.6665,0,0.0,0.0,0,0.2888
0.6045,0.45,0.5,0.5,0,0.3333,0.96,0.0,1,0.125,0.5,0.5,1,1.0,0.5,0,0.0,1.0,1,0.2888
0.372,0.65,0.0,0.5,0,0.3333,0.68,1.0,1,0.0,0.5,0.5,0,0.0,0.5,0,0.0,0.0,0,0.2444
0.5117,0.05,0.5,0.5,0,0.3333,0.02,0.5,1,0.625,1.0,0.5,1,-1.0,0.3333,0,0.5,0.0,1,0.2222
0.442,0.5,1.0,0.0,1,0.1666,0.48,0.5,1,0.25,0.0,0.0,1,-1.0,0.6665,0,0.5,0.5,0,0.2444
0.6045,0.3,0.5,0.5,0,0.3333,0.26,0.5,1,0.125,1.0,0.5,0,-1.0,0.8335,0,0.5,0.5,0,0.2666
0.5815,0.325,0.5,1.0,0,0.6665,0.54,0.5,1,0.0,0.5,1.0,0,1.0,0.3333,0,0.5,1.0,1,0.2888
0.2559,0.95,0.0,0.5,0,0.8335,0.18,0.0,1,0.125,1.0,0.5,1,0.0,0.3333,0,1.0,0.0,0,0.2666
0.5347,0.175,0.0,0.5,1,1.0,0.06,0.5,1,0.0,0.5,0.5,1,1.0,0.5,1,0.5,0.0,0,0.1777
0.4187,0.3,0.5,0.0,0,0.3333,0.32,0.5,1,0.0,0.5,1.0,0,0.0,0.3333,0,1.0,0.0,1,0.2
0.442,0.5,0.5,0.0,0,0.8335,0.3,1.0,1,0.125,0.5,0.5,0,1.0,0.5,0,0.5,1.0,1,0.2444
0.3489,0.875,1.0,0.5,1,0.6665,0.72,0.5,1,0.0,0.0,0.0,1,1.0,0.6665,0,0.0,0.5,1,0.311
0.6743,0.425,0.5,0.0,1,0.5,0.48,0.5,1,0.375,1.0,0.5,0,0.0,0.5,0,1.0,0.5,1,0.3333
0.5815,0.75,0.5,0.5,0,0.6665,0.3,1.0,1,0.375,0.5,1.0,0,1.0,0.3333,0,0.0,0.0,0,0.3777
0.3489,0.85,0.5,1.0,0,0.8335,0.58,1.0,1,0.25,1.0,0.5,1,1.0,0.8335,0,0.0,0.5,0,0.3555
0.2559,0.3,0.5,0.5,1,0.3333,0.08,0.0,1,0.375,0.0,0.5,1,1.0,0.3333,0,1.0,0.0,1,0.1777
0.3953,0.4,1.0,1.0,0,0.3333,0.66,0.5,1,0.125,1.0,0.5,1,0.0,0.6665,0,0.0,0.0,1,0.2888
0.5117,0.35,0.5,1.0,1,0.3333,0.14,0.0,0,0.125,1.0,1.0,0,0.0,0.5,0,0.5,0.0,1,0.2666
0.465,0.825,0.5,0.0,0,0.3333,0.28,0.5,1,0.25,0.0,0.5,1,1.0,0.6665,0,1.0,0.5,1,0.311
0.628,0.05,0.5,0.5,0,0.8335,0.28,1.0,1,0.125,0.0,0.5,0,-1.0,0.3333,0,1.0,0.0,1,0.2222
0.558,0.3,1.0,0.0,1,0.3333,0.46,1.0,1,0.5,0.5,1.0,1,0.0,0.6665,0,0.5,0.5,1,0.311
0.5815,0.675,0.5,0.5,0,0.3333,0.96,1.0,1,0.0,0.5,1.0,1,-1.0,0.6665,0,0.5,0.5,1,0.3555
0.4883,0.575,0.5,0.0,1,0.5,0.32,0.5,1,0.25,0.5,0.5,0,0.0,0.5,0,0.0,0.0,0,0.2666
0.2559,0.425,0.0,0.5,0,0.5,0.28,0.0,1,0.25,1.0,1.0,1,1.0,0.6665,0,0.5,0.5,0,0.2
0.4187,0.55,1.0,0.5,1,0.3333,0.16,0.0,1,0.25,0.5,1.0,0,1.0,0.5,0,0.5,0.0,0,0.2888
0.5815,0.2,1.0,0.0,1,1.0,0.4,0.5,1,0.125,0.0,0.5,1,1.0,0.5,0,0.5,0.0,1,0.2666
0.442,0.425,0.0,0.0,0,0.3333,0.18,0.0,1,0.125,1.0,0.5,1,-1.0,0.3333,0,0.0,0.5,0,0.1555
0.5117,0.5,1.0,0.5,0,0.5,0.14,0.0,1,0.25,0.5,1.0,1,-1.0,0.3333,0,1.0,0.5,0,0.2888
0.3953,0.9,0.5,0.5,1,0.0,0.86,0.5,1,0.0,0.5,1.0,1,1.0,0.6665,0,0.5,0.0,0,0.3777
0.3022,0.25,0.5,1.0,1,0.5,0.06,0.0,1,0.0,0.5,0.5,1,-1.0,0.5,0,0.0,0.5,1,0.1333
0.4187,0.875,0.0,0.0,1,0.1666,0.72,0.5,1,0.0,1.0,0.5,1,-1.0,0.6665,0,0.0,0.5,1,0.2666
0.4883,0.65,1.0,0.5,0,0.3333,0.2,1.0,1,0.0,1.0,1.0,1,0.0,0.5,0,1.0,0.0,1,0.3333
0.3489,0.025,0.0,0.5,1,0.0,0.02,0.0,1,0.125,0.0,0.5,1,0.0,0.5,0,0.0,0.0,1,0.08887
0.4187,0.725,1.0,0.5,1,0.3333,0.8,1.0,1,0.0,0.0,1.0,0,-1.0,0.6665,0,0.5,0.5,0,0.3333
0.3022,0.025,0.0,0.5,0,0.5,0.7,1.0,1,0.125,0.0,0.5,1,0.0,0.1666,0,0.0,0.0,0,0.1111
0.6045,1.0,1.0,0.5,0,0.5,0.34,0.5,1,0.125,1.0,1.0,1,0.0,0.5,0,0.5,0.5,1,0.422
0.3953,0.875,0.0,1.0,1,0.3333,0.08,1.0,1,0.0,0.5,1.0,0,-1.0,0.5,0,0.5,0.5,1,0.2888
0.6514,0.3,0.5,0.5,0,0.5,0.36,0.0,1,0.0,0.0,0.5,1,1.0,0.5,0,0.5,0.0,0,0.2666
0.6514,0.25,0.5,0.0,0,0.3333,0.18,1.0,1,0.25,0.5,0.5,0,0.0,0.6665,0,1.0,1.0,1,0.2666
0.442,0.375,0.0,0.5,1,0.5,0.94,1.0,1,0.0,0.5,0.5,1,0.0,0.3333,0,0.5,0.0,0,0.2444
0.3022,0.35,0.5,0.5,0,0.5,0.52,1.0,1,0.125,0.0,1.0,1,0.0,0.3333,0,0.0,1.0,0,0.1777
0.1395,0.375,0.5,0.5,0,0.5,0.96,0.0,0,0.125,0.0,1.0,1,1.0,0.5,0,0.5,0.0,1,0.1555
0.2325,0.325,1.0,0.0,1,0.5,0.36,1.0,1,0.375,0.0,1.0,0,0.0,0.5,0,0.5,0.5,0,0.2
0.2559,0.625,0.5,0.5,1,0.3333,0.56,1.0,1,0.375,0.5,0.5,1,0.0,0.6665,0,0.5,0.0,1,0.2888
0.628,0.175,0.5,0.5,0,0.6665,0.2,1.0,1,0.0,0.5,0.5,1,1.0,0.5,0,0.0,0.5,0,0.2222
0.465,0.85,0.5,0.0,1,0.6665,0.8,0.0,1,0.125,0.5,0.5,1,1.0,0.6665,0,1.0,0.0,0,0.3555
0.4883,0.8,0.5,0.5,1,0.5,0.04,0.0,0,0.125,0.5,0.5,0,-1.0,0.5,0,1.0,0.0,0,0.2888
0.1395,0.475,0.0,1.0,1,0.8335,0.7,0.5,1,0.0,0.5,0.5,1,-1.0,0.3333,0,0.0,0.0,1,0.1555
0.279,0.85,1.0,1.0,1,0.5,0.4,0.5,1,0.125,0.5,0.5,0,-1.0,0.5,0,0.0,0.5,1,0.2888
0.558,0.25,0.5,0.5,1,0.5,0.58,0.0,1,0.375,1.0,0.5,1,0.0,0.5,0,0.0,0.0,1,0.2888
0.4883,0.025,1.0,0.5,1,0.5,0.6,1.0,1,0.375,0.5,1.0,1,0.0,0.5,0,1.0,0.5,1,0.2666
0.4187,0.625,0.5,0.5,1,0.5,0.72,0.5,1,0.0,0.0,0.5,1,1.0,0.3333,0,0.5,0.5,0,0.2666
0.5117,0.45,1.0,1.0,1,0.3333,0.2,0.5,1,0.25,1.0,1.0,1,1.0,0.6665,0,0.0,1.0,1,0.3333
0.6743,0.575,0.0,0.5,1,0.0,0.54,0.5,1,0.0,0.0,0.5,1,0.0,0.6665,0,0.0,0.0,0,0.311
0.4187,0.9,0.0,0.5,0,0.5,0.42,0.5,1,0.25,0.0,1.0,0,1.0,0.5,0,1.0,0.5,1,0.3333
0.442,0.975,0.5,0.0,0,0.6665,0.28,0.0,1,0.125,1.0,0.5,1,1.0,0.3333,0,0.0,0.0,1,0.311
0.465,0.625,1.0,0.5,1,0.1666,0.5,0.0,1,0.125,1.0,1.0,1,1.0,0.3333,0,0.0,0.5,0,0.3333
0.7676,0.775,0.5,0.0,0,0.8335,0.96,0.5,1,0.0,0.5,0.5,1,0.0,0.6665,0,0.0,0.5,1,0.3777
0.1395,0.075,0.0,0.5,0,0.1666,0.94,0.5,1,0.125,0.0,0.5,1,0.0,0.3333,0,0.0,0.0,0,0.08887
0.5347,0.15,0.5,0.5,0,0.3333,0.28,0.5,0,0.0,0.5,1.0,1,0.0,0.6665,0,0.0,0.0,1,0.2
0.4187,0.725,1.0,1.0,1,1.0,0.88,0.5,1,0.0,1.0,0.5,0,0.0,0.1666,0,0.5,0.0,0,0.3777
0.5117,0.425,0.0,1.0,1,0.6665,0.88,0.5,1,0.0,1.0,0.5,0,1.0,0.5,0,1.0,0.0,1,0.3333
0.3489,0.45,0.0,1.0,0,0.5,0.24,0.5,1,0.0,1.0,1.0,1,-1.0,0.1666,0,0.0,1.0,0,0.1777
0.442,0.3,1.0,0.5,1,0.5,0.6,0.5,1,0.125,0.0,1.0,0,-1.0,0.5,0,0.5,0.0,1,0.2444
0.5347,0.6,1.0,1.0,0,0.8335,0.86,0.5,1,0.375,1.0,0.5,1,0.0,0.6665,0,0.0,1.0,1,0.3777
0.884,0.175,1.0,1.0,1,0.1666,0.52,0.5,0,0.25,0.5,0.5,0,-1.0,0.6665,0,0.0,0.0,0,0.3555
0.558,0.625,1.0,1.0,0,0.8335,0.36,0.5,1,0.125,1.0,0.5,1,-1.0,0.5,0,1.0,1.0,0,0.3555
0.3257,0.175,0.0,0.5,1,0.3333,0.66,0.0,1,0.375,0.5,0.0,1,1.0,0.5,0,0.0,0.5,1,0.1555
0.372,0.075,0.5,0.5,1,0.6665,0.18,0.5,1,0.125,0.0,1.0,1,1.0,0.1666,0,1.0,0.5,1,0.1555
0.372,0.325,0.5,0.0,0,0.3333,0.16,0.5,1,0.5,0.5,0.5,1,1.0,0.1666,0,0.5,0.0,1,0.2
0.186,0.225,1.0,1.0,1,1.0,0.84,0.5,1,0.25,0.0,0.5,0,0.0,0.5,0,1.0,0.0,1,0.2222
0.3953,0.9,1.0,0.0,1,0.5,0.04,0.0,1,0.125,0.0,0.5,0,0.0,0.6665,0,0.5,0.0,0,0.2888
0.5347,0.05,1.0,0.5,1,0.1666,0.8,0.0,1,0.0,1.0,0.5,0,1.0,0.5,0,0.5,0.0,1,0.2666
0.2559,0.175,0.5,0.5,1,0.6665,0.3,0.0,1,0.125,1.0,0.5,1,0.0,0.5,0,0.0,0.5,1,0.1333
0.5815,0.55,0.0,0.0,1,0.8335,0.48,1.0,1,0.25,0.5,0.5,1,-1.0,0.8335,0,0.0,0.5,0,0.2888
0.5117,0.475,0.5,1.0,0,0.8335,0.54,0.5,1,0.125,0.0,1.0,1,0.0,0.5,0,0.0,0.0,1,0.2888
0.3489,0.05,0.5,0.5,0,0.5,0.76,0.5,1,0.125,0.0,1.0,1,0.0,0.1666,0,0.0,0.0,0,0.1555
0.4187,0.0,0.5,0.0,0,0.6665,0.88,1.0,1,0.125,0.0,0.0,0,0.0,0.5,0,0.0,0.0,0,0.1555
0.6743,1.0,1.0,1.0,1,0.3333,0.8,0.0,1,0.0,0.5,0.0,1,1.0,0.3333,1,0.0,0.0,1,0.422
0.5347,0.65,0.5,0.5,1,0.6665,0.58,0.5,0,0.0,0.0,0.5,1,0.0,0.6665,0,0.0,0.0,0,0.2888
0.442,0.375,0.0,1.0,0,0.6665,0.34,0.5,1,0.125,1.0,0.0,1,1.0,0.6665,0,0.5,0.5,1,0.2444
0.4187,0.475,0.5,0.5,0,0.0,0.52,1.0,1,0.125,0.5,0.5,0,0.0,0.5,0,0.0,0.0,1,0.2666
0.442,0.275,1.0,0.5,0,0.1666,0.04,1.0,1,0.125,0.5,1.0,1,0.0,0.5,0,0.0,0.5,1,0.2222
0.372,0.35,0.5,0.5,1,0.5,0.24,0.5,1,0.25,1.0,0.5,1,1.0,0.6665,0,0.0,0.0,1,0.2444
0.1395,0.65,1.0,0.5,0,0.5,0.36,0.5,1,0.625,0.0,0.5,1,1.0,0.6665,0,1.0,0.5,1,0.2666
0.7207,0.875,0.5,0.5,1,0.5,0.32,1.0,1,0.625,1.0,0.5,0,-1.0,0.5,0,0.5,0.0,1,0.4666
0.465,0.175,0.0,1.0,1,0.5,0.1,1.0,1,0.25,1.0,1.0,0,1.0,0.5,0,0.0,0.5,0,0.2444
0.4883,0.85,0.0,0.0,0,0.8335,0.06,1.0,1,0.125,0.5,1.0,1,0.0,0.5,0,0.5,0.0,0,0.2888
0.442,0.125,1.0,0.5,1,0.6665,0.42,0.0,1,0.25,0.0,0.5,0,0.0,0.5,1,0.5,0.0,0,0.1777
0.3489,0.225,0.5,1.0,1,0.0,0.08,0.5,1,0.5,0.0,0.0,1,1.0,0.6665,0,0.5,0.0,0,0.2222
0.4187,0.025,1.0,0.5,0,1.0,0.28,0.5,1,0.375,0.0,0.5,1,1.0,0.5,0,0.0,0.5,1,0.1777
0.2094,0.15,0.5,0.5,0,0.0,0.48,0.0,1,0.25,0.0,0.5,1,-1.0,0.3333,0,0.0,0.5,1,0.08887
0.7676,0.925,0.5,0.5,0,0.6665,0.2,0.5,1,0.25,0.5,0.5,0,0.0,0.6665,0,0.0,0.0,1,0.422
0.279,0.45,0.5,0.0,1,0.1666,0.08,0.0,1,0.25,0.0,1.0,1,1.0,0.5,1,0.5,0.0,1,0.1555
0.3022,0.075,0.0,0.0,1,0.8335,0.44,0.5,1,0.375,0.0,0.0,1,1.0,0.6665,1,0.0,0.0,0,0.08887
0.372,0.95,0.5,1.0,1,0.5,0.44,1.0,1,0.0,0.0,0.5,1,1.0,0.5,0,0.0,0.0,1,0.3555
0.628,0.875,0.5,0.5,0,0.6665,0.92,0.5,1,0.125,0.5,0.5,1,0.0,0.5,0,1.0,0.5,1,0.4
0.442,0.75,1.0,0.5,1,0.0,0.12,0.5,1,0.0,0.0,1.0,0,1.0,0.1666,0,0.0,0.5,1,0.2888
0.279,0.925,0.5,0.5,1,0.6665,0.62,0.5,1,0.375,0.0,0.5,1,0.0,0.1666,0,0.0,1.0,1,0.2888
0.628,0.225,0.5,0.5,1,0.6665,0.32,0.5,1,0.0,0.0,0.5,1,1.0,1.0,0,0.5,1.0,1,0.2444
0.5347,0.825,0.0,1.0,1,0.6665,0.12,0.5,1,0.125,0.0,0.5,1,0.0,0.5,0,0.5,0.5,1,0.311
0.5117,0.7,0.5,0.5,0,0.6665,0.4,0.5,1,0.25,0.5,1.0,1,0.0,0.6665,0,0.0,0.0,0,0.3333
0.5347,0.875,0.5,1.0,1,0.5,0.42,1.0,1,0.125,0.5,1.0,1,1.0,0.5,0,0.0,0.0,1,0.422
0.7676,0.8,1.0,0.5,0,0.5,0.36,0.0,1,0.0,0.5,1.0,1,1.0,0.8335,0,0.5,0.0,0,0.4443
0.744,0.35,0.5,0.5,1,0.3333,0.76,0.5,1,0.25,0.5,0.5,0,0.0,0.5,0,0.5,0.0,1,0.3555
0.3489,0.775,1.0,1.0,1,0.3333,0.84,0.0,1,0.25,0.0,1.0,0,1.0,0.5,0,0.0,0.5,1,0.3555
0.6743,0.25,0.5,0.5,0,0.8335,0.14,0.5,1,0.125,0.0,0.5,1,-1.0,0.6665,0,0.5,1.0,0,0.2222
0.4883,0.325,0.0,0.5,0,0.3333,0.16,1.0,1,0.125,0.5,0.5,0,1.0,0.5,0,1.0,0.5,1,0.2222
0.5117,0.1,0.5,1.0,0,0.0,0.42,0.0,1,0.25,0.5,0.5,1,-1.0,0.1666,0,1.0,0.0,1,0.2222
0.2094,0.925,0.5,0.5,0,0.3333,0.32,0.5,1,0.25,0.0,0.5,1,0.0,0.3333,0,1.0,0.0,0,0.2666
0.4187,0.3,0.5,0.5,1,0.6665,0.82,1.0,1,0.125,0.0,0.5,0,1.0,0.6665,0,0.0,0.5,1,0.2666
0.3257,0.525,0.5,0.5,1,0.5,1.0,0.5,1,0.125,0.0,0.5,1,0.0,0.5,0,1.0,0.5,1,0.2666
0.558,0.4,1.0,1.0,1,0.6665,0.18,0.5,1,0.5,0.5,0.5,0,0.0,0.6665,0,0.5,0.0,0,0.3555
0.5815,0.95,1.0,0.0,0,0.0,0.76,0.0,1,0.125,0.5,1.0,1,0.0,0.1666,0,0.5,0.5,0,0.3777
0.1628,0.325,0.5,1.0,1,0.0,0.6,0.0,1,0.0,0.0,1.0,1,0.0,0.6665,0,0.5,0.5,1,0.1555
0.442,0.775,1.0,0.0,1,0.5,0.64,0.5,1,0.0,0.5,0.5,1,0.0,0.6665,0,0.5,0.0,1,0.3333
0.6045,0.85,0.5,1.0,0,0.8335,0.26,1.0,1,0.0,0.0,0.5,1,0.0,0.6665,0,0.5,0.0,0,0.3777
0.4187,0.425,0.0,0.5,1,0.0,0.1,0.5,1,0.0,0.5,0.0,1,1.0,0.6665,0,0.5,0.5,1,0.2
0.5347,0.375,1.0,0.0,1,0.6665,0.54,1.0,1,0.125,0.0,0.5,0,-1.0,0.1666,0,0.5,0.5,1,0.2444
0.4883,0.75,0.0,0.5,1,0.8335,0.62,0.5,1,0.0,0.5,0.5,1,0.0,0.6665,0,0.0,0.0,1,0.311
0.4883,0.925,1.0,0.5,0,0.5,0.96,1.0,1,0.0,0.5,0.5,1,-1.0,0.0,0,0.5,0.5,0,0.3555
0.3953,0.75,0.5,0.0,0,0.6665,0.68,1.0,1,0.25,0.0,1.0,0,1.0,0.5,0,0.0,0.5,1,0.2888
0.279,0.225,0.5,0.5,1,0.5,0.44,0.0,1,0.25,1.0,0.5,1,1.0,0.3333,0,0.0,0.5,0,0.1777
0.279,0.9,0.5,1.0,1,0.5,1.0,0.5,0,0.5,0.5,1.0,1,-1.0,0.5,0,0.0,0.0,1,0.3555
0.5347,0.4,1.0,0.0,1,0.6665,0.38,0.0,1,0.375,0.0,0.5,0,-1.0,0.1666,0,0.0,0.0,1,0.2222
0.442,0.575,0.0,1.0,1,1.0,0.16,0.5,1,0.0,0.0,1.0,1,0.0,0.1666,0,0.0,0.0,0,0.2444
0.4187,0.825,0.0,0.0,1,0.3333,0.62,0.5,1,0.25,1.0,0.5,0,1.0,0.5,1,0.5,0.5,0,0.2888
0.372,0.2,0.5,0.5,1,0.5,0.26,0.5,0,0.0,0.0,0.5,1,0.0,0.5,0,0.0,0.5,1,0.1333
0.3953,0.775,0.0,1.0,0,0.3333,0.92,0.5,1,0.25,0.0,0.5,0,1.0,0.5,0,1.0,0.0,1,0.3555
0.5815,0.6,0.5,1.0,1,0.5,0.42,0.5,1,0.0,0.5,0.5,1,0.0,0.3333,0,0.0,0.0,0,0.3333
0.3953,0.9,1.0,0.0,0,0.5,0.14,0.0,1,0.125,0.0,0.5,1,-1.0,0.5,0,0.0,0.5,0,0.2444
0.2559,0.175,1.0,0.5,1,0.8335,0.14,0.0,1,0.0,0.0,0.5,0,1.0,0.3333,0,0.5,0.5,1,0.1333
0.5347,0.425,1.0,0.0,1,0.8335,0.64,0.0,1,0.125,0.5,0.5,0,0.0,0.3333,0,0.0,0.0,1,0.2666
0.4187,0.825,1.0,0.5,1,0.6665,0.36,0.5,1,0.125,1.0,1.0,1,1.0,0.5,0,1.0,0.0,0,0.3777
0.442,0.025,1.0,1.0,0,0.8335,0.36,0.5,1,0.125,1.0,0.0,0,1.0,0.5,0,0.0,0.0,0,0.2222
0.6743,0.1,1.0,0.5,0,0.3333,0.62,0.0,1,0.375,0.5,0.5,1,-1.0,0.3333,0,0.5,0.0,0,0.2888
0.442,1.0,0.0,0.5,1,0.3333,0.22,1.0,0,0.375,0.5,0.5,1,1.0,0.6665,0,0.5,1.0,1,0.3333
0.4883,0.275,0.5,0.0,1,0.6665,0.14,0.5,1,0.125,0.0,1.0,1,-1.0,0.6665,0,0.0,0.5,1,0.1777
0.279,0.975,1.0,0.0,0,0.5,0.66,0.5,1,0.125,0.5,0.5,1,0.0,0.6665,0,1.0,1.0,0,0.311
0.4187,0.175,0.5,0.0,0,1.0,0.0,0.5,1,0.0,1.0,0.5,1,1.0,0.5,0,0.0,0.0,1,0.1555
0.5347,0.35,1.0,1.0,0,0.0,0.9,1.0,1,0.125,1.0,0.5,1,0.0,0.6665,0,1.0,0.5,0,0.3555
0.2325,0.75,0.0,0.0,1,0.6665,0.18,0.0,1,0.125,0.0,1.0,1,1.0,0.6665,0,0.0,0.0,1,0.2
0.465,0.65,1.0,0.5,0,0.6665,0.44,0.5,1,0.0,1.0,1.0,1,1.0,0.5,0,0.0,0.5,1,0.311
0.465,0.575,0.5,1.0,1,0.3333,0.22,1.0,1,0.25,0.0,1.0,1,1.0,0.5,0,1.0,0.0,1,0.3555
0.442,0.525,0.0,0.5,1,0.3333,0.22,0.0,0,0.0,0.0,0.5,1,1.0,0.6665,1,0.0,0.0,0,0.1777
0.5815,0.85,0.0,1.0,1,0.3333,0.84,0.0,1,0.125,0.0,1.0,1,0.0,0.5,0,0.0,0.0,0,0.3777
0.4883,0.225,0.5,0.5,1,0.1666,0.58,0.5,1,0.125,0.0,0.0,1,1.0,0.5,0,0.5,0.0,1,0.2444
0.6514,0.45,1.0,0.5,1,0.8335,0.32,0.5,1,0.25,0.0,0.5,1,0.0,0.6665,0,0.0,0.5,1,0.311
0.3022,0.15,0.5,0.5,1,1.0,0.26,0.0,1,0.0,0.0,0.5,1,1.0,0.5,0,0.0,0.5,1,0.1111
0.465,0.6,1.0,1.0,1,0.3333,0.22,0.0,1,0.125,0.5,1.0,0,-1.0,0.6665,0,0.0,0.5,0,0.2888
0.465,0.25,0.5,1.0,0,0.3333,0.56,0.5,1,0.375,0.5,0.0,1,0.0,0.3333,0,0.5,1.0,1,0.2222
0.3022,0.325,1.0,0.5,0,0.1666,0.74,1.0,1,0.25,0.5,0.5,1,1.0,0.6665,0,0.5,0.0,0,0.2666
0.5815,0.475,0.5,0.0,1,0.1666,0.26,0.5,1,0.0,0.0,0.5,1,1.0,0.3333,0,0.0,0.0,1,0.2444
0.7676,0.025,0.5,0.5,1,0.3333,0.34,1.0,1,0.125,1.0,0.5,0,0.0,0.3333,0,1.0,0.5,1,0.2888
0.442,0.1,0.0,0.5,1,0.8335,0.72,0.5,1,0.0,0.0,1.0,0,-1.0,0.6665,0,0.0,0.0,0,0.1777
0.5117,0.675,1.0,1.0,1,1.0,0.74,0.5,1,0.125,0.5,0.5,0,1.0,0.5,0,0.5,0.0,1,0.4
0.465,0.425,0.5,0.5,1,0.3333,0.2,0.5,1,0.125,0.5,0.5,0,0.0,0.5,0,0.5,0.5,1,0.2444
0.3489,0.875,0.0,0.5,1,0.3333,0.38,0.0,1,0.25,0.0,1.0,1,0.0,0.5,1,0.5,0.0,1,0.2666
0.186,0.7,0.0,0.5,1,0.1666,0.86,0.0,1,0.25,0.5,0.5,1,0.0,0.6665,0,1.0,0.0,1,0.2444
0.3489,0.0,0.5,0.0,0,0.6665,0.74,0.0,1,0.0,0.0,0.0,1,1.0,0.8335,0,0.0,0.0,1,0.1111
0.2559,0.625,1.0,1.0,0,0.6665,0.16,0.0,1,0.125,0.0,1.0,1,1.0,0.5,0,1.0,0.0,1,0.2666
0.6743,0.1,0.5,0.5,0,0.5,0.38,0.5,1,0.375,1.0,0.0,1,-1.0,0.6665,0,0.0,0.0,0,0.2666
0.4187,0.775,0.5,0.5,1,0.3333,0.98,1.0,1,0.0,0.5,0.5,1,0.0,0.3333,0,0.0,0.0,0,0.3333
0.3953,1.0,1.0,0.0,0,0.8335,0.52,0.0,1,0.125,0.0,0.5,1,1.0,0.3333,0,0.0,0.0,0,0.311
0.558,0.525,0.5,0.0,1,0.6665,0.72,0.5,1,0.125,0.0,0.5,1,-1.0,0.5,0,1.0,0.0,1,0.2888
0.279,0.675,1.0,0.0,1,0.6665,0.1,1.0,1,0.125,1.0,1.0,0,1.0,0.5,0,0.0,0.0,0,0.2666
0.3257,0.225,0.5,1.0,0,0.6665,0.84,0.0,1,0.0,0.0,0.5,1,0.0,0.1666,0,0.5,0.5,1,0.1777
0.442,0.45,1.0,0.5,0,0.5,0.6,1.0,1,0.25,1.0,0.5,1,1.0,0.5,0,0.5,0.0,1,0.3333
0.5815,0.85,0.0,0.5,0,0.3333,0.18,1.0,1,0.5,0.0,0.5,1,0.0,0.5,0,0.0,0.0,0,0.3555
0.5117,0.175,1.0,1.0,1,0.6665,0.38,0.0,1,0.125,1.0,0.5,1,0.0,0.3333,0,0.0,0.0,0,0.2666
0.465,0.275,0.5,0.5,0,0.6665,0.08,1.0,1,0.125,0.5,0.5,0,0.0,0.5,0,0.0,0.0,1,0.2
0.442,0.45,0.0,0.5,0,0.6665,0.78,1.0,0,0.0,0.5,0.5,0,0.0,0.6665,0,0.5,0.0,0,0.2444
0.4883,0.7,0.5,0.5,1,0.1666,0.74,0.0,1,0.125,0.0,1.0,1,0.0,0.5,0,1.0,0.0,1,0.3333
0.465,0.375,0.5,0.0,1,0.6665,0.5,1.0,1,0.125,0.5,0.5,0,-1.0,0.3333,0,0.0,0.5,1,0.2222
0.3022,0.925,0.0,0.5,1,0.5,0.46,0.5,1,0.25,0.5,0.0,1,1.0,0.5,0,0.5,0.5,1,0.2888
0.442,0.1,0.5,0.0,1,0.3333,0.46,1.0,1,0.375,0.5,1.0,1,-1.0,0.8335,0,1.0,1.0,0,0.2222
0.3022,0.375,1.0,0.5,0,0.6665,0.04,0.5,1,0.375,0.5,0.5,1,0.0,0.1666,0,1.0,0.0,1,0.2222
0.442,0.7,0.5,0.5,1,0.5,0.36,0.5,1,0.0,0.0,1.0,1,1.0,0.6665,0,0.5,0.0,0,0.311
0.372,0.225,0.5,0.5,0,1.0,0.12,0.5,1,0.125,0.5,0.5,1,0.0,0.6665,0,0.0,0.0,0,0.1777
0.7905,0.65,0.0,0.5,0,0.6665,0.18,0.5,1,0.25,0.0,0.0,1,1.0,0.3333,0,0.5,0.5,0,0.3333
0.442,0.175,0.0,0.0,1,0.5,0.96,0.5,1,0.125,0.5,0.5,1,0.0,0.6665,0,0.5,0.0,1,0.2
0.2559,0.05,0.5,1.0,1,0.5,0.26,1.0,1,0.125,1.0,0.5,1,0.0,0.6665,0,0.0,0.0,0,0.1555
0.4187,0.125,1.0,1.0,1,0.1666,0.48,0.5,1,0.125,0.0,0.5,0,1.0,0.5,0,0.0,0.0,0,0.2444
0.5117,0.925,1.0,0.0,1,0.8335,0.88,1.0,1,0.25,0.0,0.5,1,1.0,0.5,0,0.0,0.5,1,0.4
0.6743,0.55,0.5,1.0,1,0.5,0.42,0.5,1,0.375,0.0,1.0,1,0.0,0.5,0,1.0,1.0,0,0.3777
0.3489,0.8,0.5,0.5,1,0.5,0.52,1.0,0,0.0,1.0,0.5,0,0.0,0.3333,0,1.0,1.0,1,0.2888
0.2325,0.325,0.5,1.0,0,0.1666,0.16,0.5,0,0.0,0.5,0.5,0,1.0,0.6665,0,0.5,0.0,1,0.1555
0.558,0.6,0.5,0.0,0,0.6665,0.28,0.5,1,0.25,0.0,0.5,0,0.0,0.6665,0,0.0,0.0,1,0.2666
0.2559,0.5,0.5,0.0,0,0.3333,0.5,0.5,1,0.125,0.0,1.0,1,-1.0,0.6665,0,0.0,0.5,1,0.1555
0.372,0.95,1.0,1.0,0,0.3333,0.36,0.5,1,0.25,0.5,0.5,1,1.0,0.5,0,0.0,0.0,1,0.3777
0.3953,0.75,0.0,1.0,0,0.5,0.04,1.0,1,0.25,0.5,1.0,1,-1.0,0.3333,0,0.0,0.0,1,0.2666
0.442,0.725,1.0,0.5,1,0.3333,0.4,0.0,1,0.125,0.0,0.5,0,1.0,0.5,0,0.0,0.5,0,0.2888
0.5347,0.05,0.0,1.0,1,0.3333,0.82,0.5,1,0.25,0.5,0.5,1,0.0,0.5,0,0.0,0.5,0,0.2222
0.3489,0.55,0.5,0.5,0,0.5,0.12,0.0,1,0.0,1.0,1.0,0,-1.0,0.1666,1,0.0,1.0,0,0.533
0.3953,0.475,1.0,0.0,0,0.8335,0.02,1.0,1,0.25,0.5,0.5,0,1.0,0.5,0,0.0,0.0,1,0.2444
0.442,0.925,0.5,0.5,1,0.6665,0.12,0.0,1,0.125,0.0,0.5,0,0.0,0.3333,0,0.0,0.0,0,0.2888
0.465,0.25,0.0,0.0,1,0.6665,0.68,0.5,1,0.125,1.0,1.0,1,1.0,0.5,1,1.0,0.0,1,0.2222
0.465,0.275,0.5,1.0,1,0.6665,0.8,0.5,1,0.375,0.0,0.5,1,0.0,0.6665,0,0.0,0.5,0,0.2666
0.5117,0.4,0.5,1.0,1,0.3333,0.04,0.0,1,0.375,0.5,0.5,1,0.0,0.6665,0,0.5,0.5,1,0.2666
0.558,0.25,0.0,0.5,1,0.8335,0.88,0.5,1,0.125,0.5,0.5,1,0.0,0.6665,0,0.0,0.5,1,0.2666
0.4883,0.125,0.5,0.5,1,0.0,0.62,1.0,1,0.625,0.5,0.5,1,1.0,0.6665,0,0.5,1.0,0,0.2888
0.5117,0.85,0.5,1.0,0,0.6665,0.52,0.0,1,0.375,0.5,0.5,1,1.0,0.5,0,0.0,0.5,1,0.3777
0.2325,0.55,1.0,0.5,0,0.6665,0.26,1.0,1,0.125,0.5,0.5,1,0.0,0.8335,0,0.0,0.0,1,0.2222
0.442,0.85,0.0,0.5,0,0.5,0.38,0.0,1,0.0,0.0,0.5,1,1.0,0.5,1,0.0,0.5,0,0.2222
0.5117,0.825,0.5,0.5,1,0.3333,0.94,0.0,0,0.125,0.5,0.5,1,1.0,0.3333,0,0.5,0.5,1,0.3333
0.5347,0.275,0.5,0.5,1,0.5,0.92,0.5,1,0.25,0.0,0.5,1,-1.0,0.3333,0,0.0,0.0,1,0.2666
0.3489,0.55,0.5,1.0,1,0.3333,0.62,0.5,1,0.125,0.5,0.5,0,0.0,0.6665,0,0.5,0.0,1,0.2888
0.3489,0.075,0.5,0.5,0,0.6665,0.58,0.5,1,0.25,0.0,1.0,1,1.0,0.5,0,0.5,0.5,1,0.1777
0.372,0.925,0.5,0.5,1,0.6665,0.22,0.0,1,0.25,0.0,0.5,1,0.0,0.3333,0,0.0,0.0,1,0.2888
0.5117,0.4,0.5,1.0,1,0.6665,0.96,0.5,1,0.0,0.5,0.0,1,0.0,0.3333,0,1.0,0.5,0,0.311
0.5815,0.4,0.0,0.0,1,0.6665,0.76,0.0,1,0.25,0.0,0.0,1,1.0,0.6665,0,0.0,0.0,1,0.2444
0.3953,0.3,1.0,0.5,1,0.6665,0.38,1.0,0,0.25,1.0,0.5,1,0.0,0.6665,1,0.0,1.0,0,0.2
0.558,0.45,1.0,0.0,1,0.6665,0.82,0.5,1,0.375,0.0,0.5,1,-1.0,0.6665,0,0.0,0.0,1,0.311
0.465,0.25,0.0,0.5,0,0.3333,0.22,0.5,1,0.125,0.0,0.5,1,0.0,0.5,0,0.0,0.0,1,0.1555
0.4187,0.375,0.5,1.0,1,0.1666,0.22,1.0,1,0.0,0.5,0.5,1,-1.0,0.5,0,0.0,0.0,0,0.2222
0.4187,0.8,0.5,0.5,1,0.5,0.8,0.5,1,0.125,0.0,1.0,1,1.0,0.3333,0,0.0,0.0,0,0.3333
0.5347,0.825,0.0,1.0,1,0.6665,0.56,0.5,1,0.125,1.0,0.5,1,0.0,0.6665,0,0.0,0.0,0,0.3777
0.4883,0.3,0.5,0.5,0,0.1666,0.56,1.0,1,0.125,0.0,1.0,1,1.0,0.5,0,0.0,0.0,0,0.2444
0.7676,0.475,1.0,0.0,1,0.5,0.58,0.0,1,0.375,0.5,1.0,0,-1.0,0.3333,1,0.0,0.5,1,0.3333
0.3257,0.875,0.5,0.5,0,0.8335,0.12,0.5,0,0.375,0.0,1.0,1,1.0,0.1666,0,0.0,0.0,1,0.2666
0.5117,0.05,1.0,1.0,1,0.5,0.34,0.0,1,0.125,0.0,0.5,1,-1.0,0.6665,0,1.0,0.5,0,0.2222
0.372,0.9,0.5,0.0,1,0.8335,0.58,0.0,0,0.375,0.5,0.5,0,0.0,0.3333,0,1.0,0.5,1,0.2888
0.3257,0.225,0.0,0.5,1,0.8335,0.24,0.0,1,0.25,0.5,1.0,1,0.0,0.5,0,0.0,0.5,1,0.1555
0.442,0.675,0.0,0.5,1,0.5,0.5,1.0,1,0.125,0.0,0.5,1,-1.0,0.5,0,1.0,0.0,1,0.2888
0.465,0.575,1.0,0.5,0,0.3333,0.56,0.5,1,0.25,1.0,1.0,1,1.0,0.5,1,0.0,0.0,0,0.311
0.8604,0.55,0.5,0.0,0,0.3333,0.94,0.0,1,0.25,0.0,0.5,0,-1.0,0.5,0,0.5,0.0,1,0.3777
0.4187,0.85,0.0,0.5,0,0.5,0.24,0.5,1,0.0,0.5,0.5,1,-1.0,0.5,1,0.0,0.5,1,0.2222
0.279,0.1,0.5,1.0,1,0.1666,0.44,0.5,1,0.25,0.5,0.5,0,0.0,0.3333,0,1.0,0.5,1,0.1777
0.4883,0.35,1.0,1.0,1,0.1666,0.98,0.5,1,0.0,0.0,0.5,1,0.0,0.3333,0,0.5,0.0,0,0.2888
0.1628,0.55,1.0,0.0,0,0.0,0.18,0.5,1,0.125,0.5,0.5,1,0.0,0.3333,0,0.5,0.0,1,0.1555
0.4187,0.8,0.5,0.5,1,0.5,0.78,0.5,0,0.0,0.0,1.0,0,0.0,0.3333,0,1.0,0.0,1,0.311
0.442,0.225,0.5,0.0,0,1.0,0.18,0.5,1,0.25,1.0,1.0,1,1.0,0.6665,0,0.0,0.0,0,0.2222
0.558,0.8,1.0,0.5,0,0.0,0.86,1.0,1,0.375,1.0,0.5,1,0.0,0.3333,0,0.0,0.0,0,0.422
0.5815,0.4,1.0,0.0,1,0.5,0.48,0.5,1,0.5,0.5,1.0,1,1.0,0.5,0,0.0,0.5,0,0.3333
0.372,0.2,0.5,0.0,1,0.5,0.98,1.0,1,0.25,0.5,0.5,1,1.0,0.5,0,0.0,0.0,0,0.2222
0.4187,0.75,1.0,1.0,0,0.5,0.18,0.0,1,0.375,1.0,0.5,1,0.0,0.5,0,0.5,0.5,1,0.3333
0.3257,0.1,0.0,0.0,1,0.8335,0.68,0.0,1,0.0,0.5,0.5,1,0.0,0.5,0,0.5,1.0,1,0.08887
0.279,0.525,0.0,0.5,1,0.3333,0.7,0.0,1,0.125,0.0,0.5,0,0.0,0.5,0,0.0,0.5,1,0.1777
0.4883,0.075,0.0,1.0,1,0.0,0.72,0.0,1,0.0,0.0,1.0,1,0.0,0.6665,0,0.5,0.0,0,0.2
0.2559,0.35,0.0,1.0,1,0.3333,0.1,1.0,1,0.0,0.5,0.0,1,1.0,0.5,0,1.0,0.0,1,0.1777
0.3953,0.6,1.0,0.0,0,0.3333,0.28,0.5,1,0.25,0.0,1.0,1,1.0,0.3333,0,0.0,0.0,0,0.2666
0.3022,0.55,0.5,0.5,1,0.0,0.34,0.5,1,0.125,1.0,0.5,1,0.0,0.6665,0,0.0,0.5,0,0.2222
0.5117,0.4,0.5,0.5,0,0.5,0.32,0.5,1,0.25,0.5,0.5,1,0.0,0.5,0,0.5,0.0,1,0.2666
0.6978,0.425,1.0,0.5,0,0.1666,0.68,0.5,1,0.25,1.0,1.0,1,1.0,0.8335,0,0.0,0.0,1,0.4
0.2559,0.225,1.0,1.0,1,0.5,0.06,0.0,1,0.25,0.0,1.0,1,0.0,0.5,0,0.5,0.0,1,0.2
0.186,0.45,0.0,1.0,0,0.3333,0.74,0.5,1,0.0,0.5,1.0,0,1.0,0.5,0,1.0,0.0,1,0.2222
0.4187,0.95,0.5,1.0,1,0.1666,0.52,0.5,1,0.25,0.5,0.5,0,1.0,0.5,0,0.0,0.5,1,0.3777
0.442,0.85,1.0,0.5,0,0.6665,0.18,1.0,1,0.375,0.5,0.5,1,1.0,0.6665,0,0.0,0.0,0,0.3777
0.465,0.15,1.0,0.5,0,0.5,0.22,0.5,1,0.25,1.0,1.0,1,0.0,0.3333,0,0.5,0.0,1,0.2444
0.372,0.025,1.0,0.5,1,0.5,0.1,1.0,1,0.125,0.5,0.5,0,-1.0,0.3333,1,0.5,0.0,1,0.1555
0.4187,0.925,0.0,0.5,0,0.6665,0.46,0.5,1,0.25,0.5,0.5,0,-1.0,0.1666,0,0.5,0.0,1,0.2888
0.4883,0.525,0.5,0.0,1,0.5,0.6,0.0,1,0.125,0.5,0.5,1,1.0,0.5,0,0.5,0.5,0,0.2666
0.5815,0.55,1.0,0.0,0,0.5,0.58,0.5,1,0.125,0.5,0.5,1,1.0,0.3333,1,1.0,0.0,0,0.311
0.1628,0.775,1.0,0.0,0,0.3333,0.96,0.5,1,0.125,0.5,0.5,0,1.0,0.5,0,0.0,0.0,0,0.2666
0.3953,0.325,0.5,0.5,0,0.1666,0.3,0.5,1,0.125,0.0,1.0,1,-1.0,0.5,0,0.5,0.5,0,0.1777
0.465,0.475,0.0,0.5,1,0.5,0.76,0.0,1,0.0,0.0,0.5,0,-1.0,0.6665,0,0.0,0.5,1,0.2222
0.3022,0.975,1.0,0.5,0,0.3333,0.72,0.0,1,0.25,1.0,1.0,0,-1.0,0.6665,0,0.5,0.0,1,0.3555
0.6743,0.675,0.5,0.5,0,0.6665,0.06,0.0,1,0.125,0.0,1.0,0,0.0,0.1666,0,1.0,0.0,1,0.3333
0.3489,0.15,0.5,0.5,1,0.5,0.94,0.5,1,0.625,0.0,1.0,1,1.0,0.5,0,1.0,0.0,1,0.2888
0.442,0.125,0.5,0.5,1,0.6665,0.94,1.0,1,0.0,0.0,0.5,1,-1.0,0.5,0,0.5,0.0,0,0.2222
0.5117,0.2,0.5,1.0,1,0.3333,0.4,0.5,1,0.5,0.5,0.5,1,1.0,0.3333,0,0.0,0.0,1,0.2888
0.3489,0.775,0.5,0.5,1,0.1666,0.42,0.5,1,0.25,1.0,0.5,1,-1.0,0.5,0,0.5,0.0,1,0.311
0.186,0.3,0.5,1.0,1,1.0,0.82,0.5,0,0.125,1.0,0.5,1,0.0,0.3333,0,0.0,1.0,0,0.1555
0.372,0.025,0.0,1.0,1,0.5,0.5,0.5,0,0.25,0.5,1.0,1,-1.0,0.6665,0,0.5,0.0,0,0.1555
0.5815,0.95,1.0,0.0,0,0.6665,0.8,0.0,1,0.125,1.0,0.0,1,1.0,0.3333,1,1.0,0.5,0,0.3777
0.3953,0.175,1.0,0.5,0,0.1666,0.04,1.0,1,0.0,0.5,0.5,0,0.0,0.6665,0,1.0,0.5,1,0.2
0.3257,0.0,1.0,0.5,0,0.5,0.26,0.0,1,0.0,0.0,1.0,1,1.0,0.1666,1,0.0,1.0,0,0.06665
0.5815,0.225,1.0,0.5,0,0.8335,0.1,0.0,1,0.125,0.0,0.5,1,0.0,0.5,0,0.5,0.0,1,0.2444
0.3953,0.225,0.5,0.0,1,0.1666,0.46,0.0,1,0.125,0.0,1.0,1,1.0,0.6665,0,1.0,0.5,1,0.2
0.372,0.425,0.5,1.0,1,1.0,0.86,0.0,1,0.375,1.0,1.0,0,1.0,0.1666,0,0.5,1.0,0,0.2888
0.465,0.925,0.0,0.0,0,0.5,0.56,0.5,1,0.0,1.0,0.5,1,0.0,0.5,0,1.0,0.0,0,0.311
0.558,0.875,0.0,1.0,0,0.3333,0.52,0.5,1,0.125,0.0,0.5,1,1.0,0.8335,0,0.0,0.0,1,0.3555
0.7676,0.45,0.5,1.0,1,0.6665,0.36,0.5,1,0.125,0.5,0.5,1,-1.0,0.3333,0,0.5,0.0,1,0.3555
0.558,0.4,0.5,0.5,1,0.8335,0.06,0.5,1,0.0,1.0,1.0,0,1.0,0.5,0,0.0,0.5,1,0.2666
0.6045,0.55,1.0,0.0,1,0.3333,0.76,0.5,1,0.25,1.0,1.0,0,0.0,0.5,0,0.0,0.0,1,0.3555
0.372,0.25,0.5,0.5,1,0.3333,0.58,0.0,1,0.25,0.5,0.5,1,1.0,0.5,0,0.0,0.0,0,0.2
0.3022,0.05,0.5,0.5,1,0.5,0.94,1.0,1,0.0,0.5,0.5,1,1.0,0.1666,0,0.0,0.5,1,0.1555
0.442,0.95,0.5,0.5,0,0.6665,0.44,0.5,1,0.125,1.0,0.5,1,-1.0,0.6665,0,0.0,0.0,0,0.3333
0.465,0.175,0.0,1.0,0,0.5,0.4,0.0,1,0.25,0.0,0.5,0,-1.0,0.3333,0,1.0,0.5,0,0.1777
0.3022,0.2,1.0,0.5,1,0.6665,0.98,1.0,1,0.0,1.0,0.5,1,1.0,0.5,0,0.0,0.0,0,0.2444
0.4187,0.475,0.5,0.5,1,0.6665,0.14,0.0,1,0.25,0.0,0.0,1,1.0,0.5,0,0.0,0.5,1,0.2222
0.4883,0.5,0.5,1.0,0,0.5,0.26,0.5,1,0.125,1.0,0.5,1,1.0,0.5,0,0.5,0.0,1,0.311
0.4883,0.025,1.0,0.0,1,0.3333,0.48,0.5,1,0.125,0.0,0.5,1,-1.0,0.5,0,0.0,0.0,1,0.1777
0.5117,0.15,0.5,0.5,0,0.5,0.52,0.0,1,0.125,1.0,0.5,1,0.0,0.3333,0,0.5,0.5,1,0.2
0.4883,0.375,0.5,0.5,1,1.0,0.54,1.0,1,0.25,0.0,0.0,1,0.0,0.3333,0,0.0,0.0,1,0.2444
0.372,0.675,0.5,0.5,1,0.5,0.22,0.5,1,0.5,1.0,0.5,1,-1.0,0.5,1,0.0,0.0,0,0.2666
0.372,0.225,1.0,1.0,1,0.8335,0.92,0.5,1,0.25,0.0,0.5,1,-1.0,0.5,0,0.5,1.0,1,0.2444
0.279,0.425,0.0,1.0,0,0.3333,0.7,0.0,1,0.25,0.0,0.5,1,0.0,0.6665,0,1.0,0.0,0,0.2222
0.6978,0.55,1.0,0.5,1,0.5,0.26,0.5,0,0.25,1.0,0.5,0,1.0,0.3333,0,1.0,0.5,1,0.3777
0.442,0.9,1.0,0.5,1,0.6665,0.3,1.0,1,0.0,0.5,0.0,1,0.0,0.3333,0,0.0,0.0,0,0.3333
0.4187,0.325,0.5,0.5,1,0.8335,0.88,0.5,1,0.125,1.0,0.0,1,1.0,0.1666,0,0.5,0.0,0,0.2666
0.3022,0.125,0.5,1.0,0,0.8335,0.38,0.0,1,0.5,0.5,0.5,1,0.0,0.5,0,0.5,0.0,1,0.2
0.8604,0.5,1.0,0.5,0,0.1666,0.56,0.5,1,0.125,0.0,0.5,1,1.0,0.6665,0,0.5,1.0,0,0.3777
0.3022,0.75,0.5,0.5,1,0.8335,0.12,0.5,1,0.0,0.0,0.5,1,0.0,0.6665,0,0.0,0.0,0,0.2222
0.372,0.1,1.0,0.0,1,1.0,0.26,0.5,1,0.0,1.0,0.5,1,1.0,0.5,0,0.0,0.5,0,0.1555
0.4883,0.425,0.5,1.0,0,0.3333,0.42,1.0,1,0.375,0.0,0.5,1,-1.0,0.6665,0,0.0,1.0,0,0.2666
0.5347,0.025,0.5,0.5,0,0.3333,0.66,1.0,1,0.0,0.5,0.5,1,1.0,0.5,1,0.0,0.0,1,0.2
0.5815,0.025,0.5,0.5,0,0.5,0.28,0.0,1,0.0,0.5,0.5,0,-1.0,0.5,0,1.0,0.0,1,0.1777
0.6978,0.475,0.5,1.0,0,0.5,0.96,0.5,1,0.125,0.5,1.0,1,0.0,0.3333,0,0.5,0.5,1,0.3777
0.5117,0.3,0.0,0.5,0,0.3333,0.22,1.0,1,0.125,1.0,0.5,1,1.0,0.8335,0,0.0,0.0,1,0.2444
0.3022,0.85,1.0,0.5,1,0.1666,0.78,0.5,1,0.0,0.5,0.5,1,1.0,0.1666,0,1.0,0.0,0,0.3333
0.3953,0.6,0.5,0.0,1,0.8335,0.36,0.0,1,0.0,0.5,1.0,0,-1.0,0.3333,0,1.0,0.0,0,0.2444
0.4883,0.45,1.0,1.0,0,0.3333,0.84,0.0,1,0.125,1.0,1.0,1,1.0,0.5,0,0.0,0.5,1,0.3333
0.7207,0.4,0.0,0.0,1,0.3333,0.92,0.0,1,0.0,0.0,1.0,1,0.0,0.3333,0,0.0,0.5,0,0.2666
0.2559,0.5,0.5,0.5,1,0.5,0.18,1.0,1,0.125,0.0,1.0,1,1.0,0.3333,0,0.0,0.0,0,0.2
0.6045,0.05,1.0,0.5,0,0.1666,0.5,0.5,1,0.25,0.5,1.0,1,1.0,0.3333,0,0.0,0.0,1,0.2666
0.465,0.9,1.0,1.0,1,0.1666,0.16,0.5,1,0.0,1.0,1.0,1,0.0,0.6665,0,0.5,1.0,1,0.3777
0.558,1.0,1.0,0.0,0,0.3333,0.7,0.0,1,0.125,0.5,0.5,1,1.0,0.5,0,0.0,0.0,1,0.3777
0.4187,0.175,1.0,0.5,1,0.6665,0.84,0.0,1,0.25,1.0,0.5,1,0.0,0.8335,0,1.0,0.5,0,0.2888
0.3257,0.125,0.5,0.5,1,0.5,0.38,0.5,1,0.125,1.0,0.5,1,0.0,0.5,0,1.0,0.0,0,0.2
0.558,0.15,1.0,0.5,1,0.0,0.4,0.5,0,0.125,1.0,0.5,1,1.0,0.5,0,0.0,0.5,1,0.2444
0.5347,0.65,0.0,1.0,0,0.8335,0.2,0.5,1,0.0,0.0,1.0,0,1.0,0.5,0,0.5,1.0,1,0.2888
0.5815,0.65,0.0,0.0,0,0.6665,0.3,0.0,1,0.0,0.0,1.0,1,0.0,0.6665,0,0.0,0.0,0,0.2444
0.442,0.85,0.0,1.0,1,0.5,0.32,1.0,1,0.125,0.0,1.0,0,1.0,0.1666,0,0.0,0.0,0,0.3333
0.3489,0.75,1.0,1.0,1,0.5,0.16,1.0,1,0.125,0.0,0.5,1,0.0,0.6665,0,1.0,0.0,0,0.3333
0.2325,0.45,0.0,1.0,1,0.6665,0.3,0.5,1,0.0,0.5,0.5,0,0.0,0.3333,0,0.0,0.0,0,0.1555
0.558,0.625,0.0,0.5,1,1.0,0.9,0.5,1,0.0,0.5,0.0,1,1.0,0.1666,0,0.5,0.0,1,0.311
0.5117,0.7,0.5,0.5,1,0.6665,0.32,0.0,1,0.25,0.5,1.0,0,1.0,0.3333,0,0.5,0.5,1,0.311
0.3022,0.525,0.5,0.5,1,0.5,0.28,0.5,1,0.25,0.5,0.5,1,1.0,0.6665,1,0.5,0.0,1,0.2444
0.372,0.475,1.0,1.0,0,0.1666,0.38,0.5,1,0.5,0.0,0.5,1,-1.0,0.5,0,1.0,0.0,0,0.2888
0.372,0.65,0.5,1.0,0,0.5,0.96,0.5,1,0.25,0.0,1.0,1,1.0,0.8335,0,1.0,0.5,1,0.3555
0.2325,0.55,0.5,0.5,1,0.6665,0.76,0.5,0,0.125,0.0,0.5,0,-1.0,0.3333,0,1.0,0.5,0,0.2
0.3257,0.65,0.0,1.0,0,0.5,0.2,0.5,1,0.25,0.5,0.5,1,1.0,0.5,0,0.5,0.0,1,0.2666
0.279,0.625,0.5,1.0,1,0.3333,0.76,0.5,1,0.25,0.5,1.0,1,1.0,0.5,0,0.0,0.5,0,0.2888
0.3953,0.725,0.0,1.0,1,0.6665,0.76,0.0,1,0.0,1.0,0.5,1,-1.0,0.1666,0,0.0,0.5,1,0.2666
0.3489,0.65,0.5,0.5,0,0.3333,0.96,1.0,1,0.125,0.0,0.5,1,0.0,0.5,0,1.0,0.0,1,0.2888
0.2094,0.525,0.5,1.0,1,0.6665,0.9,0.5,1,0.625,0.0,1.0,1,1.0,0.5,0,0.0,0.0,0,0.311
0.7207,0.675,0.5,1.0,1,0.3333,0.1,0.5,1,0.0,0.0,1.0,1,0.0,0.5,0,0.0,0.0,1,0.3555
0.628,0.45,1.0,0.0,1,0.0,0.46,0.0,0,0.375,0.0,0.5,0,1.0,0.6665,0,0.0,0.5,0,0.2888
0.3257,0.25,1.0,1.0,0,0.3333,0.7,1.0,1,0.0,0.0,0.5,0,1.0,0.3333,0,0.5,0.5,1,0.2222
0.4883,0.0,0.0,0.5,0,0.5,0.98,0.5,1,0.125,0.0,1.0,1,0.0,0.5,0,0.5,0.5,1,0.1777
0.5117,0.55,0.0,0.5,1,0.6665,0.08,0.5,1,0.0,0.5,1.0,1,-1.0,0.1666,0,0.0,0.0,0,0.2222
0.6045,0.6,1.0,1.0,0,0.6665,0.36,0.0,1,0.375,0.0,1.0,0,1.0,0.3333,1,1.0,0.0,0,0.3777
0.3257,0.975,0.0,0.5,1,0.1666,0.5,0.0,1,0.25,0.5,0.0,1,0.0,0.1666,0,0.5,0.5,1,0.2666
0.6045,0.35,0.5,1.0,0,0.5,0.42,0.5,1,0.125,0.5,0.5,1,1.0,0.5,0,0.0,0.0,0,0.311
0.372,0.4,0.5,0.5,0,0.3333,0.46,0.5,1,0.375,0.0,1.0,0,0.0,0.5,0,1.0,0.0,1,0.2666
0.2559,0.2,1.0,0.5,1,0.3333,0.36,0.0,1,0.25,0.5,0.5,1,1.0,0.6665,0,0.5,0.0,1,0.2
0.5347,0.075,0.5,0.0,0,0.3333,0.98,0.0,0,0.0,0.0,0.5,1,1.0,0.5,0,0.0,0.5,0,0.1555
0.628,0.775,0.0,0.5,0,0.5,0.8,0.5,1,0.25,1.0,0.0,0,0.0,0.5,0,0.0,0.0,1,0.3555
0.814,0.25,0.0,1.0,0,1.0,0.74,0.5,1,0.25,0.0,0.5,1,1.0,0.5,0,0.0,0.0,1,0.3333
0.279,0.6,0.0,0.5,0,1.0,0.42,0.0,1,0.125,0.5,1.0,1,0.0,0.5,0,0.5,0.5,1,0.2
0.5347,0.7,0.5,0.5,1,0.3333,0.88,0.5,1,0.0,0.0,0.5,0,-1.0,0.3333,0,1.0,0.5,1,0.311
0.3953,0.475,0.5,0.5,1,0.5,0.1,0.5,1,0.125,0.0,1.0,1,1.0,0.5,0,0.0,0.5,0,0.2222
0.558,0.875,1.0,1.0,1,0.5,0.14,0.5,1,0.25,1.0,0.5,0,-1.0,0.3333,0,0.5,0.5,0,0.4
0.2325,0.45,0.5,0.0,1,0.5,0.96,0.0,1,0.25,0.5,0.5,1,0.0,0.5,0,0.0,0.0,0,0.2
0.2559,0.275,0.5,1.0,1,0.6665,0.56,0.0,1,0.25,0.5,0.5,1,-1.0,0.3333,0,1.0,0.0,0,0.2
0.3257,0.9,0.5,0.5,1,0.5,0.16,0.5,1,0.375,0.5,0.5,1,0.0,0.6665,0,1.0,0.5,1,0.3333
0.442,0.85,0.0,0.0,1,0.3333,0.94,0.0,1,0.25,0.5,0.5,1,1.0,0.8335,0,0.5,0.0,1,0.3333
0.3489,0.175,1.0,1.0,0,0.8335,0.98,0.5,1,0.25,0.5,0.5,1,0.0,0.3333,1,0.0,0.5,1,0.2
0.5347,0.025,0.0,0.5,0,0.1666,0.88,0.5,1,0.375,0.5,1.0,0,0.0,0.3333,1,0.5,0.5,0,0.2
0.5815,0.1,0.5,0.5,1,0.5,0.24,1.0,1,0.375,0.5,1.0,0,-1.0,0.3333,0,0.0,0.0,1,0.2444
0.5347,0.275,0.0,1.0,1,0.1666,0.28,0.5,1,0.125,0.5,0.5,1,0.0,0.5,0,0.5,0.0,1,0.2444
0.6743,0.975,0.5,0.5,1,0.1666,0.4,0.0,1,0.25,0.5,0.5,1,0.0,0.6665,0,0.0,0.0,0,0.422
