Hours_Studied_Transformed,Attendance_Transformed,Parental_Involvement_Transformed,Access_to_Resources_Transformed,Extracurricular_Activities_Transformed,Sleep_Hours_Transformed,Previous_Scores_Transformed,Motivation_Level_Transformed,Internet_Access_Transformed,Tutoring_Sessions_Transformed,Family_Income_Transformed,Teacher_Quality_Transformed,School_Type_Transformed,Peer_Influence_Transformed,Physical_Activity_Transformed,Learning_Disabilities_Transformed,Parental_Education_Level_Transformed,Distance_from_Home_Transformed,Gender_Transformed,Exam_Score_Transformed
0.5116279,0.6,0.0,1.0,0,0.5,0.46,0.0,1,0.0,0.0,0.5,1,1.0,0.5,0,0.0,0.0,1,0.26666668
0.41860464,0.1,0.0,0.5,0,0.6666667,0.18,0.0,1,0.25,0.5,0.5,1,-1.0,0.6666667,0,0.5,0.5,0,0.13333334
0.53488374,0.95,0.5,0.5,1,0.5,0.82,0.5,1,0.25,0.5,0.5,1,0.0,0.6666667,0,1.0,0.0,1,0.42222223
0.6511628,0.725,0.0,0.5,1,0.6666667,0.96,0.5,1,0.125,0.5,0.5,1,-1.0,0.6666667,0,0.0,0.5,1,0.35555556
0.41860464,0.8,0.5,0.5,1,0.33333334,0.3,0.5,1,0.375,0.5,1.0,1,0.0,0.6666667,0,0.5,0.0,0,0.33333334
0.41860464,0.7,0.5,0.5,1,0.6666667,0.78,0.5,1,0.375,0.5,0.5,1,1.0,0.5,0,1.0,0.0,1,0.35555556
0.6511628,0.6,0.5,0.0,1,0.5,0.36,0.0,1,0.125,0.0,0.5,0,0.0,0.33333334,0,0.0,0.5,1,0.26666668
0.55813956,0.45,0.0,1.0,1,0.33333334,0.0,0.5,1,0.125,1.0,1.0,1,-1.0,0.33333334,0,0.0,1.0,1,0.24444444
0.37209302,0.85,0.5,1.0,0,0.33333334,0.6,1.0,1,0.0,0.5,0.0,0,0.0,0.16666667,0,0.5,0.0,1,0.31111112
0.5116279,0.95,0.5,0.5,1,0.6666667,0.42,0.5,1,0.0,1.0,1.0,1,1.0,0.8333333,0,0.0,0.5,1,0.37777779
0.37209302,0.5,0.0,1.0,0,0.6666667,0.76,0.5,0,0.5,0.5,1.0,0,0.0,0.6666667,0,0.5,0.5,1,0.2888889
0.37209302,0.925,0.5,1.0,1,0.33333334,0.74,0.0,1,0.25,0.0,1.0,0,0.0,0.33333334,0,0.0,0.0,1,0.35555556
0.4651163,0.575,0.5,0.5,1,0.6666667,0.94,0.0,1,0.25,0.5,0.5,1,1.0,0.6666667,0,0.0,0.0,1,0.33333334
0.18604651,0.55,0.5,0.5,1,0.6666667,0.44,0.5,1,0.25,0.5,0.5,0,1.0,0.5,0,1.0,0.0,1,0.24444444
0.20930232,0.45,0.5,1.0,1,0.6666667,0.48,0.5,1,0.125,0.0,0.5,0,0.0,0.6666667,0,1.0,0.0,1,0.22222222
0.37209302,0.2,0.5,0.5,0,0.6666667,0.4,0.5,1,0.25,0.5,0.5,0,1.0,0.6666667,0,0.0,0.0,0,0.2
0.30232558,0.0,0.5,0.0,1,1.0,0.3,0.0,1,0.0,1.0,0.5,0,1.0,0.5,0,0.5,0.0,1,0.11111111
0.4883721,0.25,0.0,0.5,1,0.33333334,0.64,0.5,1,0.125,0.0,1.0,1,0.0,0.5,0,0.0,0.0,0,0.22222222
0.3255814,0.5,0.5,0.5,1,0.8333333,0.82,0.0,1,0.375,0.0,0.5,1,1.0,0.33333334,0,0.5,0.5,0,0.26666668
0.25581396,0.375,0.5,1.0,1,0.5,0.16,0.5,1,0.375,0.5,0.5,0,1.0,0.6666667,0,0.5,0.0,1,0.24444444
0.6511628,0.45,0.5,0.5,0,0.16666667,0.98,1.0,1,0.0,1.0,0.5,1,-1.0,0.16666667,0,0.0,0.5,0,0.31111112
0.41860464,0.975,0.5,1.0,0,0.33333334,0.68,0.5,1,0.125,0.5,1.0,1,0.0,0.5,0,0.0,0.0,1,0.37777779
0.44186047,0.35,0.5,1.0,0,0.6666667,0.78,0.0,1,0.125,0.5,0.5,1,-1.0,0.33333334,0,0.5,0.5,0,0.24444444
0.23255815,0.45,1.0,0.5,1,0.6666667,1.0,1.0,1,0.125,0.0,0.5,1,0.0,0.5,0,0.0,0.5,1,0.24444444
0.37209302,0.125,0.0,1.0,1,0.16666667,0.5,0.5,1,0.25,0.0,0.5,1,1.0,0.5,0,0.0,0.0,0,0.17777778
0.4651163,0.05,1.0,0.0,1,0.33333334,0.08,1.0,1,0.0,1.0,1.0,1,1.0,0.5,0,1.0,1.0,1,0.2
0.27906978,0.775,0.0,0.5,0,0.33333334,0.8,0.5,1,0.125,1.0,0.5,1,-1.0,0.33333334,1,0.0,0.5,0,0.22222222
0.4883721,0.575,1.0,1.0,1,0.33333334,0.88,0.5,1,0.0,1.0,0.5,1,0.0,0.33333334,0,0.5,0.5,1,0.35555556
0.3488372,0.75,0.5,0.5,0,0.0,0.16,0.5,1,0.125,0.0,0.5,1,0.0,0.5,0,0.0,0.5,0,0.24444444
0.39534885,0.15,1.0,1.0,0,0.0,0.02,0.0,1,0.25,0.0,0.5,0,0.0,0.33333334,0,0.5,0.0,1,0.2
0.3488372,0.575,0.0,0.5,0,0.33333334,0.14,0.5,1,0.0,1.0,0.0,1,1.0,0.6666667,1,0.0,0.0,0,0.17777778
0.6976744,0.25,0.5,1.0,1,0.5,0.32,0.5,1,0.125,1.0,0.5,1,-1.0,0.5,0,0.5,0.0,1,0.31111112
0.44186047,0.225,0.5,0.5,1,0.6666667,0.92,0.5,1,0.25,0.5,1.0,1,1.0,0.5,0,0.0,0.0,1,0.26666668
0.30232558,0.0,1.0,0.5,0,0.16666667,0.0,0.5,1,0.25,0.5,0.5,1,0.0,0.5,0,0.5,0.0,0,0.13333334
0.55813956,0.125,1.0,0.5,0,0.16666667,0.8,0.5,1,0.25,0.5,0.5,1,1.0,0.5,0,0.5,0.5,0,0.2888889
0.27906978,0.3,0.0,0.5,0,0.33333334,0.86,0.0,1,0.125,0.0,0.5,1,-1.0,0.5,0,0.0,0.0,1,0.13333334
0.4651163,0.125,0.5,0.0,1,0.5,0.82,0.0,1,0.25,0.5,1.0,1,1.0,0.5,0,0.0,1.0,0,0.2
0.1627907,0.975,0.5,0.5,0,0.8333333,0.08,0.0,1,0.25,0.0,0.5,1,0.0,0.8333333,0,1.0,0.0,0,0.26666668
0.25581396,0.3,0.0,0.5,1,0.6666667,0.68,0.5,1,0.125,0.0,0.5,1,1.0,0.8333333,0,0.0,0.0,0,0.17777778
0.4651163,0.125,0.0,0.5,1,0.33333334,0.96,0.0,1,0.125,0.5,1.0,1,-1.0,0.6666667,0,0.0,0.0,1,0.2
0.53488374,0.2,1.0,0.5,0,0.6666667,0.12,0.0,1,0.375,1.0,1.0,1,0.0,0.16666667,0,0.5,0.0,1,0.26666668
0.4651163,0.6,0.5,0.5,1,0.33333334,0.04,0.0,1,0.125,0.5,1.0,1,0.0,0.33333334,1,0.5,1.0,0,0.22222222
0.41860464,0.075,0.0,1.0,0,0.5,0.88,0.5,1,0.125,0.5,0.5,0,1.0,0.5,0,0.0,0.5,1,0.2
0.39534885,0.85,0.5,1.0,1,0.5,0.64,0.5,1,0.375,0.5,0.5,0,-1.0,0.33333334,1,0.5,0.0,1,0.33333334
0.23255815,0.95,0.5,0.5,1,0.8333333,0.64,0.0,1,0.125,0.5,0.5,0,1.0,0.5,0,1.0,1.0,1,0.2888889
0.3488372,0.25,0.5,0.5,1,0.6666667,0.96,0.5,1,0.25,0.5,0.5,1,1.0,0.5,0,0.0,0.5,1,0.22222222
0.37209302,0.45,0.5,0.5,1,0.33333334,0.76,0.5,1,0.125,0.5,1.0,0,1.0,0.5,0,0.5,0.0,0,0.2888889
0.5813953,0.025,0.5,0.0,1,0.33333334,0.4,0.5,1,0.25,0.0,0.5,1,1.0,0.5,0,0.0,0.5,0,0.2
0.4883721,0.65,0.0,0.5,1,0.5,0.44,0.0,1,0.375,0.0,1.0,1,1.0,0.33333334,0,0.0,0.5,1,0.2888889
0.18604651,0.425,0.5,0.5,0,0.16666667,0.14,0.5,1,0.25,0.5,1.0,1,0.0,0.5,0,0.0,0.0,1,0.17777778
0.4883721,0.275,0.0,0.5,1,0.5,0.3,0.0,1,0.125,0.5,0.0,1,1.0,0.6666667,0,0.5,0.5,1,0.2
0.39534885,0.2,1.0,0.5,0,0.5,0.44,0.5,1,0.0,0.5,0.5,1,0.0,0.5,0,0.5,0.0,1,0.2
0.3488372,0.65,0.0,0.5,1,0.6666667,0.26,0.5,1,0.25,0.5,0.5,1,1.0,0.6666667,0,0.0,0.0,1,0.26666668
0.53488374,0.425,1.0,0.0,0,0.6666667,0.92,0.5,1,0.0,0.5,0.5,1,0.0,0.5,0,0.0,0.0,0,0.26666668
0.5813953,0.175,0.5,1.0,1,0.5,0.02,0.0,1,0.25,1.0,1.0,0,0.0,0.6666667,1,1.0,1.0,0,0.24444444
0.5813953,0.7,0.5,1.0,1,0.16666667,0.58,0.5,1,0.125,0.0,1.0,0,1.0,0.6666667,0,0.5,0.5,1,0.37777779
0.3255814,0.575,0.5,1.0,0,0.16666667,0.78,0.0,0,0.125,0.5,1.0,1,0.0,0.33333334,1,0.0,0.0,0,0.22222222
0.39534885,0.85,0.5,0.5,1,0.33333334,0.74,1.0,1,0.125,0.5,0.5,1,1.0,0.6666667,0,0.0,0.0,1,0.35555556
0.4883721,0.125,1.0,0.0,0,0.6666667,0.64,0.5,1,0.25,0.5,1.0,1,1.0,0.16666667,0,1.0,0.0,0,0.24444444
0.5813953,0.775,0.5,0.0,1,0.6666667,0.42,0.5,1,0.0,0.0,0.5,0,0.0,0.5,0,0.0,0.5,1,0.2888889
0.37209302,0.675,0.5,0.5,0,0.5,0.92,0.5,1,0.125,1.0,0.5,1,-1.0,0.8333333,0,1.0,0.0,0,0.33333334
0.41860464,0.125,0.5,0.5,1,1.0,0.32,0.0,1,0.0,0.0,0.5,1,1.0,0.5,0,0.0,0.5,1,0.15555556
0.27906978,0.7,0.0,1.0,1,0.8333333,0.76,1.0,1,0.25,0.0,1.0,0,-1.0,0.6666667,0,1.0,1.0,1,0.2888889
0.27906978,0.45,0.5,1.0,1,0.8333333,0.92,1.0,1,0.25,0.0,0.5,1,0.0,0.5,0,0.5,0.5,1,0.26666668
0.55813956,0.95,0.0,1.0,1,0.6666667,0.12,0.5,0,0.0,0.5,1.0,0,0.0,0.5,0,1.0,0.0,1,0.35555556
0.627907,0.15,0.5,1.0,1,0.6666667,0.94,0.5,1,0.0,0.5,0.5,1,0.0,0.33333334,0,0.0,0.0,1,0.2888889
0.44186047,0.65,0.5,0.5,1,0.6666667,0.78,0.5,1,0.125,0.0,0.5,1,-1.0,0.5,0,1.0,0.0,1,0.31111112
0.5813953,0.375,0.0,1.0,1,0.0,0.62,1.0,1,0.375,0.5,1.0,0,1.0,0.33333334,0,0.0,0.5,1,0.33333334
0.4883721,0.95,0.5,1.0,0,0.16666667,0.38,0.0,0,0.125,0.0,1.0,1,-1.0,0.6666667,0,0.0,0.5,0,0.31111112
0.3488372,0.325,0.5,0.5,0,0.5,0.9,0.5,1,0.125,0.0,0.5,1,-1.0,0.6666667,0,0.5,0.0,1,0.22222222
0.4883721,0.95,0.5,0.0,1,0.5,0.04,0.5,0,0.375,0.5,0.5,1,1.0,0.5,0,0.5,0.0,0,0.33333334
0.6511628,0.9,0.5,0.0,1,0.5,0.44,0.5,1,0.125,0.0,0.5,1,1.0,0.5,0,0.0,0.5,1,0.35555556
0.44186047,0.275,0.5,0.5,1,0.5,0.76,0.5,1,0.125,0.0,0.0,1,0.0,0.6666667,0,0.5,0.0,0,0.22222222
0.6511628,0.8,0.0,0.5,0,0.0,0.82,0.5,1,0.25,0.5,0.5,1,-1.0,0.16666667,0,1.0,0.0,0,0.37777779
0.069767445,1.0,1.0,1.0,1,0.6666667,0.2,1.0,1,0.0,0.5,1.0,0,1.0,0.6666667,0,0.5,0.5,1,0.31111112
0.55813956,0.25,0.5,0.5,0,0.5,0.04,0.5,1,0.125,0.5,0.5,1,1.0,0.5,0,1.0,0.0,0,0.24444444
0.4651163,0.425,0.0,0.5,1,0.5,0.8,0.5,1,0.5,0.5,0.5,0,0.0,0.5,0,1.0,0.5,1,0.2888889
0.39534885,0.525,1.0,0.0,1,0.6666667,0.42,0.5,1,0.0,0.5,0.5,1,0.0,0.5,0,0.0,0.5,0,0.22222222
0.4651163,0.3,0.5,0.5,1,0.16666667,0.14,0.5,1,0.125,1.0,0.5,1,0.0,0.8333333,1,0.5,0.5,1,0.2
0.1627907,0.025,0.5,0.5,1,0.5,0.08,0.5,1,0.125,1.0,0.5,1,1.0,0.5,0,0.5,0.0,1,0.11111111
0.41860464,0.225,0.5,1.0,1,0.5,0.64,1.0,1,0.125,0.0,0.5,1,-1.0,0.33333334,0,0.0,0.0,1,0.22222222
0.4883721,0.275,1.0,0.5,0,0.33333334,0.58,1.0,1,0.125,0.0,0.0,1,1.0,0.5,0,0.0,0.0,1,0.24444444
0.6511628,0.45,1.0,1.0,1,0.0,0.86,0.0,1,0.625,0.5,1.0,1,0.0,0.5,0,0.5,0.0,1,0.42222223
0.37209302,0.175,0.5,0.5,1,0.16666667,0.04,1.0,1,0.25,0.5,0.5,0,-1.0,0.5,0,0.0,1.0,0,0.15555556
0.3255814,0.875,0.5,0.5,0,0.5,0.86,0.5,1,0.25,0.0,0.5,1,1.0,0.6666667,0,0.5,0.5,1,0.33333334
0.37209302,0.7,0.5,1.0,1,0.5,0.88,0.0,1,0.0,0.5,0.5,1,0.0,0.5,0,0.0,0.0,1,0.31111112
0.55813956,0.075,0.5,1.0,1,0.5,0.44,0.5,1,0.375,0.5,1.0,0,-1.0,0.6666667,0,0.5,1.0,1,0.26666668
0.4883721,0.65,0.0,0.0,0,0.33333334,0.08,0.5,1,0.25,0.5,0.5,1,0.0,0.0,0,0.0,0.5,1,0.2
0.37209302,0.65,0.5,1.0,0,0.16666667,0.94,1.0,1,0.375,1.0,0.5,1,0.0,0.5,0,0.5,0.0,1,0.35555556
0.5116279,0.95,0.5,0.0,1,0.5,0.08,0.0,1,0.0,0.5,0.5,1,-1.0,0.5,0,0.5,0.0,0,0.2888889
0.4651163,0.0,1.0,0.5,0,0.5,0.6,0.5,1,0.0,0.5,1.0,1,0.0,0.6666667,1,0.5,0.0,1,0.2
0.5813953,0.25,0.5,0.0,1,0.6666667,0.5,0.5,1,0.125,0.5,0.0,0,0.0,0.6666667,1,0.0,1.0,0,0.17777778
0.3488372,0.925,0.5,0.5,1,0.33333334,0.84,0.0,1,0.0,1.0,0.5,0,1.0,0.6666667,0,0.5,0.0,1,0.35555556
0.39534885,0.925,1.0,0.5,1,0.0,0.5,0.0,1,0.0,0.0,0.5,1,1.0,0.5,0,0.0,0.5,1,0.31111112
0.39534885,0.725,1.0,0.5,1,0.0,0.46,0.5,1,0.375,1.0,0.5,0,1.0,0.33333334,0,0.5,0.0,0,1.0
0.23255815,0.775,0.5,0.5,0,0.33333334,0.88,0.5,1,0.375,0.5,0.5,1,0.0,0.5,0,0.5,0.5,1,0.2888889
0.4883721,0.1,0.0,0.5,0,0.5,0.96,0.0,0,0.125,0.5,0.5,1,-1.0,0.5,0,0.0,0.0,1,0.15555556
0.4883721,0.525,0.5,0.5,1,0.5,0.54,0.0,1,0.25,0.5,0.5,1,1.0,0.5,0,1.0,1.0,0,0.2888889
0.44186047,0.225,1.0,1.0,1,0.33333334,0.46,0.5,1,0.25,0.0,0.5,0,1.0,0.5,0,0.0,1.0,1,0.24444444
0.41860464,0.175,0.0,0.5,0,0.16666667,0.84,1.0,1,0.0,0.5,0.5,1,1.0,0.5,0,0.5,0.0,1,0.2
0.25581396,0.8,0.5,0.5,0,0.0,0.84,1.0,1,0.25,0.5,1.0,1,0.0,0.5,1,0.0,0.5,1,0.26666668
0.37209302,0.125,0.5,1.0,1,0.6666667,0.32,0.5,1,0.125,1.0,1.0,1,0.0,0.6666667,1,1.0,0.5,0,0.22222222
0.39534885,0.475,0.5,0.5,1,0.5,0.58,0.5,1,0.0,0.0,1.0,0,0.0,0.5,0,0.5,1.0,1,0.22222222
0.3255814,0.95,1.0,0.5,0,0.33333334,0.16,1.0,1,0.0,0.0,1.0,1,1.0,0.5,0,0.5,0.0,1,0.31111112
0.41860464,0.175,0.5,0.5,0,0.16666667,0.64,1.0,1,0.125,0.0,0.0,0,-1.0,0.5,0,0.0,0.0,1,0.17777778
0.4883721,0.975,0.5,0.0,1,0.33333334,0.84,0.0,1,0.375,0.5,0.5,1,-1.0,0.6666667,0,1.0,0.5,1,0.37777779
0.6976744,1.0,0.5,0.5,0,0.5,0.18,0.5,1,0.25,1.0,1.0,1,1.0,0.8333333,0,1.0,0.5,1,0.46666667
0.4651163,0.55,0.5,1.0,1,0.5,0.32,1.0,1,0.375,0.0,0.5,1,1.0,0.5,1,0.5,0.0,0,0.31111112
0.4883721,0.175,0.5,0.5,1,0.5,0.44,1.0,1,0.375,0.0,1.0,1,1.0,0.33333334,0,1.0,0.5,0,0.26666668
0.44186047,0.325,1.0,0.5,1,0.8333333,0.84,0.5,1,0.25,0.5,1.0,1,1.0,0.5,0,0.5,0.0,1,0.31111112
0.1627907,0.425,1.0,0.5,1,0.33333334,0.74,0.5,1,0.0,0.0,0.5,1,0.0,0.33333334,0,0.0,0.5,1,0.17777778
0.44186047,0.3,0.5,0.5,0,0.8333333,0.32,0.5,1,0.375,0.0,1.0,0,1.0,0.5,0,1.0,0.0,1,0.26666668
0.44186047,0.275,0.0,1.0,1,0.5,0.24,1.0,1,0.25,0.5,0.5,1,-1.0,0.8333333,0,0.5,0.0,1,0.24444444
0.7906977,0.975,1.0,1.0,1,0.5,0.7,0.0,1,0.25,0.5,1.0,0,0.0,0.33333334,0,1.0,0.0,0,0.53333336
0.41860464,0.15,0.5,0.5,0,0.6666667,0.48,0.5,1,0.125,1.0,0.5,1,0.0,0.5,0,0.0,0.0,0,0.2
0.4883721,0.725,1.0,1.0,1,0.33333334,0.6,0.5,1,0.125,1.0,1.0,1,1.0,0.5,0,0.0,0.0,0,0.4
0.44186047,0.0,0.0,1.0,0,0.5,0.64,1.0,1,0.25,0.0,1.0,1,1.0,0.6666667,1,0.0,0.0,1,0.17777778
0.27906978,0.6,0.5,0.5,0,0.16666667,0.56,0.5,1,0.125,0.0,1.0,1,1.0,0.33333334,0,0.0,0.0,1,0.22222222
0.60465115,0.925,0.0,1.0,1,0.6666667,0.62,0.5,1,0.0,1.0,0.5,1,1.0,0.8333333,0,0.0,0.0,0,0.4
0.55813956,0.3,1.0,1.0,1,0.6666667,0.88,0.0,1,0.25,0.0,0.5,0,1.0,0.6666667,0,0.5,0.5,0,0.33333334
0.55813956,0.175,1.0,0.5,0,0.8333333,0.86,1.0,1,0.25,0.0,1.0,1,1.0,0.5,1,0.0,0.0,0,0.2888889
0.3255814,0.65,0.5,0.5,1,0.5,0.14,0.5,1,0.125,0.5,0.5,1,-1.0,0.5,0,0.5,0.0,1,0.22222222
0.627907,0.725,0.0,1.0,1,0.8333333,0.58,1.0,1,0.0,0.0,0.5,0,1.0,0.16666667,0,0.5,0.5,0,0.35555556
0.25581396,0.7,0.0,0.5,0,0.33333334,0.44,0.0,1,0.25,0.5,0.5,1,1.0,0.33333334,0,0.5,1.0,1,0.2
0.53488374,0.325,0.5,1.0,1,0.6666667,0.28,0.5,1,0.5,1.0,0.5,0,0.0,0.5,1,0.5,0.5,1,0.2888889
0.74418604,0.25,0.5,0.5,1,0.33333334,0.64,0.0,1,0.125,0.0,1.0,1,0.0,0.6666667,0,0.5,0.0,1,0.31111112
0.30232558,0.95,0.5,0.5,0,0.5,0.52,0.5,1,0.0,0.5,1.0,0,1.0,0.6666667,0,0.5,0.5,0,0.31111112
0.37209302,0.925,0.5,0.5,0,0.6666667,0.78,0.5,1,0.125,0.0,0.5,1,0.0,0.6666667,0,0.0,1.0,1,0.31111112
0.4651163,0.45,0.5,0.5,1,1.0,0.1,0.5,1,0.125,1.0,0.0,0,1.0,0.33333334,0,0.5,0.0,1,0.26666668
0.37209302,0.85,0.0,0.5,1,0.6666667,0.3,0.0,1,0.5,0.5,0.5,1,0.0,1.0,0,0.0,1.0,0,0.2888889
0.23255815,0.45,0.5,1.0,1,0.6666667,0.02,0.5,1,0.25,0.0,0.5,1,0.0,0.5,0,1.0,0.0,1,0.2
0.44186047,0.425,0.5,0.5,0,0.33333334,0.74,0.0,1,0.0,0.0,1.0,1,1.0,0.6666667,0,0.0,0.0,0,0.24444444
0.30232558,0.15,1.0,0.0,0,0.5,0.92,0.5,1,0.375,0.0,1.0,1,-1.0,0.5,0,0.0,0.0,1,0.17777778
0.5116279,0.425,0.5,0.5,1,0.5,0.58,0.5,1,0.0,0.0,1.0,1,0.0,0.33333334,0,0.0,0.5,1,0.24444444
0.30232558,0.525,0.5,0.5,0,0.8333333,0.62,0.5,1,0.125,0.0,1.0,0,-1.0,0.5,0,1.0,0.0,0,0.24444444
0.6511628,0.025,0.5,1.0,1,0.5,0.04,0.0,1,0.375,0.0,0.5,0,1.0,0.5,0,0.5,0.0,0,0.26666668
0.3255814,0.45,1.0,1.0,0,0.8333333,0.5,0.0,1,0.125,0.0,0.5,1,-1.0,0.16666667,0,0.0,0.0,1,0.22222222
0.39534885,0.775,0.0,0.5,1,0.16666667,0.52,0.5,1,0.125,0.5,0.5,1,0.0,0.5,0,0.0,0.0,0,0.2888889
0.55813956,0.675,0.5,0.0,0,0.8333333,0.04,1.0,1,0.125,0.0,1.0,0,1.0,0.33333334,0,0.0,0.0,1,0.2888889
0.27906978,0.625,1.0,0.5,0,0.33333334,0.78,0.5,1,0.0,1.0,0.5,0,0.0,0.16666667,1,0.0,0.0,1,0.22222222
0.4651163,0.9,0.5,0.5,0,0.6666667,0.28,1.0,1,0.25,0.5,1.0,1,0.0,0.0,0,0.5,0.0,1,0.35555556
0.627907,0.025,0.5,1.0,0,0.33333334,0.72,1.0,1,0.125,0.0,0.5,0,-1.0,0.5,1,1.0,1.0,1,0.22222222
0.20930232,0.55,0.5,0.0,0,0.6666667,0.4,0.5,1,0.375,0.0,1.0,1,1.0,0.16666667,1,1.0,0.0,0,0.2
0.4651163,0.775,1.0,0.5,0,0.33333334,1.0,0.5,1,0.0,1.0,0.5,0,0.0,0.33333334,0,1.0,0.0,0,0.37777779
0.4883721,0.55,0.5,0.5,0,0.8333333,0.22,0.5,1,0.25,0.0,0.5,1,-1.0,0.33333334,1,0.0,0.0,0,0.22222222
0.55813956,0.325,0.5,1.0,0,0.6666667,0.06,1.0,0,0.0,0.0,1.0,0,-1.0,0.8333333,0,1.0,0.0,0,0.24444444
0.27906978,0.125,0.0,1.0,0,0.33333334,0.98,0.5,1,0.0,0.0,0.5,0,-1.0,0.6666667,0,0.0,0.0,1,0.13333334
0.25581396,0.9,0.0,1.0,1,0.6666667,0.24,0.5,1,0.25,0.5,1.0,1,-1.0,0.5,0,0.5,0.0,0,0.2888889
0.5116279,0.475,1.0,1.0,1,0.6666667,0.64,0.0,1,0.375,0.5,0.5,1,-1.0,0.5,1,1.0,0.5,0,0.31111112
0.4883721,0.875,0.5,1.0,1,0.33333334,0.38,0.5,1,0.125,0.0,0.5,1,1.0,0.5,0,0.5,0.0,0,0.37777779
0.4883721,0.575,0.5,1.0,1,0.16666667,0.64,0.5,1,0.25,0.0,1.0,1,1.0,0.5,0,1.0,0.0,0,0.35555556
0.4883721,0.675,1.0,1.0,0,0.16666667,0.6,0.0,1,0.25,0.0,1.0,1,-1.0,0.5,0,0.0,0.0,0,0.33333334
0.3488372,0.8,0.5,1.0,1,0.16666667,0.7,0.0,1,0.125,0.0,0.5,1,0.0,0.33333334,0,0.0,0.5,1,0.2888889
0.4651163,0.65,0.0,0.5,1,0.16666667,0.02,0.5,1,0.25,0.0,1.0,1,1.0,0.33333334,0,0.0,0.5,0,0.26666668
0.4883721,0.4,0.5,0.5,1,0.6666667,0.84,0.5,1,0.125,0.0,1.0,1,0.0,0.6666667,0,0.0,0.0,0,0.2888889
0.3488372,0.525,0.5,0.5,1,0.6666667,0.48,0.5,1,0.375,0.5,0.5,1,1.0,0.33333334,0,1.0,0.0,0,0.2888889
0.6976744,0.8,0.5,0.5,1,0.0,0.52,0.5,1,0.25,0.5,1.0,1,1.0,0.6666667,1,0.0,1.0,1,0.37777779
0.5116279,0.375,0.0,1.0,0,0.33333334,0.42,0.0,1,0.0,0.5,0.5,1,0.0,0.33333334,0,0.5,0.0,1,0.22222222
0.27906978,0.4,0.5,1.0,0,0.16666667,0.98,0.0,1,0.25,0.5,0.5,0,1.0,0.6666667,0,0.0,0.0,0,0.24444444
0.53488374,0.1,0.5,0.5,1,0.6666667,0.8,1.0,1,0.0,0.0,1.0,1,-1.0,0.5,0,0.0,0.0,1,0.22222222
0.30232558,0.925,0.5,0.5,1,0.33333334,0.32,0.5,1,0.25,0.5,0.5,1,-1.0,0.5,1,0.5,0.0,0,0.26666668
0.55813956,0.1,0.5,1.0,0,0.16666667,0.78,0.0,1,0.25,0.5,0.5,1,0.0,0.6666667,0,0.5,1.0,1,0.24444444
0.60465115,0.65,0.5,0.5,0,0.5,0.44,0.0,1,0.125,0.5,1.0,1,1.0,0.6666667,0,0.0,1.0,1,0.31111112
0.3255814,0.425,0.5,0.5,1,0.6666667,0.88,0.0,1,0.0,1.0,1.0,1,1.0,0.5,0,0.5,0.5,1,0.24444444
0.5813953,0.4,0.5,1.0,1,0.33333334,0.04,0.5,1,0.5,1.0,0.0,1,0.0,0.5,0,0.0,0.0,1,0.31111112
0.4883721,0.675,1.0,0.0,1,0.5,0.36,0.5,0,0.0,0.0,0.5,1,0.0,0.33333334,0,0.0,0.0,1,0.26666668
0.55813956,0.075,1.0,0.5,1,0.33333334,0.42,0.5,1,0.125,0.5,0.0,0,1.0,0.5,0,0.0,0.0,1,0.24444444
0.6976744,0.6,0.5,0.5,1,0.8333333,0.74,0.5,1,0.25,0.0,0.5,0,0.0,0.5,0,0.5,1.0,1,0.35555556
0.41860464,0.775,1.0,0.0,0,0.33333334,0.18,0.5,1,0.625,0.5,1.0,1,0.0,0.6666667,0,0.5,0.5,1,0.33333334
0.3255814,0.825,1.0,0.5,0,0.33333334,0.28,0.5,1,0.25,0.5,1.0,1,1.0,0.6666667,0,1.0,0.0,1,0.35555556
0.3255814,0.175,0.5,0.5,1,0.5,0.72,1.0,1,0.125,1.0,0.5,0,1.0,0.5,0,1.0,0.0,1,0.24444444
0.3255814,0.9,0.5,0.5,0,0.5,0.08,1.0,0,0.375,0.5,1.0,1,-1.0,0.33333334,0,0.0,0.0,1,0.26666668
0.44186047,0.65,1.0,0.0,0,0.6666667,0.2,0.5,1,0.125,0.5,0.5,1,0.0,0.6666667,1,0.5,1.0,0,0.24444444
0.4883721,0.875,0.5,1.0,0,0.8333333,0.76,0.0,1,0.0,0.0,1.0,1,1.0,0.33333334,0,1.0,0.0,1,0.37777779
0.4883721,0.475,0.5,0.5,0,0.8333333,0.88,0.5,1,0.125,0.5,0.5,1,1.0,0.5,0,0.0,0.0,1,0.2888889
0.55813956,0.55,0.5,0.5,0,0.33333334,0.72,0.5,0,0.375,0.0,1.0,1,1.0,0.5,0,0.0,0.0,0,0.31111112
0.44186047,0.925,0.5,0.5,1,0.5,0.52,0.0,1,0.25,0.0,0.0,0,1.0,0.5,0,1.0,0.0,1,0.35555556
0.6511628,0.9,0.5,0.5,1,0.8333333,0.1,0.0,0,0.0,0.5,0.5,1,0.0,0.33333334,0,1.0,1.0,0,0.33333334
0.39534885,0.45,0.5,0.5,0,0.8333333,0.82,1.0,1,0.25,1.0,0.0,1,0.0,0.6666667,0,0.5,1.0,0,0.26666668
0.81395346,0.275,0.5,0.5,1,0.33333334,0.12,0.5,1,0.25,1.0,0.5,1,1.0,0.33333334,0,0.0,1.0,1,0.31111112
0.53488374,0.4,0.0,1.0,0,0.6666667,0.38,0.0,1,0.25,0.5,0.5,1,0.0,0.16666667,0,0.0,0.5,1,0.22222222
0.3255814,0.4,1.0,1.0,0,0.6666667,0.06,0.5,1,0.125,0.0,0.5,1,0.0,0.6666667,0,0.5,0.0,1,0.22222222
0.30232558,0.275,0.5,0.5,1,0.6666667,0.7,0.0,1,0.25,0.5,1.0,1,0.0,0.6666667,0,0.0,0.0,1,0.2
0.5116279,0.275,0.0,0.0,1,0.8333333,0.5,0.0,1,0.125,0.0,0.5,1,-1.0,0.33333334,0,0.5,0.0,1,0.17777778
0.41860464,0.85,0.0,0.5,1,0.16666667,0.9,0.5,1,0.375,0.0,0.0,1,1.0,0.33333334,0,0.0,0.5,1,0.31111112
0.53488374,0.075,0.5,0.0,1,0.33333334,0.14,0.5,1,0.125,0.0,1.0,0,0.0,0.8333333,0,0.5,0.0,0,0.2
0.5116279,0.675,1.0,1.0,1,0.6666667,0.82,1.0,1,0.0,1.0,0.5,0,1.0,0.5,0,0.0,0.5,1,0.37777779
0.44186047,0.175,0.0,0.5,1,0.5,0.52,0.5,1,0.0,0.5,0.5,1,0.0,0.6666667,0,0.0,0.0,1,0.17777778
0.3255814,0.35,0.0,1.0,1,0.0,0.36,0.0,1,0.375,0.0,0.5,1,1.0,0.5,0,0.0,0.0,0,0.2
0.23255815,0.05,0.5,1.0,1,0.16666667,0.64,0.5,1,0.375,1.0,0.5,0,0.0,0.6666667,0,0.5,0.5,1,0.2
0.37209302,0.275,0.5,0.5,1,0.6666667,0.8,0.5,1,0.625,0.5,0.5,1,1.0,0.16666667,0,1.0,1.0,1,0.26666668
0.55813956,0.775,0.5,0.5,0,0.6666667,0.44,0.0,1,0.25,0.5,1.0,1,1.0,0.0,0,1.0,0.0,1,0.35555556
0.4651163,0.875,0.5,0.5,0,0.16666667,0.24,1.0,1,0.125,0.5,0.0,1,1.0,0.6666667,0,0.0,0.0,1,0.33333334
0.27906978,0.225,0.5,0.0,1,0.8333333,0.92,0.0,1,0.0,1.0,0.5,0,0.0,0.6666667,0,0.0,1.0,0,0.13333334
0.4651163,0.475,0.5,1.0,1,0.5,0.32,0.0,1,0.25,0.0,0.5,1,-1.0,0.6666667,0,0.5,0.5,1,0.26666668
0.4883721,0.475,1.0,0.5,0,0.16666667,1.0,0.5,1,0.5,1.0,1.0,1,-1.0,0.5,0,0.5,0.0,1,0.37777779
0.3255814,0.875,0.0,0.0,1,0.33333334,0.76,0.0,1,0.125,0.0,0.5,1,-1.0,0.8333333,0,0.0,0.0,1,0.24444444
0.4651163,0.775,0.5,1.0,1,0.16666667,0.68,0.5,1,0.125,1.0,0.0,1,0.0,0.33333334,0,0.0,0.0,1,0.33333334
0.44186047,0.525,1.0,0.5,1,0.33333334,0.02,1.0,0,0.375,0.5,0.5,1,0.0,0.6666667,1,0.0,0.0,1,0.26666668
0.27906978,0.675,1.0,0.0,1,0.0,0.44,0.5,1,0.25,0.5,1.0,1,0.0,0.5,0,0.0,0.5,0,0.26666668
0.4883721,0.85,0.0,0.5,1,0.5,0.5,1.0,1,0.25,1.0,0.5,1,0.0,0.33333334,0,0.5,0.0,0,0.35555556
0.5116279,0.0,1.0,0.5,1,0.6666667,0.38,0.5,1,0.125,0.0,0.5,0,1.0,0.6666667,0,0.5,0.0,1,0.24444444
0.5813953,0.4,0.5,0.5,1,0.16666667,0.14,0.5,1,0.125,0.5,0.5,1,1.0,0.6666667,0,0.0,0.0,1,0.2888889
0.5813953,0.9,0.5,0.5,1,0.5,0.36,0.5,1,0.375,1.0,0.5,0,1.0,0.5,0,0.5,0.0,0,0.42222223
0.25581396,0.75,0.5,0.0,1,0.33333334,0.08,0.5,0,0.125,1.0,0.5,1,0.0,0.5,0,0.0,0.0,1,0.2
0.30232558,0.55,0.5,0.5,0,0.6666667,0.3,0.5,1,0.125,0.0,0.5,0,1.0,0.5,0,0.5,0.0,1,0.22222222
0.5116279,0.525,0.0,0.5,1,0.0,0.08,0.5,1,0.125,0.0,0.5,1,0.0,0.5,0,0.5,0.0,1,0.24444444
0.5116279,0.35,0.5,1.0,1,0.6666667,0.76,0.0,1,0.0,0.5,1.0,1,-1.0,0.5,1,0.0,0.0,1,0.24444444
0.5116279,0.525,0.5,0.0,0,0.0,0.68,0.5,1,0.25,0.5,0.5,1,1.0,0.8333333,0,0.0,0.0,1,0.2888889
0.9767442,0.65,1.0,0.5,1,0.5,0.94,0.5,1,0.25,0.5,1.0,1,1.0,0.16666667,0,0.0,0.0,0,0.51111114
0.5116279,0.425,0.5,1.0,1,0.33333334,0.38,0.0,1,0.125,0.5,0.5,0,1.0,0.33333334,0,0.0,0.5,0,0.26666668
0.60465115,0.725,0.5,1.0,1,0.33333334,0.78,0.5,1,0.375,0.5,0.5,0,1.0,0.5,0,0.0,0.0,1,0.42222223
0.5813953,0.85,0.5,1.0,0,0.16666667,0.58,1.0,1,0.125,0.0,1.0,1,1.0,0.33333334,0,1.0,0.0,1,0.42222223
0.53488374,0.15,0.5,0.0,0,0.8333333,0.64,0.0,1,0.125,0.5,0.5,1,0.0,0.33333334,1,0.0,0.0,0,0.15555556
0.39534885,0.45,1.0,0.5,1,0.16666667,0.54,0.5,0,0.25,0.5,0.5,1,0.0,0.6666667,0,0.0,1.0,1,0.24444444
0.55813956,0.4,0.5,0.5,1,0.16666667,0.78,1.0,1,0.375,0.5,1.0,1,0.0,0.5,0,0.0,1.0,0,0.31111112
0.3255814,0.675,0.5,1.0,1,1.0,0.04,0.5,1,0.25,0.0,1.0,0,1.0,0.5,0,0.5,0.0,1,0.2888889
0.41860464,0.25,0.5,0.0,0,0.5,0.08,1.0,1,0.0,0.5,0.5,1,1.0,0.33333334,1,0.0,0.5,1,0.75555557
0.37209302,0.65,1.0,0.0,0,0.16666667,0.1,0.0,0,0.25,1.0,0.5,0,0.0,0.6666667,0,0.5,0.0,1,0.24444444
0.44186047,0.875,0.0,0.5,1,0.5,0.28,0.0,0,0.25,0.5,1.0,1,0.0,0.5,0,0.0,0.0,0,0.2888889
0.76744187,0.425,0.5,0.0,1,0.5,0.6,0.0,1,0.0,0.5,0.5,1,1.0,0.5,0,0.0,0.0,1,0.31111112
0.18604651,0.9,0.5,0.5,1,0.0,0.64,1.0,0,0.0,0.0,0.5,1,1.0,0.6666667,0,0.5,0.0,1,0.26666668
0.53488374,1.0,1.0,1.0,1,0.33333334,0.72,0.0,1,0.25,0.5,0.5,0,1.0,0.8333333,0,0.0,0.0,1,0.44444445
0.20930232,0.1,0.5,1.0,0,0.5,0.28,1.0,1,0.0,0.5,0.5,1,1.0,0.6666667,1,0.0,0.5,0,0.11111111
0.37209302,0.225,1.0,0.5,1,0.8333333,0.66,0.5,1,0.25,0.5,1.0,0,1.0,0.6666667,1,0.5,0.5,0,0.24444444
0.60465115,0.95,0.0,1.0,1,0.5,0.12,0.0,1,0.125,1.0,0.5,0,1.0,0.5,0,0.5,0.0,0,0.4
0.44186047,0.95,0.5,0.0,0,0.5,0.0,0.0,1,0.125,0.5,1.0,0,0.0,0.33333334,0,0.0,0.0,0,0.2888889
0.30232558,0.1,0.5,0.5,1,0.33333334,0.7,0.5,1,0.0,0.5,0.5,1,0.0,0.5,0,0.0,0.0,1,0.15555556
0.3488372,0.025,0.5,0.5,0,0.8333333,0.72,0.0,1,0.25,0.0,1.0,1,1.0,0.33333334,0,0.0,0.0,1,0.15555556
0.53488374,0.15,1.0,0.0,1,0.6666667,0.62,1.0,1,0.125,0.5,0.5,1,0.0,0.6666667,0,0.0,1.0,1,0.22222222
0.3488372,1.0,1.0,0.0,1,0.6666667,0.26,1.0,1,0.25,0.0,0.5,1,-1.0,0.5,0,0.0,0.5,1,0.31111112
0.4651163,0.175,0.5,0.5,0,0.5,0.92,0.0,1,0.375,0.0,0.5,1,0.0,0.33333334,0,0.0,1.0,0,0.2
0.44186047,0.5,0.5,1.0,0,0.16666667,0.88,0.5,1,0.0,0.0,0.0,0,1.0,0.6666667,1,1.0,0.5,0,0.26666668
0.3488372,0.85,1.0,1.0,1,0.8333333,0.52,0.5,1,0.0,0.0,1.0,1,0.0,0.33333334,0,0.0,0.0,1,0.33333334
0.74418604,0.025,0.5,0.5,0,0.5,0.98,1.0,1,0.25,0.5,1.0,1,0.0,0.5,0,0.5,0.0,0,0.33333334
0.53488374,0.6,1.0,0.0,0,0.5,0.3,0.0,1,0.375,0.5,1.0,1,1.0,0.5,0,0.0,0.0,0,0.31111112
0.1627907,0.275,1.0,0.0,0,0.6666667,0.5,0.5,1,0.0,0.5,1.0,1,1.0,0.5,0,0.0,0.0,1,0.13333334
0.4651163,0.85,0.5,0.5,0,0.5,0.92,0.0,1,0.0,0.5,0.5,0,0.0,0.33333334,1,1.0,0.5,1,0.31111112
0.3488372,0.275,1.0,0.5,1,0.16666667,0.46,0.5,1,0.125,0.5,0.5,1,0.0,0.0,1,0.0,0.0,1,0.17777778
0.55813956,0.675,0.5,0.0,1,0.5,0.48,0.0,1,0.0,0.5,1.0,1,0.0,0.6666667,1,0.0,0.0,1,0.26666668
0.3255814,0.675,0.0,0.5,0,0.0,0.08,0.5,1,0.125,0.5,0.5,1,0.0,1.0,0,0.0,0.5,1,0.22222222
0.41860464,0.225,0.5,0.5,1,0.5,0.22,1.0,1,0.375,1.0,1.0,1,0.0,0.6666667,0,0.0,0.5,1,0.24444444
0.5116279,0.025,0.0,0.5,0,0.8333333,0.16,0.5,1,0.5,0.5,0.5,1,0.0,0.33333334,0,0.0,0.0,1,0.17777778
0.55813956,0.4,0.5,1.0,1,0.0,0.56,0.5,1,0.25,0.5,0.5,0,-1.0,0.5,0,0.0,0.5,0,0.2888889
0.27906978,0.3,1.0,1.0,0,0.5,0.32,0.5,1,0.0,0.0,1.0,1,0.0,0.6666667,0,1.0,0.0,1,0.22222222
0.39534885,0.8,0.0,0.5,1,0.6666667,0.08,0.5,1,0.125,0.5,0.5,1,1.0,0.5,0,0.0,0.0,1,0.26666668
0.37209302,0.8,0.0,0.0,1,0.6666667,0.5,0.5,1,0.25,0.5,1.0,1,0.0,0.5,0,1.0,0.0,0,0.2888889
0.3488372,0.45,0.5,1.0,0,0.33333334,0.66,0.5,1,0.0,0.0,0.0,1,0.0,0.5,1,0.5,0.0,1,0.2
0.6976744,0.6,0.5,0.5,0,0.16666667,0.74,1.0,1,0.0,0.5,0.5,0,1.0,0.5,0,0.5,0.5,1,0.35555556
0.4883721,0.6,0.5,0.5,1,0.33333334,0.84,0.0,1,0.0,0.5,0.5,1,0.0,0.8333333,0,0.0,0.0,0,0.31111112
0.25581396,0.825,0.5,0.5,1,0.8333333,0.48,0.0,1,0.125,0.5,0.5,1,0.0,0.5,0,1.0,0.5,1,0.26666668
0.5813953,0.425,0.0,0.5,0,0.0,0.4,0.0,1,0.25,1.0,0.0,1,0.0,0.5,1,0.5,0.5,0,0.22222222
0.74418604,0.275,0.0,0.5,0,0.16666667,0.68,0.5,1,0.125,0.5,0.5,1,1.0,0.33333334,0,0.0,0.0,1,0.2888889
0.5813953,0.275,1.0,0.5,1,0.33333334,0.02,0.0,0,0.125,1.0,0.5,0,1.0,0.5,0,1.0,0.5,1,0.26666668
0.23255815,0.525,0.5,0.5,1,0.33333334,0.64,1.0,1,0.375,0.5,1.0,1,0.0,0.6666667,0,0.0,0.0,1,0.26666668
0.37209302,0.45,0.5,1.0,1,0.5,0.4,0.5,0,0.25,0.0,1.0,1,1.0,0.5,0,0.0,0.0,1,0.24444444
0.627907,0.45,1.0,0.5,0,0.8333333,0.46,1.0,1,0.25,0.5,0.5,1,0.0,0.6666667,0,0.5,0.5,0,0.33333334
0.3488372,0.1,1.0,0.0,1,0.16666667,0.3,0.5,1,0.375,0.5,1.0,0,1.0,0.6666667,0,1.0,0.5,0,0.22222222
0.5116279,0.725,0.0,0.0,1,0.5,0.12,0.0,1,0.5,0.5,0.0,0,1.0,0.6666667,0,1.0,0.0,0,0.31111112
0.55813956,0.225,0.5,0.5,1,0.5,0.4,0.0,0,0.125,1.0,1.0,1,1.0,0.6666667,0,0.0,1.0,0,0.22222222
0.30232558,0.2,1.0,0.5,0,0.33333334,0.3,0.5,1,0.125,1.0,0.5,1,0.0,0.5,1,0.5,0.0,1,0.17777778
0.44186047,0.425,0.5,0.5,0,0.16666667,0.96,0.0,1,0.25,0.0,1.0,0,0.0,0.33333334,0,1.0,1.0,0,0.26666668
0.0,0.225,1.0,0.5,1,0.33333334,0.94,0.5,1,0.125,0.0,0.5,1,1.0,0.5,0,0.0,0.0,0,0.13333334
0.30232558,0.575,0.5,0.0,1,0.33333334,0.64,0.5,1,0.0,0.5,0.5,1,1.0,0.33333334,0,0.0,0.0,0,0.22222222
0.39534885,0.375,0.0,1.0,1,0.6666667,0.9,0.5,1,0.125,0.0,0.0,1,0.0,0.33333334,0,0.5,0.0,0,0.24444444
0.27906978,0.45,0.5,1.0,1,0.6666667,0.76,1.0,1,0.0,1.0,0.0,1,0.0,0.5,0,0.5,0.0,1,0.24444444
0.6744186,0.525,0.5,0.0,1,0.16666667,0.34,0.5,1,0.125,1.0,1.0,1,-1.0,0.16666667,0,0.0,0.0,1,0.31111112
0.23255815,0.2,0.5,0.5,0,0.33333334,0.6,0.5,1,0.25,0.5,0.5,1,1.0,0.5,0,0.5,0.5,0,0.17777778
0.37209302,0.15,0.0,1.0,0,0.33333334,0.22,0.5,1,0.125,1.0,0.5,1,1.0,1.0,0,1.0,0.0,1,0.22222222
0.4651163,0.875,0.0,0.0,0,1.0,0.68,0.0,1,0.0,1.0,0.5,1,0.0,0.6666667,1,0.0,0.0,1,0.26666668
0.6511628,0.425,1.0,1.0,1,0.5,0.04,0.5,1,0.25,1.0,0.5,1,-1.0,0.5,1,0.0,0.0,0,0.31111112
0.23255815,0.4,0.0,0.5,1,0.16666667,0.84,0.5,1,0.5,0.5,0.0,1,-1.0,0.33333334,0,1.0,0.0,1,0.22222222
0.60465115,0.025,0.5,0.5,0,0.33333334,0.58,0.5,1,0.125,0.0,0.5,1,1.0,0.5,0,0.0,0.5,1,0.22222222
0.44186047,0.5,1.0,0.0,1,0.33333334,0.06,0.5,1,0.0,0.0,0.5,1,0.0,0.33333334,0,0.5,0.5,1,0.22222222
0.30232558,0.55,0.5,1.0,1,0.6666667,0.88,0.0,1,0.25,0.0,1.0,1,-1.0,0.8333333,0,0.5,1.0,0,0.26666668
0.5116279,0.55,0.0,0.5,1,0.6666667,0.88,0.5,1,0.125,0.5,0.5,1,-1.0,0.33333334,1,0.0,0.0,1,0.24444444
0.4651163,0.7,0.5,1.0,0,0.5,0.86,0.5,1,0.5,0.0,0.5,1,1.0,0.5,0,0.0,0.0,0,0.37777779
0.3488372,0.175,0.5,1.0,0,0.5,0.78,1.0,1,0.375,0.0,0.5,1,1.0,0.5,0,0.5,0.0,1,0.24444444
0.44186047,0.25,0.5,0.5,1,0.5,0.68,0.0,0,0.25,0.5,1.0,0,0.0,0.6666667,0,0.5,1.0,1,0.22222222
0.39534885,0.8,1.0,0.5,1,0.5,0.4,0.5,1,0.125,0.0,0.5,1,0.0,0.5,0,0.0,0.5,1,0.31111112
0.4651163,0.95,0.5,0.0,0,0.0,0.14,0.5,1,0.25,1.0,0.0,1,0.0,0.33333334,0,0.0,0.0,0,0.2888889
0.53488374,0.125,0.5,0.0,0,0.5,0.28,0.0,1,0.125,1.0,0.5,1,0.0,0.16666667,0,1.0,0.0,1,0.2
0.6744186,0.5,0.0,1.0,0,0.33333334,0.34,0.5,1,0.375,0.5,0.5,1,-1.0,0.6666667,0,0.5,0.5,0,0.31111112
0.27906978,0.225,0.5,0.0,1,0.16666667,0.36,0.0,1,0.0,1.0,0.5,1,1.0,0.16666667,1,0.0,0.5,0,0.08888889
0.74418604,0.05,1.0,0.5,1,1.0,0.56,0.5,1,0.0,0.5,0.5,0,1.0,0.5,0,0.0,0.5,0,0.2888889
0.1627907,0.325,0.5,0.5,0,0.5,0.2,0.5,0,0.0,1.0,0.5,0,0.0,0.5,0,0.0,0.0,0,0.11111111
0.41860464,0.15,0.5,1.0,0,0.5,0.18,0.5,1,0.125,1.0,0.5,1,-1.0,0.5,0,0.0,1.0,1,0.15555556
0.53488374,0.7,0.0,0.5,1,0.33333334,0.72,0.0,1,0.0,0.0,0.0,1,-1.0,0.5,0,0.5,0.0,1,0.26666668
0.4883721,0.525,0.0,1.0,1,0.6666667,0.0,1.0,1,0.5,0.5,0.5,0,1.0,0.8333333,0,0.0,1.0,0,0.2888889
0.3488372,0.15,0.5,1.0,1,0.16666667,0.14,1.0,1,0.375,0.5,0.5,1,1.0,0.5,0,0.0,0.5,0,0.2
0.41860464,0.0,0.5,1.0,1,0.5,0.44,1.0,1,0.375,0.0,1.0,1,1.0,0.5,0,0.0,0.5,0,0.22222222
0.37209302,0.8,0.0,0.0,1,0.33333334,0.14,0.5,1,0.25,0.5,0.5,0,1.0,0.33333334,1,0.0,0.5,0,0.22222222
0.3488372,0.175,1.0,0.5,0,0.6666667,0.96,0.5,1,0.0,0.0,0.0,1,0.0,0.5,0,0.0,0.0,0,0.17777778
0.55813956,0.6,0.5,0.0,1,0.33333334,0.68,0.0,1,0.25,0.5,1.0,1,1.0,0.5,0,0.0,0.0,1,0.33333334
0.4883721,0.325,0.0,0.5,1,0.8333333,0.44,0.0,1,0.375,0.5,0.5,1,1.0,0.5,0,0.0,0.0,0,0.24444444
0.3488372,0.575,0.5,1.0,1,0.5,0.12,0.0,1,0.5,1.0,0.5,1,1.0,0.5,0,0.0,0.0,0,0.2888889
0.55813956,0.325,0.0,0.0,0,0.6666667,0.38,0.5,1,0.375,0.5,0.5,0,1.0,0.5,0,0.0,0.0,0,0.24444444
0.4883721,0.075,0.0,0.0,0,0.6666667,0.66,0.5,1,0.375,0.5,0.5,0,-1.0,0.16666667,0,0.5,0.0,1,0.17777778
0.55813956,0.225,1.0,0.5,1,0.8333333,0.96,0.5,1,0.125,0.0,0.5,1,-1.0,0.5,1,0.5,0.5,0,0.24444444
0.53488374,0.2,0.5,0.5,1,0.33333334,0.48,0.5,1,0.125,0.5,0.5,1,0.0,0.5,0,0.0,0.0,0,0.22222222
0.3255814,0.425,0.5,0.5,1,0.6666667,0.7,1.0,1,0.125,0.0,0.5,1,1.0,0.33333334,0,1.0,0.5,1,0.24444444
0.37209302,0.65,1.0,0.0,1,0.0,0.2,1.0,1,0.25,1.0,0.0,0,1.0,0.5,1,0.5,0.5,0,0.26666668
0.53488374,0.275,0.5,0.5,1,0.5,0.62,0.5,1,0.0,0.0,0.5,0,1.0,0.5,0,0.0,0.0,1,0.24444444
0.53488374,0.0,0.0,0.5,0,0.33333334,0.24,1.0,1,0.5,0.0,1.0,1,-1.0,0.5,0,0.0,0.0,0,0.17777778
0.44186047,0.525,0.5,0.5,1,0.16666667,0.2,0.0,1,0.375,0.5,0.5,1,1.0,0.6666667,1,0.0,0.0,1,0.24444444
0.4651163,0.6,0.5,0.5,0,0.33333334,0.5,0.0,0,0.125,1.0,0.5,1,1.0,0.5,0,0.5,0.5,1,0.26666668
0.627907,0.975,0.5,0.5,1,0.33333334,0.22,0.5,0,0.125,0.0,0.5,1,1.0,0.5,0,0.0,0.0,1,0.35555556
0.3488372,0.6,0.5,1.0,1,0.5,0.72,0.5,1,0.125,0.0,0.5,0,0.0,0.33333334,0,0.0,0.0,0,0.26666668
0.5116279,0.475,0.5,1.0,1,0.33333334,0.94,0.5,1,0.125,1.0,0.0,1,0.0,0.6666667,0,0.0,0.5,1,0.31111112
0.41860464,0.575,0.5,0.5,1,0.5,0.4,0.5,1,0.25,0.0,0.5,1,-1.0,0.6666667,1,1.0,0.0,0,0.26666668
0.41860464,0.925,1.0,0.5,1,0.33333334,0.32,1.0,1,0.25,0.5,0.5,0,1.0,0.33333334,0,0.5,0.5,0,0.37777779
0.60465115,0.825,1.0,0.0,0,0.33333334,0.18,1.0,1,0.25,0.0,0.5,0,-1.0,0.6666667,0,0.0,0.0,0,0.33333334
0.55813956,0.325,0.5,1.0,1,0.5,0.4,0.0,1,0.0,0.0,0.5,0,0.0,0.6666667,0,1.0,0.5,1,0.26666668
0.55813956,0.225,0.0,1.0,1,0.5,0.56,0.5,1,0.0,0.0,1.0,1,-1.0,0.5,0,0.0,1.0,0,0.2
0.627907,0.275,0.5,0.5,0,0.6666667,0.38,1.0,1,0.125,0.5,1.0,0,0.0,0.16666667,0,0.5,0.5,0,0.26666668
0.44186047,0.5,0.0,1.0,0,0.6666667,0.62,0.5,1,0.375,0.5,0.5,0,-1.0,0.6666667,0,1.0,0.0,1,0.31111112
0.53488374,0.75,0.0,0.0,0,0.5,0.66,0.5,1,0.0,0.0,0.5,0,1.0,0.5,0,0.5,0.0,1,0.2888889
0.39534885,0.5,0.5,0.5,0,0.6666667,0.1,0.0,1,0.25,0.0,0.0,1,0.0,0.5,0,0.0,0.5,1,0.17777778
0.4883721,0.075,0.5,1.0,1,0.5,0.7,0.5,1,0.5,1.0,1.0,1,-1.0,0.5,0,0.5,0.0,0,0.2888889
0.41860464,0.725,1.0,0.5,1,0.5,0.9,0.5,1,0.0,0.5,0.5,1,1.0,0.5,0,0.0,0.0,1,0.33333334
0.4651163,0.8,0.5,0.0,1,0.6666667,0.02,0.0,1,0.0,0.5,0.5,1,0.0,0.33333334,0,0.5,0.5,1,0.24444444
0.53488374,0.3,1.0,1.0,0,0.33333334,0.56,1.0,1,0.0,0.0,1.0,1,-1.0,1.0,0,0.0,0.0,0,0.2888889
0.3255814,0.675,1.0,0.0,1,0.0,0.6,1.0,1,0.0,0.0,0.5,0,1.0,0.5,0,0.5,0.0,1,0.26666668
0.74418604,0.425,0.0,1.0,1,0.16666667,0.7,0.5,1,0.0,0.0,0.5,0,0.0,0.8333333,0,0.0,1.0,0,0.31111112
0.30232558,0.9,0.5,0.0,1,0.8333333,0.38,1.0,1,0.0,0.5,0.5,0,-1.0,0.5,1,0.5,0.0,0,0.24444444
0.27906978,0.85,0.5,0.5,1,0.5,0.82,0.0,1,0.375,0.0,0.5,1,0.0,0.5,0,0.0,0.0,1,0.2888889
0.60465115,0.525,0.5,0.5,1,0.5,0.54,0.5,1,0.25,0.5,0.0,1,0.0,0.33333334,1,1.0,0.5,0,0.31111112
0.55813956,0.7,0.5,0.5,1,0.5,0.4,0.0,1,0.125,0.5,0.5,0,1.0,0.5,0,1.0,0.5,1,0.33333334
0.53488374,0.875,0.5,1.0,1,0.6666667,0.72,1.0,1,0.125,0.5,1.0,0,0.0,0.5,0,0.5,0.0,1,0.42222223
0.53488374,0.5,0.5,1.0,1,0.5,0.92,1.0,1,0.0,0.0,1.0,1,1.0,0.0,0,0.5,0.5,0,0.33333334
0.44186047,0.325,0.5,0.5,1,0.5,0.82,0.0,1,0.125,0.5,1.0,1,0.0,0.33333334,0,1.0,0.5,1,0.24444444
0.3255814,0.75,1.0,0.5,1,0.6666667,0.94,0.5,1,0.125,0.0,1.0,0,-1.0,0.5,0,0.5,0.0,0,0.31111112
0.44186047,0.225,0.5,1.0,0,0.33333334,0.26,0.0,1,0.0,0.0,0.5,1,-1.0,0.5,0,1.0,0.0,1,0.2
0.3488372,0.4,0.0,1.0,1,0.6666667,0.12,0.5,0,0.125,0.0,0.5,1,1.0,0.16666667,0,0.0,0.0,1,0.15555556
0.5813953,0.875,0.0,1.0,0,0.5,0.54,0.5,1,0.0,0.5,0.5,1,0.0,0.5,0,0.0,0.5,0,0.33333334
0.41860464,0.725,1.0,0.5,1,0.5,0.04,0.5,1,0.25,0.5,0.5,1,-1.0,0.6666667,0,0.0,0.5,1,0.2888889
0.3255814,0.4,0.5,0.5,1,0.33333334,0.68,0.0,1,0.0,0.5,1.0,1,0.0,0.5,0,0.5,0.0,0,0.22222222
0.39534885,0.225,1.0,1.0,0,0.5,0.24,0.0,1,0.375,0.5,0.5,1,1.0,0.5,0,0.0,0.5,1,0.22222222
0.4883721,0.35,1.0,1.0,1,0.33333334,0.46,0.0,1,0.375,1.0,1.0,1,1.0,0.6666667,0,1.0,0.5,0,0.35555556
0.37209302,0.275,1.0,0.5,1,0.8333333,0.66,0.0,1,0.25,0.5,0.5,1,0.0,0.8333333,0,0.0,0.0,1,0.24444444
0.3255814,0.175,0.5,0.5,0,0.0,0.48,0.5,1,0.0,0.0,0.5,1,-1.0,0.5,0,0.5,0.5,1,0.13333334
0.4651163,0.75,0.0,0.5,1,0.6666667,0.24,0.0,1,0.25,0.5,1.0,1,-1.0,0.8333333,1,0.0,0.0,1,0.26666668
0.4651163,0.25,0.0,1.0,1,0.0,0.88,0.5,1,0.0,0.0,1.0,0,0.0,0.33333334,0,0.5,1.0,1,0.22222222
0.37209302,0.45,0.5,1.0,0,0.6666667,0.76,0.5,1,0.0,0.0,0.5,1,-1.0,0.5,0,0.0,0.0,0,0.22222222
0.37209302,0.375,0.5,1.0,1,0.33333334,0.6,0.5,0,0.125,0.0,0.5,0,1.0,0.8333333,0,0.0,0.5,1,0.22222222
0.4651163,0.975,0.5,0.5,0,0.6666667,0.7,1.0,1,0.5,0.5,0.5,1,1.0,0.6666667,0,0.0,0.5,1,0.4
0.23255815,0.4,0.5,0.5,1,0.5,0.42,0.5,0,0.125,0.5,0.0,1,0.0,0.33333334,0,0.5,0.0,1,0.15555556
0.25581396,0.075,0.5,1.0,1,0.16666667,0.38,0.0,1,0.0,0.5,1.0,1,-1.0,0.33333334,0,0.5,0.5,0,0.11111111
0.3488372,0.1,0.0,0.5,1,0.8333333,0.16,0.0,1,0.125,0.5,0.5,1,1.0,0.5,0,0.5,0.5,0,0.13333334
0.41860464,0.6,0.0,0.5,1,0.6666667,0.8,1.0,1,0.25,0.0,0.5,0,0.0,0.5,0,1.0,1.0,1,0.26666668
0.4883721,0.6,1.0,0.5,0,0.6666667,0.38,0.5,0,0.375,0.5,1.0,0,0.0,0.6666667,0,0.5,0.0,1,0.33333334
0.6511628,0.425,0.0,1.0,0,0.33333334,0.7,0.5,1,0.125,0.5,0.5,1,1.0,0.16666667,0,0.5,0.0,1,0.31111112
0.55813956,0.425,0.5,0.0,1,0.6666667,0.3,1.0,0,0.0,0.5,0.5,1,1.0,0.8333333,0,0.5,1.0,0,0.24444444
0.41860464,0.05,0.5,0.5,0,0.16666667,0.8,0.0,1,0.25,0.0,1.0,1,1.0,0.5,0,0.5,0.5,1,0.2
0.44186047,0.525,1.0,0.5,1,0.0,0.1,0.5,1,0.125,1.0,0.5,0,1.0,0.33333334,0,1.0,0.5,1,0.2888889
0.30232558,0.5,1.0,0.5,1,0.16666667,0.62,0.5,1,0.125,0.0,0.5,1,1.0,0.6666667,0,1.0,1.0,0,0.26666668
0.44186047,0.15,0.5,0.5,0,0.33333334,0.8,1.0,1,0.0,0.5,0.5,1,0.0,0.16666667,0,0.5,0.0,0,0.2
0.39534885,0.1,0.5,0.5,1,0.33333334,0.66,1.0,1,0.25,0.0,0.5,1,1.0,0.33333334,0,0.5,0.0,1,0.22222222
0.4883721,0.125,0.0,1.0,1,0.33333334,0.7,0.5,1,0.25,1.0,0.5,1,1.0,0.5,1,1.0,0.0,0,0.24444444
0.3255814,0.1,0.5,0.5,1,0.33333334,0.52,1.0,1,0.25,0.5,0.5,0,1.0,0.6666667,1,0.0,0.0,0,0.17777778
0.5116279,0.6,1.0,0.5,1,0.33333334,0.56,0.0,1,0.25,0.0,0.0,1,-1.0,0.33333334,0,0.0,0.5,0,0.2888889
0.6511628,0.2,0.5,1.0,1,0.0,0.06,0.5,1,0.125,0.5,0.5,0,-1.0,0.6666667,0,0.0,1.0,1,0.24444444
0.41860464,0.25,0.5,0.5,0,0.5,0.26,0.0,0,0.375,0.0,0.0,1,0.0,0.8333333,0,0.0,0.0,1,0.17777778
0.4883721,0.175,0.0,0.5,0,0.5,0.72,0.0,1,0.125,0.0,0.5,1,1.0,0.5,0,0.0,0.5,0,0.17777778
0.53488374,0.95,1.0,0.5,1,0.33333334,0.94,0.5,1,0.125,0.5,0.5,1,1.0,0.6666667,0,0.5,1.0,1,0.42222223
0.39534885,0.85,0.5,1.0,1,0.8333333,0.54,0.0,1,0.125,0.5,1.0,1,1.0,0.33333334,0,0.5,0.5,1,0.33333334
0.4651163,0.225,1.0,1.0,1,0.5,0.72,0.5,1,0.25,0.0,0.5,0,0.0,0.5,0,0.0,0.0,1,0.2888889
0.44186047,0.325,0.5,0.5,1,0.5,0.68,0.5,1,0.0,0.5,0.5,1,0.0,0.6666667,0,1.0,0.5,0,0.24444444
0.4651163,0.2,0.5,0.0,0,0.6666667,1.0,0.0,1,0.0,0.5,0.5,1,1.0,0.6666667,0,0.0,1.0,1,0.17777778
0.3255814,0.5,0.0,1.0,0,0.16666667,0.8,0.5,1,0.5,0.0,0.5,1,1.0,0.5,0,0.5,1.0,0,0.26666668
0.44186047,0.025,0.5,0.5,0,0.5,0.62,0.5,1,0.125,0.5,0.0,1,0.0,0.5,0,0.0,0.5,1,0.15555556
0.5116279,0.675,1.0,1.0,0,0.6666667,0.12,0.5,1,0.125,0.5,1.0,1,1.0,0.5,0,1.0,0.5,1,0.35555556
0.6511628,0.525,1.0,0.5,0,0.5,0.36,0.5,1,0.25,0.5,0.5,1,0.0,0.6666667,0,1.0,0.0,1,0.37777779
0.5813953,0.9,0.5,0.5,1,0.16666667,0.26,0.5,0,0.125,1.0,0.5,0,1.0,0.33333334,0,1.0,0.0,1,0.37777779
0.74418604,0.175,0.5,0.5,1,0.33333334,0.86,1.0,1,0.0,0.0,1.0,1,0.0,0.5,0,0.0,1.0,0,0.2888889
0.3255814,0.8,0.5,0.0,1,0.5,0.44,0.0,1,0.125,0.5,0.5,1,-1.0,0.8333333,0,0.0,0.0,0,0.24444444
0.55813956,0.8,0.5,0.5,0,0.0,0.54,0.5,1,0.0,0.0,0.5,1,1.0,0.5,0,0.0,0.0,1,0.33333334
0.4651163,0.125,0.5,0.0,1,0.16666667,0.96,1.0,0,0.25,0.0,0.5,0,1.0,0.6666667,0,1.0,0.0,1,0.24444444
0.74418604,0.4,0.5,0.5,1,1.0,0.84,0.0,1,0.125,1.0,0.5,0,1.0,0.5,0,1.0,0.0,0,0.37777779
0.3255814,0.175,1.0,0.5,1,0.6666667,0.78,0.0,1,0.0,1.0,1.0,1,0.0,0.6666667,0,0.0,0.5,0,0.2
0.3255814,0.25,1.0,0.5,0,0.8333333,0.14,0.5,1,0.125,0.5,0.5,0,-1.0,0.5,0,0.0,0.0,0,0.17777778
0.3488372,0.275,0.5,0.5,0,0.6666667,0.02,0.5,1,0.0,0.0,0.5,1,-1.0,0.33333334,0,1.0,1.0,0,0.13333334
0.13953489,0.55,1.0,1.0,1,0.6666667,0.12,0.5,1,0.0,0.0,0.5,0,-1.0,0.33333334,0,0.0,1.0,1,0.15555556
0.37209302,0.4,0.5,1.0,0,0.5,0.74,1.0,1,0.125,0.5,1.0,1,1.0,0.6666667,0,0.0,0.0,0,0.2888889
0.3255814,0.95,0.0,0.5,1,0.6666667,0.42,0.0,1,0.125,0.5,0.5,1,1.0,0.5,0,0.0,0.0,1,0.2888889
0.4651163,0.125,0.0,0.5,0,0.8333333,0.12,1.0,1,0.125,0.5,0.5,1,1.0,0.8333333,0,0.0,0.5,1,0.17777778
0.4883721,0.975,0.5,0.0,1,0.6666667,0.74,0.0,1,0.125,0.5,0.5,0,0.0,0.6666667,0,0.0,0.5,0,0.33333334
0.6976744,0.225,1.0,0.0,1,0.5,0.2,0.5,1,0.125,0.0,0.5,1,0.0,0.5,0,1.0,0.0,0,0.2888889
0.5813953,0.775,1.0,0.5,1,0.5,0.58,0.5,1,0.125,0.0,0.5,0,0.0,0.8333333,0,0.0,0.0,0,0.37777779
0.37209302,0.35,0.5,0.5,1,0.6666667,0.74,0.5,1,0.5,0.0,0.0,1,1.0,0.5,0,0.5,0.0,1,0.26666668
0.3255814,0.15,0.0,1.0,0,0.33333334,0.6,0.5,0,0.125,0.0,0.5,0,0.0,0.16666667,0,0.5,0.0,1,0.13333334
0.5116279,0.85,0.0,0.5,0,0.6666667,1.0,0.5,0,0.0,0.0,0.5,1,0.0,0.5,0,1.0,0.0,1,0.31111112
0.25581396,0.3,0.5,0.0,1,0.33333334,0.44,1.0,1,0.25,0.0,1.0,0,-1.0,0.33333334,0,0.0,0.5,0,0.13333334
0.6976744,0.65,1.0,1.0,1,0.33333334,0.32,0.5,1,0.375,0.5,0.5,1,1.0,0.5,0,0.5,0.5,1,0.44444445
0.60465115,0.575,1.0,0.0,0,0.16666667,0.2,0.5,1,0.0,1.0,0.0,1,0.0,0.33333334,0,0.5,0.5,0,0.2888889
0.37209302,0.475,0.5,0.0,1,0.33333334,0.5,0.0,1,0.125,0.5,1.0,1,0.0,0.6666667,0,0.0,0.0,1,0.22222222
0.20930232,0.5,1.0,0.5,1,0.33333334,0.86,1.0,1,0.5,0.5,0.5,1,-1.0,0.5,0,0.5,0.5,0,0.26666668
0.627907,0.725,0.5,1.0,1,1.0,0.94,1.0,1,0.375,0.5,0.0,1,-1.0,1.0,0,0.0,0.0,0,0.44444445
0.41860464,0.1,0.0,0.5,0,0.33333334,0.98,0.5,1,0.125,0.5,0.5,1,1.0,0.5,0,0.5,0.0,1,0.2
0.60465115,0.675,0.5,0.5,0,0.6666667,0.54,0.5,1,0.125,0.0,1.0,1,0.0,0.6666667,0,0.0,0.5,1,0.33333334
0.20930232,0.9,1.0,1.0,0,0.33333334,0.6,0.5,0,0.0,0.5,0.5,1,0.0,0.6666667,0,0.0,0.5,0,0.26666668
0.3488372,0.05,0.5,0.5,1,0.5,0.58,0.0,1,0.25,0.5,0.5,1,0.0,0.5,0,0.0,0.0,1,0.17777778
0.44186047,0.15,1.0,1.0,0,0.5,0.46,0.5,1,0.125,0.5,0.5,1,-1.0,0.6666667,0,0.5,0.0,0,0.22222222
0.44186047,0.725,0.5,0.5,1,0.0,0.16,0.5,1,0.125,0.5,0.5,1,1.0,0.5,0,0.0,1.0,0,0.26666668
0.37209302,0.425,0.0,1.0,1,0.16666667,0.06,0.5,1,0.25,1.0,0.5,1,0.0,0.5,0,0.5,0.0,1,0.6888889
0.53488374,0.4,0.0,1.0,0,0.33333334,0.44,1.0,1,0.375,0.5,1.0,1,0.0,0.5,1,0.0,0.5,0,0.26666668
0.30232558,0.125,1.0,0.5,0,0.16666667,0.18,0.0,1,0.125,1.0,0.5,1,1.0,0.6666667,0,1.0,1.0,1,0.17777778
0.41860464,0.5,0.5,0.5,0,0.5,0.88,0.5,1,0.0,0.5,0.0,1,0.0,0.5,0,0.5,0.5,0,0.24444444
0.4651163,0.125,1.0,1.0,0,0.5,0.76,0.0,1,0.25,0.0,0.5,0,0.0,0.16666667,0,0.0,0.0,1,0.22222222
0.5116279,0.475,0.5,0.5,0,0.16666667,0.62,0.5,1,0.125,0.5,0.5,0,0.0,0.5,0,0.0,0.0,0,0.26666668
0.53488374,0.775,0.5,0.5,0,0.5,0.04,0.0,1,0.0,1.0,1.0,1,0.0,0.6666667,0,0.5,0.0,1,0.31111112
0.27906978,0.25,1.0,1.0,0,0.33333334,0.62,0.5,1,0.25,0.5,0.0,1,1.0,0.33333334,0,1.0,0.0,1,0.24444444
0.23255815,0.475,0.5,0.5,1,0.5,0.62,0.5,1,0.125,1.0,0.5,1,0.0,0.33333334,0,0.0,0.5,1,0.2
0.627907,1.0,1.0,0.0,1,0.33333334,0.44,0.5,1,0.125,0.0,0.5,1,-1.0,0.33333334,0,1.0,0.0,0,0.4
0.4883721,0.675,0.0,0.5,0,0.6666667,0.66,0.0,1,0.125,0.0,0.5,1,0.0,0.16666667,0,0.5,1.0,1,0.24444444
0.3488372,0.85,0.5,0.5,0,0.8333333,0.86,0.0,1,0.125,0.0,0.5,1,-1.0,0.6666667,0,1.0,0.0,0,0.2888889
0.6511628,0.425,1.0,0.0,1,0.6666667,0.76,0.0,1,0.0,0.5,1.0,1,1.0,0.6666667,0,0.5,0.5,1,0.33333334
0.4651163,0.775,1.0,0.5,0,0.8333333,0.48,0.5,1,0.25,0.0,0.0,0,-1.0,0.33333334,0,0.0,0.0,0,0.31111112
0.60465115,0.05,0.5,1.0,1,0.16666667,0.26,0.0,1,0.5,1.0,0.5,1,-1.0,0.6666667,0,0.0,0.0,0,0.26666668
0.44186047,0.125,0.5,0.0,0,0.33333334,0.48,0.0,1,0.0,0.5,0.5,0,1.0,0.5,0,0.5,0.5,1,0.15555556
0.7209302,0.2,0.5,0.0,0,0.6666667,0.94,1.0,1,0.125,0.0,0.5,1,1.0,0.33333334,0,0.0,0.0,1,0.2888889
0.6976744,0.4,0.5,1.0,1,0.8333333,0.82,0.5,1,0.125,0.0,0.5,0,0.0,0.6666667,0,1.0,0.0,1,0.37777779
0.41860464,0.85,0.0,0.5,0,0.6666667,0.02,0.5,1,0.375,0.5,0.0,0,1.0,0.8333333,0,1.0,0.0,1,0.31111112
0.5813953,0.35,0.0,0.0,0,0.16666667,0.78,0.0,1,0.375,1.0,1.0,0,-1.0,0.33333334,0,0.0,0.0,1,0.24444444
0.53488374,0.65,1.0,1.0,0,0.33333334,0.18,0.5,1,0.125,0.0,0.5,1,1.0,0.5,0,0.0,0.5,0,0.33333334
0.627907,0.7,1.0,0.5,0,0.6666667,0.58,0.5,1,0.0,0.5,0.5,1,1.0,0.5,0,0.0,1.0,1,0.35555556
0.30232558,0.575,0.5,0.5,1,0.5,0.8,0.5,1,0.0,0.0,0.0,1,-1.0,0.5,0,0.5,0.0,0,0.22222222
0.53488374,0.35,1.0,0.5,1,0.33333334,0.56,0.5,1,0.375,0.0,1.0,1,1.0,0.5,0,0.5,0.0,0,0.33333334
0.5813953,0.575,0.0,0.0,0,0.5,0.4,1.0,0,0.25,0.5,1.0,1,-1.0,0.6666667,1,0.0,0.5,1,0.22222222
0.18604651,0.35,0.5,1.0,0,0.5,0.32,0.0,1,0.125,1.0,1.0,0,0.0,0.5,0,0.0,1.0,0,0.15555556
0.27906978,0.075,1.0,0.5,1,0.16666667,0.3,0.5,1,0.25,1.0,0.5,0,0.0,0.33333334,0,0.0,1.0,1,0.15555556
0.1627907,1.0,1.0,0.5,1,0.6666667,0.84,0.5,1,0.125,0.5,1.0,1,0.0,0.5,0,1.0,0.5,0,0.33333334
0.39534885,0.125,0.5,1.0,1,0.33333334,0.82,0.5,0,0.625,0.0,0.5,0,0.0,0.5,0,0.5,0.0,1,0.24444444
0.53488374,0.075,1.0,0.0,1,0.5,0.82,0.0,1,0.5,0.0,0.5,0,1.0,0.6666667,0,0.0,0.0,0,0.26666668
0.6511628,0.875,0.5,0.0,0,0.8333333,0.28,0.5,1,0.125,0.5,1.0,1,1.0,0.5,0,0.0,0.0,0,0.37777779
0.44186047,0.3,1.0,0.0,1,0.5,0.8,0.0,1,0.0,0.0,1.0,0,-1.0,0.5,0,1.0,0.0,0,0.24444444
0.6744186,0.65,0.5,0.0,1,0.6666667,0.04,0.5,1,0.25,0.5,0.5,1,-1.0,0.33333334,1,0.5,0.5,0,0.2888889
0.25581396,0.325,1.0,0.5,0,0.16666667,0.2,0.5,1,0.125,0.0,0.5,1,-1.0,0.6666667,0,0.0,0.5,1,0.15555556
0.20930232,0.4,0.0,0.5,1,0.6666667,0.52,0.5,1,0.25,1.0,1.0,0,1.0,0.5,1,1.0,0.5,1,0.2
0.44186047,0.25,0.5,0.5,0,0.6666667,0.4,0.5,1,0.0,0.0,0.5,1,0.0,0.8333333,0,1.0,0.0,0,0.22222222
0.4883721,0.35,0.5,0.0,1,0.33333334,0.12,0.0,1,0.5,0.5,1.0,1,-1.0,0.5,0,1.0,0.5,1,0.24444444
0.44186047,0.4,0.5,0.0,0,0.5,0.04,0.5,1,0.25,0.0,1.0,0,0.0,0.5,0,0.0,0.0,0,0.2
0.1627907,0.725,0.5,1.0,1,0.5,0.62,0.0,1,0.5,0.0,0.5,1,0.0,0.5,0,0.5,0.0,1,0.26666668
0.41860464,0.5,1.0,0.5,1,0.5,0.32,0.0,1,0.5,0.5,0.5,1,-1.0,0.6666667,0,0.5,0.0,0,0.31111112
0.25581396,0.95,1.0,0.5,1,0.6666667,0.02,0.5,1,0.0,0.5,0.0,1,1.0,0.8333333,0,1.0,0.5,1,0.2888889
0.53488374,0.05,0.5,0.5,0,0.33333334,0.44,1.0,1,0.25,0.0,0.0,1,0.0,0.6666667,0,0.0,0.0,1,0.2
0.4883721,0.5,1.0,0.5,1,0.5,0.3,0.5,1,0.25,1.0,0.5,0,0.0,0.33333334,0,0.0,0.5,0,0.2888889
0.30232558,0.575,0.0,0.0,1,0.8333333,0.58,0.5,1,0.125,0.5,0.0,1,1.0,0.5,0,0.0,0.0,1,0.2
0.37209302,0.925,0.5,1.0,0,0.8333333,0.92,1.0,1,0.0,1.0,0.5,1,-1.0,0.16666667,0,1.0,0.0,1,0.35555556
0.30232558,0.05,1.0,1.0,1,0.6666667,0.3,0.0,1,0.375,0.0,0.5,1,-1.0,0.33333334,0,0.0,1.0,1,0.13333334
0.44186047,0.575,0.0,0.5,0,0.5,1.0,0.5,1,0.5,0.0,0.5,1,-1.0,0.5,0,0.5,0.0,1,0.2888889
0.5813953,0.85,1.0,0.5,1,1.0,0.08,0.0,1,0.25,1.0,0.5,1,0.0,0.8333333,0,0.0,0.0,1,0.4
0.30232558,0.25,1.0,0.5,1,0.8333333,0.08,0.5,0,0.375,0.5,0.5,1,1.0,0.16666667,0,0.5,0.0,1,0.2
0.5116279,0.875,0.5,0.5,1,0.5,0.72,0.5,1,0.375,0.0,0.5,1,1.0,0.6666667,1,1.0,1.0,1,0.37777779
0.37209302,0.025,0.5,0.5,1,0.5,0.74,1.0,1,0.625,0.5,0.5,1,0.0,0.5,0,0.0,0.0,1,0.22222222
0.3255814,0.725,0.5,0.5,1,0.33333334,0.42,0.5,1,0.125,0.5,1.0,1,1.0,0.6666667,0,0.0,0.0,0,0.2888889
0.41860464,0.925,1.0,0.0,1,0.6666667,0.28,0.5,1,0.25,0.0,1.0,1,1.0,0.5,0,0.0,0.0,1,0.35555556
0.30232558,0.65,0.5,0.0,1,0.6666667,0.8,0.5,0,0.375,0.5,0.5,1,-1.0,0.5,1,1.0,0.0,1,0.22222222
0.37209302,0.45,0.5,0.5,0,0.6666667,0.96,0.0,1,0.25,0.5,0.5,0,1.0,0.33333334,0,0.0,0.0,1,0.24444444
0.27906978,0.05,0.0,1.0,0,0.5,0.98,0.5,1,0.5,0.5,0.0,1,1.0,0.16666667,0,1.0,0.5,0,0.17777778
0.7209302,0.925,0.5,1.0,0,0.16666667,0.64,0.5,1,0.125,0.5,0.5,1,0.0,0.5,0,0.0,0.5,1,0.42222223
0.44186047,0.475,1.0,0.0,1,0.5,0.74,0.0,0,0.25,0.5,1.0,0,0.0,0.6666667,1,0.0,0.0,0,0.24444444
0.3488372,0.025,0.5,0.0,0,0.6666667,0.82,1.0,1,0.25,0.5,1.0,1,0.0,0.5,0,0.5,0.5,1,0.17777778
0.4651163,0.7,1.0,0.5,1,0.33333334,0.8,1.0,1,0.25,1.0,0.5,0,0.0,0.6666667,0,0.0,0.5,1,0.37777779
0.41860464,0.475,0.5,1.0,0,0.5,1.0,0.0,1,0.125,1.0,1.0,1,1.0,0.33333334,0,0.5,1.0,0,0.31111112
0.41860464,0.125,0.5,1.0,1,0.8333333,0.82,0.5,1,0.125,0.5,1.0,1,1.0,0.6666667,0,0.5,0.0,1,0.26666668
0.53488374,0.225,0.0,1.0,0,0.16666667,0.66,0.0,1,0.375,0.0,0.5,0,0.0,0.5,0,0.0,0.0,1,0.24444444
0.55813956,0.075,1.0,0.5,0,0.5,0.38,0.5,1,0.0,0.0,1.0,0,-1.0,0.8333333,0,0.0,0.5,0,0.2
0.37209302,0.575,0.0,0.5,0,0.8333333,0.6,0.5,1,0.5,0.5,1.0,1,-1.0,0.33333334,0,0.5,0.0,0,0.26666668
0.37209302,0.625,0.5,0.0,0,0.5,0.88,1.0,1,0.5,0.0,0.5,1,1.0,0.5,0,0.5,0.0,0,0.31111112
0.39534885,0.5,0.5,0.0,1,0.33333334,0.3,0.5,1,0.25,0.0,1.0,1,-1.0,0.33333334,0,0.5,0.0,0,0.22222222
0.11627907,0.825,0.5,0.5,0,0.5,0.04,1.0,1,0.0,0.5,0.5,1,0.0,0.33333334,0,0.5,0.0,0,0.2
0.23255815,0.85,0.5,0.0,1,0.6666667,0.32,1.0,0,0.125,1.0,0.0,1,0.0,0.6666667,0,0.0,0.0,0,0.22222222
0.627907,0.625,0.5,1.0,1,0.5,0.96,0.5,1,0.25,0.0,1.0,0,1.0,0.16666667,1,0.0,0.0,1,0.37777779
0.6744186,0.025,0.0,1.0,1,0.6666667,0.8,0.5,1,0.25,0.0,1.0,1,-1.0,0.33333334,0,0.0,0.5,0,0.24444444
0.41860464,0.7,0.5,0.0,0,0.5,0.18,0.5,1,0.25,0.0,0.5,1,0.0,0.5,0,0.5,0.0,0,0.24444444
0.5116279,0.425,1.0,1.0,1,0.5,0.02,0.5,1,0.125,0.0,0.0,0,1.0,0.5,0,0.5,0.5,1,0.26666668
0.4883721,0.575,0.5,0.5,1,0.6666667,0.66,1.0,1,0.125,1.0,0.5,0,-1.0,0.5,1,1.0,0.5,1,0.31111112
0.8604651,0.65,0.0,1.0,1,0.5,0.58,0.0,1,0.375,0.0,0.5,1,-1.0,0.5,0,0.0,0.0,1,0.4
0.60465115,0.35,0.5,1.0,0,0.33333334,0.08,0.5,1,0.375,0.5,0.5,1,0.0,0.5,0,0.5,0.0,0,0.31111112
0.41860464,0.925,0.5,0.0,0,0.6666667,0.96,0.5,1,0.125,0.0,0.5,0,0.0,0.6666667,1,0.0,0.0,1,0.2888889
0.30232558,0.125,0.0,0.5,1,0.5,0.62,0.5,1,0.125,0.0,0.5,1,1.0,0.5,0,0.0,0.5,0,0.13333334
0.20930232,0.675,0.5,0.0,1,0.33333334,0.66,0.5,0,0.0,0.0,0.5,1,1.0,0.6666667,0,0.0,0.0,1,0.17777778
0.4651163,0.0,0.5,1.0,1,0.6666667,0.86,0.0,1,0.0,0.0,0.5,1,1.0,0.33333334,0,0.0,1.0,0,0.17777778
0.3255814,0.925,0.0,0.5,1,0.8333333,0.34,0.5,1,0.125,0.0,1.0,1,0.0,0.33333334,0,0.5,0.0,1,0.2888889
0.23255815,0.125,0.5,1.0,0,0.5,0.56,0.5,1,0.25,0.0,0.5,1,0.0,0.5,0,1.0,0.0,0,0.17777778
0.3488372,0.1,1.0,0.5,1,0.5,0.58,0.5,1,0.375,0.5,0.5,0,1.0,0.6666667,1,1.0,0.0,0,0.24444444
0.30232558,0.325,1.0,0.5,1,0.16666667,0.96,0.5,1,0.25,0.0,0.5,1,-1.0,0.6666667,0,0.0,0.5,0,0.22222222
0.6744186,0.375,1.0,1.0,0,0.5,0.14,1.0,1,0.0,0.0,0.5,1,0.0,0.16666667,1,0.5,0.0,0,0.2888889
0.55813956,0.225,0.5,0.5,1,0.5,0.76,1.0,1,0.0,0.0,0.5,1,-1.0,0.6666667,0,0.5,0.0,0,0.24444444
0.44186047,0.575,0.0,0.0,0,0.5,0.58,0.0,0,0.25,0.5,0.5,1,1.0,0.8333333,0,1.0,0.5,1,0.24444444
0.6511628,0.45,1.0,0.5,0,0.33333334,0.84,0.5,1,0.25,0.0,0.5,0,-1.0,0.6666667,0,0.0,0.0,1,0.33333334
0.44186047,0.025,0.0,0.0,1,0.6666667,0.84,0.5,1,0.0,0.5,0.5,1,-1.0,0.33333334,0,0.0,0.0,0,0.13333334
0.3255814,0.325,0.5,0.0,1,0.5,0.02,0.5,1,0.25,0.0,1.0,0,-1.0,0.5,0,0.0,0.5,1,0.13333334
0.6511628,0.8,0.5,0.5,1,1.0,0.26,1.0,1,0.125,0.0,1.0,0,-1.0,0.6666667,0,0.0,0.5,1,0.35555556
0.5116279,0.7,0.0,0.5,1,0.5,0.18,0.5,1,0.125,0.5,0.5,1,-1.0,0.33333334,0,0.0,0.0,1,0.26666668
0.30232558,0.725,1.0,1.0,1,0.0,0.46,0.5,1,0.25,0.5,1.0,1,-1.0,0.5,0,0.5,0.0,1,0.33333334
0.41860464,0.7,1.0,0.5,0,0.16666667,0.9,0.5,1,0.25,0.0,0.5,0,-1.0,0.6666667,0,0.5,0.5,1,0.31111112
0.3255814,0.3,1.0,1.0,0,0.6666667,0.0,0.5,1,0.25,0.5,0.5,1,0.0,0.6666667,0,0.0,0.0,0,0.22222222
0.25581396,0.1,1.0,0.0,1,0.33333334,0.48,1.0,1,0.0,0.5,0.5,1,1.0,0.33333334,0,0.0,0.5,1,0.13333334
0.5813953,0.275,0.5,0.0,0,0.33333334,0.88,0.0,1,0.375,0.0,0.5,1,1.0,0.6666667,0,1.0,0.0,1,0.2888889
0.6976744,0.825,1.0,0.0,1,0.16666667,0.92,0.5,1,0.25,0.0,0.5,1,1.0,0.33333334,0,0.0,0.0,1,0.42222223
0.25581396,0.975,0.5,0.5,0,0.33333334,0.66,0.0,1,0.125,0.5,0.5,1,-1.0,0.5,0,0.0,0.0,0,0.26666668
0.5116279,0.5,0.5,0.5,1,0.5,0.82,0.0,1,0.625,1.0,0.5,1,-1.0,0.16666667,0,0.0,0.0,0,0.33333334
0.3488372,0.0,0.0,0.5,1,0.6666667,0.32,0.0,1,0.125,1.0,1.0,0,0.0,0.33333334,1,0.0,0.5,0,0.08888889
0.37209302,0.15,1.0,1.0,0,0.16666667,0.28,0.0,1,0.0,0.5,1.0,0,0.0,0.33333334,0,0.5,0.0,1,0.2
0.3488372,0.325,1.0,0.5,1,0.6666667,0.04,0.5,1,0.25,0.5,1.0,1,1.0,0.6666667,0,0.5,0.0,0,0.24444444
0.3255814,0.575,0.0,0.0,1,0.16666667,0.5,0.5,1,0.125,0.5,0.5,1,0.0,0.5,0,0.0,1.0,0,0.17777778
0.44186047,0.075,0.0,0.0,1,0.6666667,0.46,0.0,1,0.0,1.0,0.5,1,0.0,0.5,0,0.5,0.0,0,0.13333334
0.3255814,0.95,0.0,1.0,1,0.6666667,0.38,0.0,1,0.25,0.0,0.5,1,0.0,0.6666667,0,0.0,0.5,0,0.2888889
0.4883721,0.375,0.5,0.5,0,0.33333334,0.12,0.0,1,0.375,0.5,0.5,0,1.0,0.5,0,0.0,1.0,1,0.22222222
0.44186047,0.925,0.5,1.0,0,0.16666667,0.24,0.5,1,0.125,0.5,0.5,0,0.0,0.6666667,0,0.0,1.0,1,0.31111112
0.41860464,0.775,1.0,0.0,1,0.6666667,0.2,0.5,1,0.25,0.0,0.5,0,0.0,0.6666667,0,0.0,0.5,1,0.2888889
0.3255814,0.75,0.5,0.0,1,0.33333334,0.94,0.0,1,0.25,1.0,1.0,1,1.0,0.33333334,0,0.0,0.0,1,0.31111112
0.37209302,0.6,0.5,0.0,1,0.5,0.96,1.0,1,0.125,0.0,1.0,1,0.0,0.33333334,0,0.5,1.0,0,0.26666668
0.55813956,0.625,1.0,1.0,0,0.6666667,0.0,1.0,1,0.125,1.0,0.5,1,0.0,0.16666667,0,0.5,0.5,0,0.33333334
0.5116279,0.65,0.5,0.5,1,0.6666667,0.18,0.0,1,0.125,0.0,0.5,1,0.0,0.5,0,1.0,0.5,0,0.2888889
0.30232558,0.625,0.5,0.5,0,0.33333334,0.88,0.0,1,0.0,1.0,0.5,1,1.0,0.6666667,0,0.5,0.0,1,0.26666668
0.4651163,0.55,1.0,0.5,0,0.5,0.04,0.5,1,0.5,0.0,0.5,1,0.0,0.5,0,0.0,1.0,1,0.26666668
0.55813956,0.975,1.0,0.5,1,0.33333334,0.94,1.0,1,0.0,0.5,0.5,1,1.0,0.5,0,0.5,0.5,1,0.44444445
0.20930232,0.725,0.0,0.0,1,0.6666667,0.38,0.0,1,0.375,0.0,0.5,1,-1.0,0.6666667,0,0.5,0.5,1,0.17777778
0.5116279,0.775,0.0,0.5,0,0.8333333,0.54,1.0,1,0.125,0.0,0.5,1,1.0,0.8333333,0,0.0,0.0,1,0.33333334
0.3488372,0.875,0.5,0.0,1,0.33333334,0.76,0.0,1,0.25,1.0,1.0,1,1.0,0.6666667,0,0.0,0.0,0,0.33333334
0.5116279,0.225,0.5,1.0,1,0.5,0.24,0.5,1,0.125,0.5,0.5,1,0.0,0.6666667,1,0.0,1.0,1,0.2
0.3255814,0.075,0.5,0.0,0,0.6666667,0.1,0.0,1,0.0,0.5,0.0,1,0.0,0.5,0,0.5,0.0,0,0.08888889
0.18604651,0.475,0.5,0.0,0,0.5,0.8,1.0,1,0.125,1.0,0.0,1,0.0,0.5,0,0.0,0.0,1,0.17777778
0.20930232,0.525,1.0,0.5,1,0.6666667,0.98,0.5,0,0.25,0.5,0.5,1,1.0,0.6666667,0,1.0,0.5,0,0.26666668
0.44186047,0.825,0.0,1.0,1,0.5,0.66,0.5,1,0.0,0.5,0.5,0,-1.0,0.33333334,1,0.0,0.0,1,0.2888889
0.4883721,0.45,0.5,0.5,1,0.16666667,0.82,0.0,1,0.0,0.5,1.0,0,-1.0,0.5,0,1.0,0.0,1,0.2888889
0.3255814,0.575,0.5,0.5,0,0.5,0.94,0.5,1,0.25,0.0,1.0,0,0.0,0.33333334,0,0.0,0.0,0,0.93333334
0.53488374,0.525,0.5,0.0,0,0.8333333,0.22,0.5,1,0.125,0.0,0.0,1,1.0,0.6666667,0,0.5,0.0,0,0.24444444
0.20930232,0.05,0.5,0.0,0,0.5,0.36,1.0,1,0.375,0.5,0.5,1,0.0,0.5,0,1.0,0.0,1,0.13333334
0.44186047,0.625,1.0,0.5,0,0.8333333,0.22,1.0,1,0.25,1.0,0.5,1,1.0,0.5,0,0.5,0.0,1,0.33333334
0.27906978,0.825,0.0,0.0,1,0.0,0.06,1.0,1,0.125,0.5,0.0,1,1.0,0.16666667,0,1.0,0.0,1,0.22222222
0.3488372,0.15,0.0,0.5,1,0.6666667,0.74,1.0,1,0.375,0.5,0.5,1,1.0,0.33333334,0,0.0,0.5,0,0.2
0.44186047,0.6,0.5,1.0,1,0.33333334,0.14,1.0,1,0.25,0.5,0.5,1,1.0,0.6666667,0,0.0,1.0,0,0.31111112
0.3255814,0.6,0.5,1.0,0,0.33333334,0.1,0.0,1,0.125,0.5,0.5,0,-1.0,0.33333334,0,0.0,0.0,1,0.2
0.39534885,0.175,0.0,0.0,1,0.8333333,0.36,0.0,1,0.25,0.0,1.0,0,-1.0,0.33333334,0,1.0,0.0,1,0.13333334
0.5813953,0.125,0.0,0.5,0,0.5,0.06,0.0,1,0.375,1.0,0.5,1,1.0,0.33333334,0,0.0,0.0,0,0.2
0.37209302,0.975,0.5,1.0,0,0.33333334,0.18,0.5,1,0.0,0.5,0.5,1,0.0,0.5,0,0.0,0.5,1,0.2888889
0.55813956,0.4,0.5,1.0,0,0.6666667,0.06,1.0,1,0.125,1.0,1.0,1,1.0,0.5,1,0.0,1.0,0,0.26666668
0.27906978,0.225,1.0,0.0,0,0.0,0.88,0.5,1,0.375,0.0,0.0,1,1.0,0.5,1,0.0,0.0,1,0.15555556
0.5116279,0.175,0.5,0.5,1,0.8333333,0.78,0.5,1,0.25,0.0,1.0,1,0.0,0.33333334,0,0.0,0.0,0,0.24444444
0.6511628,0.675,0.5,1.0,1,1.0,0.86,1.0,1,0.125,0.0,0.5,1,0.0,0.6666667,0,0.0,0.5,1,0.37777779
0.093023255,0.6,0.5,0.5,1,0.6666667,0.86,1.0,1,0.5,1.0,1.0,1,1.0,0.5,0,0.5,0.5,1,0.2888889
0.3255814,0.65,0.5,1.0,1,0.6666667,0.94,0.5,1,0.5,1.0,0.5,1,1.0,0.5,0,0.0,0.0,1,0.35555556
0.5116279,0.1,0.5,0.5,1,0.5,0.18,1.0,1,0.375,0.5,0.5,1,1.0,0.33333334,0,0.0,0.5,0,0.22222222
0.41860464,0.9,0.5,0.0,1,0.16666667,0.9,0.0,0,0.25,0.5,0.0,0,0.0,0.5,0,0.0,0.5,0,0.2888889
0.4883721,0.4,0.5,0.0,0,0.8333333,0.52,0.5,1,0.25,0.0,1.0,1,0.0,0.8333333,0,0.0,1.0,0,0.22222222
0.3488372,0.325,1.0,0.0,1,0.6666667,0.16,0.5,1,0.125,0.5,0.5,1,0.0,0.6666667,0,0.0,0.0,0,0.2
0.4651163,0.45,0.5,0.0,0,0.6666667,0.66,0.5,1,0.25,0.5,0.5,1,1.0,0.6666667,1,0.0,1.0,1,0.22222222
0.41860464,0.4,1.0,1.0,1,0.6666667,0.32,0.0,1,0.0,0.0,1.0,0,-1.0,0.6666667,1,0.0,0.0,1,0.22222222
0.60465115,0.875,1.0,0.5,0,0.5,0.04,1.0,1,0.375,0.5,1.0,0,-1.0,0.5,0,0.5,0.5,0,0.4
0.4883721,0.925,0.5,1.0,1,0.33333334,0.08,0.5,1,0.125,0.0,1.0,1,1.0,0.5,0,1.0,0.0,1,0.37777779
0.4883721,0.3,0.0,0.5,1,1.0,0.42,0.5,1,0.125,0.5,0.5,0,-1.0,0.16666667,0,0.5,0.0,1,0.2
0.39534885,0.875,0.5,0.5,1,0.5,0.82,0.0,1,0.0,0.0,0.5,1,1.0,0.6666667,1,1.0,0.5,1,0.31111112
0.37209302,0.775,0.5,0.5,0,0.33333334,0.32,1.0,1,0.125,1.0,0.5,0,1.0,0.5,0,0.0,0.0,1,0.31111112
0.37209302,0.925,0.5,1.0,1,0.8333333,0.76,0.5,0,0.0,0.5,0.5,1,1.0,0.33333334,0,0.0,0.0,1,0.33333334
0.4883721,0.25,0.0,0.5,0,0.5,0.06,0.0,1,0.125,0.0,0.5,1,1.0,0.5,0,0.0,0.0,0,0.62222224
0.37209302,0.575,1.0,0.5,0,0.5,0.4,0.0,1,0.375,0.0,0.5,0,0.0,0.8333333,0,1.0,0.0,0,0.2888889
0.4883721,0.275,0.0,1.0,1,0.8333333,0.12,1.0,1,0.125,0.0,1.0,1,0.0,0.5,1,0.5,0.0,0,0.64444447
0.7209302,0.825,0.5,0.5,1,0.6666667,0.86,1.0,1,0.125,0.5,1.0,1,-1.0,0.5,0,1.0,1.0,0,0.44444445
0.55813956,0.0,0.0,1.0,0,0.6666667,0.96,0.5,1,0.125,0.5,0.5,1,0.0,0.8333333,0,1.0,0.0,0,0.26666668
0.39534885,0.575,0.5,1.0,1,0.16666667,0.32,0.5,1,0.0,1.0,0.5,0,1.0,0.6666667,0,1.0,0.0,1,0.31111112
0.60465115,0.35,1.0,0.5,0,0.6666667,0.98,1.0,0,0.375,0.5,0.5,1,1.0,0.6666667,0,0.0,0.0,1,0.35555556
0.39534885,0.325,0.5,0.0,1,0.16666667,0.76,0.5,1,0.125,0.5,0.5,1,1.0,0.8333333,0,0.5,0.0,0,0.24444444
0.1627907,0.65,0.5,1.0,0,0.33333334,0.0,1.0,1,0.125,0.5,0.5,1,1.0,0.33333334,0,0.5,0.0,1,0.22222222
0.30232558,0.85,1.0,0.5,0,0.5,0.48,0.5,1,0.125,1.0,0.5,0,1.0,0.8333333,0,0.5,0.0,1,0.33333334
0.18604651,0.6,1.0,0.0,0,0.5,0.84,1.0,1,0.125,0.0,1.0,1,-1.0,0.6666667,0,1.0,0.0,1,0.24444444
0.39534885,0.85,1.0,0.5,1,0.6666667,0.54,0.5,1,0.375,0.5,1.0,1,1.0,0.6666667,0,1.0,0.0,1,0.42222223
0.44186047,0.275,1.0,0.5,0,0.6666667,0.54,0.5,1,0.0,1.0,0.5,0,0.0,0.6666667,0,0.0,0.5,1,0.24444444
0.6744186,0.525,0.5,1.0,0,0.6666667,0.44,0.0,1,0.0,0.0,0.5,1,0.0,0.33333334,0,0.0,0.5,1,0.2888889
0.4883721,0.45,0.5,1.0,1,0.16666667,0.4,0.5,1,0.25,0.0,0.5,1,1.0,0.16666667,0,0.5,0.0,1,0.2888889
0.41860464,0.0,0.5,1.0,0,1.0,0.02,0.5,1,0.0,0.5,0.5,1,1.0,0.5,1,0.5,0.0,0,0.15555556
0.55813956,0.55,0.5,1.0,1,0.5,0.62,0.5,1,0.25,0.5,0.5,0,0.0,0.33333334,0,1.0,0.5,1,0.35555556
0.13953489,0.65,0.5,0.0,0,0.8333333,0.76,0.5,1,0.25,0.0,0.5,1,-1.0,0.33333334,0,0.5,0.0,0,0.17777778
0.4651163,0.6,1.0,1.0,0,0.0,0.8,0.5,1,0.25,0.5,0.0,1,0.0,0.5,0,0.0,1.0,1,0.31111112
0.55813956,0.725,0.5,0.5,1,0.5,0.62,1.0,1,0.375,0.5,0.5,1,-1.0,0.0,0,0.5,0.0,1,0.35555556
0.23255815,0.575,1.0,0.0,1,0.16666667,0.34,0.5,1,0.125,0.5,0.5,1,1.0,0.33333334,0,1.0,0.0,1,0.24444444
0.60465115,0.075,0.5,1.0,0,0.33333334,0.02,0.0,1,0.0,0.0,0.5,1,1.0,0.33333334,0,1.0,0.5,1,0.2
0.4883721,0.125,0.5,0.5,1,0.5,0.9,0.0,1,0.375,0.0,0.5,1,1.0,0.33333334,0,0.0,0.5,0,0.22222222
0.39534885,0.6,0.5,1.0,0,0.33333334,0.42,0.5,1,0.5,0.5,0.0,1,1.0,0.33333334,0,0.0,0.0,0,0.31111112
0.53488374,0.275,0.5,0.0,0,0.8333333,0.6,0.5,1,0.25,0.5,1.0,0,1.0,0.5,0,0.0,0.0,0,0.24444444
0.76744187,0.075,0.5,1.0,1,1.0,0.2,0.0,1,0.125,0.5,0.5,1,-1.0,0.6666667,0,0.0,0.0,0,0.26666668
0.4651163,0.425,0.5,0.0,1,0.33333334,0.14,0.5,1,0.5,0.0,0.5,1,-1.0,0.8333333,0,0.0,1.0,1,0.22222222
0.4651163,0.55,0.0,0.0,1,0.33333334,0.08,1.0,1,0.375,0.0,0.5,1,-1.0,0.33333334,0,0.5,0.5,1,0.22222222
0.37209302,0.325,1.0,0.5,0,0.16666667,0.8,1.0,1,0.125,0.0,0.5,0,1.0,0.6666667,0,0.0,0.0,1,0.26666668
0.3255814,0.725,0.0,0.5,1,0.8333333,0.64,0.0,1,0.125,0.5,0.5,1,0.0,0.5,0,0.5,0.0,1,0.24444444
0.55813956,0.65,0.5,0.5,1,0.5,0.62,0.0,1,0.125,1.0,0.0,1,1.0,0.16666667,0,0.0,0.0,1,0.31111112
0.3255814,0.325,0.5,1.0,0,0.5,0.92,0.0,1,0.125,0.0,0.5,1,-1.0,0.33333334,0,0.5,0.0,1,0.2
0.44186047,0.75,0.5,0.5,1,0.5,0.16,1.0,1,0.125,1.0,1.0,0,0.0,0.6666667,0,0.0,0.0,1,0.33333334
0.37209302,0.65,1.0,0.5,1,0.5,0.18,0.0,1,0.375,0.0,0.5,1,1.0,0.5,0,1.0,0.5,1,0.2888889
0.5116279,0.625,1.0,0.0,1,0.33333334,0.18,0.0,1,0.125,0.5,0.5,1,-1.0,0.16666667,0,0.0,0.0,1,0.2888889
0.4883721,0.55,1.0,0.5,1,0.5,0.42,0.0,1,0.125,1.0,0.5,0,1.0,0.5,0,0.0,0.0,0,0.31111112
0.5813953,0.0,0.5,0.5,1,0.5,0.88,1.0,1,0.375,1.0,0.5,1,1.0,0.33333334,0,0.0,0.5,0,0.2888889
0.37209302,0.7,0.5,0.5,1,0.6666667,0.88,0.5,1,0.625,0.5,0.5,1,0.0,0.33333334,1,0.5,0.0,0,0.33333334
0.39534885,0.375,1.0,0.5,1,0.16666667,0.6,0.5,1,0.25,0.0,1.0,1,0.0,0.5,0,0.0,0.0,0,0.26666668
0.30232558,0.95,1.0,1.0,1,0.5,0.66,0.5,0,0.375,0.0,0.5,1,1.0,0.5,0,0.5,0.0,1,0.37777779
0.37209302,0.825,1.0,0.0,0,0.33333334,0.9,0.5,1,0.125,0.0,0.5,1,0.0,0.6666667,0,0.0,0.0,1,0.31111112
0.4883721,0.6,1.0,0.5,0,0.5,0.62,0.5,1,0.125,0.5,0.0,0,1.0,0.5,0,0.0,0.5,1,0.31111112
0.55813956,0.25,0.0,0.5,1,0.6666667,0.22,0.0,0,0.375,0.0,0.5,1,1.0,0.6666667,0,0.5,0.5,0,0.2
0.30232558,0.2,0.0,0.5,1,0.33333334,0.7,0.5,1,0.25,0.5,0.5,1,0.0,0.5,0,0.0,0.0,0,0.17777778
0.55813956,0.35,1.0,1.0,1,0.8333333,0.76,0.5,1,0.375,0.5,1.0,1,0.0,0.5,1,0.0,0.0,1,0.33333334
0.627907,0.475,1.0,0.5,1,0.0,0.64,0.5,1,0.0,0.5,0.5,0,1.0,0.5,0,0.0,0.0,1,0.33333334
0.4883721,0.3,1.0,0.5,1,0.8333333,0.28,0.0,1,0.125,0.5,0.5,1,-1.0,0.33333334,0,0.5,0.0,0,0.24444444
0.6976744,0.525,0.5,0.5,0,0.8333333,0.4,0.0,1,0.125,0.0,0.5,1,0.0,0.6666667,0,1.0,0.0,0,0.33333334
0.3255814,0.175,0.5,1.0,1,0.33333334,0.48,1.0,1,0.0,1.0,0.5,1,1.0,0.33333334,0,1.0,0.0,0,0.24444444
0.27906978,0.975,0.5,0.5,1,0.33333334,0.14,0.5,1,0.125,0.0,0.5,1,-1.0,0.8333333,0,0.5,0.0,1,0.2888889
0.18604651,0.1,0.5,0.5,0,0.16666667,0.46,0.5,1,0.125,0.5,0.5,1,1.0,0.6666667,0,0.5,0.0,1,0.13333334
0.6511628,0.925,0.5,0.5,0,0.6666667,0.16,0.5,1,0.125,1.0,0.5,0,-1.0,0.6666667,0,0.5,0.5,0,0.37777779
0.53488374,0.925,1.0,0.0,0,0.5,0.5,0.0,1,0.125,0.5,0.5,1,-1.0,0.33333334,0,0.0,0.5,0,0.31111112
0.44186047,0.525,0.5,0.0,1,0.33333334,0.06,0.0,1,0.0,0.5,0.0,1,0.0,0.6666667,0,0.0,1.0,0,0.17777778
0.4883721,0.725,0.5,1.0,1,0.16666667,0.94,0.5,1,0.25,0.5,0.5,0,0.0,0.8333333,0,0.0,0.0,1,0.37777779
0.27906978,0.425,0.5,0.5,1,1.0,0.24,0.5,1,0.125,1.0,0.5,0,0.0,0.6666667,0,0.5,0.5,1,0.22222222
0.7906977,0.625,0.5,1.0,1,0.33333334,0.46,1.0,1,0.125,1.0,0.5,1,-1.0,0.8333333,0,0.0,0.5,0,0.42222223
0.4651163,0.35,0.5,0.0,1,0.5,0.04,0.0,1,0.125,1.0,0.5,1,-1.0,0.6666667,0,0.0,1.0,1,0.15555556
0.4651163,0.3,1.0,0.5,0,0.5,0.2,0.0,1,0.0,0.0,0.5,0,0.0,0.6666667,0,1.0,0.0,1,0.22222222
0.53488374,0.575,0.0,1.0,0,0.33333334,0.7,0.0,1,0.125,0.0,1.0,1,0.0,0.6666667,0,0.0,0.5,0,0.2888889
0.5116279,0.5,0.5,0.0,1,0.33333334,0.12,0.5,1,0.375,0.5,0.5,1,1.0,0.33333334,1,0.0,0.0,1,0.24444444
0.4651163,0.575,1.0,0.5,1,0.33333334,0.62,0.0,1,0.375,1.0,0.5,1,-1.0,0.6666667,0,1.0,0.5,1,0.35555556
0.3255814,0.275,0.5,1.0,0,0.6666667,0.0,0.0,1,0.125,0.5,0.5,1,0.0,0.33333334,1,1.0,0.0,0,0.15555556
0.5116279,0.375,0.0,1.0,1,0.33333334,0.46,0.0,1,0.125,0.0,0.5,1,1.0,0.33333334,0,0.0,0.5,0,0.22222222
0.6976744,0.075,0.5,1.0,0,0.8333333,0.72,0.0,1,0.0,1.0,0.5,1,0.0,0.5,0,1.0,0.5,1,0.2888889
0.627907,0.05,0.5,1.0,0,0.33333334,0.92,0.5,1,0.5,0.5,1.0,1,1.0,0.5,0,0.0,0.0,1,0.33333334
0.6744186,0.25,0.0,0.5,0,0.6666667,0.5,0.5,1,0.125,0.5,0.5,0,1.0,0.33333334,0,0.0,0.0,0,0.26666668
0.37209302,0.075,0.5,0.5,0,0.0,0.84,0.5,1,0.25,0.0,0.5,1,-1.0,0.6666667,0,0.0,0.0,0,0.17777778
0.30232558,0.1,1.0,1.0,1,0.33333334,0.8,0.0,1,0.0,0.0,1.0,0,-1.0,0.33333334,0,0.0,0.0,0,0.17777778
0.41860464,0.825,0.5,1.0,0,0.33333334,0.3,0.5,1,0.0,0.5,1.0,1,0.0,0.5,0,0.0,0.0,1,0.31111112
0.44186047,0.05,0.0,0.5,1,0.16666667,0.88,1.0,1,0.375,0.5,0.5,1,0.0,0.5,0,1.0,0.0,1,0.24444444
0.60465115,0.65,0.5,0.5,1,0.5,0.64,0.0,1,0.25,0.0,0.5,1,1.0,0.5,0,0.0,0.5,0,0.33333334
0.20930232,0.275,0.5,0.5,1,0.5,0.1,1.0,1,0.25,0.0,1.0,1,1.0,0.5,0,0.5,0.0,0,0.17777778
0.6511628,0.875,0.0,0.5,1,0.0,0.94,0.5,1,0.0,0.5,0.5,0,1.0,0.6666667,1,0.5,0.5,0,0.37777779
0.41860464,0.475,1.0,0.5,1,1.0,0.18,0.0,1,0.125,0.5,0.5,1,0.0,0.5,1,0.5,0.5,1,0.22222222
0.37209302,0.3,0.5,1.0,1,0.5,0.48,0.0,1,0.25,1.0,0.5,1,1.0,0.6666667,0,1.0,1.0,1,0.26666668
0.30232558,0.525,0.5,0.5,1,0.5,0.46,0.0,0,0.125,1.0,0.5,0,1.0,0.5,1,0.0,0.5,1,0.17777778
0.20930232,0.375,1.0,0.5,0,0.8333333,0.62,0.5,1,0.375,0.0,1.0,1,-1.0,0.8333333,0,0.0,0.0,0,0.22222222
0.55813956,0.575,0.5,0.5,1,0.6666667,0.66,0.5,1,0.25,0.0,0.5,1,0.0,0.16666667,1,0.0,0.5,0,0.26666668
0.44186047,0.125,0.5,0.0,1,0.5,0.24,1.0,1,0.0,0.5,0.5,1,0.0,0.0,1,1.0,0.0,1,0.5555556
0.25581396,1.0,0.5,0.5,1,0.0,0.36,0.5,1,0.25,0.0,0.5,1,0.0,0.5,0,0.5,1.0,1,0.2888889
0.25581396,0.425,0.5,0.5,1,0.6666667,0.14,0.5,1,0.25,0.0,1.0,1,-1.0,0.33333334,0,0.5,0.5,1,0.17777778
0.39534885,0.35,0.5,0.5,0,0.33333334,0.12,0.5,1,0.125,0.5,0.5,0,1.0,0.5,0,0.5,0.5,1,0.2
0.6744186,0.7,0.5,0.5,0,0.8333333,0.82,0.5,1,0.375,0.5,0.0,1,1.0,0.5,0,0.0,0.0,0,0.4
0.39534885,0.375,0.5,0.5,1,0.33333334,0.76,0.0,1,0.25,0.5,1.0,1,-1.0,0.16666667,1,1.0,0.0,0,0.24444444
0.23255815,0.825,0.5,0.5,1,0.33333334,0.44,0.0,1,0.25,0.0,0.5,1,-1.0,0.5,0,0.5,0.5,1,0.24444444
0.41860464,0.45,1.0,1.0,0,0.16666667,0.1,0.5,1,0.0,0.5,0.5,1,0.0,0.6666667,0,0.0,0.5,1,0.24444444
0.39534885,0.725,0.5,1.0,1,0.16666667,0.44,0.0,1,0.5,0.5,0.0,1,0.0,0.33333334,0,0.0,0.0,0,0.31111112
0.069767445,0.1,0.5,1.0,1,0.5,0.3,0.5,1,0.125,0.5,1.0,1,-1.0,0.6666667,0,0.0,1.0,1,0.08888889
0.44186047,0.85,0.5,0.5,0,0.5,0.78,0.5,1,0.0,0.0,0.5,0,0.0,0.16666667,0,0.0,0.0,1,0.2888889
0.41860464,0.725,0.5,0.5,0,0.33333334,0.1,0.5,1,0.125,0.0,0.5,0,0.0,0.5,0,1.0,0.5,0,0.26666668
0.53488374,0.2,0.5,0.5,1,1.0,0.46,0.0,1,0.125,0.5,0.5,1,0.0,0.6666667,1,0.0,0.5,0,0.2
0.6976744,0.15,0.0,1.0,1,0.6666667,0.6,0.0,1,0.0,0.0,0.0,0,-1.0,0.6666667,0,0.0,0.0,0,0.22222222
0.60465115,0.325,0.5,0.5,0,0.5,0.98,0.0,1,0.125,0.0,0.5,1,1.0,0.6666667,0,0.5,0.0,1,0.2888889
0.39534885,0.975,0.5,1.0,1,0.0,0.08,0.0,1,0.0,0.5,0.5,1,1.0,0.5,0,1.0,0.5,1,0.33333334
0.27906978,0.25,0.5,0.5,0,0.6666667,0.12,0.5,1,0.25,0.5,1.0,1,0.0,0.0,0,0.0,0.0,1,0.15555556
0.7906977,0.45,1.0,0.0,1,1.0,0.98,0.5,1,0.125,0.0,0.5,0,1.0,0.33333334,0,0.0,0.0,1,0.37777779
0.44186047,0.025,0.5,0.0,1,0.5,0.4,0.0,1,0.125,0.5,0.5,0,1.0,0.6666667,0,0.0,0.5,0,0.15555556
0.44186047,0.4,1.0,1.0,1,0.33333334,0.74,0.0,1,0.125,0.0,0.5,1,-1.0,0.6666667,0,1.0,0.5,1,0.2888889
0.44186047,0.575,1.0,0.5,0,0.5,0.78,0.5,1,0.375,0.0,1.0,0,-1.0,0.6666667,0,0.0,0.0,0,0.31111112
0.4651163,0.95,1.0,0.5,0,0.16666667,0.32,0.0,1,0.375,1.0,1.0,1,1.0,0.8333333,0,0.0,0.0,1,0.4
0.41860464,0.525,1.0,1.0,0,0.6666667,0.22,0.0,1,0.375,0.5,0.5,0,-1.0,0.8333333,0,1.0,0.0,1,0.31111112
0.37209302,0.825,0.5,0.5,1,0.8333333,0.28,0.5,1,0.125,0.5,0.5,1,0.0,0.5,0,0.0,0.5,0,0.26666668
0.37209302,0.55,0.5,0.0,0,0.33333334,0.76,0.0,1,0.25,0.0,0.0,0,0.0,0.5,0,1.0,0.0,1,0.22222222
0.44186047,0.05,0.0,0.0,0,0.33333334,0.84,1.0,1,0.25,0.5,0.5,1,1.0,0.5,0,1.0,0.5,1,0.17777778
0.37209302,0.325,1.0,0.5,1,0.5,0.7,0.5,1,0.25,0.0,0.5,1,1.0,0.33333334,0,0.0,0.5,1,0.24444444
0.3488372,0.575,0.5,0.5,0,0.33333334,0.44,0.5,1,0.125,0.0,1.0,1,1.0,0.33333334,0,0.5,0.0,1,0.24444444
0.4651163,0.95,0.5,1.0,0,0.16666667,0.26,0.0,1,0.0,0.0,1.0,1,0.0,0.33333334,0,1.0,0.0,1,0.33333334
0.39534885,0.85,0.5,0.5,0,0.33333334,0.42,0.0,1,0.25,1.0,0.5,1,0.0,0.5,0,1.0,1.0,1,0.31111112
0.6511628,0.225,0.5,1.0,0,0.33333334,0.92,0.0,1,0.125,1.0,0.5,1,1.0,0.6666667,0,0.0,0.0,0,0.33333334
0.069767445,0.225,0.5,0.0,0,0.8333333,0.86,0.0,0,0.25,0.5,1.0,0,-1.0,0.5,0,0.0,0.5,0,0.06666667
0.60465115,0.2,0.5,0.5,0,0.8333333,0.32,0.5,1,0.375,1.0,0.5,0,1.0,0.5,0,0.0,1.0,1,0.26666668
0.60465115,0.925,1.0,1.0,1,0.8333333,0.32,0.0,1,0.125,0.0,0.5,1,1.0,0.5,0,0.0,1.0,1,0.4
0.1627907,0.85,1.0,0.0,0,0.6666667,0.78,1.0,1,0.0,0.5,0.5,1,0.0,0.33333334,0,0.0,0.0,0,0.24444444
0.39534885,0.775,1.0,1.0,1,0.5,0.42,1.0,1,0.0,0.5,0.5,1,0.0,0.5,0,0.0,0.0,1,0.33333334
0.39534885,0.4,1.0,1.0,0,0.33333334,0.58,0.5,1,0.125,0.5,0.5,0,1.0,0.33333334,0,1.0,1.0,0,0.26666668
0.25581396,0.5,0.0,0.0,0,0.8333333,0.42,1.0,1,0.125,0.0,0.0,0,1.0,0.5,1,0.0,0.5,0,0.11111111
0.3255814,0.475,1.0,0.5,0,0.6666667,0.24,0.0,1,0.125,0.0,0.0,1,1.0,0.5,0,0.5,0.0,1,0.22222222
0.27906978,0.25,0.5,0.5,0,0.16666667,0.18,0.5,1,0.0,0.5,1.0,0,1.0,0.33333334,0,1.0,0.0,0,0.17777778
0.6976744,0.5,1.0,1.0,1,0.33333334,0.14,0.0,1,0.125,0.5,1.0,0,1.0,0.5,0,0.0,0.0,0,0.37777779
0.5813953,0.025,0.0,0.5,1,0.16666667,0.02,1.0,1,0.0,0.0,0.5,0,0.0,0.8333333,0,0.0,0.5,0,0.15555556
0.627907,0.125,0.5,0.5,1,0.0,0.28,0.5,1,0.75,0.5,1.0,1,0.0,0.5,0,1.0,0.0,1,0.33333334
0.53488374,0.875,1.0,0.0,1,0.6666667,0.18,0.5,1,0.25,0.0,1.0,1,-1.0,0.16666667,0,0.5,0.5,1,0.33333334
0.27906978,0.75,0.5,0.5,0,0.16666667,0.26,0.5,1,0.0,0.0,0.5,1,0.0,0.6666667,0,0.0,0.5,0,0.2
0.37209302,0.425,0.5,0.5,1,0.33333334,0.08,0.0,1,0.375,0.0,0.5,1,0.0,0.6666667,0,0.0,0.5,1,0.2
0.5116279,0.525,0.5,0.0,1,0.5,0.34,0.5,1,0.0,0.5,1.0,0,1.0,0.8333333,0,0.0,0.5,0,0.26666668
0.27906978,0.375,0.5,1.0,1,0.5,0.52,1.0,1,0.125,0.5,1.0,1,-1.0,0.16666667,0,0.0,0.5,1,0.2
0.53488374,0.75,0.5,0.5,1,0.33333334,0.94,0.0,1,0.125,1.0,1.0,1,1.0,0.6666667,0,0.0,0.0,1,0.37777779
0.41860464,0.775,0.5,0.0,0,0.8333333,0.34,0.5,1,0.0,0.5,0.5,0,-1.0,0.5,0,0.5,0.0,0,0.24444444
0.39534885,0.775,0.5,0.5,0,0.16666667,0.04,0.5,1,0.25,0.5,0.5,1,-1.0,0.6666667,0,0.0,0.5,0,0.24444444
0.53488374,0.725,0.5,1.0,1,0.16666667,0.36,0.5,1,0.0,0.0,1.0,1,1.0,0.33333334,0,1.0,0.0,0,0.35555556
0.5116279,0.2,0.0,0.0,0,0.6666667,0.82,0.5,1,0.625,0.0,0.5,1,-1.0,0.8333333,0,1.0,0.0,0,0.24444444
0.39534885,0.35,0.5,0.0,1,0.33333334,0.34,1.0,1,0.25,0.0,1.0,1,0.0,0.33333334,0,0.0,0.0,1,0.2
0.60465115,0.475,0.5,0.0,0,0.33333334,0.3,0.0,1,0.0,0.5,0.5,0,-1.0,0.33333334,0,0.5,0.0,1,0.24444444
0.30232558,0.325,0.5,0.0,1,0.16666667,0.92,0.0,1,0.125,0.0,0.5,1,-1.0,0.5,0,0.0,0.5,0,0.15555556
0.53488374,0.75,0.5,0.5,0,0.6666667,0.3,0.5,1,0.5,0.0,0.5,1,0.0,0.6666667,0,0.0,0.5,1,0.33333334
0.53488374,0.325,0.5,0.5,1,0.5,0.98,0.5,1,0.375,0.5,1.0,0,0.0,0.5,0,0.0,0.0,0,0.31111112
0.39534885,0.15,1.0,0.5,0,0.5,0.84,0.5,1,0.25,0.0,0.5,0,0.0,0.6666667,0,0.0,0.5,1,0.22222222
0.4883721,0.4,1.0,0.5,1,0.33333334,0.68,1.0,1,0.25,0.5,1.0,1,0.0,0.5,0,0.0,0.0,1,0.33333334
0.25581396,0.975,1.0,1.0,1,0.33333334,0.6,0.5,0,0.0,1.0,0.5,1,1.0,0.5,0,0.0,0.5,1,0.33333334
0.5813953,0.225,0.5,0.5,1,0.5,0.22,0.5,1,0.125,1.0,1.0,1,1.0,0.33333334,0,0.5,0.0,1,0.26666668
0.41860464,0.6,0.5,1.0,1,0.6666667,0.74,0.0,1,0.25,0.0,1.0,1,1.0,0.5,0,0.0,0.5,0,0.31111112
0.37209302,0.425,0.0,0.5,0,0.8333333,0.34,0.0,1,0.0,0.0,1.0,1,0.0,0.8333333,1,0.0,0.0,0,0.15555556
0.5813953,0.075,0.5,1.0,1,0.8333333,0.48,0.5,1,0.125,0.0,0.5,0,1.0,0.6666667,0,0.0,0.0,0,0.26666668
0.3488372,0.5,1.0,0.5,0,0.6666667,0.1,1.0,0,0.0,0.0,0.5,1,1.0,1.0,0,0.5,0.5,1,0.22222222
0.25581396,0.7,0.5,0.5,0,0.6666667,0.3,0.5,1,0.0,0.0,0.5,1,1.0,0.6666667,0,0.0,0.0,1,0.22222222
0.23255815,0.525,0.5,1.0,1,0.16666667,0.52,0.5,1,0.125,0.0,0.5,1,0.0,0.5,0,1.0,1.0,1,0.22222222
0.53488374,0.875,0.5,0.0,1,0.33333334,0.46,0.5,0,0.375,0.0,0.5,1,1.0,0.33333334,0,0.0,0.5,1,0.31111112
0.25581396,0.3,0.5,0.5,0,0.6666667,0.34,0.0,1,0.5,0.5,0.5,1,0.0,0.6666667,0,0.0,0.0,1,0.17777778
0.6976744,0.075,0.0,1.0,1,0.5,0.48,0.0,1,0.375,0.5,0.5,1,-1.0,0.33333334,0,0.5,0.5,1,0.24444444
0.1627907,0.925,0.5,1.0,1,0.6666667,0.74,0.5,1,0.0,0.5,0.5,1,1.0,0.33333334,1,0.0,0.0,1,0.26666668
0.6744186,0.375,0.5,0.5,0,0.6666667,0.46,1.0,1,0.125,0.5,0.5,1,-1.0,0.5,0,0.5,0.0,1,0.31111112
0.4651163,0.575,0.5,0.5,1,0.6666667,0.5,1.0,1,0.125,0.0,1.0,1,0.0,0.33333334,0,0.0,1.0,1,0.26666668
0.41860464,0.8,0.5,0.5,1,0.16666667,0.7,0.5,1,0.125,0.5,1.0,0,0.0,0.6666667,0,0.0,0.0,1,0.33333334
0.37209302,0.325,1.0,1.0,1,0.5,0.84,0.5,1,0.25,1.0,0.5,0,-1.0,0.33333334,0,0.0,0.5,1,0.26666668
0.4883721,0.725,1.0,0.5,0,0.33333334,0.52,0.5,1,0.25,0.0,0.5,1,0.0,0.6666667,0,0.0,0.0,1,0.33333334
0.44186047,0.125,1.0,1.0,1,0.33333334,0.94,0.5,1,0.0,0.0,0.0,0,-1.0,0.5,0,0.0,0.5,0,0.22222222
0.60465115,0.3,0.5,0.0,0,0.0,0.36,0.5,0,0.0,0.5,1.0,1,-1.0,0.5,1,0.5,0.0,1,0.17777778
0.4651163,0.15,0.5,0.5,1,0.5,0.26,0.5,1,0.0,1.0,0.5,1,0.0,0.5,0,0.0,0.0,0,0.2
0.4651163,0.8,1.0,0.5,1,0.0,0.7,0.0,1,0.125,1.0,0.5,1,-1.0,0.5,0,0.0,1.0,1,0.31111112
0.39534885,0.225,0.0,0.5,0,0.6666667,0.18,0.0,0,0.125,0.0,0.5,1,1.0,0.6666667,0,0.0,0.0,0,0.11111111
0.44186047,0.725,0.0,0.5,1,0.8333333,0.9,0.5,1,0.375,0.0,0.5,1,1.0,0.5,0,0.0,0.5,1,0.31111112
0.4883721,0.95,0.5,0.0,1,0.6666667,0.38,0.5,1,0.5,1.0,0.5,0,1.0,0.33333334,0,0.0,0.0,0,0.37777779
0.20930232,0.525,0.5,0.0,1,0.5,0.7,0.0,1,0.125,0.0,0.5,1,0.0,0.33333334,0,0.5,0.0,1,0.17777778
0.25581396,0.55,0.0,0.5,0,0.8333333,0.58,1.0,1,0.0,0.0,0.5,0,1.0,0.33333334,0,0.5,0.5,0,0.17777778
0.53488374,0.45,1.0,0.0,1,0.5,0.06,1.0,1,0.0,0.5,0.5,1,0.0,0.6666667,1,0.0,0.0,1,0.24444444
0.4651163,0.325,0.5,0.5,0,0.33333334,0.7,0.5,1,0.75,0.5,1.0,1,0.0,0.8333333,0,0.5,0.0,1,0.33333334
0.41860464,0.475,0.5,1.0,1,0.5,0.8,0.5,1,0.125,1.0,0.5,1,-1.0,0.6666667,0,0.5,1.0,0,0.2888889
0.44186047,0.6,0.5,0.5,1,1.0,0.98,0.0,1,0.25,0.5,0.5,0,1.0,0.5,0,0.0,0.5,1,0.31111112
0.4883721,0.975,0.5,0.5,1,0.16666667,0.42,1.0,1,0.0,0.5,1.0,1,0.0,0.6666667,0,0.5,0.0,0,0.37777779
0.37209302,0.95,0.0,1.0,0,0.16666667,0.5,0.0,1,0.125,0.0,0.0,0,1.0,0.5,1,0.5,0.0,1,0.26666668
0.3255814,0.85,0.0,0.5,0,0.6666667,0.88,0.0,1,0.125,1.0,0.5,1,1.0,0.6666667,0,0.0,0.5,1,0.2888889
0.4651163,0.9,0.5,1.0,0,0.5,0.26,0.5,1,0.125,0.5,0.5,0,-1.0,0.33333334,0,1.0,1.0,0,0.33333334
0.30232558,0.475,1.0,0.5,1,0.33333334,0.18,0.5,1,0.625,0.5,1.0,1,1.0,0.5,0,1.0,1.0,1,0.2888889
0.4883721,0.65,0.5,0.5,1,0.16666667,0.14,1.0,1,0.25,0.5,0.5,1,1.0,0.5,0,0.5,0.5,1,0.31111112
0.20930232,0.9,0.5,0.5,0,0.0,0.98,0.5,1,0.125,0.5,0.5,0,-1.0,0.8333333,0,0.5,0.0,0,0.2888889
0.5813953,0.4,0.5,0.5,0,0.16666667,0.28,0.0,1,0.0,0.5,0.5,1,1.0,0.8333333,0,0.5,1.0,0,0.24444444
0.5116279,0.95,0.5,0.5,0,0.8333333,0.76,1.0,1,0.125,0.0,0.5,1,-1.0,0.6666667,0,1.0,0.5,0,0.37777779
0.4883721,0.425,0.5,0.5,1,0.5,0.44,0.5,1,0.25,0.5,1.0,1,0.0,0.5,0,0.0,0.0,1,0.26666668
0.5813953,0.6,0.0,1.0,0,0.0,0.24,0.5,0,0.375,1.0,1.0,1,1.0,0.33333334,0,0.0,0.0,1,0.33333334
0.6744186,0.7,1.0,0.5,1,0.8333333,0.92,0.5,1,0.125,0.5,1.0,0,0.0,0.5,1,0.0,0.0,1,0.4
0.5813953,0.95,0.5,0.0,1,0.8333333,0.46,1.0,1,0.125,1.0,0.0,1,0.0,1.0,0,1.0,0.5,1,0.4
0.18604651,0.25,0.5,0.5,0,0.8333333,0.56,0.0,1,0.125,0.5,0.0,1,0.0,0.33333334,0,0.0,0.0,0,0.11111111
0.25581396,0.75,0.5,1.0,0,0.33333334,0.22,0.0,1,0.25,0.5,1.0,1,0.0,0.5,0,0.5,0.0,1,0.26666668
0.3488372,0.525,1.0,0.5,1,0.5,0.32,0.5,1,0.375,1.0,1.0,0,1.0,0.6666667,0,0.0,0.0,1,0.31111112
0.44186047,0.275,0.5,0.0,0,0.5,0.74,1.0,1,0.125,0.5,0.5,1,-1.0,0.8333333,0,0.0,0.0,1,0.22222222
0.5116279,0.775,0.0,1.0,1,0.8333333,0.34,0.0,1,0.25,0.0,0.5,1,0.0,0.6666667,0,0.0,0.0,0,0.33333334
0.3488372,0.55,1.0,1.0,1,0.33333334,0.5,0.0,1,0.375,0.5,0.5,1,0.0,0.5,0,0.5,0.5,0,0.2888889
0.4651163,0.65,0.5,0.0,0,0.33333334,0.12,0.5,1,0.125,0.0,1.0,0,-1.0,0.33333334,0,0.5,0.0,0,0.24444444
0.3255814,0.325,0.0,1.0,1,0.6666667,0.86,0.5,1,0.125,0.0,1.0,1,1.0,0.6666667,0,0.5,1.0,1,0.22222222
0.3488372,0.475,0.0,0.5,1,0.8333333,0.74,0.5,1,0.125,0.0,0.5,1,0.0,0.33333334,0,0.5,0.5,0,0.2
0.25581396,0.625,1.0,1.0,1,0.5,0.76,1.0,1,0.125,0.0,0.5,1,0.0,0.0,0,0.5,1.0,0,0.26666668
0.30232558,0.4,1.0,0.5,1,0.6666667,0.18,0.0,1,0.375,0.5,0.5,0,0.0,0.8333333,0,0.0,0.5,1,0.22222222
0.25581396,0.2,1.0,1.0,1,0.5,0.5,0.5,1,0.125,0.5,0.0,0,1.0,0.6666667,0,0.0,0.0,1,0.2
0.30232558,0.95,1.0,1.0,0,0.5,0.02,0.5,1,0.0,0.5,0.0,1,1.0,0.16666667,1,0.0,0.0,1,0.26666668
0.5813953,0.5,0.5,0.0,1,0.33333334,0.32,0.5,1,0.25,1.0,0.5,1,0.0,0.6666667,0,1.0,0.0,1,0.33333334
0.30232558,0.725,0.5,0.0,1,0.16666667,0.34,0.0,0,0.375,0.0,0.0,0,0.0,0.5,0,0.0,1.0,0,0.17777778
0.81395346,0.4,0.5,0.5,0,0.33333334,0.92,0.5,1,0.125,0.0,0.5,0,0.0,0.33333334,0,0.5,0.0,1,0.35555556
0.5116279,0.35,1.0,0.0,0,0.33333334,1.0,0.0,1,0.25,1.0,0.0,0,1.0,0.5,0,0.0,0.0,1,0.2888889
0.4651163,0.4,0.5,0.5,0,0.5,0.62,0.5,1,0.0,0.5,1.0,0,1.0,0.33333334,0,0.5,0.5,0,0.26666668
0.3255814,0.4,1.0,1.0,1,0.8333333,0.52,0.5,1,0.125,0.5,1.0,1,0.0,0.33333334,0,1.0,1.0,0,0.26666668
0.53488374,0.55,0.0,0.5,1,0.5,0.44,0.5,1,0.0,0.5,1.0,1,1.0,0.33333334,0,1.0,0.5,0,0.2888889
0.37209302,0.55,1.0,0.5,0,0.33333334,0.02,0.5,1,0.125,0.0,0.5,1,1.0,0.5,0,1.0,0.5,1,0.24444444
0.4651163,0.5,0.5,0.5,1,0.6666667,0.8,0.5,1,0.0,0.5,0.5,1,-1.0,0.6666667,0,0.5,0.0,1,0.2888889
0.7906977,0.125,1.0,0.5,1,0.5,0.68,1.0,1,0.0,0.5,0.5,1,1.0,0.33333334,0,0.0,0.5,1,0.33333334
0.41860464,0.5,0.0,0.0,0,0.6666667,0.64,0.5,1,0.625,0.0,0.0,1,1.0,0.5,0,0.5,0.0,1,0.26666668
0.60465115,0.175,0.0,0.5,1,0.33333334,0.8,0.5,1,0.25,1.0,1.0,0,0.0,0.5,0,0.0,0.5,1,0.26666668
0.3488372,0.125,0.0,1.0,0,0.8333333,0.92,0.0,1,0.25,0.0,0.5,1,-1.0,0.33333334,0,0.0,0.0,1,0.15555556
0.44186047,0.925,0.5,1.0,0,0.8333333,0.38,0.0,1,0.0,0.0,0.0,1,-1.0,0.5,1,0.0,0.0,1,0.26666668
0.6976744,0.6,0.5,1.0,0,0.5,0.42,0.0,1,0.5,0.0,0.5,1,-1.0,0.6666667,0,0.0,1.0,1,0.33333334
0.3488372,0.65,1.0,1.0,0,0.6666667,0.98,0.5,1,0.5,0.0,1.0,0,0.0,0.6666667,0,0.5,0.0,1,0.37777779
0.6976744,0.4,0.5,0.5,1,0.8333333,0.66,0.5,1,0.25,1.0,0.5,0,-1.0,0.5,0,0.0,0.5,0,0.33333334
0.53488374,0.9,0.0,1.0,0,0.33333334,0.86,0.5,1,0.25,0.0,0.5,1,0.0,0.33333334,0,0.0,0.5,0,0.8666667
0.37209302,0.65,0.5,0.5,0,0.5,0.22,0.5,0,0.25,1.0,0.5,1,1.0,0.5,0,0.0,0.5,1,0.24444444
0.53488374,0.775,0.0,0.0,1,0.5,0.32,1.0,1,0.25,0.0,1.0,1,0.0,0.5,0,0.0,0.0,1,0.31111112
0.5813953,0.375,1.0,0.5,0,0.16666667,0.4,0.0,1,0.0,1.0,0.0,0,0.0,0.33333334,0,1.0,0.0,1,0.2888889
0.53488374,0.95,1.0,0.0,0,0.6666667,0.32,1.0,1,0.25,0.0,0.5,1,1.0,0.16666667,0,0.0,0.5,1,0.35555556
0.23255815,0.825,1.0,0.5,0,0.8333333,0.88,0.5,1,0.5,0.0,1.0,1,0.0,0.6666667,0,0.0,0.5,1,0.31111112
0.3488372,0.85,0.5,0.5,0,0.5,0.52,0.0,1,0.25,0.5,0.5,1,0.0,0.5,1,0.0,0.0,0,0.26666668
0.41860464,0.175,0.0,0.5,1,0.6666667,0.96,0.5,1,0.25,0.0,0.5,0,-1.0,0.33333334,0,1.0,0.0,0,0.2
0.44186047,0.275,0.5,0.5,1,0.8333333,0.32,0.5,1,0.125,0.5,0.0,0,-1.0,0.8333333,1,0.5,0.0,0,0.17777778
0.53488374,0.275,0.5,1.0,1,0.33333334,0.04,0.5,1,0.25,0.5,0.5,0,0.0,0.5,0,0.5,1.0,0,0.24444444
0.4651163,0.275,1.0,0.5,1,0.6666667,0.14,0.0,0,0.25,1.0,0.5,1,1.0,0.16666667,0,1.0,0.0,0,0.24444444
0.25581396,0.85,0.0,1.0,1,0.33333334,0.22,0.5,1,0.375,1.0,1.0,1,0.0,0.6666667,0,0.5,0.0,1,0.31111112
0.4883721,0.025,0.0,0.0,1,0.33333334,0.64,0.0,1,0.5,0.5,0.5,1,1.0,0.6666667,0,0.0,0.5,0,0.2
0.53488374,0.075,1.0,0.5,0,0.6666667,0.18,0.0,1,0.125,0.0,0.5,1,0.0,0.5,1,0.0,0.0,1,0.15555556
0.5116279,0.275,0.5,0.5,1,0.5,0.38,1.0,1,0.375,0.0,0.5,1,1.0,0.8333333,1,0.0,1.0,0,0.24444444
0.5813953,0.2,0.5,1.0,1,0.6666667,0.8,0.5,1,0.5,0.0,1.0,0,0.0,0.5,0,0.0,0.0,1,0.33333334
0.55813956,0.225,1.0,0.5,1,0.5,0.12,0.5,1,0.25,0.0,0.5,0,0.0,0.6666667,0,0.0,0.0,1,0.26666668
0.5116279,0.8,0.0,0.5,0,0.6666667,0.08,0.5,1,0.0,1.0,0.0,1,1.0,0.16666667,0,1.0,0.0,0,0.2888889
0.44186047,0.575,1.0,0.0,0,0.8333333,0.54,1.0,1,0.0,0.0,0.5,1,1.0,0.5,1,0.0,0.0,1,0.26666668
0.20930232,0.0,0.5,0.5,0,0.8333333,0.7,0.5,1,0.0,0.5,1.0,1,1.0,0.6666667,0,1.0,0.0,1,0.15555556
0.5116279,0.425,0.0,0.5,1,0.6666667,0.92,0.5,1,0.125,1.0,0.5,0,0.0,0.16666667,1,0.5,0.0,1,0.26666668
0.4651163,0.4,0.5,1.0,1,0.6666667,0.66,0.5,1,0.0,0.0,0.5,1,1.0,0.8333333,0,0.0,0.0,1,0.2888889
0.4883721,0.125,0.0,0.5,0,0.5,0.94,0.0,1,0.25,0.5,1.0,0,0.0,0.6666667,0,0.0,0.5,0,0.2
0.25581396,0.675,0.5,0.0,1,0.5,0.24,0.5,0,0.25,0.5,0.5,1,0.0,0.6666667,0,0.0,0.0,0,0.2
0.30232558,0.7,0.5,0.5,0,0.6666667,0.34,0.5,1,0.25,1.0,0.0,1,0.0,0.5,0,1.0,1.0,1,0.24444444
0.5813953,0.725,0.5,0.0,1,0.5,0.84,0.5,1,0.25,0.0,1.0,1,1.0,0.33333334,0,1.0,0.5,1,0.37777779
0.44186047,0.725,0.5,1.0,1,0.6666667,0.82,0.5,1,0.25,0.5,0.5,1,1.0,0.5,0,0.0,0.0,0,0.37777779
0.53488374,0.0,0.5,1.0,1,0.8333333,0.66,1.0,1,0.25,0.5,0.0,1,1.0,0.5,1,0.0,0.0,1,0.24444444
0.44186047,0.95,0.0,0.5,0,0.5,0.5,1.0,1,0.5,0.5,0.5,0,1.0,0.16666667,0,0.5,0.0,1,0.37777779
0.44186047,0.825,1.0,0.5,1,0.0,0.02,0.0,1,0.125,0.5,0.5,1,1.0,0.5,0,0.0,0.0,1,0.31111112
0.5813953,0.9,1.0,1.0,1,1.0,0.28,0.0,1,0.25,0.5,0.5,0,0.0,0.5,1,0.0,0.0,0,0.37777779
0.37209302,0.025,0.0,0.0,1,0.33333334,0.16,0.5,1,0.125,0.5,1.0,1,0.0,0.6666667,0,0.0,0.0,1,0.11111111
0.4651163,0.925,0.5,0.5,1,0.5,0.06,0.5,1,0.0,1.0,0.5,1,0.0,0.33333334,0,0.0,0.5,1,0.31111112
0.37209302,0.8,0.5,1.0,0,0.6666667,0.78,0.5,1,0.0,0.0,0.0,1,1.0,0.5,1,0.0,0.0,1,0.2888889
0.37209302,0.825,0.0,0.5,1,0.8333333,0.14,1.0,1,0.375,0.0,1.0,0,0.0,0.33333334,0,0.5,0.0,1,0.31111112
0.39534885,0.1,0.5,0.0,1,1.0,0.36,0.0,1,0.125,0.0,0.5,1,1.0,0.8333333,0,0.0,0.0,1,0.15555556
0.4651163,0.75,0.5,0.5,1,0.33333334,0.98,0.0,1,0.25,0.0,1.0,1,1.0,0.33333334,0,0.0,0.5,1,0.35555556
0.37209302,0.95,0.5,1.0,1,0.8333333,0.4,0.0,1,0.125,1.0,0.5,0,-1.0,0.33333334,0,0.0,0.0,1,0.33333334
0.627907,0.675,0.0,0.0,1,0.5,0.14,0.5,1,0.25,0.5,1.0,0,-1.0,0.6666667,0,0.0,0.5,1,0.2888889
0.3255814,0.575,1.0,0.5,1,1.0,0.68,0.5,1,0.125,1.0,1.0,1,-1.0,0.33333334,0,0.5,0.0,1,0.2888889
0.41860464,0.95,0.5,1.0,0,0.8333333,0.8,0.0,0,0.125,1.0,0.5,0,1.0,0.33333334,0,0.5,1.0,0,0.33333334
0.37209302,0.45,0.5,1.0,0,0.5,0.28,0.5,1,0.0,0.0,0.5,0,0.0,0.5,0,0.0,0.0,0,0.22222222
0.6511628,0.6,1.0,0.5,1,0.33333334,0.8,0.5,1,0.0,0.5,1.0,1,1.0,0.5,0,1.0,1.0,1,0.4
0.4651163,0.475,1.0,0.5,0,0.0,0.28,0.0,1,0.0,0.0,1.0,1,-1.0,0.6666667,0,0.5,0.5,1,0.24444444
0.5813953,0.925,0.5,0.5,0,0.6666667,0.7,0.0,0,0.25,1.0,0.0,1,0.0,0.5,0,0.0,0.0,1,0.35555556
0.23255815,0.075,1.0,0.5,1,0.8333333,0.12,1.0,1,0.25,0.5,0.5,1,0.0,0.5,0,0.0,0.0,0,0.15555556
0.4883721,0.5,0.5,0.5,1,0.6666667,0.42,1.0,1,0.25,0.0,0.5,0,1.0,0.5,0,0.0,0.0,0,0.2888889
0.55813956,0.675,0.5,1.0,0,0.0,0.52,0.0,1,0.125,0.0,1.0,1,1.0,0.6666667,0,0.5,1.0,1,0.33333334
0.44186047,0.8,0.5,0.0,0,0.16666667,0.72,0.0,1,0.0,0.5,0.5,1,0.0,0.33333334,0,1.0,0.5,0,0.2888889
0.5813953,0.575,1.0,0.0,1,0.6666667,0.66,0.5,1,0.25,0.0,1.0,1,0.0,0.33333334,0,0.5,0.0,0,0.35555556
0.37209302,0.9,0.5,0.5,1,1.0,0.86,0.5,1,0.25,0.5,0.0,1,-1.0,0.6666667,0,0.0,0.0,0,0.33333334
0.627907,0.95,0.5,0.5,1,0.5,0.18,0.5,1,0.125,0.0,0.5,1,1.0,0.5,0,0.0,0.0,1,0.37777779
0.76744187,0.075,0.5,1.0,1,0.8333333,0.66,0.5,1,0.25,0.5,1.0,1,-1.0,0.33333334,0,0.5,0.5,1,0.31111112
0.39534885,0.4,0.5,1.0,0,0.16666667,0.12,0.5,1,0.125,0.0,0.0,1,-1.0,0.33333334,0,0.5,0.5,1,0.17777778
0.37209302,0.025,0.5,0.5,0,0.5,0.48,1.0,1,0.0,0.5,0.5,1,0.0,0.33333334,0,1.0,0.0,0,0.15555556
0.6511628,0.325,0.5,0.5,0,0.5,0.52,0.5,1,0.25,0.0,1.0,0,0.0,0.5,0,0.0,0.0,0,0.2888889
0.6511628,0.525,0.0,0.5,1,0.8333333,0.02,0.0,1,0.25,0.5,0.5,1,1.0,0.8333333,0,1.0,0.0,1,0.33333334
0.37209302,0.9,0.5,0.5,1,0.33333334,0.08,0.5,1,0.125,0.5,0.5,0,1.0,0.6666667,0,0.0,0.0,1,0.31111112
0.37209302,0.85,0.5,0.5,0,1.0,0.84,0.0,1,0.25,0.0,0.5,0,-1.0,0.33333334,0,0.0,0.0,1,0.2888889
0.39534885,0.125,1.0,0.5,1,0.5,0.28,0.5,1,0.25,1.0,0.5,1,1.0,0.16666667,0,0.0,0.0,1,0.22222222
0.25581396,0.1,0.5,0.0,0,0.16666667,0.34,0.5,1,0.375,0.0,0.5,0,1.0,0.33333334,1,0.0,0.0,1,0.08888889
0.30232558,0.6,0.5,0.5,0,0.16666667,0.64,0.5,1,0.375,0.0,0.5,1,1.0,0.5,0,0.5,1.0,1,0.24444444
0.30232558,0.525,1.0,0.5,0,0.33333334,0.22,0.0,1,0.0,0.0,0.5,1,1.0,0.6666667,0,0.0,0.5,1,0.2
0.3255814,0.275,0.0,0.5,0,0.6666667,0.2,1.0,0,0.625,0.0,1.0,1,1.0,0.6666667,0,0.0,1.0,0,0.17777778
0.44186047,0.9,0.5,0.5,0,0.33333334,0.42,0.5,1,0.625,0.0,1.0,1,0.0,0.5,0,0.5,0.0,1,0.37777779
0.4651163,0.925,0.5,1.0,1,0.33333334,0.06,0.0,1,0.0,0.0,0.5,1,-1.0,0.5,1,0.0,0.5,1,0.26666668
0.6511628,0.4,0.5,0.5,0,0.6666667,0.92,0.0,1,0.25,0.0,0.5,1,1.0,0.33333334,0,1.0,0.5,1,0.8666667
0.30232558,0.9,0.5,1.0,1,0.0,0.94,0.0,1,0.25,0.5,0.5,1,-1.0,0.5,0,0.0,0.0,0,0.33333334
0.5813953,0.375,0.0,0.5,0,0.33333334,0.44,0.5,1,0.0,0.0,1.0,1,0.0,0.5,0,0.0,0.0,1,0.24444444
0.41860464,0.725,0.0,0.5,1,0.16666667,0.2,0.0,1,0.5,0.5,0.5,1,1.0,0.33333334,0,1.0,0.5,0,0.31111112
0.44186047,0.475,0.5,0.0,1,0.33333334,0.48,0.0,1,0.25,0.0,0.5,1,1.0,0.33333334,0,0.0,1.0,1,0.2
0.53488374,0.125,0.5,0.5,0,0.5,0.1,0.0,1,0.125,0.0,1.0,0,1.0,0.5,1,0.0,0.0,0,0.17777778
0.27906978,0.925,1.0,1.0,0,0.5,0.4,0.5,1,0.125,0.0,1.0,1,0.0,0.6666667,0,1.0,0.0,0,0.35555556
0.4883721,0.45,1.0,0.5,0,0.5,0.08,0.5,1,0.125,0.5,0.5,1,-1.0,0.5,1,0.0,0.5,1,0.22222222
0.4651163,0.725,0.0,0.5,1,0.8333333,0.7,0.0,1,0.125,0.5,0.5,1,-1.0,0.8333333,0,0.5,1.0,0,0.2888889
0.5116279,0.375,0.5,0.5,0,0.5,0.28,1.0,1,0.125,0.0,0.5,1,-1.0,0.5,1,0.0,0.5,1,0.2
0.4883721,0.025,0.0,0.0,1,1.0,0.52,1.0,1,0.125,1.0,1.0,1,1.0,0.33333334,0,0.5,0.0,1,0.2
0.7906977,0.1,0.5,0.5,1,0.6666667,0.02,0.5,1,0.25,0.5,0.5,1,-1.0,0.8333333,1,0.0,0.0,1,0.24444444
0.3488372,0.5,1.0,0.5,0,0.33333334,0.52,0.5,1,0.125,0.5,1.0,1,1.0,0.6666667,0,0.5,0.0,1,0.2888889
0.37209302,0.7,0.5,0.5,0,1.0,0.0,0.5,1,0.375,0.0,1.0,1,0.0,0.8333333,0,0.5,0.5,0,0.26666668
0.3488372,0.325,0.0,1.0,1,0.5,0.92,0.5,1,0.125,0.5,0.5,0,1.0,0.5,0,0.0,0.5,0,0.24444444
0.37209302,0.7,0.5,0.5,1,1.0,0.5,0.5,1,0.25,0.5,0.5,1,0.0,0.5,0,0.0,0.0,1,0.2888889
0.3488372,0.7,0.0,0.5,0,0.5,0.1,0.5,1,0.375,0.0,0.0,1,0.0,0.5,0,1.0,0.0,1,0.24444444
0.60465115,0.7,0.5,0.5,0,0.5,0.34,0.5,1,0.375,1.0,0.5,1,0.0,0.6666667,0,0.5,1.0,1,0.35555556
0.6511628,0.5,0.5,1.0,1,0.6666667,0.04,0.5,1,0.5,0.0,0.5,1,1.0,0.6666667,0,0.0,0.5,0,0.35555556
0.37209302,0.925,0.5,1.0,0,0.5,0.54,0.5,1,0.0,0.0,0.5,0,-1.0,0.6666667,0,0.5,1.0,1,0.2888889
0.3255814,0.5,1.0,0.0,0,0.8333333,0.12,1.0,1,0.375,0.5,0.5,1,0.0,0.5,1,0.0,0.0,0,0.2
0.5116279,0.45,0.5,0.5,1,1.0,0.48,0.0,1,0.375,0.5,0.5,1,-1.0,0.6666667,0,0.0,0.5,1,0.26666668
0.37209302,0.2,1.0,0.5,1,0.0,0.3,1.0,1,0.0,0.5,0.5,0,1.0,0.33333334,0,0.0,0.5,1,0.2
0.53488374,0.3,1.0,0.0,1,0.6666667,0.76,1.0,1,0.375,0.0,0.5,1,1.0,0.33333334,0,0.0,0.0,0,0.2888889
0.4651163,0.05,0.5,0.0,0,0.33333334,0.48,1.0,1,0.0,0.0,1.0,0,1.0,0.5,1,1.0,1.0,1,0.15555556
0.23255815,0.625,0.5,0.0,1,0.0,0.84,0.0,1,0.0,0.5,1.0,1,0.0,0.16666667,0,0.5,0.0,1,0.2
0.6511628,0.25,0.0,1.0,0,0.6666667,0.94,0.0,1,0.375,0.0,1.0,1,1.0,0.5,0,1.0,0.5,1,0.33333334
0.6976744,0.3,0.5,0.5,0,0.6666667,0.96,1.0,1,0.0,0.0,0.5,1,0.0,0.6666667,0,0.5,1.0,1,0.2888889
0.3488372,0.775,0.5,0.5,0,0.6666667,0.26,1.0,1,0.25,0.5,1.0,1,0.0,0.5,0,0.5,0.0,0,0.31111112
0.39534885,0.325,0.0,0.5,1,0.6666667,0.76,0.0,1,0.375,0.0,0.5,1,1.0,0.6666667,0,0.5,0.5,1,0.22222222
0.4883721,0.25,0.5,1.0,1,0.6666667,0.44,0.5,1,0.25,1.0,0.5,1,0.0,0.5,0,0.0,0.0,1,0.26666668
0.4883721,0.175,1.0,0.5,0,0.33333334,0.42,0.0,1,0.25,0.5,0.5,1,1.0,0.33333334,0,0.5,0.5,1,0.22222222
0.53488374,0.775,1.0,0.5,0,0.5,0.86,0.0,1,0.0,0.5,0.5,1,1.0,0.33333334,0,0.0,0.5,1,0.35555556
0.7209302,0.125,0.5,0.0,1,0.6666667,0.14,0.0,1,0.25,0.0,0.5,1,1.0,0.5,0,0.0,0.5,0,0.22222222
0.41860464,0.45,0.5,0.5,1,0.8333333,0.48,0.0,1,0.25,0.0,0.5,1,1.0,0.8333333,0,0.0,0.5,0,0.24444444
0.3255814,0.5,1.0,0.5,0,0.5,0.6,0.5,1,0.0,0.0,0.0,1,0.0,0.8333333,0,0.0,0.0,0,0.22222222
0.25581396,0.675,0.5,0.5,1,0.5,0.06,0.0,1,0.25,0.5,0.5,0,0.0,0.16666667,0,0.5,0.0,1,0.22222222
0.3488372,0.625,0.0,0.5,0,0.5,0.86,1.0,1,0.125,0.5,1.0,1,1.0,0.5,0,0.0,0.0,1,0.2888889
0.44186047,0.8,0.5,0.5,1,0.16666667,0.32,0.5,1,0.25,0.5,0.5,1,-1.0,0.33333334,1,0.5,0.5,1,0.2888889
0.6976744,0.05,1.0,0.5,0,0.6666667,0.66,0.5,1,0.0,0.5,1.0,0,0.0,0.33333334,1,0.5,0.0,0,0.26666668
0.37209302,0.3,0.0,0.5,1,0.16666667,0.92,1.0,1,0.375,1.0,0.5,1,-1.0,0.5,0,0.0,0.5,1,0.22222222
0.4651163,0.275,0.5,0.0,0,0.6666667,0.72,0.5,1,0.25,0.5,1.0,1,0.0,0.33333334,0,0.5,0.0,1,0.24444444
0.44186047,0.15,0.5,0.5,1,0.5,0.88,0.0,1,0.0,0.5,0.0,1,0.0,0.6666667,0,0.0,0.5,0,0.17777778
0.60465115,0.3,1.0,1.0,1,0.16666667,0.06,0.5,1,0.125,1.0,0.5,0,0.0,0.8333333,0,1.0,0.0,1,0.33333334
0.7906977,0.3,1.0,1.0,1,0.16666667,0.5,0.5,1,0.125,0.0,0.5,1,1.0,0.8333333,0,0.5,0.5,1,0.37777779
0.37209302,0.525,0.5,1.0,0,0.33333334,0.56,0.5,1,0.25,0.0,0.5,0,1.0,0.33333334,0,0.0,0.5,1,0.26666668
0.37209302,0.675,1.0,0.0,1,0.33333334,0.68,0.5,1,0.0,0.5,0.5,1,1.0,0.5,0,0.5,1.0,1,0.26666668
0.5813953,0.375,0.0,0.5,1,0.8333333,0.12,0.5,1,0.125,0.0,0.5,1,1.0,0.8333333,0,0.0,0.5,1,0.24444444
0.53488374,0.725,0.0,0.5,0,0.5,0.66,0.5,0,0.125,0.0,0.0,1,0.0,0.5,0,0.0,0.5,1,0.24444444
0.6976744,0.325,1.0,0.5,1,0.6666667,0.14,0.5,1,0.25,0.0,1.0,1,0.0,0.6666667,0,0.0,1.0,1,0.31111112
0.53488374,0.3,0.5,0.0,1,0.8333333,0.06,0.5,1,0.0,0.0,1.0,0,0.0,0.6666667,1,0.0,0.5,1,0.15555556
0.39534885,0.55,0.0,0.5,0,0.8333333,0.46,0.0,1,0.25,0.0,0.5,1,1.0,0.6666667,0,0.5,0.0,0,0.24444444
0.53488374,0.025,0.5,0.5,0,0.5,0.6,1.0,1,0.0,0.0,0.5,1,1.0,0.5,0,1.0,0.5,1,0.2
0.60465115,0.075,1.0,0.5,1,0.33333334,0.96,0.5,1,0.125,0.0,1.0,1,1.0,0.33333334,0,0.0,0.5,0,0.26666668
0.55813956,0.425,1.0,1.0,0,0.6666667,0.7,0.5,1,0.25,0.5,0.5,1,1.0,0.16666667,0,0.5,0.0,1,0.35555556
0.5116279,0.95,1.0,0.5,1,0.33333334,0.6,0.5,1,0.125,0.5,0.5,1,1.0,0.33333334,0,0.0,0.5,1,0.4
0.5813953,0.725,0.5,0.0,1,1.0,0.22,0.0,1,0.0,0.5,1.0,1,0.0,0.5,0,0.0,0.5,0,0.2888889
0.60465115,0.1,1.0,0.0,1,0.6666667,0.16,0.5,1,0.25,1.0,1.0,1,0.0,0.16666667,0,1.0,1.0,1,0.24444444
0.627907,0.85,0.5,1.0,1,0.5,0.6,0.5,1,0.375,0.0,1.0,1,1.0,0.6666667,0,1.0,1.0,1,0.44444445
0.53488374,0.725,0.5,1.0,1,0.6666667,0.22,0.5,1,0.125,0.0,1.0,1,1.0,0.5,0,1.0,0.0,0,0.37777779
0.41860464,0.6,1.0,0.0,1,0.5,0.7,0.5,1,0.125,1.0,0.5,0,0.0,0.5,0,0.0,0.0,1,0.2888889
0.4651163,0.825,0.5,0.5,1,0.33333334,0.12,0.5,0,0.125,0.0,0.5,1,1.0,0.5,0,0.0,0.0,1,0.2888889
0.60465115,0.4,0.0,1.0,1,0.6666667,0.34,0.5,1,0.125,0.5,0.5,1,1.0,0.6666667,0,0.0,0.0,1,0.31111112
0.3255814,0.225,0.5,0.5,1,0.5,0.78,0.5,1,0.125,0.0,1.0,1,-1.0,0.33333334,0,0.5,0.5,0,0.17777778
0.4883721,0.5,0.5,1.0,1,1.0,0.84,0.5,1,0.0,0.5,1.0,1,1.0,0.33333334,0,0.0,0.0,0,0.33333334
0.39534885,0.55,0.0,0.5,1,0.33333334,0.34,0.0,1,0.125,1.0,0.0,0,1.0,0.5,0,1.0,0.5,1,0.24444444
0.44186047,0.55,0.0,0.0,1,0.6666667,0.2,0.5,1,0.375,0.5,1.0,1,1.0,0.6666667,0,0.0,0.5,1,0.24444444
0.627907,0.575,0.5,1.0,0,0.33333334,0.96,0.5,1,0.125,0.0,1.0,0,0.0,0.33333334,0,1.0,0.5,1,0.37777779
0.4651163,0.95,0.0,0.5,0,0.33333334,0.76,0.5,1,0.125,0.5,0.0,1,0.0,0.5,0,1.0,0.0,1,0.35555556
0.44186047,0.9,1.0,0.5,0,0.0,0.8,0.5,1,0.375,0.0,0.5,0,0.0,0.33333334,0,0.5,0.0,1,0.37777779
0.25581396,0.875,0.5,0.5,0,0.6666667,0.22,1.0,1,0.5,1.0,1.0,0,0.0,0.16666667,0,0.5,0.0,1,0.31111112
0.53488374,0.8,0.0,1.0,1,0.33333334,0.42,0.0,1,0.25,0.0,1.0,1,1.0,0.33333334,0,0.0,0.0,1,0.35555556
0.53488374,0.95,0.5,0.0,0,0.8333333,0.06,0.5,1,0.375,1.0,0.0,0,-1.0,0.33333334,0,1.0,1.0,1,0.31111112
0.74418604,0.1,1.0,0.5,0,0.6666667,0.1,0.5,1,0.125,0.5,1.0,1,0.0,0.5,0,0.5,0.5,0,0.2888889
0.39534885,0.275,0.0,0.0,1,0.5,0.22,0.0,1,0.25,0.0,0.5,1,-1.0,0.6666667,0,0.5,0.0,1,0.13333334
0.4651163,0.5,0.5,1.0,0,0.16666667,0.3,1.0,1,0.25,0.5,0.0,0,0.0,0.16666667,0,1.0,0.5,1,0.2888889
0.4651163,0.85,1.0,0.5,1,0.6666667,1.0,0.0,1,0.0,0.0,0.5,1,0.0,0.5,0,1.0,0.0,1,0.37777779
0.6511628,0.5,0.5,0.5,1,0.33333334,0.42,0.5,1,0.0,0.5,0.5,1,1.0,0.5,0,0.5,0.5,0,0.33333334
0.41860464,0.75,1.0,0.5,1,0.16666667,0.7,1.0,1,0.0,0.5,1.0,0,1.0,0.8333333,0,1.0,0.0,0,0.4
0.4883721,0.15,0.5,1.0,0,0.6666667,0.9,0.0,1,0.375,0.5,0.5,0,1.0,0.5,0,0.0,0.5,0,0.26666668
0.53488374,0.25,0.5,1.0,0,0.16666667,0.24,0.5,1,0.25,0.0,0.5,0,-1.0,0.6666667,1,0.5,0.0,1,0.22222222
0.4651163,0.725,0.5,0.5,0,0.0,0.14,0.5,1,0.125,1.0,0.5,0,1.0,0.33333334,0,0.0,0.0,0,0.2888889
0.37209302,0.175,0.0,1.0,1,0.8333333,0.24,1.0,1,0.375,0.5,0.5,1,1.0,0.5,0,0.0,0.0,1,0.22222222
0.4651163,0.35,1.0,0.5,0,0.33333334,0.88,0.5,1,0.125,0.0,1.0,1,1.0,0.16666667,0,0.0,0.0,1,0.93333334
0.5813953,0.275,1.0,0.0,1,0.0,0.66,0.0,1,0.125,0.5,0.5,1,-1.0,0.5,0,0.5,0.5,1,0.24444444
0.30232558,0.35,1.0,1.0,1,0.33333334,0.46,1.0,1,0.25,0.5,0.5,0,0.0,0.5,0,0.0,0.0,0,0.26666668
0.4651163,0.7,1.0,0.5,0,0.33333334,0.82,0.5,1,0.25,1.0,0.5,1,0.0,0.16666667,0,0.0,0.5,0,0.33333334
0.3488372,0.375,1.0,0.5,1,0.8333333,0.24,0.5,1,0.375,0.0,0.5,1,1.0,0.6666667,0,0.0,0.5,0,0.24444444
0.60465115,0.55,0.5,1.0,1,0.16666667,0.24,0.0,1,0.125,0.0,1.0,0,0.0,0.6666667,0,0.0,0.5,0,0.31111112
0.23255815,0.1,1.0,0.5,1,0.16666667,0.56,0.0,1,0.25,0.0,1.0,0,0.0,0.6666667,0,0.5,0.5,1,0.15555556
0.37209302,0.8,0.5,0.0,1,0.6666667,0.8,1.0,1,0.125,1.0,0.0,1,-1.0,0.5,0,0.0,0.0,1,0.2888889
0.4883721,0.375,0.5,1.0,1,0.33333334,0.26,0.0,1,0.125,0.0,0.5,1,1.0,0.33333334,0,0.5,0.0,1,0.26666668
0.6511628,0.65,0.5,0.5,1,0.5,0.22,0.5,1,0.0,0.5,0.5,1,-1.0,0.6666667,0,0.0,1.0,0,0.2888889
0.44186047,0.725,1.0,0.5,1,0.33333334,0.48,0.5,1,0.125,0.0,1.0,0,0.0,0.33333334,0,0.0,0.5,1,0.31111112
0.37209302,0.2,0.5,0.5,1,1.0,0.14,0.5,1,0.125,1.0,0.5,0,1.0,0.16666667,1,0.0,0.5,0,0.15555556
0.6976744,0.875,1.0,0.5,1,0.16666667,0.74,0.5,1,0.25,0.0,0.5,1,0.0,0.5,0,1.0,0.5,1,0.44444445
0.23255815,0.625,0.5,0.5,0,0.5,0.58,0.0,1,0.25,1.0,0.0,1,1.0,0.5,0,0.0,0.0,1,0.22222222
0.13953489,0.425,1.0,0.5,0,0.8333333,0.52,0.5,1,0.25,0.5,1.0,1,-1.0,0.5,0,0.5,0.5,1,0.17777778
0.5116279,0.175,1.0,0.5,0,0.33333334,0.88,0.0,1,0.125,0.5,0.5,1,1.0,0.33333334,0,0.5,1.0,1,0.24444444
0.37209302,0.95,0.0,1.0,0,0.33333334,0.74,1.0,0,0.375,0.5,0.5,0,1.0,0.8333333,0,0.5,0.0,0,0.35555556
0.30232558,0.75,1.0,0.5,1,0.6666667,0.14,0.5,1,0.0,0.5,0.5,1,1.0,0.5,1,0.5,0.5,1,0.24444444
0.53488374,0.2,0.5,0.5,0,0.8333333,0.42,0.5,1,0.25,0.5,0.5,1,0.0,0.6666667,0,0.5,0.0,1,0.24444444
0.4651163,0.35,0.5,1.0,0,0.33333334,0.32,0.0,1,0.125,0.5,1.0,0,-1.0,0.6666667,0,0.0,0.0,1,0.24444444
0.37209302,0.8,1.0,1.0,1,0.8333333,0.8,0.5,1,0.125,1.0,0.0,1,1.0,0.5,0,0.0,0.5,1,0.35555556
0.25581396,0.7,0.5,0.5,1,0.5,0.72,1.0,1,0.375,0.5,1.0,1,1.0,0.5,1,0.0,0.5,1,0.2888889
0.55813956,0.775,0.5,0.5,0,0.6666667,0.48,1.0,1,0.125,0.5,1.0,0,1.0,0.5,0,0.5,0.5,1,0.35555556
0.53488374,0.45,0.5,0.5,1,0.8333333,0.82,0.0,1,0.0,1.0,1.0,1,-1.0,0.5,0,1.0,1.0,0,0.2888889
0.41860464,0.725,0.0,0.5,0,0.6666667,0.42,0.5,1,0.25,0.0,1.0,1,1.0,0.6666667,0,0.0,0.0,1,0.2888889
0.6976744,0.375,0.5,0.5,0,0.5,0.8,0.0,1,0.25,0.5,1.0,1,0.0,0.33333334,1,0.0,0.5,1,0.2888889
0.30232558,0.2,0.5,0.5,1,0.33333334,0.04,0.5,1,0.25,0.0,0.5,1,1.0,0.33333334,0,0.5,0.0,1,0.15555556
0.23255815,0.625,1.0,0.0,1,1.0,0.14,1.0,1,0.0,0.5,1.0,1,0.0,0.8333333,0,0.0,0.0,1,0.22222222
0.3488372,0.975,0.0,1.0,0,0.33333334,0.76,1.0,1,0.25,0.0,0.0,1,0.0,0.5,0,1.0,0.0,1,0.35555556
0.44186047,0.3,0.5,1.0,1,0.5,0.12,0.0,1,0.0,0.0,0.5,1,-1.0,1.0,1,0.5,0.5,1,0.17777778
0.4651163,0.45,1.0,0.5,0,0.6666667,0.68,0.0,1,0.125,1.0,0.0,1,1.0,0.6666667,0,0.0,0.0,1,0.2888889
0.41860464,0.675,1.0,0.0,1,0.6666667,0.72,0.0,1,0.125,0.5,1.0,1,1.0,0.6666667,0,0.0,0.5,0,0.31111112
0.4883721,0.55,1.0,1.0,0,1.0,0.66,0.5,1,0.125,0.0,1.0,0,0.0,0.33333334,1,0.5,0.5,1,0.31111112
0.25581396,0.85,0.5,1.0,1,0.5,0.82,0.0,1,0.375,0.5,0.5,0,1.0,0.5,0,1.0,0.0,0,0.35555556
0.6511628,0.75,0.5,1.0,0,0.5,0.52,0.5,1,0.0,0.0,0.5,1,0.0,0.16666667,0,1.0,0.5,0,0.35555556
0.44186047,0.05,0.5,0.5,1,0.8333333,0.9,0.0,1,0.0,0.5,0.5,0,0.0,0.5,1,0.0,0.0,1,0.15555556
0.60465115,1.0,0.0,0.0,1,0.5,0.56,0.0,1,0.25,0.5,0.5,1,-1.0,0.33333334,0,0.0,0.0,1,0.33333334
0.4883721,0.75,1.0,1.0,0,0.6666667,0.5,1.0,1,0.125,0.0,0.0,0,0.0,0.5,0,0.5,0.5,1,0.33333334
0.5116279,0.875,0.5,0.5,1,0.5,0.5,0.5,1,0.25,1.0,0.5,1,1.0,0.33333334,0,0.5,0.0,1,0.4
0.5116279,0.65,0.5,1.0,1,0.6666667,0.92,0.0,1,0.375,0.5,0.5,0,1.0,0.33333334,0,0.0,0.5,0,0.35555556
0.5116279,0.85,0.5,0.0,1,0.6666667,0.24,0.5,1,0.25,0.0,0.5,1,1.0,0.0,0,1.0,0.5,0,0.31111112
0.53488374,0.1,0.5,1.0,1,0.33333334,0.7,1.0,1,0.0,1.0,0.0,0,0.0,0.5,1,1.0,0.0,1,0.24444444
0.627907,0.35,0.5,0.0,1,0.0,0.24,0.5,1,0.125,0.0,0.5,0,0.0,0.5,0,0.0,0.5,1,0.22222222
0.4651163,0.875,1.0,0.5,0,0.0,0.1,0.5,1,0.25,0.5,1.0,0,0.0,0.16666667,0,0.5,0.0,1,0.35555556
0.53488374,0.2,0.5,0.5,1,0.0,0.96,1.0,1,0.25,0.5,1.0,1,-1.0,0.33333334,0,0.0,0.0,1,0.2888889
0.41860464,0.075,0.5,1.0,1,0.5,0.12,0.5,1,0.25,0.0,0.5,0,1.0,0.5,0,0.0,0.0,0,0.2
0.6511628,0.8,0.0,0.0,1,0.0,0.68,0.5,1,0.25,0.0,0.5,1,-1.0,0.5,0,1.0,0.0,1,0.35555556
0.3488372,0.825,0.0,0.5,0,0.5,0.42,0.5,1,0.0,0.5,1.0,1,1.0,0.33333334,0,0.0,0.0,1,0.26666668
0.6976744,0.175,0.5,0.0,0,0.5,0.84,1.0,1,0.25,0.5,0.5,1,-1.0,0.5,0,0.0,1.0,0,0.24444444
0.44186047,0.85,0.0,1.0,1,0.6666667,0.78,0.5,1,0.125,0.0,0.5,1,1.0,0.6666667,0,0.0,0.0,1,0.35555556
0.23255815,0.675,0.0,0.5,0,0.6666667,0.14,1.0,1,0.0,0.0,0.5,1,-1.0,0.33333334,0,0.0,0.5,1,0.15555556
0.4651163,0.525,1.0,0.5,0,0.6666667,0.46,0.5,1,0.375,0.0,0.5,1,1.0,0.33333334,1,0.0,0.0,1,0.26666668
0.3488372,0.825,0.5,0.0,1,0.6666667,0.02,0.5,1,0.375,0.0,0.5,1,0.0,0.33333334,0,0.5,0.0,1,0.26666668
0.55813956,0.425,0.0,0.5,1,0.5,0.42,0.5,1,0.0,0.5,0.5,1,-1.0,0.5,0,0.0,0.0,0,0.24444444
0.3488372,0.2,0.0,0.5,1,0.5,0.7,1.0,1,0.125,0.0,1.0,0,1.0,0.5,0,1.0,0.5,0,0.2
0.37209302,0.275,0.0,0.5,1,0.33333334,0.24,0.5,1,0.25,0.0,0.5,1,0.0,0.5,1,0.5,0.0,1,0.15555556
0.18604651,0.5,0.5,1.0,0,0.5,0.82,0.0,1,0.125,0.5,0.5,1,0.0,0.5,0,0.5,0.0,0,0.22222222
0.37209302,0.525,0.5,0.0,1,0.16666667,0.06,0.0,1,0.0,0.5,0.5,1,0.0,0.16666667,0,0.5,0.0,1,0.17777778
0.093023255,0.8,0.5,0.5,1,0.8333333,0.04,0.5,1,0.25,1.0,0.5,0,0.0,0.6666667,1,0.5,0.5,0,0.2
0.20930232,0.8,0.0,1.0,1,0.33333334,0.02,0.0,1,0.125,0.5,0.5,0,0.0,0.5,0,0.0,0.0,0,0.22222222
0.55813956,0.575,0.5,1.0,0,0.5,0.28,0.5,1,0.0,0.0,0.5,1,0.0,0.33333334,0,0.5,0.5,1,0.2888889
0.55813956,0.775,0.5,1.0,1,0.5,0.46,0.5,1,0.25,0.0,0.5,1,1.0,0.5,0,0.0,0.0,0,0.37777779
0.5116279,0.2,0.5,0.5,1,0.8333333,0.1,0.5,1,0.0,0.0,0.5,1,1.0,0.5,0,0.5,0.5,1,0.2
0.30232558,0.05,1.0,0.5,0,0.0,1.0,0.0,1,0.125,0.0,0.5,1,0.0,0.5,0,0.0,0.0,1,0.15555556
0.44186047,0.875,0.5,0.0,1,0.5,1.0,0.0,0,0.375,0.0,0.5,0,0.0,0.33333334,0,0.0,0.0,0,0.31111112
0.44186047,0.075,0.0,0.0,1,0.6666667,0.52,0.5,1,0.375,0.5,0.5,1,0.0,0.6666667,0,1.0,0.0,0,0.2
0.27906978,0.25,1.0,0.5,0,1.0,0.56,0.5,1,0.125,0.0,0.5,1,-1.0,0.33333334,0,0.0,1.0,0,0.13333334
0.6511628,0.7,0.5,1.0,0,0.5,0.92,0.0,1,0.25,0.0,0.0,1,1.0,0.33333334,0,0.0,0.0,0,0.37777779
0.55813956,0.4,0.5,0.0,1,0.33333334,0.76,0.0,1,0.125,0.5,0.5,0,-1.0,0.5,0,0.5,1.0,1,0.24444444
0.41860464,0.875,1.0,0.0,0,1.0,0.16,0.0,1,0.25,1.0,0.5,1,1.0,0.5,0,0.0,0.0,1,0.31111112
0.44186047,0.3,0.5,0.5,0,0.6666667,0.8,1.0,0,0.25,0.0,0.0,0,0.0,0.33333334,0,0.5,0.0,0,0.22222222
0.4651163,0.0,1.0,0.5,1,0.8333333,0.24,0.5,1,0.25,0.0,0.5,1,1.0,0.5,0,0.0,0.0,1,0.2
0.1627907,0.3,0.0,0.5,1,0.16666667,0.44,0.5,1,0.375,1.0,0.0,0,1.0,0.6666667,0,0.0,0.0,0,0.15555556
0.41860464,0.575,0.5,0.5,0,0.6666667,0.54,1.0,1,0.125,0.0,0.5,1,1.0,0.6666667,0,0.0,1.0,1,0.24444444
0.3488372,0.375,0.0,0.0,1,0.16666667,0.72,0.5,1,0.0,0.0,0.5,1,1.0,0.16666667,0,0.5,0.5,0,0.15555556
0.30232558,0.525,0.5,0.5,1,0.16666667,0.16,1.0,1,0.375,0.0,1.0,1,-1.0,0.6666667,0,1.0,0.5,1,0.24444444
0.39534885,0.875,0.5,1.0,0,0.6666667,0.08,0.5,1,0.25,1.0,0.5,1,0.0,0.5,0,0.5,0.5,0,0.33333334
0.6976744,0.9,0.5,0.5,1,0.6666667,0.86,0.0,1,0.375,0.0,0.5,1,1.0,0.5,0,0.0,0.0,1,0.44444445
0.53488374,0.275,0.0,1.0,1,0.33333334,0.82,0.5,1,0.375,1.0,0.5,1,0.0,0.33333334,0,0.0,1.0,0,0.26666668
0.37209302,0.45,0.0,0.5,1,0.8333333,0.52,0.0,1,0.5,0.5,0.5,1,1.0,0.33333334,0,0.5,0.0,1,0.24444444
0.5116279,0.55,0.5,1.0,0,0.33333334,0.66,0.5,1,0.25,0.5,0.5,0,1.0,0.5,0,1.0,0.5,1,0.35555556
0.627907,0.95,1.0,0.5,1,0.5,0.72,0.5,1,0.25,0.5,1.0,0,0.0,0.33333334,0,0.0,0.0,0,0.44444445
0.5813953,1.0,1.0,1.0,0,0.5,0.48,0.0,1,0.125,0.5,0.5,1,0.0,0.33333334,0,0.0,1.0,0,0.37777779
0.44186047,0.225,1.0,0.5,0,0.5,0.26,0.0,1,0.25,0.0,0.5,0,-1.0,0.33333334,0,0.0,0.5,0,0.2
0.3488372,0.725,0.5,0.5,1,0.8333333,0.48,0.5,0,0.125,0.0,0.5,1,0.0,0.5,0,0.0,1.0,1,0.22222222
0.53488374,0.375,0.0,0.5,0,0.16666667,0.96,1.0,1,0.125,0.0,0.5,1,1.0,0.5,0,0.0,0.0,1,0.26666668
0.4883721,0.0,0.5,0.5,0,0.33333334,0.84,0.0,1,0.25,0.0,1.0,1,-1.0,0.33333334,0,0.0,0.0,1,0.17777778
0.55813956,0.0,0.5,0.0,1,0.16666667,0.46,0.0,1,0.125,0.5,0.5,1,-1.0,0.33333334,0,0.0,0.0,1,0.15555556
0.53488374,0.45,0.0,1.0,1,1.0,0.22,1.0,1,0.25,0.5,0.5,1,1.0,0.6666667,0,0.5,0.5,0,0.31111112
0.5813953,0.5,0.5,0.5,1,0.5,0.88,0.5,1,0.125,0.0,0.5,0,1.0,0.33333334,0,1.0,0.5,1,0.33333334
0.37209302,0.025,0.0,0.5,1,0.33333334,0.64,1.0,1,0.0,0.5,1.0,1,0.0,0.6666667,0,1.0,0.0,1,0.17777778
0.627907,0.675,0.5,0.5,1,0.5,0.4,0.5,1,0.25,0.0,0.5,1,0.0,0.33333334,0,1.0,0.0,1,0.35555556
0.4651163,0.3,0.5,0.0,1,0.6666667,0.12,0.5,1,0.0,0.0,0.5,1,0.0,0.6666667,0,0.0,0.0,1,0.17777778
0.7209302,0.55,0.0,0.5,1,0.6666667,0.76,0.0,1,0.0,1.0,0.5,1,1.0,0.33333334,0,0.5,0.5,1,0.35555556
0.3488372,0.3,0.5,0.5,1,0.33333334,0.32,0.0,1,0.0,0.0,0.5,0,1.0,0.6666667,0,0.5,0.0,1,0.17777778
0.6744186,0.175,0.5,1.0,1,0.33333334,0.6,1.0,1,0.0,0.0,0.5,1,0.0,0.6666667,0,0.0,0.5,1,0.2888889
0.4651163,0.4,0.5,0.0,1,0.16666667,0.56,1.0,0,0.0,0.0,1.0,1,0.0,0.5,0,0.0,0.0,1,0.22222222
0.3488372,0.225,1.0,1.0,1,0.5,0.7,0.5,1,0.0,1.0,1.0,0,-1.0,0.5,0,0.0,0.0,0,0.24444444
0.37209302,0.525,0.0,0.5,1,0.8333333,0.54,0.5,1,0.375,0.0,0.5,1,0.0,0.6666667,0,0.5,1.0,1,0.24444444
0.39534885,0.2,1.0,1.0,0,0.33333334,0.64,0.0,1,0.0,0.5,1.0,1,1.0,0.5,0,0.0,0.0,1,0.24444444
0.5116279,0.5,0.0,0.0,1,0.6666667,0.08,0.5,1,0.0,0.5,1.0,0,1.0,0.33333334,0,0.0,0.0,0,0.22222222
0.5116279,0.15,0.5,1.0,0,0.33333334,0.66,0.5,1,0.0,1.0,0.5,1,1.0,0.33333334,0,0.0,0.0,0,0.24444444
0.37209302,0.675,0.5,0.5,1,0.16666667,0.2,0.5,1,0.5,0.5,0.5,0,1.0,0.5,1,0.0,0.0,0,0.26666668
0.44186047,0.75,1.0,0.5,0,0.6666667,0.4,0.5,1,0.0,0.5,0.5,0,0.0,0.5,0,0.0,0.5,0,0.2888889
0.74418604,0.1,0.5,0.0,1,1.0,0.52,0.0,1,0.25,1.0,1.0,0,0.0,0.5,0,0.0,0.0,1,0.2888889
0.6744186,0.475,0.0,0.5,0,0.6666667,0.68,0.5,1,0.375,0.0,0.5,0,-1.0,0.5,0,0.5,0.5,0,0.31111112
0.5116279,0.075,0.5,0.0,1,0.33333334,0.74,0.0,1,0.125,0.5,0.5,1,0.0,0.33333334,0,1.0,0.0,1,0.2
0.44186047,0.6,0.5,0.5,0,0.33333334,0.7,0.5,1,0.0,0.5,0.5,0,1.0,0.5,0,0.0,0.5,1,0.26666668
0.4651163,0.275,0.5,0.5,1,1.0,0.1,0.0,1,0.125,0.5,0.5,1,-1.0,0.6666667,0,0.0,0.5,0,0.17777778
0.53488374,0.525,0.0,1.0,1,0.5,0.38,0.5,1,0.375,0.0,0.5,1,-1.0,0.5,0,0.5,0.0,1,0.26666668
0.30232558,0.525,0.5,1.0,1,0.33333334,0.28,0.0,0,0.25,1.0,1.0,1,0.0,0.33333334,0,0.0,1.0,0,0.2
0.39534885,0.925,0.0,0.5,0,0.5,0.4,0.0,1,0.0,1.0,0.5,1,0.0,0.33333334,1,0.0,0.0,0,0.24444444
0.20930232,0.55,1.0,0.5,0,0.5,0.64,0.0,1,0.25,0.0,1.0,0,0.0,0.6666667,0,0.0,0.0,1,0.22222222
0.4883721,0.575,0.5,0.5,1,0.6666667,0.2,0.0,0,0.5,0.5,0.5,1,0.0,0.33333334,0,1.0,0.5,0,0.2888889
0.53488374,0.4,0.0,1.0,0,0.8333333,0.5,0.0,1,0.0,0.0,0.5,0,1.0,0.8333333,0,0.0,0.0,1,0.24444444
0.37209302,0.95,1.0,1.0,0,0.8333333,0.88,0.0,1,0.0,1.0,0.0,1,-1.0,0.5,0,0.5,0.0,1,0.35555556
0.6511628,0.775,0.5,1.0,1,0.5,0.74,0.5,0,0.25,0.5,1.0,0,-1.0,0.6666667,0,0.5,0.0,0,0.42222223
0.27906978,0.275,0.5,1.0,0,0.5,0.72,0.0,1,0.25,0.0,0.5,1,1.0,0.5,0,1.0,0.0,1,0.22222222
0.23255815,0.85,0.0,1.0,1,0.6666667,0.84,1.0,1,0.0,0.5,0.5,1,0.0,0.6666667,0,0.0,0.0,0,0.2888889
0.4651163,0.425,0.5,1.0,1,0.33333334,0.4,0.0,0,0.25,1.0,0.5,0,1.0,0.33333334,0,0.5,0.0,1,0.2888889
0.5813953,0.825,0.5,0.5,0,0.6666667,0.76,0.5,1,0.125,0.5,1.0,1,0.0,0.6666667,1,0.5,0.0,1,0.37777779
0.6744186,0.825,1.0,1.0,1,0.5,0.06,0.5,1,0.375,0.0,0.5,0,-1.0,0.33333334,0,1.0,0.5,0,0.42222223
0.37209302,0.2,0.0,1.0,0,0.6666667,0.06,0.5,1,0.0,0.0,0.5,1,0.0,0.33333334,0,0.5,0.0,1,0.13333334
0.5813953,0.7,0.0,0.0,0,1.0,0.34,0.0,1,0.0,0.0,0.0,0,1.0,0.5,0,0.0,1.0,1,0.22222222
0.44186047,0.3,1.0,0.0,0,0.6666667,0.2,0.0,1,0.0,0.0,0.5,1,0.0,0.8333333,0,0.0,0.0,1,0.17777778
0.41860464,0.3,1.0,0.5,1,0.5,0.52,0.5,1,0.125,0.5,1.0,1,1.0,0.33333334,0,0.0,0.5,0,0.24444444
0.55813956,0.3,0.0,1.0,1,0.33333334,0.18,0.5,1,0.25,0.0,0.5,1,-1.0,0.5,0,0.0,0.0,1,0.24444444
0.53488374,0.725,1.0,0.5,1,0.5,0.98,0.5,1,0.25,0.0,1.0,0,0.0,0.6666667,0,0.0,0.0,0,0.4
0.23255815,0.225,0.5,0.5,0,0.16666667,0.86,0.5,1,0.0,0.5,1.0,1,-1.0,0.6666667,0,0.5,0.0,1,0.17777778
0.6511628,0.0,1.0,1.0,1,0.6666667,0.98,0.5,1,0.0,0.5,0.5,1,1.0,0.6666667,1,0.0,0.0,0,0.2888889
0.627907,0.725,1.0,0.0,1,0.0,0.8,1.0,1,0.375,0.0,1.0,1,1.0,0.33333334,1,1.0,0.5,0,0.4
0.3488372,0.175,0.0,1.0,1,0.6666667,0.96,0.5,1,0.0,1.0,0.0,0,-1.0,0.5,0,0.0,0.5,1,0.17777778
0.4883721,0.1,0.5,1.0,1,0.6666667,0.36,0.5,1,0.25,0.5,0.5,1,-1.0,0.6666667,0,0.0,0.0,1,0.22222222
0.5116279,0.25,0.0,1.0,1,0.5,0.5,1.0,1,0.0,0.0,0.5,1,1.0,0.6666667,0,0.0,0.0,0,0.24444444
0.4883721,0.375,0.0,0.0,1,0.33333334,0.24,0.5,1,0.0,1.0,1.0,1,-1.0,0.5,0,1.0,0.0,0,0.22222222
0.37209302,0.475,0.0,1.0,1,0.5,0.64,0.5,1,0.0,0.5,1.0,1,-1.0,0.33333334,0,0.5,0.0,1,0.24444444
0.3488372,0.05,1.0,0.5,0,0.0,0.78,1.0,1,0.375,0.0,0.5,1,0.0,0.5,0,0.5,0.0,0,0.22222222
0.44186047,0.975,0.5,0.5,0,0.6666667,0.5,0.5,1,0.25,0.0,1.0,0,-1.0,0.33333334,0,1.0,1.0,0,0.33333334
0.60465115,0.725,0.5,0.5,0,0.5,0.3,0.5,1,0.125,0.5,0.5,1,0.0,0.5,0,0.0,0.0,0,0.33333334
0.5116279,0.325,1.0,0.5,1,0.8333333,0.5,0.5,1,0.0,1.0,1.0,0,1.0,0.5,0,0.0,0.5,0,0.2888889
0.39534885,0.325,0.5,1.0,0,0.6666667,0.06,0.5,0,0.125,0.0,1.0,1,0.0,0.5,0,1.0,0.5,1,0.2
0.55813956,0.45,0.5,0.5,0,0.5,0.72,0.5,1,0.125,0.5,0.5,1,-1.0,0.5,0,1.0,0.5,0,0.2888889
0.046511628,0.625,0.0,1.0,0,0.6666667,0.46,0.0,1,0.25,0.0,0.5,0,0.0,0.5,0,0.0,0.0,1,0.15555556
0.60465115,0.15,0.5,0.5,1,0.33333334,0.9,0.5,1,0.125,0.5,0.5,1,1.0,0.5,0,0.5,0.5,1,0.2888889
0.20930232,0.2,0.0,0.5,0,0.33333334,0.92,0.0,1,0.125,1.0,0.5,1,0.0,0.5,0,0.5,0.5,1,0.13333334
0.39534885,0.85,1.0,0.5,1,0.5,0.12,0.0,0,0.125,0.0,0.5,1,1.0,0.5,0,1.0,0.0,1,0.31111112
0.27906978,0.25,0.5,0.5,1,0.5,1.0,0.5,1,0.375,0.0,0.5,1,0.0,0.5,0,0.0,0.0,1,0.22222222
0.25581396,0.375,0.5,1.0,1,0.33333334,0.96,0.5,1,0.25,0.0,0.5,1,0.0,0.33333334,0,0.5,1.0,1,0.22222222
0.60465115,0.875,0.5,1.0,0,0.5,0.62,0.0,1,0.375,0.0,0.5,1,0.0,0.33333334,0,0.0,0.5,1,0.37777779
0.37209302,0.675,0.5,0.5,1,0.5,0.82,1.0,1,0.375,0.0,1.0,1,1.0,0.5,1,0.5,0.0,0,0.33333334
0.4883721,0.35,0.5,1.0,1,1.0,0.02,0.5,0,0.125,0.5,0.5,0,-1.0,0.6666667,0,0.0,0.0,1,0.22222222
0.44186047,0.675,0.5,0.5,0,0.5,0.98,0.5,1,0.375,0.0,0.5,1,-1.0,0.5,0,0.0,0.0,1,0.31111112
0.5116279,0.025,1.0,0.0,1,0.33333334,0.46,0.5,1,0.125,0.5,0.5,1,1.0,0.5,0,0.5,0.0,1,0.22222222
0.44186047,0.725,0.0,0.5,1,0.5,0.9,0.0,1,0.375,0.0,0.5,0,0.0,0.33333334,0,0.0,0.0,1,0.31111112
0.25581396,0.475,0.0,0.5,1,0.8333333,0.38,0.5,1,0.25,0.0,1.0,1,0.0,0.5,0,1.0,0.0,1,0.22222222
0.5813953,0.825,0.5,1.0,1,0.8333333,0.78,0.5,1,0.0,0.0,0.5,1,0.0,0.5,0,0.5,0.5,1,0.37777779
0.37209302,0.95,1.0,0.0,1,1.0,0.42,0.5,1,0.0,0.0,1.0,0,1.0,0.5,0,1.0,0.5,0,0.33333334
0.23255815,0.925,0.5,0.5,1,0.5,0.36,0.0,1,0.0,0.0,0.5,0,-1.0,0.33333334,0,0.0,0.5,0,0.2
0.37209302,0.9,0.5,0.0,0,0.6666667,0.94,0.0,1,0.0,0.5,0.5,1,-1.0,0.5,0,0.0,0.0,0,0.26666668
0.6511628,0.5,0.5,0.0,0,0.16666667,0.7,1.0,1,0.0,1.0,1.0,1,0.0,0.33333334,0,0.0,0.5,1,0.31111112
0.55813956,0.35,0.0,0.5,1,0.33333334,0.84,0.0,1,0.5,0.5,0.5,0,1.0,0.5,0,1.0,0.0,1,0.33333334
0.39534885,0.475,0.5,0.5,1,0.16666667,0.54,0.0,1,0.125,0.0,1.0,1,0.0,0.5,0,0.0,0.0,1,0.22222222
0.39534885,0.7,1.0,1.0,1,0.6666667,0.92,0.0,1,0.125,0.0,0.5,1,1.0,0.5,0,0.0,1.0,0,0.31111112
0.39534885,0.875,1.0,0.5,1,0.5,0.74,1.0,1,0.625,0.5,0.5,1,0.0,0.33333334,0,0.5,0.0,1,0.42222223
0.7209302,0.2,0.0,0.5,1,0.5,0.08,0.5,1,0.125,0.0,0.5,0,0.0,0.16666667,0,1.0,0.0,1,0.24444444
0.4883721,0.925,0.5,0.5,1,0.33333334,0.76,1.0,1,0.125,0.0,0.0,0,1.0,0.6666667,0,0.5,0.0,1,0.37777779
0.5116279,0.825,0.5,0.0,1,0.6666667,0.02,1.0,0,0.0,0.0,1.0,0,1.0,0.16666667,0,0.0,0.0,1,0.26666668
0.5813953,0.975,0.0,1.0,1,0.0,0.82,1.0,1,0.25,1.0,0.0,1,0.0,0.6666667,0,1.0,0.5,0,0.44444445
0.4651163,0.875,0.5,0.0,1,0.5,0.34,0.5,1,0.375,0.5,0.5,1,1.0,0.33333334,0,0.5,1.0,0,0.33333334
0.39534885,0.275,0.0,0.0,0,0.5,0.6,0.5,1,0.125,0.5,0.0,1,0.0,0.6666667,0,1.0,0.5,0,0.17777778
0.41860464,0.1,0.5,0.5,0,0.0,0.74,1.0,1,0.25,0.5,0.5,0,1.0,0.6666667,0,0.0,0.5,1,0.22222222
0.44186047,0.1,0.5,1.0,0,0.6666667,0.64,0.5,1,0.375,0.5,0.0,1,-1.0,0.5,0,0.0,0.5,0,0.2
0.44186047,0.3,0.5,1.0,0,0.5,0.68,0.0,1,0.25,0.5,1.0,1,-1.0,0.33333334,0,0.0,0.5,0,0.22222222
0.53488374,0.625,0.5,0.5,1,0.6666667,0.9,0.5,1,0.25,0.5,0.5,1,-1.0,0.6666667,0,0.0,0.0,0,0.33333334
0.44186047,0.8,0.5,0.0,0,1.0,0.38,0.5,1,0.0,0.0,0.5,1,1.0,0.33333334,0,1.0,1.0,1,0.26666668
0.53488374,0.9,0.5,0.5,1,0.5,0.54,0.0,0,0.0,0.0,0.5,1,-1.0,0.33333334,1,0.0,0.0,0,0.26666668
0.44186047,0.625,0.5,1.0,0,0.6666667,0.18,0.5,1,0.125,0.5,0.5,1,1.0,0.5,0,1.0,1.0,0,0.2888889
0.44186047,0.0,0.5,0.5,0,0.8333333,0.46,1.0,1,0.5,0.5,0.5,1,-1.0,0.6666667,0,0.5,0.0,1,0.22222222
0.1627907,0.175,1.0,0.5,1,0.6666667,0.16,0.0,1,0.25,0.5,0.5,1,1.0,0.16666667,0,1.0,0.5,0,0.13333334
0.55813956,0.1,0.5,0.0,1,0.33333334,0.64,0.0,1,0.25,0.0,0.5,1,-1.0,0.5,0,0.0,0.5,0,0.17777778
0.4883721,0.375,0.5,0.0,1,0.16666667,0.32,0.0,1,0.25,0.0,0.5,1,1.0,0.33333334,0,0.0,1.0,1,0.5555556
0.5813953,0.5,0.5,0.5,1,0.6666667,0.86,0.5,1,0.25,0.0,0.0,1,0.0,0.16666667,0,1.0,0.5,1,0.31111112
0.046511628,0.05,0.5,0.0,0,0.33333334,0.34,0.5,1,0.125,0.0,0.5,1,-1.0,0.5,0,0.0,0.0,1,0.0
0.74418604,0.35,0.5,0.5,0,0.8333333,0.28,0.5,1,0.25,0.5,0.5,0,0.0,0.6666667,0,1.0,0.0,0,0.33333334
0.41860464,0.175,0.5,0.5,1,0.33333334,0.5,1.0,1,0.125,0.0,0.5,1,0.0,0.5,0,0.5,0.0,0,0.22222222
0.60465115,0.65,0.0,0.5,1,0.5,0.18,0.0,1,0.125,0.5,0.5,1,0.0,0.5,0,0.0,0.0,1,0.2888889
0.30232558,0.475,0.5,0.0,1,0.16666667,0.2,0.5,1,0.375,0.0,0.5,1,-1.0,0.8333333,0,0.0,0.0,1,0.2
0.53488374,0.5,0.5,0.5,0,0.33333334,0.78,0.5,1,0.125,0.0,1.0,1,0.0,0.5,0,0.5,0.0,1,0.31111112
0.30232558,0.425,0.0,1.0,0,0.33333334,0.5,0.5,1,0.125,0.5,1.0,1,0.0,0.6666667,1,0.0,0.0,0,0.75555557
0.3488372,0.95,0.5,0.0,1,0.33333334,0.2,0.5,1,0.125,0.5,0.5,0,1.0,0.5,0,0.0,1.0,1,0.26666668
0.6976744,0.225,0.5,0.5,0,0.5,0.04,0.5,0,0.25,1.0,0.0,1,0.0,0.8333333,0,0.5,1.0,1,0.82222223
0.41860464,0.525,1.0,1.0,0,0.33333334,0.46,0.0,0,0.125,0.0,1.0,0,1.0,0.5,0,0.0,0.0,0,0.26666668
0.4651163,0.725,0.0,0.5,1,1.0,0.74,0.0,1,0.375,0.5,0.5,1,1.0,0.5,0,0.5,0.0,1,0.33333334
0.55813956,0.55,1.0,0.0,0,0.6666667,0.36,0.5,1,0.125,0.0,1.0,1,0.0,0.5,0,0.5,0.0,1,0.2888889
0.5116279,0.925,0.5,0.0,1,0.8333333,0.24,0.5,1,0.0,0.0,0.5,0,1.0,0.33333334,0,1.0,0.0,1,0.33333334
0.4651163,0.375,0.5,0.5,1,0.5,0.4,0.0,1,0.375,0.5,0.5,1,1.0,0.6666667,1,1.0,0.0,1,0.26666668
0.4883721,0.475,0.5,0.5,1,0.5,0.96,1.0,1,0.0,1.0,0.5,1,0.0,0.5,0,0.0,0.0,1,0.31111112
0.76744187,0.1,0.5,0.5,0,0.33333334,0.42,1.0,1,0.0,0.0,1.0,0,-1.0,0.6666667,0,0.0,0.0,0,0.26666668
0.44186047,0.6,1.0,1.0,1,1.0,0.26,0.5,1,0.0,0.0,0.5,0,1.0,0.6666667,0,0.0,0.0,0,0.31111112
0.4651163,0.3,0.5,1.0,0,0.5,0.56,0.0,0,0.0,1.0,0.5,1,0.0,0.16666667,1,0.0,0.0,0,0.17777778
0.5813953,0.15,0.5,0.5,0,0.33333334,0.82,0.5,1,0.375,0.5,0.5,1,1.0,0.5,0,0.5,0.0,0,0.31111112
0.60465115,0.55,0.5,1.0,0,0.33333334,0.02,0.0,1,0.125,0.0,0.5,1,-1.0,0.5,0,0.0,0.5,1,0.24444444
0.60465115,0.525,0.5,0.5,0,0.6666667,0.56,0.5,1,0.0,0.5,0.5,1,1.0,0.5,0,0.0,0.5,1,0.2888889
0.53488374,0.075,0.5,0.5,1,0.8333333,0.84,0.5,1,0.5,0.5,0.5,0,1.0,0.6666667,0,1.0,0.0,1,0.31111112
0.27906978,0.7,1.0,0.0,1,0.8333333,0.22,0.0,1,0.5,0.5,0.5,0,-1.0,0.5,0,0.0,0.0,0,0.24444444
0.6744186,0.625,0.5,0.5,1,0.33333334,0.92,0.0,1,0.125,0.5,0.5,0,0.0,0.6666667,0,0.0,0.0,0,0.37777779
0.27906978,0.2,0.0,0.5,1,0.33333334,0.58,0.5,1,0.125,1.0,0.5,0,-1.0,0.5,0,0.5,0.0,1,0.15555556
0.4883721,0.475,0.5,0.5,0,0.8333333,0.52,0.5,1,0.125,0.0,0.5,0,1.0,0.33333334,0,0.0,0.0,1,0.26666668
0.3255814,0.725,1.0,0.0,0,1.0,0.96,0.0,1,0.0,0.0,0.5,0,1.0,0.33333334,0,0.5,0.0,1,0.26666668
0.44186047,0.525,1.0,1.0,1,0.5,0.12,0.0,0,0.125,0.5,0.5,0,1.0,0.5,0,0.0,0.0,1,0.26666668
0.4883721,0.4,0.5,0.0,0,0.8333333,0.74,0.0,1,0.25,0.0,1.0,1,0.0,0.5,1,0.5,0.0,0,0.22222222
0.4883721,0.325,1.0,0.0,0,0.16666667,0.82,0.5,1,0.125,0.5,0.5,1,1.0,0.5,0,1.0,0.5,1,0.26666668
0.5116279,0.6,0.0,0.0,0,0.33333334,0.48,0.5,0,0.375,0.0,0.5,1,1.0,0.16666667,0,0.0,0.0,0,0.24444444
0.6744186,0.95,0.0,0.0,1,0.16666667,0.0,1.0,1,0.0,0.0,1.0,1,-1.0,0.33333334,0,0.5,0.0,1,0.33333334
0.5116279,0.675,0.0,1.0,0,0.6666667,0.52,0.5,1,0.25,1.0,0.5,1,1.0,0.8333333,1,1.0,0.0,0,0.35555556
0.41860464,0.075,0.0,1.0,1,0.5,0.16,0.5,1,0.25,0.0,1.0,0,0.0,0.5,0,1.0,0.0,0,0.2
0.5813953,0.45,0.0,1.0,1,0.5,0.56,0.0,1,0.5,0.5,0.5,0,0.0,0.6666667,0,0.0,0.5,0,0.31111112
0.60465115,0.9,0.5,1.0,1,0.8333333,0.74,0.0,0,0.0,0.5,1.0,1,1.0,0.33333334,0,0.5,0.5,1,0.37777779
0.27906978,0.1,0.5,0.0,1,0.33333334,0.54,0.5,1,0.0,0.0,1.0,1,0.0,0.6666667,0,0.0,0.0,1,0.11111111
0.53488374,1.0,0.5,0.0,1,0.5,0.64,0.0,1,0.125,0.5,1.0,0,1.0,0.5,0,0.0,0.5,1,0.35555556
0.53488374,0.95,0.5,0.5,1,0.16666667,0.1,1.0,1,0.0,0.5,0.5,1,1.0,0.5,0,0.0,0.5,1,0.35555556
0.39534885,0.075,1.0,1.0,0,0.8333333,0.1,0.5,1,0.25,1.0,1.0,0,1.0,0.33333334,0,1.0,0.0,0,0.24444444
0.627907,0.925,0.5,0.5,0,0.8333333,0.86,0.0,1,0.375,0.5,1.0,1,0.0,0.5,0,0.0,0.0,0,0.42222223
0.41860464,0.375,0.5,0.5,0,0.6666667,0.04,1.0,1,0.0,0.0,0.5,1,-1.0,0.6666667,0,1.0,0.5,1,0.2
0.4651163,0.85,0.5,0.0,1,0.5,0.28,0.0,1,0.25,0.5,0.5,0,0.0,0.33333334,0,0.0,0.0,1,0.2888889
0.41860464,0.425,1.0,0.0,0,0.33333334,0.94,0.0,1,0.5,0.0,0.5,1,-1.0,0.33333334,0,0.0,0.0,1,0.24444444
0.44186047,0.45,0.5,0.5,0,0.16666667,0.46,0.0,1,0.125,0.0,0.5,1,-1.0,0.5,0,0.5,0.0,0,0.22222222
0.27906978,0.625,0.0,1.0,1,0.5,0.68,0.5,0,0.0,0.0,0.5,1,0.0,0.8333333,0,0.0,0.5,0,0.2
0.23255815,0.775,0.5,0.0,0,0.6666667,0.22,0.5,1,0.125,1.0,0.5,0,1.0,0.5,0,1.0,1.0,1,0.22222222
0.6744186,0.025,1.0,1.0,0,1.0,0.28,0.0,1,0.5,0.5,0.5,1,1.0,0.33333334,0,1.0,0.5,1,0.31111112
0.3255814,0.6,0.5,1.0,1,0.33333334,0.5,0.5,1,0.25,0.5,0.5,0,1.0,0.6666667,1,1.0,0.0,0,0.2888889
0.30232558,0.175,0.5,1.0,0,0.5,0.64,0.0,1,0.125,0.5,0.5,1,0.0,0.5,0,0.0,1.0,0,0.15555556
0.13953489,0.35,0.0,1.0,0,0.8333333,0.96,1.0,1,0.375,1.0,0.0,1,0.0,0.33333334,0,0.0,0.5,1,0.17777778
0.3488372,0.35,1.0,0.0,0,0.8333333,0.58,1.0,1,0.0,1.0,0.5,1,0.0,0.6666667,0,1.0,0.5,0,0.22222222
0.25581396,0.475,0.0,1.0,0,0.33333334,0.1,0.5,1,0.125,0.0,1.0,0,0.0,0.6666667,0,0.5,1.0,0,0.15555556
0.6744186,0.325,0.0,0.5,0,0.5,0.36,0.5,1,0.0,0.0,1.0,1,1.0,0.33333334,0,1.0,0.0,1,0.26666668
0.5813953,0.1,0.0,1.0,0,0.33333334,0.24,0.0,1,0.125,0.0,0.5,0,1.0,0.8333333,0,0.0,0.5,1,0.2
0.3488372,0.15,0.5,0.0,0,0.33333334,0.26,0.0,1,0.25,0.5,1.0,1,0.0,0.5,0,0.5,0.5,1,0.13333334
0.76744187,0.025,0.0,0.5,0,0.8333333,0.5,0.5,1,0.125,0.0,0.5,1,0.0,0.33333334,0,0.5,1.0,1,0.22222222
0.5813953,0.475,1.0,0.0,0,0.5,0.32,0.5,1,0.125,1.0,0.5,1,1.0,0.8333333,1,0.0,0.5,1,0.26666668
0.39534885,0.95,1.0,0.0,0,0.5,0.28,0.5,1,0.0,0.5,0.5,1,1.0,0.6666667,0,1.0,0.5,1,0.33333334
0.093023255,0.125,0.5,1.0,1,0.5,0.96,0.0,1,0.125,0.0,0.0,0,1.0,0.5,0,0.0,1.0,1,0.08888889
0.76744187,0.95,0.5,1.0,0,0.5,0.58,0.5,1,0.125,0.0,0.5,0,0.0,0.6666667,0,0.5,0.0,1,0.44444445
0.25581396,0.725,0.0,0.5,1,0.5,0.26,0.5,1,0.5,0.0,1.0,1,0.0,0.33333334,0,0.5,0.0,1,0.26666668
0.20930232,0.625,0.5,0.5,1,0.33333334,0.28,0.0,1,0.125,0.5,0.5,1,-1.0,0.5,0,0.5,0.0,1,0.2
0.5813953,0.65,0.5,1.0,1,0.8333333,0.82,0.5,1,0.375,1.0,0.5,1,0.0,0.5,1,0.0,0.0,0,0.37777779
0.7906977,0.825,0.5,0.5,1,0.33333334,0.88,0.5,1,0.625,0.5,0.5,1,0.0,0.33333334,1,0.5,0.0,0,0.46666667
0.627907,0.1,0.5,1.0,1,0.33333334,0.68,0.0,1,0.25,0.5,0.5,0,1.0,0.33333334,0,1.0,0.0,1,0.31111112
0.5116279,0.5,0.0,0.5,0,0.5,0.44,0.0,1,0.0,0.0,1.0,1,-1.0,0.8333333,0,0.0,0.0,1,0.22222222
0.53488374,0.7,1.0,0.5,0,1.0,0.76,0.0,1,0.25,1.0,1.0,1,1.0,0.16666667,0,1.0,1.0,0,0.37777779
0.55813956,0.575,0.5,1.0,1,0.33333334,0.94,0.0,1,0.0,0.0,0.0,1,0.0,0.6666667,0,0.0,0.0,1,0.31111112
0.55813956,0.825,1.0,0.5,0,0.6666667,0.16,0.5,1,0.0,1.0,0.5,0,1.0,0.6666667,0,0.0,0.5,0,0.35555556
0.4883721,0.075,1.0,0.5,0,0.5,0.86,1.0,1,0.0,0.5,0.5,0,0.0,0.33333334,0,0.0,1.0,1,0.2
0.4651163,0.7,1.0,1.0,1,0.5,0.84,1.0,1,0.25,0.5,0.5,1,1.0,0.5,0,1.0,0.0,0,0.42222223
0.44186047,0.525,0.5,1.0,1,0.6666667,0.36,0.5,1,0.0,0.5,0.5,1,0.0,0.5,0,0.5,0.0,1,0.2888889
0.3255814,0.375,0.5,1.0,1,0.0,0.3,1.0,1,0.125,0.0,0.0,0,1.0,0.6666667,0,1.0,0.5,0,0.24444444
0.39534885,0.35,0.5,0.5,0,0.33333334,0.56,1.0,1,0.0,1.0,0.5,1,1.0,0.33333334,0,0.0,0.5,0,0.22222222
0.20930232,0.625,1.0,0.5,1,0.6666667,0.28,0.0,1,0.25,1.0,0.5,1,0.0,0.5,0,1.0,0.0,0,0.26666668
0.41860464,0.9,0.5,0.5,0,0.5,0.14,1.0,1,0.0,0.0,0.5,1,1.0,0.5,0,0.0,0.0,0,0.31111112
0.30232558,0.5,1.0,0.0,1,0.5,0.96,1.0,1,0.25,0.0,1.0,0,-1.0,0.33333334,0,0.0,0.0,1,0.24444444
0.27906978,0.825,0.5,1.0,1,0.6666667,0.5,0.5,1,0.125,0.5,0.5,0,1.0,0.33333334,0,0.0,0.0,1,0.31111112
0.4651163,0.4,0.5,0.5,1,0.33333334,0.48,0.5,1,0.25,0.5,0.5,0,0.0,0.5,0,0.0,0.0,1,0.26666668
0.627907,0.1,0.5,0.5,1,0.8333333,0.12,0.5,1,0.125,0.0,0.0,1,-1.0,0.33333334,0,0.5,0.0,1,0.2
0.5813953,0.05,1.0,1.0,0,0.6666667,0.5,0.5,1,0.25,0.5,0.5,1,0.0,0.33333334,0,0.5,0.5,1,0.26666668
0.23255815,0.05,0.0,1.0,1,0.5,0.74,1.0,0,0.375,0.0,1.0,1,1.0,0.5,0,0.0,1.0,0,0.13333334
0.30232558,0.375,0.5,0.0,1,0.6666667,0.24,0.0,1,0.0,1.0,0.5,1,-1.0,0.33333334,0,0.0,0.5,0,0.13333334
0.5813953,0.325,0.5,0.5,1,0.8333333,0.36,1.0,1,0.5,0.5,0.5,1,0.0,0.33333334,0,0.0,1.0,1,0.2888889
0.30232558,0.725,0.0,1.0,0,0.33333334,0.18,0.0,1,0.25,0.0,1.0,1,0.0,0.8333333,0,1.0,0.5,1,0.24444444
0.41860464,0.75,0.5,0.5,0,0.6666667,0.36,0.0,1,0.0,1.0,0.5,1,-1.0,0.6666667,0,0.0,0.5,1,0.24444444
0.5116279,0.05,0.5,1.0,0,1.0,0.86,1.0,1,0.25,0.0,0.5,1,1.0,0.6666667,0,0.5,0.0,0,0.2888889
0.30232558,0.225,0.0,1.0,0,0.6666667,0.24,1.0,1,0.125,0.5,1.0,0,0.0,0.33333334,0,0.0,0.0,1,0.17777778
0.4651163,0.275,0.5,0.5,1,0.5,0.02,0.5,1,0.375,0.5,1.0,0,0.0,0.5,0,1.0,0.5,0,0.24444444
0.25581396,0.55,1.0,0.5,1,1.0,0.54,1.0,1,0.0,0.5,0.5,1,0.0,0.6666667,0,0.5,1.0,0,0.24444444
0.3488372,0.15,1.0,0.5,1,0.5,0.58,1.0,1,0.0,1.0,1.0,0,0.0,0.5,0,0.5,0.0,0,0.24444444
0.4883721,0.125,0.5,0.5,1,0.8333333,0.32,1.0,1,0.25,0.5,0.5,1,-1.0,0.6666667,0,0.0,0.0,1,0.22222222
0.20930232,0.95,0.5,0.5,1,0.33333334,0.64,0.5,1,0.25,1.0,0.5,1,1.0,0.33333334,0,0.5,0.5,1,0.31111112
0.5116279,0.8,0.5,1.0,0,0.8333333,0.04,1.0,1,0.125,1.0,0.5,0,1.0,0.33333334,0,0.0,0.0,0,0.35555556
0.44186047,0.175,1.0,1.0,0,0.33333334,0.34,1.0,1,0.125,0.5,1.0,1,1.0,0.33333334,1,0.5,0.0,0,0.24444444
0.5116279,0.4,0.5,0.5,1,0.5,0.14,1.0,1,0.125,0.5,0.5,1,-1.0,0.5,0,0.0,0.5,0,0.24444444
0.4651163,0.35,0.5,1.0,1,0.33333334,0.22,0.0,0,0.0,0.0,0.5,0,1.0,0.6666667,0,0.0,0.0,1,0.22222222
0.627907,0.8,0.0,0.5,0,1.0,0.38,0.5,1,0.5,0.0,0.5,1,0.0,0.6666667,0,0.0,0.5,0,0.35555556
0.4651163,0.5,0.5,1.0,0,0.5,0.5,1.0,1,0.375,0.5,1.0,0,0.0,0.33333334,0,0.0,1.0,1,0.31111112
0.37209302,0.125,0.0,0.0,1,0.16666667,0.1,0.5,1,0.25,0.0,0.5,1,1.0,0.5,0,0.0,0.0,0,0.13333334
0.4651163,0.75,1.0,0.5,1,0.5,0.1,1.0,1,0.125,0.0,1.0,1,0.0,0.6666667,0,0.0,0.0,0,0.33333334
0.5116279,0.4,0.5,0.5,0,0.6666667,0.68,1.0,1,0.25,1.0,0.5,1,1.0,0.6666667,0,0.5,0.0,0,0.33333334
0.44186047,0.275,0.5,0.5,0,0.5,0.4,1.0,1,0.0,1.0,1.0,1,-1.0,0.6666667,0,0.0,0.0,0,0.22222222
0.44186047,0.375,0.5,0.0,1,0.33333334,0.18,0.5,1,0.25,0.5,0.5,1,-1.0,0.16666667,0,1.0,0.5,1,0.2
0.3488372,0.5,1.0,1.0,1,0.8333333,0.24,0.0,1,0.0,1.0,0.5,1,0.0,0.6666667,0,1.0,0.0,0,0.2888889
0.3488372,0.35,0.0,0.5,1,0.8333333,0.72,0.0,1,0.125,0.0,0.5,0,0.0,0.33333334,0,0.0,0.0,0,0.17777778
0.25581396,0.25,0.5,1.0,0,0.16666667,0.06,0.5,1,0.25,0.0,0.5,0,1.0,0.5,0,0.5,0.0,1,0.17777778
0.6744186,0.4,0.5,0.5,1,0.33333334,0.5,0.0,1,0.375,1.0,0.5,1,1.0,0.5,0,0.5,0.0,0,0.35555556
0.27906978,0.025,1.0,0.0,0,0.5,0.36,0.0,0,0.125,0.5,0.5,1,0.0,0.33333334,0,0.0,0.0,1,0.06666667
0.3488372,0.775,0.5,0.5,1,0.33333334,0.82,0.5,1,0.125,0.5,0.5,1,0.0,0.33333334,0,0.0,0.5,0,0.2888889
0.3488372,0.175,0.5,1.0,0,0.6666667,0.8,1.0,1,0.125,1.0,0.0,1,0.0,0.6666667,0,0.0,0.0,1,0.22222222
0.55813956,0.05,0.5,0.5,0,1.0,0.68,0.0,1,0.25,0.0,0.5,1,1.0,0.5,0,0.5,0.0,0,0.22222222
0.39534885,0.65,1.0,0.0,1,0.33333334,0.38,0.0,1,0.25,0.5,1.0,1,1.0,0.33333334,0,0.0,0.0,1,0.2888889
0.60465115,0.775,0.0,1.0,1,0.8333333,0.64,0.5,1,0.0,0.0,0.0,1,0.0,0.16666667,0,0.0,1.0,1,0.31111112
0.3488372,0.825,0.5,0.5,1,0.16666667,0.64,0.0,1,0.625,1.0,0.5,1,1.0,0.16666667,0,0.0,0.0,1,0.35555556
0.4883721,0.5,0.0,0.5,0,0.6666667,0.34,0.0,1,0.25,0.0,0.0,0,1.0,0.33333334,0,1.0,0.5,1,0.22222222
0.3255814,0.2,0.0,0.5,1,0.33333334,0.88,0.0,1,0.0,0.5,1.0,1,0.0,0.8333333,0,1.0,0.0,0,0.2
0.74418604,0.725,0.0,0.5,0,0.6666667,0.98,0.5,1,0.25,1.0,1.0,0,1.0,0.6666667,0,0.5,0.5,1,0.44444445
0.27906978,0.7,1.0,0.5,0,0.0,0.32,0.0,1,0.125,0.0,1.0,1,1.0,0.6666667,0,0.0,0.0,0,0.26666668
0.4883721,0.25,0.5,1.0,1,0.16666667,0.8,1.0,1,0.125,0.5,1.0,1,0.0,0.5,0,0.5,1.0,0,0.2888889
0.53488374,0.9,1.0,1.0,0,0.6666667,0.5,0.0,1,0.125,0.5,0.5,1,1.0,0.16666667,0,0.5,0.5,0,0.37777779
0.4883721,0.1,0.5,0.5,0,0.33333334,0.46,1.0,1,0.375,0.5,0.5,1,1.0,0.6666667,0,1.0,0.5,0,0.26666668
0.41860464,0.975,1.0,0.5,0,0.5,0.38,0.5,1,0.125,1.0,0.5,1,1.0,0.5,0,0.0,0.0,1,0.37777779
0.41860464,0.85,0.5,0.0,1,1.0,0.3,1.0,1,0.125,0.0,1.0,1,-1.0,0.5,0,1.0,0.5,1,0.31111112
0.44186047,0.7,0.0,0.0,0,0.5,0.92,0.0,1,0.0,1.0,1.0,1,1.0,0.5,0,1.0,0.5,1,0.2888889
0.41860464,0.95,0.5,0.5,1,0.6666667,0.74,0.5,1,0.0,0.5,0.5,0,-1.0,1.0,0,0.0,0.0,1,0.33333334
0.5813953,0.725,0.5,0.5,0,0.33333334,0.44,1.0,1,0.125,0.0,0.5,1,0.0,0.5,1,0.5,0.0,0,0.31111112
0.74418604,0.2,0.5,0.0,1,0.16666667,0.76,0.5,1,0.25,0.0,0.5,1,-1.0,0.16666667,0,0.5,0.5,1,0.26666668
0.37209302,0.45,0.5,0.5,0,0.5,0.72,0.5,0,0.0,0.0,0.0,1,0.0,0.5,0,0.5,0.0,0,0.17777778
0.25581396,0.075,0.5,1.0,0,0.16666667,0.26,0.0,1,0.5,0.0,0.5,0,1.0,0.33333334,0,0.0,0.5,1,0.13333334
0.41860464,0.4,0.5,1.0,1,0.33333334,0.18,0.5,1,0.125,0.5,0.5,1,0.0,0.5,0,0.0,0.0,0,0.24444444
0.7906977,0.75,1.0,0.5,1,0.5,0.84,0.0,0,0.0,0.0,0.5,0,0.0,0.6666667,0,0.0,0.0,1,0.4
0.3255814,0.375,0.5,1.0,1,0.5,0.82,1.0,1,0.0,0.5,1.0,1,0.0,0.5,0,0.5,0.5,1,0.26666668
0.6744186,0.325,1.0,0.5,1,0.6666667,1.0,0.5,1,0.25,1.0,1.0,1,0.0,0.33333334,0,0.0,0.0,0,0.37777779
0.6744186,0.6,1.0,0.5,0,0.6666667,0.02,0.0,1,0.125,0.0,0.5,1,1.0,0.6666667,1,1.0,1.0,1,0.31111112
0.37209302,0.875,0.0,1.0,0,0.16666667,0.54,0.5,1,0.25,0.5,0.5,1,1.0,0.6666667,0,0.0,0.5,0,0.31111112
0.5116279,0.05,0.0,1.0,1,0.33333334,0.7,0.5,1,0.125,0.0,0.5,1,-1.0,0.5,1,0.5,0.5,1,0.17777778
0.6744186,0.375,0.5,0.5,1,0.0,0.58,0.0,1,0.0,0.5,0.5,1,-1.0,0.6666667,0,0.0,0.5,1,0.26666668
0.39534885,0.15,0.5,0.5,0,0.33333334,0.72,0.5,1,0.0,1.0,0.5,1,1.0,0.33333334,0,0.0,0.5,0,0.17777778
0.41860464,0.7,0.5,1.0,1,0.6666667,0.14,0.0,0,0.125,0.5,0.0,0,-1.0,0.6666667,0,0.5,0.0,1,0.24444444
0.37209302,0.1,0.5,0.5,0,0.8333333,0.0,0.5,1,0.25,0.0,1.0,1,1.0,0.6666667,0,0.0,0.5,0,0.15555556
0.30232558,0.675,0.5,0.5,1,0.5,0.1,0.5,1,0.25,0.0,1.0,0,1.0,0.6666667,0,1.0,0.0,1,0.2888889
0.3488372,0.275,0.5,1.0,0,0.8333333,0.38,0.5,1,0.125,0.0,0.5,1,0.0,0.6666667,0,1.0,0.0,0,0.22222222
0.27906978,0.2,0.0,0.0,1,0.6666667,0.32,0.5,1,0.0,0.5,0.0,1,0.0,0.6666667,1,0.5,0.0,1,0.08888889
0.44186047,0.925,1.0,0.5,1,0.5,0.88,1.0,1,0.125,0.5,0.5,1,-1.0,0.16666667,0,0.5,0.5,1,0.37777779
0.3255814,0.025,0.5,1.0,1,0.33333334,0.08,0.5,1,0.0,1.0,1.0,0,0.0,0.33333334,0,1.0,0.0,1,0.17777778
0.4651163,0.45,0.5,0.5,0,0.0,0.44,0.5,1,0.125,0.5,1.0,1,0.0,0.6666667,0,1.0,0.0,1,0.2888889
0.23255815,0.025,0.5,0.5,1,0.8333333,0.96,1.0,1,0.0,0.5,1.0,1,-1.0,0.33333334,0,0.0,0.5,1,0.13333334
0.4883721,0.475,0.0,0.5,0,0.5,0.5,0.0,1,0.125,0.0,1.0,0,0.0,0.5,0,0.0,0.0,0,0.22222222
0.55813956,0.5,0.5,0.5,1,0.8333333,0.14,0.0,1,0.25,0.0,1.0,1,1.0,0.5,0,0.0,0.5,0,0.2888889
0.1627907,0.325,0.0,0.5,1,0.33333334,0.3,1.0,1,0.125,0.0,0.5,1,0.0,0.6666667,0,0.5,0.5,1,0.13333334
0.4883721,0.125,0.0,0.0,1,1.0,0.62,0.5,1,0.125,0.0,0.5,0,0.0,0.5,0,1.0,0.0,1,0.17777778
0.60465115,0.375,0.5,0.5,1,0.5,0.02,1.0,1,0.125,0.5,0.0,1,-1.0,0.33333334,0,1.0,0.0,1,0.26666668
0.27906978,0.675,0.0,0.5,1,0.33333334,0.96,0.0,1,0.0,1.0,1.0,1,1.0,0.5,1,1.0,0.5,1,0.24444444
0.6744186,0.775,0.5,0.5,1,0.5,0.56,1.0,1,0.375,0.5,0.5,0,1.0,0.33333334,0,1.0,0.0,1,0.44444445
0.5116279,0.525,0.5,0.5,0,0.5,0.7,0.0,1,0.0,0.5,0.5,1,1.0,0.6666667,0,0.0,0.0,1,0.2888889
0.3488372,0.6,0.0,0.5,0,0.5,0.5,1.0,1,0.25,0.5,0.5,1,-1.0,0.5,0,0.0,0.0,0,0.22222222
0.44186047,0.2,0.0,0.5,0,0.33333334,0.96,1.0,1,0.0,0.0,1.0,1,-1.0,0.6666667,0,0.0,0.0,0,0.2
0.5116279,0.275,1.0,0.5,1,0.0,0.58,0.5,0,0.25,0.0,0.5,1,1.0,0.5,0,0.0,0.0,1,0.26666668
0.44186047,0.15,0.0,0.5,1,0.33333334,0.66,0.5,1,0.25,0.0,0.5,0,0.0,0.5,0,0.5,0.0,1,0.2
0.5116279,0.25,0.5,1.0,1,0.8333333,0.86,0.5,1,0.0,0.0,1.0,1,0.0,0.33333334,1,1.0,0.5,0,0.26666668
0.30232558,0.225,0.5,1.0,1,0.33333334,0.86,0.0,0,0.25,0.0,0.5,0,0.0,0.0,0,0.0,0.0,1,0.17777778
0.4651163,0.525,1.0,0.5,1,0.0,0.02,0.5,1,0.0,0.5,0.5,0,1.0,0.33333334,0,0.5,0.5,0,0.26666668
0.25581396,0.575,1.0,0.0,1,0.16666667,0.28,0.5,1,0.125,1.0,0.5,0,-1.0,0.33333334,0,1.0,0.0,0,0.22222222
0.41860464,0.95,1.0,0.0,1,0.5,0.24,1.0,1,0.125,0.0,1.0,1,0.0,0.33333334,0,0.0,0.0,0,0.33333334
0.3255814,0.2,0.5,0.5,1,0.33333334,0.0,1.0,1,0.25,1.0,0.0,1,0.0,0.5,0,0.0,0.5,1,0.15555556
0.3488372,0.65,1.0,0.5,1,0.5,0.88,0.5,1,0.25,0.0,1.0,1,0.0,0.5,0,0.0,0.5,0,0.31111112
0.60465115,0.825,0.5,0.0,1,0.33333334,0.32,0.5,1,0.25,0.5,0.5,1,-1.0,0.5,0,0.5,0.5,0,0.33333334
0.60465115,0.55,0.5,0.5,1,0.8333333,0.34,0.0,1,0.125,0.0,1.0,0,0.0,0.33333334,0,0.0,0.5,1,0.2888889
0.53488374,0.25,0.5,1.0,0,0.6666667,0.1,0.5,1,0.5,0.0,1.0,1,1.0,0.6666667,0,1.0,0.5,0,0.2888889
0.27906978,0.275,0.5,0.5,1,1.0,0.98,0.5,1,0.0,0.0,0.5,1,0.0,0.5,0,1.0,0.0,1,0.2
0.39534885,0.05,0.0,1.0,1,0.33333334,0.82,1.0,0,0.5,0.0,0.5,0,0.0,0.16666667,0,0.0,0.5,1,0.17777778
0.60465115,0.3,0.0,0.0,1,0.5,0.58,0.5,1,0.25,1.0,1.0,1,1.0,0.33333334,0,1.0,0.5,0,0.2888889
0.4651163,0.75,1.0,0.0,1,0.8333333,0.78,0.0,1,0.125,0.0,0.0,1,0.0,0.33333334,0,0.0,1.0,0,0.26666668
0.76744187,0.05,1.0,0.0,0,0.6666667,0.78,0.0,1,0.375,0.0,0.5,0,0.0,0.6666667,0,0.5,0.5,0,0.2888889
0.4883721,0.225,0.5,1.0,1,0.33333334,0.66,0.5,1,0.125,0.0,0.5,1,1.0,0.33333334,0,0.5,0.5,0,0.24444444
0.4651163,0.7,0.5,0.5,1,0.6666667,0.18,0.0,0,0.25,0.5,0.5,0,-1.0,0.16666667,0,1.0,0.0,1,0.26666668
0.39534885,0.775,1.0,0.5,0,0.6666667,0.72,1.0,1,0.125,0.5,0.5,1,0.0,0.6666667,1,0.0,0.5,1,0.31111112
0.4651163,0.45,1.0,0.5,1,0.0,0.56,0.5,1,0.25,1.0,0.5,0,-1.0,0.5,0,0.0,1.0,1,0.2888889
0.41860464,0.7,0.5,1.0,0,0.33333334,0.72,0.5,1,0.5,0.5,0.5,1,1.0,0.5,1,0.5,0.5,1,0.33333334
0.53488374,0.4,0.5,0.5,0,0.5,0.54,0.5,1,0.375,0.5,0.5,0,-1.0,0.6666667,0,1.0,0.5,0,0.2888889
0.5813953,0.15,0.0,0.5,1,0.8333333,0.96,0.5,1,0.25,0.0,0.5,1,0.0,0.33333334,0,0.5,0.0,1,0.24444444
0.3255814,0.4,0.5,1.0,1,0.6666667,0.62,0.5,1,0.25,0.0,0.5,0,0.0,0.6666667,0,1.0,0.5,0,0.26666668
0.25581396,0.575,0.5,0.5,0,0.33333334,0.58,0.5,1,0.125,1.0,0.0,1,0.0,0.6666667,0,0.0,0.5,0,0.22222222
0.18604651,0.95,0.5,0.5,0,0.33333334,0.84,0.5,1,0.0,0.5,0.5,1,0.0,0.8333333,0,0.0,0.5,1,0.26666668
0.5116279,0.075,0.5,0.5,0,0.6666667,0.38,1.0,1,0.25,0.5,0.0,1,-1.0,0.6666667,1,0.0,0.0,1,0.17777778
0.27906978,0.5,0.0,1.0,1,0.0,0.32,1.0,1,0.25,0.0,0.5,1,-1.0,0.33333334,0,0.0,0.5,0,0.2
0.13953489,0.325,1.0,0.5,1,0.33333334,0.5,0.5,1,0.375,0.0,0.5,1,0.0,0.5,0,0.5,0.0,0,0.2
0.4883721,0.5,0.0,0.0,0,0.8333333,0.58,1.0,1,0.0,0.5,0.5,0,0.0,0.5,0,0.5,0.5,0,0.24444444
0.7906977,0.025,0.5,1.0,1,0.5,0.22,0.0,1,0.25,0.5,0.5,0,1.0,0.6666667,1,0.0,0.0,1,0.2888889
0.44186047,0.325,1.0,0.5,1,0.33333334,0.68,1.0,1,0.0,0.5,0.5,1,1.0,0.5,0,0.0,0.5,1,0.26666668
0.55813956,0.825,0.5,1.0,0,0.16666667,0.8,0.0,1,0.125,0.5,0.5,1,1.0,0.33333334,0,0.5,0.0,1,0.37777779
0.44186047,0.55,0.5,0.5,1,0.6666667,0.58,0.0,1,0.125,0.0,0.5,1,1.0,0.6666667,0,0.0,0.0,1,0.26666668
0.41860464,0.45,0.5,0.5,0,0.5,0.52,1.0,1,0.25,0.5,0.0,1,0.0,0.5,0,0.5,0.5,0,0.24444444
0.5813953,0.275,1.0,0.0,0,0.5,0.3,0.5,1,0.125,0.0,0.5,1,1.0,0.5,0,0.5,0.0,0,0.24444444
0.39534885,0.3,1.0,1.0,1,0.6666667,0.9,0.5,1,0.125,0.5,0.5,1,-1.0,0.6666667,0,0.0,0.5,1,0.26666668
0.4883721,0.375,0.5,0.5,0,0.5,0.76,0.0,1,0.0,0.0,0.5,0,0.0,0.5,0,1.0,1.0,1,0.22222222
0.4883721,0.825,1.0,0.5,0,0.5,0.48,0.0,1,0.25,0.5,1.0,1,-1.0,0.5,0,0.5,1.0,1,0.33333334
0.3488372,0.975,0.0,0.5,1,0.16666667,0.66,0.0,1,0.0,0.0,1.0,0,0.0,0.6666667,0,1.0,0.0,0,0.31111112
0.5813953,0.45,1.0,1.0,1,0.16666667,0.34,0.0,1,0.125,1.0,1.0,0,-1.0,0.5,0,0.0,0.5,1,0.31111112
0.41860464,0.4,1.0,0.5,1,0.6666667,0.06,0.5,1,0.125,0.5,0.5,1,-1.0,0.6666667,0,0.5,0.0,0,0.24444444
0.3255814,0.85,0.5,0.0,0,0.6666667,0.2,0.5,1,0.25,0.5,0.5,1,0.0,0.6666667,0,0.0,1.0,1,0.24444444
0.5116279,0.425,1.0,1.0,1,0.6666667,0.08,0.5,1,0.125,0.0,0.5,1,-1.0,0.5,0,0.5,0.5,0,0.26666668
0.3255814,0.55,0.5,1.0,1,0.33333334,0.5,0.5,1,0.125,0.5,0.0,1,1.0,0.5,0,0.0,0.0,1,0.26666668
0.44186047,0.225,0.5,0.5,1,0.6666667,0.62,1.0,1,0.25,0.5,0.5,1,1.0,0.6666667,0,0.0,0.0,1,0.26666668
0.44186047,0.75,1.0,1.0,1,0.33333334,0.38,0.5,1,0.25,1.0,1.0,1,0.0,0.5,0,0.0,0.0,0,0.37777779
0.60465115,0.525,0.5,0.0,1,0.8333333,0.54,0.0,1,0.125,0.5,1.0,1,0.0,0.6666667,0,0.5,0.5,0,0.2888889
0.5116279,0.8,0.5,0.0,1,0.33333334,0.08,1.0,1,0.375,0.5,0.5,1,1.0,0.33333334,1,1.0,0.0,1,0.33333334
0.44186047,0.775,0.5,0.5,1,0.33333334,0.76,0.5,1,0.125,0.0,0.5,1,1.0,0.6666667,0,0.0,0.5,1,0.31111112
0.55813956,0.225,1.0,0.0,1,0.5,0.04,1.0,1,0.125,0.0,0.5,1,1.0,0.6666667,0,0.0,0.5,1,0.22222222
0.627907,0.725,1.0,1.0,0,0.6666667,0.64,0.5,1,0.0,0.5,0.5,1,-1.0,0.5,0,1.0,1.0,1,0.37777779
0.5116279,0.8,0.5,1.0,0,0.5,0.44,0.5,1,0.0,0.0,0.5,1,0.0,0.6666667,0,0.5,1.0,0,0.31111112
0.44186047,0.35,0.5,0.5,1,0.5,0.18,0.0,1,0.625,1.0,0.5,1,1.0,0.6666667,0,0.0,0.0,0,0.2888889
0.25581396,0.175,1.0,1.0,0,0.33333334,0.52,1.0,1,0.125,0.0,0.5,1,-1.0,0.33333334,0,0.0,0.5,1,0.15555556
0.30232558,0.0,0.5,0.0,1,0.5,0.78,0.0,1,0.25,0.5,0.5,1,0.0,0.5,0,0.0,0.5,1,0.11111111
0.39534885,0.45,1.0,0.5,1,0.5,0.42,0.0,1,0.375,0.5,0.5,1,0.0,0.6666667,0,0.0,0.5,1,0.26666668
0.3488372,0.35,1.0,1.0,1,0.33333334,0.36,0.0,1,0.25,0.5,0.5,1,0.0,0.6666667,0,0.5,0.0,1,0.26666668
0.41860464,0.55,0.5,1.0,1,0.5,0.14,0.5,1,0.125,0.5,0.5,1,0.0,0.5,0,0.0,0.0,1,0.26666668
0.44186047,0.2,0.5,0.5,1,0.5,0.6,0.0,1,0.0,0.0,0.5,0,0.0,0.6666667,0,0.0,0.0,0,0.17777778
0.5116279,0.85,0.5,0.0,1,1.0,0.82,1.0,1,0.125,0.5,0.5,1,0.0,0.5,0,0.0,0.0,1,0.35555556
0.44186047,0.25,0.5,0.5,1,0.33333334,0.56,1.0,1,0.0,0.5,0.5,0,1.0,0.33333334,0,0.5,0.0,0,0.24444444
0.5116279,0.225,0.5,0.5,1,0.33333334,0.16,1.0,1,0.0,0.5,0.5,1,0.0,0.16666667,0,1.0,0.0,0,0.22222222
0.44186047,0.475,1.0,0.5,1,0.5,0.66,1.0,1,0.25,0.5,0.5,1,1.0,0.33333334,0,0.0,0.5,0,0.31111112
0.1627907,0.5,1.0,0.0,0,0.33333334,0.04,1.0,1,0.25,0.5,0.5,1,1.0,0.16666667,0,0.0,0.0,0,0.17777778
0.30232558,0.225,0.5,0.5,1,0.16666667,0.84,1.0,1,0.375,0.0,0.0,1,-1.0,0.33333334,0,1.0,0.5,0,0.2
0.41860464,0.275,1.0,1.0,0,0.16666667,0.92,1.0,1,0.25,0.0,0.5,0,0.0,0.0,1,0.5,0.0,0,0.26666668
0.27906978,0.175,0.5,0.5,1,0.33333334,0.6,1.0,1,0.125,0.0,1.0,1,-1.0,0.33333334,0,0.0,0.5,1,0.15555556
0.53488374,0.725,0.5,0.0,1,0.33333334,0.88,0.0,1,0.25,0.5,0.5,1,0.0,0.33333334,0,0.0,1.0,1,0.2888889
0.6511628,0.775,0.5,1.0,0,0.16666667,0.08,0.0,1,0.25,0.0,0.5,1,0.0,0.5,0,1.0,0.5,1,0.35555556
0.60465115,0.45,1.0,0.5,0,0.5,0.22,0.5,0,0.125,0.0,0.5,1,-1.0,0.5,0,0.0,0.5,0,0.24444444
0.41860464,0.725,0.5,1.0,1,0.0,0.32,0.0,1,0.125,0.0,0.5,1,1.0,0.16666667,0,1.0,0.0,0,0.31111112
0.6511628,0.725,0.5,0.0,1,0.6666667,0.78,0.0,1,0.125,0.5,1.0,0,0.0,0.6666667,0,0.0,0.5,1,0.35555556
0.4651163,0.15,0.5,0.5,1,0.33333334,0.48,0.5,1,0.25,0.5,1.0,0,0.0,0.6666667,0,0.0,0.0,0,0.24444444
0.39534885,0.975,0.5,0.5,0,0.33333334,0.34,0.5,1,0.625,0.0,0.5,1,1.0,0.5,0,1.0,0.0,0,0.37777779
0.3488372,0.825,0.5,0.5,1,0.6666667,0.16,0.5,1,0.125,1.0,1.0,1,1.0,0.6666667,0,0.5,0.0,0,0.33333334
0.39534885,0.2,0.0,0.5,0,0.6666667,0.82,1.0,1,0.125,0.0,1.0,0,0.0,0.5,0,1.0,0.0,0,0.22222222
0.39534885,0.175,1.0,0.5,0,0.33333334,0.02,0.5,1,0.0,0.5,1.0,1,1.0,0.33333334,0,0.5,0.0,0,0.2
0.4651163,0.125,0.5,0.5,1,0.6666667,0.34,0.5,1,0.125,0.0,0.5,1,1.0,0.33333334,0,0.5,0.5,1,0.17777778
0.4651163,0.15,0.5,0.5,0,0.8333333,0.24,0.0,0,0.375,0.5,0.5,0,1.0,0.33333334,0,0.0,0.0,1,0.17777778
0.44186047,0.75,0.0,0.5,0,0.16666667,0.12,0.5,0,0.375,0.5,0.5,1,1.0,0.33333334,0,0.0,0.5,1,0.24444444
0.5116279,0.475,1.0,1.0,1,0.6666667,0.18,0.0,1,0.125,0.0,1.0,1,-1.0,0.6666667,0,0.5,0.5,1,0.2888889
0.60465115,0.775,0.5,1.0,1,0.16666667,0.5,0.0,1,0.125,1.0,1.0,1,0.0,0.6666667,0,0.5,0.0,1,0.42222223
0.5813953,0.75,1.0,1.0,0,0.8333333,0.42,0.0,1,0.0,1.0,0.0,0,-1.0,0.33333334,0,0.5,0.0,0,0.35555556
0.23255815,0.6,1.0,0.5,1,0.33333334,0.52,1.0,1,0.375,0.0,1.0,1,-1.0,0.5,0,0.0,0.5,0,0.26666668
0.093023255,0.675,1.0,0.0,0,0.33333334,0.72,0.5,1,0.25,0.5,1.0,1,1.0,0.5,0,1.0,0.0,0,0.24444444
0.5813953,0.025,1.0,0.5,1,0.8333333,0.9,0.5,1,0.0,0.5,0.5,0,-1.0,1.0,0,0.5,0.0,1,0.26666668
0.25581396,0.3,0.0,1.0,1,0.6666667,0.12,1.0,1,0.375,0.0,0.5,1,1.0,0.16666667,1,0.0,0.5,1,0.15555556
0.41860464,0.65,0.5,0.0,0,0.33333334,0.08,0.0,1,0.125,1.0,1.0,0,1.0,0.8333333,0,1.0,0.0,1,0.2888889
0.27906978,0.0,0.5,0.5,1,0.5,0.32,0.5,1,0.25,0.0,0.5,1,1.0,0.5,0,1.0,0.0,1,0.15555556
0.18604651,0.025,1.0,0.5,1,0.33333334,0.54,0.0,0,0.125,1.0,0.5,0,0.0,0.33333334,0,0.0,0.0,1,0.6
0.5116279,0.85,1.0,0.5,0,0.16666667,0.1,1.0,1,0.25,0.5,0.5,1,1.0,0.33333334,1,0.0,0.0,1,0.33333334
0.55813956,0.675,1.0,0.5,0,0.5,0.72,0.5,1,0.5,0.5,0.0,0,-1.0,0.33333334,0,0.5,0.0,1,0.37777779
0.37209302,0.275,0.0,1.0,1,0.33333334,0.56,0.0,1,0.0,0.5,0.5,1,1.0,0.6666667,0,0.5,0.0,0,0.2
0.069767445,0.7,0.5,1.0,0,0.33333334,0.74,0.0,1,0.125,0.5,1.0,1,0.0,0.6666667,0,0.5,0.0,1,0.24444444
0.37209302,0.8,0.5,0.5,1,0.8333333,0.36,1.0,1,0.0,0.5,0.0,0,1.0,0.5,0,0.5,0.0,0,0.2888889
0.4883721,0.3,0.0,0.5,0,0.33333334,0.4,0.0,1,0.125,1.0,0.5,1,0.0,0.5,0,1.0,1.0,1,0.2
0.23255815,0.025,0.0,0.5,1,0.5,0.8,1.0,1,0.0,0.5,1.0,1,0.0,0.5,0,0.0,0.0,0,0.13333334
0.4651163,0.925,0.5,0.5,1,0.8333333,0.26,0.5,1,0.0,0.5,0.5,1,1.0,0.16666667,0,0.0,0.5,1,0.31111112
0.44186047,0.35,1.0,1.0,0,0.5,0.38,0.0,1,0.25,1.0,1.0,0,0.0,0.33333334,0,0.5,0.0,1,0.2888889
0.5116279,0.1,0.5,0.5,0,0.33333334,0.02,0.5,1,0.125,0.5,0.5,1,1.0,0.8333333,0,0.5,0.0,1,0.2
0.4651163,0.5,0.5,1.0,0,0.5,0.56,0.5,1,0.125,0.0,1.0,0,-1.0,0.6666667,0,0.0,0.5,0,0.26666668
0.30232558,0.775,0.5,0.5,1,0.6666667,0.86,0.5,1,0.0,0.5,0.5,1,0.0,0.5,0,0.0,0.5,1,0.26666668
0.60465115,0.225,0.5,0.5,0,0.6666667,0.02,0.5,1,0.125,1.0,0.5,1,-1.0,0.33333334,0,0.0,0.0,1,0.22222222
0.41860464,0.275,1.0,0.5,1,1.0,0.62,0.5,1,0.25,0.5,1.0,1,1.0,0.5,0,0.0,0.0,0,0.2888889
0.44186047,0.25,0.5,1.0,1,0.33333334,0.84,0.5,1,0.25,0.5,0.0,1,1.0,0.5,0,0.0,0.0,1,0.26666668
0.30232558,1.0,0.0,0.5,0,0.5,0.5,0.0,1,0.125,0.0,0.5,1,1.0,0.5,0,1.0,0.5,1,0.26666668
0.37209302,0.2,0.5,1.0,1,0.16666667,0.32,0.5,1,0.125,1.0,0.5,1,-1.0,0.6666667,0,0.0,0.0,1,0.2
0.3255814,0.575,1.0,1.0,1,0.6666667,1.0,0.5,1,0.0,0.5,0.5,1,1.0,0.5,0,0.5,0.0,0,0.33333334
0.41860464,0.925,0.5,1.0,0,0.5,0.06,0.5,1,0.25,0.0,0.0,0,0.0,0.5,0,0.5,0.5,1,0.31111112
0.6744186,0.15,0.5,1.0,0,0.5,0.22,0.0,1,0.0,1.0,1.0,0,1.0,0.33333334,0,0.0,1.0,1,0.24444444
0.25581396,0.975,0.0,0.5,0,0.33333334,0.88,0.5,1,0.25,0.5,0.5,1,0.0,0.5,0,1.0,0.5,1,0.31111112
0.20930232,0.95,0.0,0.5,1,0.33333334,0.3,0.5,1,0.125,0.0,1.0,0,1.0,0.33333334,0,0.0,0.0,1,0.24444444
0.6511628,0.875,1.0,0.5,1,0.5,0.82,0.0,1,0.125,0.0,0.5,1,0.0,0.5,0,0.0,0.5,0,0.4
0.41860464,0.225,0.5,0.5,1,0.33333334,0.34,0.5,0,0.5,1.0,1.0,0,1.0,0.6666667,0,1.0,0.5,1,0.24444444
0.3488372,0.625,0.5,1.0,1,0.5,0.82,1.0,1,0.0,0.5,0.5,1,0.0,0.33333334,0,1.0,0.5,1,0.31111112
0.5813953,0.75,0.5,0.0,1,0.5,0.68,0.0,1,0.125,0.5,0.5,1,1.0,0.5,0,0.0,0.5,1,0.33333334
0.3488372,0.975,1.0,0.5,1,0.16666667,0.46,1.0,1,0.125,0.5,0.5,0,1.0,0.8333333,1,0.5,1.0,1,0.35555556
0.6976744,0.175,0.0,1.0,1,0.16666667,0.52,0.5,1,0.25,0.5,1.0,1,1.0,0.6666667,0,0.5,0.0,1,0.33333334
0.53488374,0.775,1.0,0.0,1,0.33333334,0.18,0.5,1,0.0,0.0,0.5,0,0.0,0.6666667,0,0.0,0.0,1,0.31111112
0.37209302,0.35,0.5,0.5,0,0.8333333,0.12,0.5,1,0.125,0.5,1.0,0,-1.0,0.5,0,0.0,0.5,1,0.17777778
0.74418604,0.175,1.0,0.5,1,0.33333334,0.72,0.5,1,0.5,0.5,1.0,1,1.0,0.5,1,0.0,0.0,0,0.35555556
0.3488372,0.425,1.0,1.0,0,0.5,0.84,0.0,1,0.25,0.5,0.5,1,-1.0,0.33333334,0,0.5,0.0,1,0.26666668
0.53488374,0.8,0.5,0.5,1,0.16666667,0.72,1.0,1,0.375,0.5,1.0,1,0.0,0.33333334,0,0.0,0.0,0,0.4
0.4883721,0.475,0.0,1.0,1,0.33333334,0.92,0.5,1,0.125,1.0,0.5,1,0.0,0.33333334,0,0.5,0.5,1,0.2888889
0.627907,0.55,0.0,0.5,1,0.16666667,0.9,0.5,1,0.0,1.0,0.0,1,0.0,0.5,0,0.0,0.0,1,0.31111112
0.6511628,1.0,1.0,1.0,1,0.6666667,0.78,0.5,1,0.25,0.5,0.5,0,0.0,0.5,0,0.0,0.5,0,0.46666667
0.44186047,0.4,0.0,0.5,1,0.16666667,0.9,0.5,1,0.5,0.0,1.0,1,1.0,0.5,0,0.0,0.0,1,0.2888889
0.3255814,0.625,0.5,0.5,0,0.6666667,0.16,1.0,1,0.125,0.0,0.5,0,-1.0,0.5,0,0.5,0.0,1,0.22222222
0.5116279,0.375,0.5,0.5,1,0.6666667,0.74,0.0,1,0.0,1.0,0.0,1,1.0,0.16666667,0,0.0,0.0,0,0.24444444
0.3488372,0.4,0.5,0.0,0,0.5,0.76,1.0,1,0.0,0.0,0.5,1,1.0,0.33333334,0,1.0,0.0,1,0.22222222
0.7209302,0.7,0.0,0.5,0,0.6666667,0.16,0.0,1,0.375,0.0,1.0,0,-1.0,0.5,0,0.0,0.5,1,0.31111112
0.4651163,0.95,1.0,0.5,1,1.0,0.9,0.5,1,0.0,0.5,0.5,1,0.0,0.16666667,0,0.0,0.0,1,0.35555556
0.39534885,0.55,1.0,0.0,1,0.6666667,0.0,0.5,1,0.125,1.0,0.5,1,1.0,0.5,0,0.0,0.5,1,0.24444444
0.4651163,0.775,0.5,1.0,0,0.16666667,0.44,0.5,1,0.375,0.0,0.5,1,-1.0,0.5,1,0.0,0.0,0,0.31111112
0.25581396,0.1,0.5,0.5,0,0.8333333,0.02,0.0,0,0.25,0.0,0.5,1,0.0,0.6666667,0,0.5,0.0,1,0.08888889
0.30232558,0.2,0.5,1.0,0,0.5,0.52,0.5,1,0.25,1.0,0.5,1,1.0,0.5,0,0.0,0.0,1,0.22222222
0.60465115,0.5,1.0,1.0,0,1.0,0.42,1.0,1,0.5,0.0,0.0,1,0.0,0.33333334,0,0.5,0.0,1,0.37777779
0.3488372,0.025,0.5,0.0,1,0.33333334,0.62,0.5,1,0.0,0.5,0.5,1,-1.0,0.33333334,0,0.5,0.0,1,0.11111111
0.30232558,0.25,0.5,0.5,1,0.8333333,0.76,0.0,1,0.0,1.0,0.5,0,1.0,0.6666667,0,0.5,0.5,0,0.2
0.5116279,0.525,0.5,0.5,0,0.5,0.76,0.0,1,0.125,0.0,0.5,1,1.0,0.6666667,0,1.0,0.0,1,0.31111112
0.60465115,0.025,1.0,1.0,1,1.0,0.72,0.5,1,0.375,0.5,1.0,0,1.0,0.5,0,0.0,0.0,0,0.33333334
0.53488374,0.275,0.5,1.0,1,0.5,0.1,0.0,1,0.25,1.0,0.5,1,1.0,0.5,0,0.5,1.0,1,0.26666668
0.5813953,0.525,0.5,0.5,0,1.0,0.42,0.0,1,0.0,0.5,0.5,0,1.0,0.8333333,1,0.0,0.0,0,0.26666668
0.3255814,0.575,0.5,0.0,1,0.6666667,0.82,0.5,1,0.0,0.0,0.5,0,0.0,0.5,0,0.5,1.0,1,0.2
0.23255815,0.925,0.5,0.5,1,0.6666667,0.66,0.0,1,0.5,0.5,1.0,0,-1.0,0.33333334,0,0.0,1.0,1,0.2888889
0.6511628,0.65,0.5,1.0,0,1.0,0.68,0.0,1,0.125,0.0,1.0,0,1.0,0.6666667,0,0.0,0.0,0,0.37777779
0.39534885,0.425,0.5,1.0,1,0.33333334,0.22,0.5,1,0.125,0.0,0.5,0,0.0,0.5,0,0.0,0.0,0,0.22222222
0.39534885,0.925,0.5,1.0,0,0.6666667,0.32,0.0,1,0.25,0.5,0.5,1,0.0,0.33333334,0,0.5,0.5,1,0.33333334
0.627907,0.775,1.0,0.5,0,0.5,0.96,0.0,1,0.25,0.0,0.5,0,1.0,0.8333333,0,1.0,0.0,1,0.44444445
0.5116279,0.2,0.0,0.0,1,0.5,0.84,0.5,0,0.375,0.0,1.0,0,0.0,0.6666667,0,0.0,0.0,1,0.22222222
0.5116279,0.125,0.5,1.0,1,0.5,0.16,0.0,1,0.125,0.0,0.5,1,0.0,0.5,1,0.5,0.5,0,0.17777778
0.74418604,0.675,0.5,1.0,0,0.6666667,0.54,0.0,1,0.0,0.0,0.5,0,1.0,0.5,1,0.0,0.0,1,0.35555556
0.3488372,0.55,0.5,0.0,1,0.6666667,0.5,0.5,1,0.25,0.5,0.5,1,1.0,0.33333334,0,0.5,0.0,0,0.24444444
0.5813953,0.8,0.5,0.0,1,0.33333334,0.44,0.5,1,0.125,0.0,0.5,0,0.0,0.5,0,0.0,0.5,0,0.31111112
0.44186047,0.75,1.0,0.5,0,0.5,0.48,0.0,0,0.0,1.0,0.0,0,1.0,0.5,0,1.0,0.5,0,0.2888889
0.4883721,0.625,0.5,1.0,0,0.0,0.64,0.5,1,0.125,0.5,1.0,1,1.0,0.33333334,0,1.0,0.0,1,0.35555556
0.6511628,0.975,1.0,0.5,1,0.6666667,0.96,1.0,0,0.625,0.0,0.0,1,0.0,0.33333334,0,1.0,0.0,1,0.4888889
0.5116279,0.525,1.0,0.0,1,1.0,0.88,1.0,1,0.125,0.5,1.0,1,0.0,0.33333334,0,0.5,0.0,0,0.33333334
0.5116279,0.125,0.5,0.5,0,0.5,0.88,0.5,1,0.125,1.0,0.5,1,-1.0,0.5,0,0.5,0.0,0,0.24444444
0.5813953,0.825,1.0,0.5,0,0.16666667,0.7,0.0,1,0.125,1.0,1.0,1,1.0,0.5,0,0.5,0.5,0,0.4
0.39534885,0.25,0.5,0.5,1,0.6666667,0.02,0.5,1,0.125,0.0,0.5,0,-1.0,0.5,0,0.5,0.5,1,0.15555556
0.3255814,0.775,0.5,0.5,0,0.33333334,0.44,0.0,1,0.0,0.5,0.5,1,0.0,0.33333334,0,0.0,0.5,0,0.22222222
0.30232558,0.95,1.0,1.0,1,0.5,0.52,0.5,1,0.0,0.0,0.5,1,0.0,0.33333334,0,1.0,0.0,1,0.35555556
0.1627907,0.7,0.5,0.5,1,0.6666667,0.84,1.0,1,0.125,0.0,0.5,1,-1.0,0.6666667,0,0.5,0.0,1,0.24444444
0.7209302,0.6,0.0,0.5,1,0.6666667,0.92,0.5,1,0.125,0.0,0.5,1,1.0,0.5,0,0.0,0.0,0,0.37777779
0.27906978,0.45,0.5,0.5,1,0.8333333,0.46,0.5,1,0.0,0.5,1.0,0,-1.0,0.6666667,0,0.0,0.0,1,0.2
0.41860464,0.375,0.5,0.5,0,0.5,0.3,0.0,1,0.0,0.0,0.0,0,0.0,0.6666667,0,0.0,0.0,0,0.17777778
0.39534885,0.35,0.0,0.5,1,0.5,0.34,0.0,1,0.0,0.0,0.5,1,1.0,0.5,0,0.0,0.0,1,0.17777778
0.4883721,0.625,1.0,0.5,0,0.6666667,0.58,1.0,1,0.625,0.5,1.0,1,0.0,0.33333334,0,0.0,0.0,0,0.37777779
0.55813956,0.75,0.5,0.5,1,0.5,0.28,0.5,1,0.25,0.5,1.0,1,1.0,0.33333334,0,0.0,0.5,1,0.35555556
0.55813956,0.675,1.0,1.0,1,0.33333334,0.92,0.0,0,0.375,0.5,0.5,1,1.0,0.33333334,0,0.0,0.5,0,0.37777779
0.37209302,0.2,0.5,1.0,1,0.6666667,0.42,0.5,1,0.125,0.5,1.0,0,0.0,0.33333334,0,0.0,0.0,1,0.22222222
0.41860464,0.5,0.5,0.5,1,0.16666667,1.0,0.5,1,0.0,0.5,0.5,1,0.0,0.5,0,0.0,0.0,0,0.26666668
0.4883721,0.8,0.0,1.0,1,0.5,0.1,0.0,1,0.125,0.0,0.5,1,1.0,0.6666667,0,0.0,0.5,0,0.2888889
0.41860464,0.475,0.5,1.0,1,0.16666667,0.18,0.5,1,0.25,0.0,0.5,0,0.0,0.33333334,0,1.0,1.0,1,0.24444444
0.6744186,0.525,0.5,1.0,0,0.33333334,0.52,0.5,1,0.0,1.0,0.5,1,1.0,0.5,0,1.0,0.0,1,0.37777779
0.5116279,0.775,1.0,0.5,0,0.33333334,0.86,0.5,1,0.375,0.0,0.0,1,0.0,0.5,0,0.0,0.5,0,0.35555556
0.53488374,0.65,0.5,1.0,0,0.33333334,0.36,0.0,1,0.375,0.0,1.0,1,1.0,0.5,1,0.5,0.5,0,0.33333334
0.53488374,0.4,0.5,0.5,0,0.8333333,0.84,0.5,1,0.125,0.5,0.0,1,0.0,0.5,0,1.0,0.0,0,0.2888889
0.60465115,0.9,0.5,1.0,0,0.8333333,0.42,0.0,1,0.0,0.0,0.5,0,1.0,0.6666667,0,0.5,0.0,0,0.37777779
0.4651163,0.175,0.0,0.5,1,0.8333333,0.86,1.0,1,0.125,0.0,1.0,1,0.0,0.5,0,0.5,0.0,1,0.24444444
0.25581396,1.0,0.5,0.5,0,0.5,0.28,0.5,1,0.125,0.5,1.0,1,1.0,1.0,0,0.0,0.0,1,0.31111112
0.4883721,0.125,0.0,0.5,1,0.33333334,0.48,1.0,1,0.25,0.5,0.5,1,1.0,0.16666667,0,0.5,0.0,1,0.22222222
0.3488372,0.025,1.0,1.0,0,0.6666667,0.28,0.5,1,0.125,0.0,1.0,1,1.0,0.5,0,0.0,1.0,1,0.15555556
0.37209302,0.9,1.0,1.0,0,0.5,0.22,0.0,1,0.125,0.0,1.0,1,1.0,0.16666667,0,0.5,0.5,0,0.31111112
0.53488374,0.25,0.5,0.5,1,0.5,0.42,0.5,1,0.125,0.5,0.0,1,-1.0,0.6666667,0,0.0,0.0,1,0.22222222
0.60465115,0.725,0.5,0.0,0,0.0,0.34,0.5,1,0.25,0.0,0.0,0,0.0,0.6666667,0,0.5,0.0,0,0.31111112
0.44186047,0.8,0.0,1.0,1,0.6666667,0.78,0.5,1,0.125,0.0,0.5,1,0.0,0.5,0,0.0,0.5,0,0.31111112
0.4883721,0.85,1.0,0.5,1,0.6666667,0.74,0.5,1,0.25,0.0,0.5,0,0.0,0.8333333,0,0.5,0.0,0,0.4
0.6744186,1.0,1.0,0.5,1,0.5,0.36,0.0,1,0.25,0.5,0.5,0,0.0,0.33333334,0,1.0,0.0,0,0.44444445
0.4651163,0.3,1.0,1.0,1,0.6666667,1.0,0.5,1,0.375,0.0,1.0,0,1.0,0.5,0,0.5,1.0,1,0.33333334
0.81395346,0.7,0.5,1.0,0,0.6666667,0.98,1.0,1,0.0,0.0,0.5,0,-1.0,0.5,0,0.5,0.0,0,0.42222223
0.5116279,0.125,0.5,0.5,1,0.33333334,0.92,0.5,1,0.0,0.0,0.0,1,1.0,0.5,0,0.0,0.0,1,0.22222222
0.18604651,0.4,0.5,0.5,0,0.5,0.58,0.5,1,0.125,0.5,0.5,1,-1.0,0.5,0,0.5,0.0,1,0.17777778
0.55813956,0.85,1.0,1.0,0,0.16666667,0.42,0.0,1,0.5,0.5,1.0,1,-1.0,0.6666667,0,0.5,0.0,0,0.42222223
0.4883721,0.375,1.0,1.0,1,0.8333333,0.32,0.0,1,0.0,0.0,0.5,0,0.0,0.33333334,0,1.0,0.0,1,0.26666668
0.627907,0.6,0.5,0.5,1,0.6666667,0.02,0.5,0,0.375,0.5,0.5,1,1.0,0.6666667,0,1.0,0.0,0,0.35555556
0.53488374,0.5,1.0,0.0,1,0.33333334,0.64,0.5,1,0.125,0.0,1.0,1,0.0,0.5,0,0.5,0.5,0,0.2888889
0.41860464,0.65,1.0,0.5,0,0.6666667,0.56,0.5,1,0.25,0.5,0.5,1,-1.0,0.6666667,0,0.5,0.0,0,0.31111112
0.27906978,0.975,0.5,1.0,0,0.5,0.62,0.5,1,0.0,0.5,0.5,1,1.0,0.6666667,0,1.0,0.0,1,0.35555556
0.41860464,0.05,1.0,0.5,1,0.33333334,0.58,0.0,1,0.875,0.5,0.5,1,0.0,0.33333334,0,0.0,0.0,0,0.24444444
0.3255814,0.575,0.5,0.5,1,0.5,0.14,0.0,1,0.0,0.5,0.5,0,1.0,0.5,0,1.0,0.0,1,0.22222222
0.37209302,0.875,0.5,0.0,1,0.6666667,0.7,0.0,0,0.125,0.0,1.0,0,-1.0,0.33333334,0,0.5,0.5,0,0.24444444
0.53488374,0.475,0.0,0.0,1,0.6666667,0.36,1.0,1,0.25,0.0,0.5,0,-1.0,0.33333334,0,0.0,0.0,1,0.22222222
0.6744186,0.075,0.5,0.5,0,1.0,0.52,0.5,1,0.125,0.5,0.5,1,0.0,0.6666667,0,1.0,0.5,0,0.26666668
0.4883721,0.55,1.0,0.5,0,0.5,0.36,1.0,1,0.25,0.0,0.5,0,0.0,0.6666667,0,1.0,0.0,1,0.33333334
0.27906978,0.325,0.5,0.5,1,0.5,0.02,0.5,1,0.125,0.0,0.5,1,1.0,0.6666667,0,1.0,0.0,1,0.17777778
0.5116279,0.15,0.0,0.0,0,0.6666667,0.88,0.0,1,0.125,0.5,1.0,0,0.0,0.5,0,1.0,0.5,1,0.2
0.60465115,0.85,0.5,0.5,1,0.5,0.14,0.5,1,0.125,0.5,0.5,0,0.0,0.16666667,0,0.0,0.0,1,0.35555556
0.3488372,0.525,0.5,1.0,1,0.33333334,0.58,0.5,1,0.25,0.0,1.0,1,1.0,0.5,0,0.5,0.5,0,0.2888889
0.41860464,0.925,0.5,0.0,0,0.33333334,0.88,0.5,1,0.25,1.0,0.5,1,0.0,0.6666667,0,1.0,0.0,1,0.37777779
0.44186047,0.8,0.5,1.0,1,0.0,0.22,0.5,1,0.25,1.0,0.5,1,0.0,0.6666667,0,0.5,0.0,1,0.35555556
0.3255814,0.7,0.0,0.0,1,0.6666667,0.42,0.5,0,0.125,0.0,0.0,0,1.0,0.33333334,0,1.0,0.5,1,0.2
0.53488374,0.0,1.0,0.0,1,0.16666667,0.38,0.5,1,0.125,0.5,1.0,1,0.0,0.8333333,0,0.0,0.5,1,0.2
0.41860464,0.425,1.0,0.5,1,0.33333334,0.08,0.0,1,0.375,1.0,0.5,0,-1.0,0.33333334,0,0.5,0.5,1,0.24444444
0.5116279,0.2,0.5,1.0,1,0.5,0.42,1.0,1,0.375,0.5,0.5,1,1.0,0.5,0,0.0,0.5,0,0.2888889
0.3255814,0.9,1.0,0.5,0,0.5,0.48,0.5,1,0.25,0.0,0.0,0,1.0,0.33333334,0,0.0,1.0,1,0.2888889
0.37209302,0.175,1.0,0.5,1,1.0,0.02,0.5,1,0.375,0.0,0.5,1,1.0,0.8333333,0,0.0,0.0,1,0.22222222
0.53488374,0.275,0.5,0.5,1,0.16666667,0.48,0.5,1,0.125,0.5,0.5,0,1.0,0.5,0,0.0,0.0,1,0.26666668
0.39534885,0.525,0.5,0.0,1,1.0,0.1,0.0,1,0.375,0.0,0.5,1,-1.0,0.33333334,0,0.0,0.0,1,0.2
0.6744186,0.275,1.0,0.5,1,0.8333333,0.9,1.0,0,0.125,0.5,0.5,1,0.0,0.6666667,0,0.5,0.0,1,0.33333334
0.39534885,0.2,0.5,1.0,1,0.6666667,0.66,0.0,1,0.125,0.0,0.5,1,1.0,0.33333334,0,0.5,0.0,1,0.22222222
0.4651163,0.6,0.5,0.0,0,0.8333333,0.06,0.0,1,0.25,0.5,1.0,1,-1.0,0.5,0,0.0,0.5,0,0.22222222
0.5813953,0.1,1.0,0.5,0,0.6666667,0.82,1.0,1,0.125,0.5,0.5,1,1.0,0.6666667,0,0.0,0.0,1,0.2888889
0.23255815,0.05,0.5,1.0,1,0.0,0.36,0.5,1,0.25,1.0,0.5,1,-1.0,0.5,0,0.0,0.5,1,0.13333334
0.18604651,0.375,1.0,0.0,0,0.6666667,0.22,1.0,1,0.375,0.5,0.5,1,0.0,0.5,0,0.0,0.0,1,0.17777778
0.23255815,0.725,0.5,0.5,1,0.16666667,0.26,0.5,1,0.0,0.5,0.5,1,0.0,0.33333334,0,0.5,0.0,0,0.22222222
0.627907,0.55,0.5,0.5,1,0.33333334,0.6,0.5,1,0.125,0.0,0.5,0,0.0,0.8333333,0,0.0,1.0,0,0.31111112
0.37209302,0.425,0.5,0.5,0,0.5,0.08,0.0,1,0.125,0.0,1.0,1,1.0,0.33333334,0,0.5,0.0,1,0.2
0.7906977,0.575,0.5,0.0,0,0.33333334,0.06,0.5,1,0.125,0.0,0.5,0,0.0,0.33333334,0,0.0,0.0,0,0.31111112
0.37209302,0.375,1.0,0.5,1,0.6666667,0.62,0.0,1,0.375,1.0,0.5,1,0.0,0.5,1,1.0,0.0,1,0.26666668
0.4651163,0.925,0.5,1.0,1,0.5,0.98,1.0,1,0.125,0.5,1.0,1,0.0,0.16666667,0,1.0,0.5,1,0.42222223
0.6511628,0.05,1.0,0.5,1,0.6666667,0.48,0.5,1,0.125,0.0,0.5,0,-1.0,0.5,1,0.5,0.0,1,0.24444444
0.7209302,0.675,0.5,1.0,1,0.5,0.42,0.5,1,0.0,1.0,0.0,1,0.0,0.6666667,1,0.5,0.0,1,0.37777779
0.7209302,0.9,0.5,0.0,1,0.5,0.94,0.0,1,0.125,0.0,0.5,1,0.0,0.8333333,0,0.5,0.5,1,0.4
0.60465115,0.8,1.0,0.5,0,0.33333334,0.24,1.0,1,0.0,0.5,1.0,1,1.0,0.6666667,0,0.5,0.0,1,0.4
0.5813953,0.175,0.0,0.5,1,0.16666667,0.24,1.0,1,0.0,0.5,0.5,1,-1.0,0.33333334,0,0.0,0.5,1,0.17777778
0.53488374,0.3,1.0,0.5,1,0.5,0.9,0.5,1,0.375,0.0,0.5,1,-1.0,0.33333334,0,1.0,0.0,1,0.31111112
0.55813956,0.725,0.0,0.0,1,0.33333334,0.64,1.0,1,0.25,0.0,0.5,1,0.0,1.0,0,1.0,0.0,1,0.35555556
0.37209302,0.075,1.0,0.5,0,0.8333333,0.06,1.0,1,0.125,0.0,1.0,1,0.0,0.6666667,0,0.5,0.5,1,0.17777778
0.3255814,0.8,0.5,1.0,1,0.16666667,0.68,0.5,1,0.0,1.0,0.0,1,1.0,0.8333333,0,0.0,0.5,0,0.31111112
0.44186047,0.725,1.0,1.0,1,1.0,0.82,0.0,1,0.375,0.5,0.5,0,0.0,0.5,0,0.5,0.5,1,0.37777779
0.41860464,0.725,1.0,0.0,1,0.5,0.28,0.5,1,0.25,0.0,0.5,1,1.0,0.6666667,1,1.0,0.5,0,0.2888889
0.37209302,0.1,0.0,1.0,0,0.5,0.38,0.5,1,0.125,0.5,0.5,1,-1.0,0.5,0,0.0,0.0,0,0.15555556
0.53488374,0.725,0.0,1.0,1,0.33333334,0.2,0.5,1,0.125,0.0,0.5,0,0.0,0.33333334,0,0.0,0.0,1,0.2888889
0.5813953,0.675,0.5,0.5,1,0.6666667,0.64,1.0,1,0.125,0.0,0.5,1,-1.0,0.33333334,0,1.0,0.0,1,0.35555556
0.4651163,0.825,0.5,0.0,1,0.5,0.66,0.0,0,0.125,1.0,1.0,1,0.0,0.5,1,0.0,0.5,1,0.26666668
0.6511628,0.05,0.0,1.0,1,0.5,0.06,1.0,1,0.0,0.0,0.5,0,1.0,0.5,0,0.5,0.5,0,0.22222222
0.27906978,0.025,0.0,0.5,1,0.6666667,0.68,1.0,0,0.125,0.5,1.0,1,0.0,0.5,1,1.0,1.0,1,0.11111111
0.41860464,0.375,0.5,1.0,1,0.6666667,0.66,1.0,1,0.25,1.0,0.5,1,0.0,0.33333334,0,0.0,0.0,1,0.2888889
0.3488372,0.15,0.0,0.5,1,0.8333333,0.04,0.5,1,0.125,0.5,0.0,1,-1.0,0.5,1,0.0,0.0,1,0.08888889
0.18604651,0.55,1.0,0.5,0,0.6666667,0.56,0.5,1,0.0,1.0,0.5,1,0.0,0.0,0,0.0,0.5,0,0.2
0.44186047,0.925,1.0,0.5,1,0.33333334,0.62,1.0,1,0.25,0.0,0.0,1,0.0,0.5,0,0.0,0.5,1,0.35555556
0.41860464,0.4,1.0,1.0,0,0.0,0.44,0.0,1,0.25,1.0,0.5,1,0.0,0.33333334,0,0.5,0.5,0,0.2888889
0.6511628,0.85,0.0,0.5,1,0.5,0.9,0.5,0,0.25,0.0,0.5,1,0.0,0.5,1,0.5,0.5,1,0.33333334
0.53488374,0.0,0.0,0.0,0,0.5,0.32,0.5,1,0.125,0.5,1.0,1,0.0,0.6666667,0,0.5,0.0,0,0.15555556
0.30232558,0.175,0.5,0.5,0,1.0,0.06,0.5,1,0.25,1.0,0.5,1,0.0,0.5,0,0.5,0.0,1,0.15555556
0.6976744,0.025,1.0,0.5,0,0.5,0.68,0.5,1,0.25,0.5,0.5,0,0.0,0.5,0,0.0,0.0,1,0.2888889
0.60465115,0.325,0.5,0.5,0,0.6666667,0.6,0.0,1,0.375,0.5,0.5,0,-1.0,0.5,0,0.0,0.0,0,0.2888889
0.5116279,0.9,0.5,0.5,1,0.6666667,0.98,1.0,1,0.375,0.0,0.0,1,1.0,0.6666667,0,0.0,0.0,0,0.42222223
0.41860464,0.1,0.0,0.5,0,0.6666667,0.24,0.5,1,0.0,1.0,0.5,1,1.0,0.6666667,1,0.5,0.0,1,0.13333334
0.30232558,0.6,0.5,0.5,1,0.6666667,0.4,0.5,1,0.125,0.0,1.0,1,0.0,0.8333333,0,0.5,0.0,1,0.26666668
0.39534885,0.45,0.5,0.0,0,0.33333334,0.46,0.5,1,0.125,1.0,1.0,1,1.0,0.33333334,0,0.0,0.5,0,0.22222222
0.60465115,0.95,0.0,0.5,1,0.33333334,0.86,0.0,0,0.625,1.0,1.0,1,1.0,0.5,0,0.0,0.5,0,1.0
0.6976744,0.125,0.5,0.0,1,0.5,0.42,0.5,1,0.125,0.0,0.5,1,0.0,0.6666667,0,0.0,0.5,1,0.22222222
0.6511628,0.2,0.5,0.5,0,0.0,0.78,0.5,1,0.0,0.5,0.5,0,0.0,0.6666667,1,0.5,0.0,1,0.26666668
0.37209302,0.025,0.5,1.0,1,0.5,0.16,0.0,1,0.25,0.0,0.5,1,1.0,0.5,1,0.0,0.0,0,0.13333334
0.27906978,0.425,0.5,0.5,0,0.33333334,0.4,0.5,1,0.375,0.5,1.0,1,0.0,0.6666667,1,0.0,0.0,1,0.2
0.4651163,0.275,1.0,0.0,0,0.5,0.16,1.0,1,0.125,0.5,1.0,1,1.0,0.5,1,0.5,1.0,0,0.2
0.18604651,0.875,0.5,0.5,1,0.5,0.94,0.5,1,0.125,0.0,0.0,1,0.0,0.33333334,0,0.5,0.0,1,0.26666668
0.4883721,0.6,0.5,0.5,1,0.16666667,0.18,0.5,1,0.0,1.0,1.0,0,1.0,0.5,0,0.5,0.0,0,0.31111112
0.41860464,0.625,1.0,0.5,1,0.8333333,0.42,0.0,1,0.125,0.5,1.0,1,1.0,0.33333334,0,1.0,0.5,0,0.31111112
0.37209302,0.525,1.0,0.5,0,0.5,0.08,0.5,1,0.5,0.0,0.5,1,1.0,0.5,0,0.0,0.0,0,0.26666668
0.20930232,0.1,0.5,1.0,0,0.6666667,0.92,0.5,1,0.125,0.5,0.5,1,0.0,0.5,0,0.0,0.5,1,0.15555556
0.5116279,0.45,0.0,1.0,0,0.5,0.62,0.5,1,0.0,0.0,0.5,0,0.0,0.16666667,0,0.0,0.0,1,0.24444444
0.37209302,1.0,1.0,0.5,0,0.6666667,0.96,0.0,1,0.0,0.5,1.0,1,1.0,0.6666667,0,0.5,0.0,1,0.37777779
0.27906978,0.825,0.5,0.5,1,0.16666667,0.04,0.0,1,0.25,0.5,0.5,1,1.0,0.5,0,0.5,0.0,0,0.26666668
0.046511628,0.9,1.0,1.0,1,0.8333333,0.18,0.5,1,0.25,0.0,0.5,1,-1.0,0.5,0,0.5,0.5,0,0.24444444
0.44186047,0.825,0.0,0.0,1,0.6666667,0.38,0.5,1,0.25,0.0,0.5,1,0.0,0.6666667,0,0.0,0.5,1,0.26666668
0.6976744,0.1,1.0,0.0,1,0.5,0.62,0.0,1,0.125,0.5,0.5,1,1.0,0.6666667,0,0.0,0.0,0,0.26666668
0.6744186,0.225,0.5,0.5,1,0.5,0.32,0.5,1,0.0,0.5,0.0,1,1.0,0.6666667,0,1.0,0.0,0,0.2888889
0.37209302,0.0,1.0,0.5,1,0.8333333,0.72,0.5,1,0.0,0.0,1.0,1,1.0,0.33333334,0,0.0,0.0,1,0.17777778
0.3488372,0.3,0.5,1.0,0,0.33333334,0.16,0.0,1,0.125,0.5,0.5,1,-1.0,0.33333334,0,0.0,1.0,1,0.15555556
0.5116279,0.1,1.0,0.5,1,0.16666667,0.6,0.0,1,0.375,0.5,1.0,1,-1.0,0.33333334,1,0.5,0.5,0,0.22222222
0.30232558,0.475,0.5,0.5,1,0.33333334,0.4,0.5,1,0.125,0.0,0.5,1,1.0,1.0,0,0.5,0.5,1,0.22222222
0.4883721,0.675,0.5,1.0,1,0.5,0.5,0.5,1,0.0,0.5,1.0,1,1.0,0.33333334,1,0.5,0.0,0,0.33333334
0.55813956,0.875,0.0,0.5,0,0.5,0.56,0.5,1,0.875,0.0,0.5,1,1.0,0.6666667,0,0.0,0.0,1,0.4
0.60465115,0.75,1.0,0.5,1,0.8333333,0.06,0.5,1,0.125,0.5,1.0,1,1.0,0.33333334,0,1.0,0.0,0,0.4
0.41860464,0.95,0.5,0.0,1,0.33333334,0.92,0.5,0,0.25,0.0,0.5,0,-1.0,0.33333334,0,0.0,0.5,1,0.2888889
0.41860464,0.05,0.5,0.0,0,0.33333334,0.78,1.0,1,0.375,0.5,0.5,1,1.0,0.16666667,0,0.0,0.5,1,0.17777778
0.3255814,0.0,0.5,0.0,1,0.16666667,0.44,1.0,1,0.25,1.0,1.0,1,1.0,0.33333334,0,0.0,0.0,1,0.15555556
0.3255814,0.65,1.0,0.5,1,0.6666667,0.54,0.5,1,0.0,0.5,0.5,1,1.0,0.5,0,1.0,0.0,1,0.31111112
0.41860464,0.3,0.5,1.0,0,0.16666667,0.04,0.5,1,0.25,0.5,0.5,1,0.0,0.5,0,1.0,0.0,1,0.24444444
0.4883721,0.25,0.5,1.0,1,0.6666667,0.5,1.0,1,0.0,0.5,0.5,0,1.0,0.5,0,1.0,0.0,1,0.2888889
0.55813956,0.325,1.0,0.5,1,0.33333334,0.42,0.0,1,0.0,0.0,0.5,0,1.0,0.5,0,0.5,1.0,0,0.26666668
0.3255814,0.275,1.0,1.0,1,0.33333334,0.38,0.0,1,0.25,0.0,1.0,0,-1.0,0.6666667,0,0.5,0.0,0,0.22222222
0.6511628,0.5,0.0,0.5,1,1.0,0.82,1.0,0,0.125,1.0,0.5,1,1.0,0.5,0,0.5,0.5,1,0.33333334
0.39534885,0.45,0.0,0.5,1,0.8333333,0.18,1.0,0,0.0,1.0,1.0,0,1.0,0.16666667,0,0.0,0.5,0,0.2
0.44186047,0.5,0.0,0.0,1,0.5,0.18,1.0,1,0.25,0.5,1.0,0,0.0,0.5,0,0.0,0.5,1,0.22222222
0.3488372,0.675,0.5,0.5,0,0.16666667,0.52,1.0,1,0.125,0.0,1.0,0,0.0,0.33333334,0,1.0,1.0,0,0.26666668
0.093023255,0.375,0.5,0.0,1,1.0,0.68,0.5,1,0.0,1.0,0.5,0,0.0,0.6666667,0,1.0,0.5,0,0.15555556
0.55813956,0.25,0.5,0.5,1,0.5,0.02,1.0,1,0.375,0.0,0.5,1,1.0,0.6666667,0,0.0,0.5,1,0.24444444
0.53488374,0.175,1.0,1.0,1,0.5,0.54,0.0,1,0.0,1.0,0.5,1,1.0,0.33333334,0,0.5,0.0,0,0.2888889
0.39534885,0.35,0.5,0.0,0,0.6666667,0.3,1.0,1,0.0,0.5,1.0,1,1.0,0.6666667,0,0.5,0.5,0,0.2
0.44186047,0.75,1.0,0.0,0,0.0,0.76,0.5,1,0.375,0.0,0.5,1,-1.0,0.5,0,0.0,0.5,1,0.31111112
0.5116279,0.75,0.5,0.5,1,0.33333334,0.46,0.0,0,0.125,1.0,0.5,0,1.0,0.33333334,0,0.0,0.0,0,0.31111112
0.23255815,0.675,0.5,0.5,1,0.5,0.84,0.5,1,0.125,0.5,0.5,1,1.0,0.8333333,0,0.0,0.5,0,0.26666668
0.37209302,0.225,0.5,0.5,1,0.5,0.4,0.0,1,0.0,0.0,1.0,1,0.0,0.5,1,0.5,0.5,1,0.13333334
0.55813956,0.6,1.0,0.5,1,0.16666667,0.82,0.0,1,0.125,0.5,0.5,1,1.0,0.6666667,1,1.0,0.5,0,0.33333334
0.25581396,0.575,0.0,0.5,1,0.5,0.72,0.0,1,0.125,1.0,0.5,1,-1.0,0.6666667,0,0.5,0.0,0,0.22222222
0.4883721,0.475,0.5,0.5,1,0.5,0.82,0.0,1,0.0,0.0,0.5,1,1.0,0.6666667,1,0.5,0.5,1,0.24444444
0.25581396,0.55,0.0,0.5,1,1.0,0.82,0.5,1,0.375,0.0,0.5,1,-1.0,0.5,0,1.0,0.0,1,0.24444444
0.5116279,0.5,0.5,1.0,1,0.8333333,0.48,0.5,1,0.5,0.5,0.5,1,-1.0,0.5,0,0.0,0.5,1,0.31111112
0.44186047,0.575,0.5,0.5,1,0.5,0.36,1.0,1,0.125,0.5,0.5,1,1.0,0.16666667,0,0.0,0.0,0,0.26666668
0.20930232,0.725,1.0,1.0,1,0.5,0.76,0.5,1,0.25,1.0,0.5,0,1.0,0.33333334,0,1.0,0.0,0,0.35555556
0.60465115,0.1,1.0,1.0,1,0.8333333,0.36,1.0,1,0.125,0.0,1.0,0,0.0,0.6666667,0,0.0,0.0,1,0.2888889
0.3488372,0.75,0.5,0.5,0,0.5,0.08,1.0,0,0.25,0.5,0.5,1,1.0,0.5,0,0.0,0.0,0,0.26666668
0.3255814,0.125,1.0,0.5,0,0.16666667,0.86,0.0,1,0.25,0.0,0.5,1,0.0,0.6666667,1,0.0,0.0,0,0.17777778
0.4651163,0.075,0.5,0.5,0,1.0,0.4,0.0,1,0.125,1.0,1.0,0,1.0,0.33333334,0,0.5,0.0,0,0.2
0.60465115,0.975,1.0,0.5,1,0.33333334,0.14,0.5,1,0.375,0.0,0.5,1,0.0,0.5,0,0.5,0.5,1,0.4
0.30232558,0.95,0.5,0.5,1,1.0,0.64,1.0,1,0.125,0.0,0.5,0,1.0,0.5,0,0.0,0.5,1,0.31111112
0.44186047,0.05,1.0,0.0,0,0.6666667,0.88,1.0,1,0.125,0.5,0.5,1,1.0,0.5,0,0.0,0.0,0,0.22222222
0.5116279,0.45,1.0,0.0,1,0.33333334,0.86,0.5,1,0.0,0.5,1.0,0,1.0,0.8333333,0,1.0,0.0,1,0.33333334
0.53488374,0.175,1.0,0.5,1,0.0,0.56,0.0,1,0.125,0.0,1.0,1,1.0,0.33333334,0,0.0,0.0,0,0.26666668
0.4651163,0.475,0.5,0.0,1,0.6666667,0.08,1.0,1,0.375,0.0,0.5,1,1.0,0.5,0,1.0,0.5,0,0.26666668
0.39534885,0.825,0.5,1.0,1,0.16666667,0.7,0.5,1,0.0,0.0,0.5,1,1.0,0.5,0,0.0,0.0,1,0.33333334
0.3255814,0.95,1.0,0.0,0,0.6666667,0.6,0.0,0,0.25,1.0,1.0,1,-1.0,0.33333334,0,1.0,0.0,0,0.31111112
0.4651163,0.625,1.0,0.5,0,1.0,0.22,1.0,1,0.25,0.5,0.5,1,0.0,0.33333334,1,0.0,0.0,1,0.2888889
0.30232558,0.35,0.5,1.0,0,0.16666667,0.9,1.0,1,0.125,0.0,1.0,1,1.0,0.5,1,0.5,0.0,1,0.24444444
0.023255814,0.6,0.0,1.0,0,0.6666667,0.08,0.0,1,0.375,0.0,0.0,1,1.0,0.6666667,0,0.0,0.0,1,0.15555556
0.5116279,0.3,0.5,0.5,1,0.33333334,0.38,0.0,1,0.25,1.0,0.5,1,1.0,0.6666667,0,0.0,0.0,1,0.26666668
0.55813956,0.9,0.5,0.0,1,0.8333333,0.1,1.0,1,0.25,0.5,1.0,1,0.0,0.6666667,0,0.0,0.5,1,0.35555556
0.11627907,0.875,1.0,0.5,1,0.5,0.92,0.5,1,0.5,0.0,0.5,1,0.0,0.33333334,0,0.0,0.5,0,0.2888889
0.30232558,0.55,1.0,0.5,1,0.5,0.04,1.0,1,0.375,0.0,0.5,1,-1.0,0.33333334,0,0.0,0.0,0,0.24444444
0.53488374,0.325,0.0,0.5,1,0.8333333,0.42,1.0,1,0.0,0.0,0.5,1,0.0,0.5,0,0.0,0.5,1,0.2
0.7209302,0.3,1.0,0.5,1,0.6666667,0.86,0.0,1,0.125,0.0,0.5,0,0.0,0.6666667,0,1.0,0.0,0,0.35555556
0.44186047,0.025,0.0,0.0,1,0.33333334,0.26,0.5,1,0.125,0.5,1.0,1,1.0,0.6666667,0,0.5,1.0,1,0.13333334
0.3488372,0.825,0.5,1.0,0,1.0,0.1,0.5,0,0.25,0.0,0.5,1,0.0,0.33333334,0,0.5,0.0,1,0.26666668
0.41860464,0.45,0.5,0.0,1,0.16666667,0.12,0.0,1,0.375,1.0,0.5,1,0.0,0.6666667,0,0.5,0.5,0,0.22222222
0.627907,0.325,1.0,0.5,1,0.5,0.4,0.0,0,0.0,0.0,0.5,0,-1.0,1.0,0,0.5,0.5,0,0.24444444
0.3488372,0.475,1.0,1.0,1,0.33333334,0.42,0.5,1,0.25,0.0,1.0,1,0.0,0.6666667,0,0.0,0.0,0,0.2888889
0.3255814,0.825,0.5,0.5,0,0.16666667,0.72,0.5,1,0.0,0.0,0.5,1,0.0,0.33333334,0,0.5,1.0,1,0.24444444
0.37209302,0.125,0.5,0.5,0,0.16666667,0.24,0.5,1,0.25,0.5,0.5,1,1.0,0.6666667,0,0.0,0.0,0,0.17777778
0.30232558,0.85,0.0,0.0,1,0.5,0.7,0.0,1,0.125,1.0,0.5,1,0.0,0.5,0,0.0,0.5,0,0.24444444
0.4651163,0.9,0.5,1.0,0,0.6666667,1.0,0.5,1,0.125,1.0,0.5,0,1.0,0.33333334,0,0.5,0.0,0,0.4
0.6744186,0.95,0.5,0.0,1,0.8333333,0.86,0.5,1,0.125,0.0,0.0,0,1.0,0.5,0,0.0,0.0,1,0.73333335
0.4883721,0.4,0.5,0.5,0,0.8333333,0.64,1.0,1,0.0,0.5,1.0,0,0.0,0.6666667,0,0.0,0.0,1,0.26666668
0.39534885,0.225,1.0,1.0,1,0.5,0.94,0.5,1,0.25,0.5,0.5,1,1.0,0.33333334,0,0.5,0.0,0,0.31111112
0.39534885,0.375,0.5,0.0,1,0.33333334,1.0,1.0,1,0.25,0.0,0.5,1,1.0,0.5,0,0.0,0.0,0,0.26666668
0.23255815,0.325,0.5,1.0,1,0.8333333,0.58,0.5,1,0.125,0.0,1.0,1,0.0,0.33333334,0,0.0,0.0,1,0.2
0.55813956,0.175,0.5,1.0,1,0.33333334,0.28,0.5,0,0.0,0.0,0.5,1,0.0,0.33333334,0,0.0,0.5,1,0.2
0.44186047,0.6,0.0,0.5,0,0.16666667,0.92,0.0,1,0.125,0.0,0.5,1,-1.0,0.33333334,0,0.0,0.0,1,0.22222222
0.41860464,0.475,0.5,0.5,0,0.6666667,0.84,1.0,1,0.125,0.5,1.0,1,1.0,0.33333334,0,0.0,0.0,1,0.2888889
0.88372093,0.875,0.5,1.0,1,0.8333333,0.08,1.0,1,0.25,0.5,0.5,0,1.0,0.5,0,0.0,0.5,1,0.4888889
0.4883721,0.025,0.5,0.5,1,0.33333334,0.94,1.0,1,0.0,0.0,1.0,1,-1.0,0.33333334,1,0.0,0.0,1,0.17777778
0.3255814,0.65,1.0,1.0,1,1.0,0.36,0.5,1,0.0,1.0,0.5,1,0.0,0.8333333,0,0.5,0.0,1,0.31111112
0.37209302,0.775,0.5,0.5,1,0.6666667,0.32,0.5,1,0.375,0.5,0.0,1,1.0,0.33333334,0,0.5,0.0,1,0.31111112
0.60465115,0.75,0.5,0.0,0,0.6666667,0.34,0.5,1,0.25,0.5,0.5,1,-1.0,0.5,0,1.0,0.0,1,0.33333334
0.4651163,0.875,1.0,0.5,1,0.33333334,0.32,1.0,1,0.125,0.5,1.0,1,1.0,0.6666667,0,0.5,0.0,1,0.4
0.23255815,0.725,0.5,0.0,1,0.8333333,0.52,0.5,1,0.125,0.5,1.0,1,0.0,0.5,0,1.0,1.0,1,0.24444444
0.5813953,0.925,0.5,0.0,0,0.16666667,0.58,1.0,1,0.25,0.0,0.0,0,1.0,0.5,0,0.0,0.0,0,0.35555556
0.3488372,0.325,0.5,0.0,1,0.33333334,0.42,0.5,1,0.25,1.0,1.0,1,1.0,0.8333333,0,0.5,0.0,1,0.24444444
0.6976744,0.5,0.5,0.5,1,0.33333334,0.42,1.0,1,0.25,0.0,1.0,1,0.0,0.5,0,0.0,0.0,0,0.35555556
0.5813953,0.025,0.5,0.0,1,0.16666667,0.74,0.5,1,0.375,1.0,1.0,1,1.0,0.33333334,1,0.0,0.0,1,0.24444444
0.37209302,0.0,0.5,1.0,1,0.6666667,0.0,1.0,1,0.0,0.0,1.0,1,1.0,0.6666667,0,0.0,0.0,0,0.17777778
0.627907,0.25,1.0,1.0,1,0.6666667,0.94,0.5,1,0.625,0.0,0.0,1,-1.0,0.8333333,1,0.0,0.0,1,0.33333334
0.44186047,0.1,1.0,0.5,1,0.6666667,0.72,0.5,1,0.125,0.5,0.5,1,0.0,0.33333334,0,1.0,0.0,1,0.24444444
0.55813956,0.25,0.5,0.5,0,0.5,0.7,0.5,1,0.125,0.5,0.5,1,-1.0,0.6666667,0,0.0,0.0,1,0.24444444
0.5116279,0.175,0.5,0.5,0,0.6666667,0.42,1.0,1,0.25,0.5,0.5,1,0.0,0.6666667,0,0.5,0.5,0,0.24444444
0.3255814,0.025,0.5,0.5,0,0.5,0.96,0.5,1,0.125,0.5,0.5,1,0.0,0.5,0,0.0,0.0,1,0.15555556
0.3488372,0.9,0.5,0.5,0,0.33333334,0.0,1.0,1,0.125,0.5,1.0,1,1.0,0.5,0,0.5,0.0,1,0.31111112
0.5813953,0.0,0.0,1.0,1,0.33333334,0.08,0.0,1,0.125,0.0,0.5,0,1.0,0.16666667,0,1.0,0.5,1,0.17777778
0.39534885,0.725,0.5,0.0,1,0.0,0.8,0.0,1,0.125,1.0,0.5,1,1.0,0.33333334,1,1.0,0.0,0,0.2888889
0.39534885,0.15,0.5,1.0,0,0.8333333,0.74,0.5,1,0.125,0.5,0.0,0,1.0,0.5,0,0.0,0.5,1,0.2
0.30232558,0.9,0.0,1.0,1,0.8333333,0.28,1.0,1,0.25,0.0,1.0,1,0.0,0.5,0,1.0,0.5,1,0.31111112
0.5116279,0.9,0.0,0.5,1,1.0,0.6,0.0,1,0.375,0.0,1.0,1,1.0,0.5,0,0.0,0.0,1,0.35555556
0.7209302,0.65,0.5,0.5,1,0.33333334,0.54,0.5,0,0.25,0.5,0.0,0,-1.0,0.6666667,0,0.0,0.0,1,0.35555556
0.30232558,0.675,0.5,0.5,0,0.33333334,0.52,0.5,1,0.125,0.0,0.5,0,1.0,0.6666667,0,0.5,1.0,0,0.24444444
0.44186047,0.0,0.5,0.5,1,0.0,0.6,0.0,1,0.25,1.0,0.5,0,1.0,0.5,1,0.5,0.5,1,0.17777778
0.627907,0.975,0.0,0.5,1,0.6666667,1.0,0.0,1,0.0,0.5,0.5,1,1.0,0.33333334,0,0.0,1.0,1,0.37777779
0.44186047,0.875,0.5,0.5,1,0.6666667,0.98,0.0,0,0.125,0.0,0.5,0,0.0,0.5,0,0.5,0.0,0,0.33333334
0.5116279,0.9,0.5,0.0,0,0.8333333,0.98,0.5,1,0.0,1.0,0.5,0,0.0,0.33333334,0,0.5,0.0,0,0.35555556
0.30232558,0.65,0.0,0.0,1,0.33333334,0.54,0.5,1,0.375,1.0,0.5,0,0.0,0.5,0,0.0,1.0,1,0.22222222
0.5116279,0.35,0.5,0.0,1,0.6666667,0.32,0.0,1,0.0,1.0,0.5,1,-1.0,0.6666667,0,1.0,0.0,0,0.22222222
0.41860464,0.9,0.0,0.5,0,0.33333334,0.56,1.0,1,0.125,0.0,0.0,1,1.0,0.33333334,0,0.0,1.0,1,0.26666668
0.5813953,0.3,1.0,0.5,0,0.8333333,0.62,1.0,1,0.0,0.5,1.0,1,0.0,0.5,0,0.0,0.0,1,0.2888889
0.60465115,0.575,0.5,0.5,1,0.6666667,0.32,0.5,1,0.375,0.5,0.5,1,1.0,0.6666667,0,0.5,1.0,0,0.33333334
0.81395346,0.1,0.5,0.5,1,0.16666667,0.64,0.5,1,0.25,0.5,1.0,0,1.0,0.33333334,0,0.0,0.0,0,0.33333334
0.5116279,0.925,0.0,1.0,1,0.5,0.62,0.0,1,0.25,0.5,1.0,1,0.0,0.5,0,0.0,0.0,1,0.37777779
0.4883721,0.15,0.5,1.0,0,0.0,0.9,0.5,1,0.125,0.0,0.0,1,0.0,0.8333333,0,0.5,0.5,1,0.22222222
0.4651163,0.225,0.5,0.5,1,0.16666667,0.24,1.0,1,0.25,0.0,0.5,1,1.0,0.5,0,0.0,0.0,1,0.22222222
0.39534885,0.55,1.0,0.5,1,0.16666667,0.7,1.0,1,0.375,0.5,1.0,0,0.0,0.6666667,0,1.0,0.0,1,0.35555556
0.4883721,0.775,1.0,1.0,1,0.33333334,0.46,0.0,1,0.375,1.0,0.5,1,1.0,0.6666667,0,1.0,0.0,1,0.42222223
0.39534885,0.625,0.0,0.5,0,0.5,0.12,0.0,1,0.0,0.0,0.5,0,1.0,0.6666667,0,0.0,0.5,1,0.2
0.4651163,0.225,0.5,0.5,0,0.5,0.32,1.0,1,0.125,0.5,0.5,0,0.0,0.6666667,0,0.0,1.0,0,0.2
0.627907,0.0,0.5,1.0,1,0.5,0.06,0.0,1,0.375,0.0,0.5,0,0.0,0.5,0,0.0,0.0,0,0.22222222
0.30232558,0.75,0.0,0.5,1,0.5,0.32,0.5,1,0.125,0.5,0.5,1,0.0,0.8333333,0,0.5,0.0,1,0.26666668
0.60465115,0.975,1.0,0.5,0,0.5,0.06,0.0,1,0.25,0.0,1.0,1,0.0,0.5,0,0.5,0.0,1,0.4
0.627907,0.8,0.0,1.0,0,0.16666667,0.92,1.0,1,0.125,0.5,0.0,1,0.0,0.5,0,0.5,0.5,1,0.37777779
0.41860464,0.45,0.5,0.5,0,0.5,0.1,0.0,1,0.0,0.5,0.5,1,1.0,0.5,0,0.5,0.0,1,0.22222222
0.13953489,0.9,0.5,1.0,0,0.8333333,0.82,0.5,1,0.0,0.0,0.5,1,0.0,0.6666667,0,0.5,0.0,1,0.26666668
0.3488372,0.4,0.5,0.5,1,0.5,0.9,0.0,1,0.25,0.5,0.5,1,-1.0,0.5,0,0.0,0.0,0,0.24444444
0.627907,0.525,1.0,0.5,1,0.6666667,0.46,0.0,1,0.0,0.5,1.0,1,-1.0,0.5,0,1.0,0.0,1,0.33333334
0.44186047,0.475,1.0,0.5,0,0.6666667,0.06,0.5,1,0.25,0.5,0.5,0,0.0,0.5,0,0.0,0.5,0,0.24444444
0.30232558,0.45,1.0,1.0,1,0.6666667,0.6,0.0,1,0.125,0.5,0.5,1,0.0,0.16666667,0,0.0,0.0,0,0.24444444
0.37209302,0.775,0.5,0.0,1,0.5,0.24,0.0,1,0.375,1.0,0.5,1,-1.0,0.5,0,1.0,0.0,1,0.2888889
0.55813956,0.525,0.0,0.5,1,0.6666667,0.18,0.0,1,0.375,0.0,0.5,1,1.0,0.6666667,0,0.5,0.0,1,0.2888889
0.5116279,0.325,1.0,1.0,0,0.6666667,0.56,0.0,1,0.0,1.0,0.5,1,0.0,0.6666667,0,0.0,0.5,0,0.26666668
0.41860464,0.25,1.0,0.5,1,0.6666667,0.36,1.0,0,0.125,0.0,0.5,1,1.0,0.5,0,0.5,0.0,0,0.22222222
0.39534885,0.05,0.5,0.0,1,0.6666667,0.74,0.5,1,0.5,0.0,0.5,1,1.0,0.6666667,0,0.5,0.0,0,0.2
0.39534885,0.575,1.0,0.5,0,0.16666667,0.6,1.0,1,0.125,1.0,1.0,1,1.0,0.33333334,0,0.5,0.0,1,0.33333334
0.30232558,0.225,0.0,0.5,0,0.16666667,0.82,0.5,1,0.0,1.0,0.5,1,1.0,0.5,0,0.5,0.5,1,0.17777778
0.6744186,0.15,0.5,1.0,0,0.33333334,0.06,0.0,0,0.25,0.0,0.5,1,1.0,0.33333334,0,0.0,0.0,1,0.22222222
0.39534885,0.65,0.0,0.5,1,0.8333333,0.24,0.5,1,0.5,0.5,0.5,1,-1.0,0.33333334,1,1.0,0.0,0,0.26666668
0.60465115,0.675,0.5,0.5,1,0.5,0.56,0.0,1,0.375,0.0,0.5,0,-1.0,0.8333333,0,0.0,0.0,0,0.35555556
0.6511628,0.75,1.0,0.5,1,0.5,0.88,0.5,1,0.125,0.0,0.0,0,0.0,0.6666667,0,0.0,0.0,0,0.4
0.5813953,0.5,0.5,0.5,0,0.0,0.82,0.0,1,0.125,0.0,0.5,0,0.0,0.5,0,0.0,1.0,1,0.26666668
0.37209302,0.9,1.0,0.5,1,0.5,0.68,0.5,1,0.25,0.0,1.0,0,1.0,0.5,0,0.5,0.0,0,0.37777779
0.4883721,0.925,0.5,0.5,0,0.5,0.58,1.0,1,0.25,0.5,1.0,1,1.0,0.0,0,0.0,1.0,1,0.35555556
0.44186047,0.8,0.5,1.0,1,0.0,0.64,1.0,1,0.0,0.5,0.5,1,0.0,0.6666667,0,1.0,0.0,1,0.37777779
0.3255814,0.625,1.0,1.0,1,0.5,0.22,0.5,1,0.125,0.5,1.0,1,-1.0,0.5,0,0.0,0.0,1,0.2888889
0.4883721,0.3,0.0,0.0,1,0.16666667,0.6,0.5,1,0.25,0.0,1.0,1,0.0,0.5,0,0.5,0.0,0,0.22222222
0.27906978,0.975,1.0,0.5,0,0.33333334,0.5,0.0,1,0.125,0.5,0.5,1,1.0,0.6666667,1,0.5,1.0,0,0.2888889
0.60465115,0.275,0.5,0.0,0,0.6666667,0.38,0.5,1,0.125,1.0,0.5,1,1.0,0.6666667,0,0.5,0.0,1,0.26666668
0.37209302,0.2,0.5,0.5,0,0.5,0.88,1.0,1,0.125,1.0,0.5,0,0.0,0.6666667,0,0.5,0.5,0,0.24444444
0.4651163,0.45,0.5,0.0,1,0.33333334,0.82,0.5,1,0.0,0.5,0.0,0,0.0,0.16666667,1,0.0,0.0,1,0.2
0.4883721,0.05,1.0,0.5,0,0.33333334,0.08,0.5,1,0.375,0.0,0.5,0,0.0,0.5,0,1.0,0.0,1,0.22222222
0.39534885,0.975,0.5,0.5,0,0.33333334,0.98,0.5,1,0.0,0.0,0.5,1,0.0,0.5,0,0.0,0.5,1,0.31111112
0.53488374,0.6,0.5,0.5,1,0.5,0.22,0.5,1,0.25,0.5,0.5,1,1.0,0.33333334,0,0.0,1.0,1,0.2888889
0.37209302,0.55,1.0,1.0,0,0.16666667,0.22,0.5,1,0.375,0.5,0.5,1,0.0,0.6666667,0,1.0,0.0,1,0.31111112
0.55813956,0.65,0.5,0.5,1,0.8333333,0.94,0.0,1,0.125,1.0,0.5,0,0.0,0.5,0,0.0,0.5,1,0.33333334
0.25581396,0.5,1.0,0.5,0,0.16666667,0.44,0.5,1,0.125,1.0,0.5,0,1.0,0.6666667,1,0.0,0.0,0,0.22222222
0.4651163,0.025,0.5,0.5,0,0.0,0.8,0.0,1,0.25,0.5,0.0,1,0.0,0.5,0,0.0,0.0,1,0.17777778
0.7209302,0.6,0.0,0.5,1,0.6666667,0.28,0.5,1,0.125,0.0,1.0,0,1.0,0.5,0,0.5,0.0,0,0.35555556
0.30232558,0.725,0.5,1.0,1,0.33333334,0.88,0.0,1,0.0,0.0,0.5,0,0.0,0.33333334,0,1.0,0.0,1,0.2888889
0.3488372,0.425,0.5,0.5,1,0.5,0.84,1.0,1,0.625,0.0,1.0,1,1.0,0.5,0,1.0,0.0,0,0.33333334
0.5116279,0.75,0.5,1.0,1,0.6666667,0.52,1.0,1,0.25,0.5,0.0,1,1.0,0.5,0,0.0,0.0,0,0.37777779
0.4651163,0.225,0.5,0.5,1,0.33333334,0.7,0.5,1,0.375,0.0,0.0,1,0.0,0.16666667,0,0.5,1.0,0,0.2
0.4883721,0.225,0.0,0.5,0,0.5,0.96,0.0,1,0.0,0.0,0.5,1,1.0,0.33333334,0,1.0,0.5,1,0.2
0.5116279,0.15,0.5,0.0,1,0.6666667,0.46,1.0,1,0.25,1.0,0.5,1,1.0,0.33333334,0,0.5,0.0,0,0.24444444
0.53488374,0.375,0.5,1.0,1,0.8333333,0.5,1.0,1,0.0,0.5,1.0,1,1.0,0.5,0,0.5,1.0,1,0.31111112
0.60465115,0.85,0.5,0.0,0,0.33333334,0.72,0.5,1,0.25,0.5,0.5,0,0.0,0.33333334,0,0.0,0.0,0,0.35555556
0.4883721,0.825,0.5,1.0,1,0.33333334,0.38,1.0,1,0.0,1.0,0.0,1,-1.0,0.5,1,0.0,0.0,1,0.31111112
0.41860464,0.375,1.0,0.5,0,0.6666667,0.96,0.0,1,0.125,0.0,0.5,1,0.0,0.5,0,1.0,0.5,1,0.26666668
0.53488374,0.6,0.0,0.5,1,0.5,0.04,0.5,1,0.0,0.0,1.0,1,0.0,0.5,0,0.0,0.0,1,0.24444444
0.6976744,0.725,0.5,0.5,0,0.5,0.4,0.5,1,0.25,0.0,1.0,1,1.0,0.33333334,0,0.0,0.5,0,0.35555556
0.41860464,0.25,0.5,0.0,1,0.8333333,0.72,0.0,1,0.25,1.0,0.5,1,0.0,0.33333334,1,0.0,0.0,1,0.17777778
0.30232558,0.175,0.5,0.0,0,0.0,0.42,0.5,1,0.0,1.0,0.5,1,0.0,0.6666667,0,0.5,0.0,0,0.15555556
0.60465115,0.975,0.5,1.0,0,0.16666667,0.26,0.5,1,0.0,0.5,1.0,1,0.0,0.6666667,0,0.0,0.0,0,0.4
0.41860464,0.625,1.0,0.5,0,0.0,0.42,0.0,1,0.125,0.5,1.0,1,-1.0,0.5,0,0.0,1.0,0,0.24444444
0.13953489,0.975,1.0,0.5,1,0.8333333,0.88,0.5,1,0.375,1.0,1.0,1,1.0,0.33333334,0,1.0,0.5,1,0.37777779
0.55813956,0.35,1.0,0.0,1,0.6666667,0.54,0.0,1,0.125,0.0,0.5,1,0.0,0.33333334,0,1.0,0.5,0,0.26666668
0.37209302,0.7,0.0,0.0,0,0.16666667,0.34,0.5,0,0.0,0.5,1.0,1,0.0,0.5,0,1.0,0.0,1,0.22222222
0.41860464,0.225,0.5,0.5,1,0.5,0.68,0.5,1,0.25,0.5,0.5,1,0.0,0.6666667,0,0.0,0.0,1,0.24444444
0.4883721,0.25,1.0,0.5,1,0.5,0.62,0.0,1,0.375,0.5,0.5,1,0.0,0.33333334,0,1.0,0.5,0,0.2888889
0.4651163,0.5,0.5,1.0,1,0.0,0.56,0.5,1,0.125,0.5,1.0,0,0.0,0.6666667,0,0.0,0.0,0,0.31111112
0.53488374,0.325,1.0,0.5,1,0.5,0.4,0.5,1,0.0,1.0,0.5,1,-1.0,0.5,0,1.0,0.0,0,0.2888889
0.37209302,0.175,0.5,1.0,1,0.16666667,0.08,0.5,1,0.0,0.0,0.5,1,-1.0,0.33333334,0,0.0,0.5,1,0.13333334
0.5116279,0.275,1.0,0.0,1,0.6666667,0.62,0.5,1,0.375,0.5,1.0,0,1.0,0.33333334,0,0.0,0.0,1,0.2888889
0.39534885,0.025,1.0,0.0,1,0.16666667,0.42,0.0,1,0.375,1.0,1.0,0,0.0,0.5,0,0.5,0.0,1,0.2
0.53488374,0.7,0.5,0.0,1,0.5,0.42,0.0,0,0.125,0.0,1.0,1,0.0,0.5,0,0.5,0.5,1,0.26666668
0.53488374,0.5,0.0,1.0,1,0.8333333,0.24,1.0,1,0.375,1.0,0.0,1,0.0,0.5,0,0.0,0.5,1,0.2888889
0.30232558,0.1,0.5,1.0,0,0.6666667,0.24,0.0,1,0.125,0.5,1.0,1,1.0,0.6666667,1,0.0,0.5,1,0.13333334
0.60465115,0.175,1.0,0.0,0,0.6666667,0.78,0.0,1,0.125,0.0,0.0,1,1.0,0.5,0,1.0,0.0,0,0.24444444
0.37209302,0.1,1.0,0.0,1,0.5,0.48,0.0,1,0.25,0.5,0.0,1,1.0,0.33333334,0,1.0,0.0,0,0.2
0.55813956,0.625,0.0,0.5,0,0.16666667,0.1,0.0,1,0.375,1.0,0.5,1,-1.0,0.5,0,0.0,0.5,0,0.26666668
0.4883721,0.1,0.5,1.0,0,0.33333334,0.04,0.0,1,0.25,1.0,0.5,0,-1.0,0.6666667,0,0.5,0.5,0,0.2
0.6976744,0.75,1.0,1.0,0,0.5,0.22,0.0,1,0.0,0.0,0.5,1,1.0,0.5,0,0.0,0.0,1,0.37777779
0.41860464,0.025,0.5,0.5,0,0.5,0.48,0.0,1,0.25,1.0,0.5,1,-1.0,0.5,0,1.0,1.0,1,0.15555556
0.39534885,0.25,1.0,0.5,1,0.16666667,0.62,0.0,1,0.25,0.0,0.5,0,-1.0,0.33333334,0,0.0,1.0,0,0.17777778
0.44186047,0.9,1.0,1.0,0,0.6666667,0.14,0.0,1,0.125,0.0,0.5,0,0.0,0.6666667,0,0.0,0.0,1,0.33333334
0.39534885,0.725,1.0,0.5,0,0.16666667,0.44,0.0,1,0.375,0.5,0.5,1,1.0,0.5,0,0.5,0.5,1,0.31111112
0.55813956,0.075,0.0,0.5,1,0.8333333,0.08,0.5,1,0.375,0.5,0.0,1,1.0,0.33333334,0,0.0,0.0,1,0.2
0.20930232,0.825,0.0,0.5,0,0.5,0.04,0.5,1,0.25,0.5,0.5,1,1.0,0.5,0,1.0,0.0,1,0.24444444
0.30232558,0.5,0.0,0.5,1,0.6666667,0.86,0.5,1,0.375,0.0,1.0,0,1.0,0.6666667,0,0.0,0.0,0,0.26666668
0.30232558,0.85,1.0,1.0,1,0.6666667,0.66,0.5,1,0.5,0.5,0.0,1,-1.0,0.8333333,1,1.0,0.0,0,0.35555556
0.5813953,0.6,0.5,1.0,1,1.0,0.78,0.5,1,0.0,0.0,1.0,0,1.0,0.16666667,0,0.0,1.0,0,0.33333334
0.6744186,0.675,0.0,0.5,0,0.5,0.18,0.5,1,0.25,0.5,0.5,1,0.0,0.5,0,0.0,0.5,1,0.31111112
0.41860464,1.0,0.5,0.0,0,0.33333334,0.32,1.0,1,0.0,0.0,0.5,1,0.0,0.5,0,0.0,0.5,1,0.2888889
0.41860464,0.225,0.5,1.0,1,0.33333334,0.44,0.5,0,0.125,0.0,0.5,1,0.0,0.16666667,0,0.5,0.0,0,0.2
0.44186047,0.625,1.0,0.5,1,0.8333333,0.66,0.0,1,0.375,0.5,0.5,1,1.0,0.5,1,0.5,0.0,1,0.33333334
0.60465115,0.45,1.0,0.0,1,0.16666667,0.54,0.5,1,0.0,0.5,0.0,0,0.0,0.5,0,1.0,0.0,1,0.31111112
0.30232558,0.05,0.5,0.5,1,0.33333334,0.56,0.5,1,0.0,1.0,0.5,1,1.0,0.33333334,0,0.5,0.0,0,0.17777778
0.4651163,0.025,0.0,0.5,0,0.5,0.16,0.5,1,0.125,0.5,0.0,1,-1.0,0.5,0,0.0,0.0,0,0.11111111
0.5813953,0.125,1.0,0.0,0,0.5,0.48,0.5,1,0.25,0.0,0.5,1,-1.0,0.6666667,0,0.0,0.0,0,0.22222222
0.5116279,0.65,0.5,0.5,0,0.6666667,0.82,0.5,1,0.0,0.0,0.5,1,-1.0,0.0,0,0.0,0.0,1,0.26666668
0.4651163,0.575,0.5,0.0,0,0.16666667,0.5,0.0,1,0.125,0.5,0.5,1,-1.0,0.6666667,0,0.5,0.0,1,0.24444444
0.5813953,0.55,0.0,1.0,0,0.5,0.2,0.5,0,0.375,0.0,0.5,1,0.0,0.5,0,1.0,0.0,0,0.2888889
0.069767445,0.025,0.0,1.0,1,0.5,0.42,1.0,1,0.0,0.0,0.0,1,1.0,0.16666667,0,1.0,0.0,1,0.06666667
0.53488374,0.475,0.0,1.0,1,0.16666667,0.76,0.5,1,0.0,0.5,0.5,1,0.0,0.5,0,0.0,0.5,0,0.26666668
0.3488372,0.925,0.5,0.5,1,0.6666667,0.14,0.0,1,0.0,0.5,0.5,1,1.0,0.6666667,1,0.0,0.0,1,0.2888889
0.18604651,0.4,0.5,0.5,1,0.5,0.58,0.5,1,0.125,0.0,0.5,1,0.0,0.5,0,0.0,0.0,0,0.15555556
0.5116279,0.625,0.0,1.0,0,0.5,0.96,1.0,0,0.25,0.0,0.5,1,-1.0,0.5,0,1.0,0.5,0,0.31111112
0.627907,0.775,0.5,1.0,1,0.33333334,0.38,1.0,1,0.125,0.5,1.0,0,0.0,0.6666667,0,0.0,1.0,1,0.4
0.41860464,0.775,1.0,0.0,0,0.33333334,0.04,0.5,1,0.25,0.0,0.5,1,-1.0,0.6666667,1,0.0,0.5,1,0.24444444
0.5813953,0.525,0.0,0.5,1,0.16666667,0.64,0.5,1,0.0,0.5,0.5,1,-1.0,0.8333333,1,1.0,0.0,0,0.26666668
0.6744186,0.85,0.5,0.5,0,0.6666667,0.04,0.5,1,0.125,0.5,0.0,1,0.0,0.6666667,0,0.0,0.0,0,0.35555556
0.627907,0.4,0.5,0.5,1,0.8333333,0.2,0.5,1,0.125,0.0,0.5,1,0.0,0.33333334,0,0.0,1.0,1,0.24444444
0.6744186,0.9,1.0,0.5,1,1.0,0.04,0.5,1,0.0,1.0,1.0,1,1.0,0.6666667,0,0.5,0.5,0,0.42222223
0.53488374,0.25,0.5,1.0,0,0.6666667,0.18,0.0,1,0.25,0.0,1.0,1,1.0,0.8333333,0,0.0,0.0,1,0.26666668
0.44186047,0.275,1.0,0.5,0,0.33333334,0.86,1.0,1,0.25,0.5,1.0,1,-1.0,0.33333334,0,1.0,0.0,1,0.2888889
0.20930232,0.05,0.5,0.5,0,0.33333334,0.74,1.0,1,0.25,0.0,1.0,1,0.0,0.5,0,0.0,0.0,1,0.13333334
0.41860464,0.8,0.5,1.0,0,0.6666667,0.34,0.5,1,0.25,0.5,0.5,0,-1.0,0.33333334,0,0.0,0.0,0,0.31111112
0.3255814,0.425,0.0,0.5,1,0.5,0.9,0.0,1,0.5,0.0,0.5,1,1.0,0.6666667,0,0.0,0.5,1,0.22222222
0.74418604,0.225,0.5,1.0,1,0.5,0.66,0.5,1,0.25,0.5,0.0,1,0.0,0.33333334,0,1.0,0.0,1,0.35555556
0.41860464,0.225,0.5,0.0,0,0.5,0.44,0.5,1,0.125,0.0,0.0,1,1.0,0.33333334,0,0.0,1.0,0,0.13333334
0.4651163,0.9,0.5,1.0,1,0.8333333,0.06,0.5,1,0.0,0.0,1.0,1,0.0,0.5,0,0.5,0.0,1,0.33333334
0.5116279,0.825,0.5,0.0,0,0.33333334,0.74,0.5,1,0.25,0.5,0.5,0,0.0,0.5,0,0.0,0.5,1,0.33333334
0.44186047,0.55,0.5,1.0,1,0.8333333,0.38,0.0,1,0.125,0.5,0.5,1,1.0,0.5,0,0.5,0.0,1,0.31111112
0.6744186,0.625,1.0,0.0,1,0.5,0.3,1.0,1,0.25,0.0,0.5,1,-1.0,0.5,0,0.0,0.0,0,0.33333334
0.3488372,0.475,1.0,0.5,1,0.33333334,0.28,0.5,1,0.5,0.0,0.0,1,1.0,0.6666667,1,0.5,0.0,1,0.26666668
0.4651163,0.4,0.0,0.5,0,0.33333334,0.0,0.0,1,0.25,0.0,0.5,1,-1.0,0.6666667,0,1.0,0.5,0,0.17777778
0.3488372,0.925,0.5,0.5,0,0.5,0.74,0.5,1,0.125,1.0,0.5,1,0.0,0.5,0,0.0,0.0,0,0.33333334
0.25581396,0.125,0.5,0.5,0,0.6666667,0.14,0.5,1,0.125,1.0,1.0,0,1.0,0.8333333,1,0.0,0.0,0,0.13333334
0.3488372,0.425,0.0,1.0,1,0.33333334,0.52,0.0,1,0.125,0.0,0.5,1,0.0,0.16666667,0,1.0,0.5,0,0.2
0.44186047,0.35,0.5,0.5,1,0.6666667,0.02,1.0,1,0.25,0.5,0.5,1,-1.0,0.5,0,0.5,0.0,1,0.22222222
0.37209302,0.5,0.5,0.5,0,0.33333334,0.62,0.5,1,0.125,0.5,1.0,1,0.0,0.16666667,0,0.5,1.0,1,0.22222222
0.3488372,0.45,0.5,0.0,1,0.5,0.36,1.0,1,0.375,0.0,1.0,0,1.0,0.5,0,1.0,1.0,0,0.24444444
0.25581396,0.525,1.0,1.0,1,0.16666667,0.64,0.0,1,0.125,0.5,1.0,1,1.0,0.5,0,0.0,1.0,0,0.24444444
0.44186047,0.15,0.0,0.5,1,0.6666667,0.08,0.5,1,0.25,0.5,0.0,1,1.0,0.33333334,0,1.0,0.0,1,0.17777778
0.23255815,0.525,0.0,1.0,1,0.5,0.26,0.5,1,0.375,0.5,0.5,1,0.0,0.33333334,0,1.0,0.0,1,0.24444444
0.55813956,0.25,0.5,0.5,1,0.8333333,0.12,1.0,1,0.0,0.0,0.5,1,1.0,0.16666667,0,0.0,1.0,1,0.2
0.44186047,0.175,1.0,0.0,0,0.6666667,0.64,0.5,1,0.375,0.0,1.0,1,0.0,0.6666667,1,0.0,0.0,1,0.22222222
0.23255815,0.075,1.0,0.5,0,0.5,0.1,0.0,1,0.375,1.0,0.5,0,1.0,0.16666667,0,1.0,0.0,1,0.15555556
0.39534885,0.775,0.0,1.0,1,0.8333333,0.62,1.0,1,0.5,1.0,0.5,1,0.0,0.8333333,0,0.0,0.5,1,0.35555556
0.3255814,0.425,0.5,0.5,1,0.6666667,0.14,0.0,1,0.125,0.0,0.5,1,0.0,0.33333334,0,0.5,0.0,1,0.17777778
0.4883721,0.625,0.5,1.0,0,0.8333333,0.94,1.0,1,0.0,0.5,1.0,1,-1.0,0.5,0,0.5,0.5,1,0.33333334
0.627907,0.725,0.5,0.0,1,0.33333334,0.42,0.0,1,0.25,0.0,0.5,0,0.0,0.6666667,0,0.5,0.5,1,0.33333334
0.18604651,0.675,0.5,0.5,0,0.6666667,0.12,0.5,1,0.125,0.5,1.0,1,1.0,0.5,0,0.5,0.5,0,0.22222222
0.4651163,0.475,1.0,1.0,1,0.6666667,0.04,0.5,1,0.125,0.0,0.5,1,0.0,0.5,1,0.0,0.0,0,0.24444444
0.41860464,0.4,0.5,0.0,1,0.16666667,0.32,0.5,1,0.25,0.5,0.5,0,1.0,0.6666667,0,0.5,0.0,0,0.24444444
0.53488374,0.375,0.5,0.0,0,0.8333333,0.9,1.0,1,0.0,0.5,1.0,1,1.0,0.33333334,0,0.5,0.0,1,0.2888889
0.4651163,0.65,1.0,1.0,0,0.16666667,0.14,0.5,1,0.125,0.0,0.5,0,-1.0,0.5,0,0.0,0.0,1,0.2888889
0.3255814,0.5,1.0,0.5,1,0.16666667,0.8,0.5,1,0.5,0.5,1.0,0,0.0,0.5,0,0.0,0.0,0,0.31111112
0.39534885,0.85,0.5,0.5,1,0.0,0.42,0.5,1,0.375,1.0,0.0,1,1.0,0.5,0,0.5,0.0,0,0.35555556
0.3255814,0.875,0.5,0.5,1,0.6666667,0.8,0.0,1,0.25,0.0,0.5,0,-1.0,0.16666667,0,1.0,0.0,1,0.31111112
0.5813953,0.175,0.5,1.0,1,0.16666667,0.88,0.5,1,0.0,0.5,0.5,1,1.0,0.33333334,0,0.5,0.0,1,0.2888889
0.44186047,0.125,0.5,1.0,1,0.33333334,1.0,0.5,1,0.25,0.0,1.0,1,0.0,0.8333333,0,0.0,0.5,1,0.26666668
0.6976744,0.625,1.0,0.5,0,0.6666667,0.06,0.5,1,0.25,0.0,1.0,1,1.0,0.5,0,0.0,0.0,1,0.37777779
0.44186047,0.3,1.0,0.5,1,0.5,0.8,1.0,1,0.25,0.5,0.5,1,0.0,0.5,0,0.0,0.0,1,0.2888889
0.3488372,0.025,1.0,0.5,1,0.33333334,0.06,0.0,1,0.0,1.0,0.5,1,1.0,0.6666667,1,0.0,0.5,0,0.11111111
0.23255815,0.9,0.5,1.0,0,0.16666667,0.32,1.0,1,0.25,0.0,0.5,1,0.0,0.6666667,0,0.0,0.5,1,0.2888889
0.18604651,0.225,1.0,0.5,1,0.5,0.64,1.0,1,0.125,1.0,1.0,1,1.0,0.33333334,0,0.0,0.0,0,0.22222222
0.20930232,0.925,0.0,1.0,0,0.6666667,0.44,1.0,1,0.0,0.0,0.5,1,0.0,0.5,0,1.0,0.5,0,0.26666668
0.4883721,0.725,0.0,0.5,0,0.6666667,0.56,0.0,1,0.5,1.0,0.5,0,1.0,0.5,0,0.0,0.0,0,0.33333334
0.5116279,0.775,0.5,0.0,1,1.0,0.96,1.0,1,0.0,0.0,1.0,0,-1.0,0.5,0,0.0,0.0,0,0.33333334
0.23255815,0.2,0.5,0.5,0,0.33333334,0.82,0.0,1,0.375,0.0,1.0,1,-1.0,0.33333334,0,0.5,1.0,0,0.13333334
0.55813956,0.225,1.0,0.0,1,0.16666667,0.36,0.5,1,0.25,1.0,1.0,1,1.0,0.6666667,0,0.5,1.0,1,0.2888889
0.37209302,0.525,0.5,1.0,0,0.5,0.6,1.0,1,0.125,0.0,0.5,1,-1.0,0.5,0,1.0,0.0,0,0.26666668
0.4651163,0.175,0.5,1.0,0,0.5,0.04,0.5,1,0.375,0.0,0.5,1,-1.0,0.5,1,0.0,0.5,0,0.15555556
0.6744186,0.3,0.5,0.0,0,0.5,0.46,0.5,1,0.0,1.0,0.5,1,0.0,0.6666667,0,0.0,0.5,1,0.24444444
0.55813956,0.325,1.0,0.5,1,0.33333334,0.6,0.5,1,0.375,1.0,0.5,1,1.0,0.33333334,0,0.0,1.0,0,0.31111112
0.39534885,0.15,0.5,1.0,1,0.0,0.72,0.5,1,0.25,0.5,0.5,1,-1.0,0.6666667,0,0.5,0.0,0,0.24444444
0.3255814,0.2,0.5,0.5,1,0.16666667,0.9,0.5,1,0.0,1.0,0.5,1,-1.0,0.8333333,0,0.5,0.0,0,0.2
0.13953489,0.8,1.0,0.5,0,0.6666667,0.28,1.0,1,0.125,0.0,0.0,1,0.0,0.6666667,0,1.0,0.0,1,0.24444444
0.3488372,0.175,0.5,0.5,0,0.5,0.9,0.0,1,0.25,0.5,0.5,1,0.0,0.8333333,1,0.0,0.0,1,0.17777778
0.41860464,0.025,0.0,1.0,1,0.6666667,0.66,0.0,1,0.125,0.5,0.5,0,-1.0,0.5,0,0.0,0.0,1,0.15555556
0.30232558,0.625,0.5,0.5,1,0.6666667,0.08,0.0,1,0.125,1.0,0.5,0,-1.0,0.6666667,0,1.0,0.5,1,0.22222222
0.41860464,0.975,0.0,1.0,0,0.6666667,0.38,0.0,1,0.0,1.0,0.5,0,-1.0,0.33333334,0,0.0,0.5,1,0.2888889
0.44186047,0.325,1.0,1.0,1,0.6666667,0.48,0.0,1,0.125,0.0,0.0,0,-1.0,0.6666667,0,0.0,0.5,1,0.22222222
0.41860464,0.125,0.5,1.0,1,0.5,0.36,0.0,1,0.125,0.0,0.0,1,0.0,0.6666667,0,0.5,0.0,0,0.17777778
0.3488372,0.575,1.0,1.0,1,0.5,0.12,0.5,1,0.375,0.5,0.5,1,-1.0,0.33333334,0,0.0,0.0,1,0.2888889
0.4651163,0.9,0.5,1.0,1,0.0,0.56,0.0,1,0.25,1.0,0.5,0,1.0,0.33333334,0,0.0,0.0,1,0.37777779
0.5116279,0.775,1.0,0.0,0,0.33333334,0.14,0.5,1,0.25,0.0,0.5,0,1.0,0.5,0,0.0,0.0,1,0.31111112
0.27906978,0.625,0.0,0.5,0,0.33333334,0.92,0.0,1,0.125,0.0,1.0,1,1.0,0.8333333,0,1.0,1.0,1,0.24444444
0.627907,0.325,0.0,0.0,1,0.5,0.86,1.0,1,0.25,0.0,1.0,0,0.0,0.5,0,0.5,0.0,1,0.2888889
0.41860464,0.55,0.0,0.0,0,0.33333334,0.48,0.5,1,0.125,0.5,1.0,1,0.0,0.33333334,0,0.0,0.5,1,0.2
0.44186047,0.1,0.5,0.0,1,0.6666667,0.06,0.0,1,0.125,0.0,0.5,1,1.0,0.33333334,0,0.0,0.0,1,0.13333334
0.53488374,0.675,0.0,0.5,0,0.33333334,0.56,1.0,1,0.0,0.0,0.0,1,0.0,0.33333334,1,1.0,0.0,1,0.26666668
0.4651163,0.725,0.5,0.0,1,0.8333333,0.6,0.5,1,0.0,0.5,0.0,1,0.0,0.5,0,1.0,0.5,1,0.2888889
0.5813953,0.975,0.5,0.5,0,0.33333334,0.88,1.0,1,0.25,0.5,0.5,1,1.0,0.5,0,0.0,0.0,1,0.42222223
0.4883721,0.25,0.5,1.0,1,0.33333334,0.06,0.5,1,0.375,0.5,1.0,1,1.0,0.33333334,0,0.0,0.0,0,0.26666668
0.3488372,0.025,0.5,1.0,1,0.33333334,0.7,0.5,1,0.25,0.5,0.5,0,1.0,0.5,0,0.0,0.0,1,0.2
0.4883721,0.55,0.0,1.0,0,0.33333334,0.56,0.5,1,0.375,0.5,1.0,1,0.0,0.5,0,0.0,0.5,1,0.31111112
0.27906978,0.7,1.0,0.5,1,0.8333333,0.18,0.5,1,0.0,0.0,0.5,0,-1.0,0.5,1,0.0,1.0,0,0.17777778
0.4651163,0.8,0.5,0.5,0,0.5,0.12,0.5,1,0.0,0.0,0.5,0,0.0,0.6666667,0,0.0,0.5,0,0.26666668
0.44186047,0.2,1.0,0.5,1,0.5,0.7,0.5,1,0.125,0.5,0.5,1,0.0,0.5,0,0.5,1.0,1,0.22222222
0.41860464,0.25,0.5,0.5,1,0.33333334,0.34,0.5,1,0.625,0.5,0.0,1,1.0,0.6666667,0,1.0,0.5,0,0.26666668
0.41860464,0.525,1.0,0.5,0,0.5,1.0,0.5,1,0.125,0.0,0.5,0,-1.0,0.8333333,0,1.0,0.5,0,0.2888889
0.18604651,0.325,0.5,0.0,1,0.5,0.9,0.5,0,0.375,0.0,0.5,0,-1.0,0.5,0,1.0,0.0,1,0.15555556
0.37209302,0.85,1.0,0.5,1,0.5,0.56,0.5,1,0.125,0.0,1.0,1,0.0,0.5,0,0.5,0.0,0,0.33333334
0.4651163,0.475,0.0,1.0,1,0.5,0.64,0.5,1,0.125,1.0,0.5,1,-1.0,0.5,0,0.0,0.0,0,0.26666668
0.4651163,0.8,1.0,1.0,1,0.8333333,0.16,0.5,1,0.25,1.0,0.5,1,0.0,0.8333333,0,0.0,0.5,0,0.75555557
0.30232558,0.575,1.0,0.5,1,0.5,0.9,0.0,1,0.125,0.0,0.5,0,0.0,0.33333334,1,0.0,0.0,0,0.22222222
0.627907,0.775,0.0,0.5,1,0.16666667,0.46,0.5,0,0.25,0.5,0.5,1,0.0,0.33333334,0,0.0,0.0,0,0.31111112
0.3255814,0.325,0.5,0.5,0,0.5,0.52,1.0,1,0.25,0.0,0.5,1,1.0,0.6666667,0,0.0,1.0,0,0.2
0.5813953,0.825,1.0,0.0,0,0.33333334,0.88,0.5,1,0.75,1.0,0.5,0,-1.0,0.6666667,0,0.0,0.0,0,0.42222223
0.5116279,0.275,0.5,1.0,0,0.6666667,0.0,0.5,1,0.0,1.0,0.5,1,1.0,0.33333334,0,0.0,1.0,0,0.2
0.3488372,0.55,0.0,1.0,0,0.5,0.5,0.5,1,0.0,0.0,0.5,1,-1.0,0.33333334,0,1.0,0.5,0,0.2
0.6976744,0.225,0.5,0.0,1,0.8333333,0.62,0.5,1,0.25,0.5,0.5,0,-1.0,0.33333334,0,0.5,0.0,1,0.26666668
0.27906978,0.475,0.0,0.0,1,0.33333334,0.16,1.0,1,0.25,0.5,0.5,1,1.0,0.6666667,0,0.5,0.5,1,0.17777778
0.5813953,0.325,1.0,0.5,1,0.5,0.06,0.0,1,0.375,0.5,1.0,0,0.0,0.8333333,0,0.0,0.5,0,0.2888889
0.5813953,0.275,0.0,0.5,1,0.16666667,0.54,0.0,1,0.0,0.5,0.5,1,0.0,0.8333333,0,1.0,0.0,1,0.24444444
0.3488372,0.975,0.0,1.0,1,0.5,0.54,1.0,1,0.0,0.0,0.5,1,0.0,0.5,1,0.0,0.5,0,0.2888889
0.627907,0.15,0.5,1.0,0,0.16666667,0.34,0.5,1,0.125,1.0,0.5,0,1.0,0.16666667,0,1.0,0.5,0,0.2888889
0.39534885,0.775,0.5,0.5,0,0.5,0.88,0.5,1,0.375,0.0,0.5,0,0.0,0.33333334,0,0.0,0.0,0,0.31111112
0.4883721,0.975,1.0,0.0,0,0.5,0.3,0.5,1,0.375,0.0,0.0,1,0.0,0.5,0,1.0,0.0,0,0.35555556
0.4883721,0.025,0.0,1.0,1,0.5,0.52,0.5,1,0.125,1.0,0.5,1,1.0,0.5,0,0.5,0.0,0,0.22222222
0.41860464,0.7,0.0,0.5,1,0.6666667,0.18,0.5,1,0.25,0.5,0.5,0,0.0,0.6666667,0,0.0,0.0,1,0.26666668
0.55813956,0.25,0.5,0.5,0,0.5,0.02,0.5,1,0.125,1.0,0.5,1,-1.0,0.6666667,0,0.5,0.0,0,0.22222222
0.55813956,0.05,1.0,0.5,0,0.16666667,0.42,0.5,1,0.0,0.0,1.0,0,1.0,0.6666667,0,0.0,0.5,1,0.22222222
0.20930232,0.4,0.5,0.0,0,0.33333334,0.52,0.5,1,0.125,1.0,1.0,1,-1.0,0.33333334,0,1.0,0.0,1,0.5555556
0.627907,0.925,0.5,0.5,1,0.5,0.76,1.0,1,0.25,0.5,0.5,1,0.0,0.33333334,0,0.0,0.5,1,0.42222223
0.20930232,0.0,0.5,0.5,0,0.5,0.44,0.0,0,0.375,0.5,0.0,1,1.0,0.5,0,0.0,0.0,1,0.08888889
0.5813953,0.6,0.5,0.5,0,0.5,0.28,0.0,1,0.25,1.0,1.0,1,0.0,0.5,0,0.0,0.0,1,0.31111112
0.60465115,0.5,0.5,0.0,1,0.8333333,0.6,0.5,1,0.0,1.0,0.5,1,0.0,0.33333334,1,0.0,0.5,1,0.24444444
0.27906978,0.875,0.5,0.5,1,0.5,0.38,0.5,1,0.125,0.0,0.0,1,1.0,0.33333334,1,1.0,0.5,0,0.24444444
0.39534885,0.075,1.0,1.0,0,0.6666667,0.24,0.5,1,0.25,1.0,0.5,1,1.0,0.6666667,0,0.0,0.0,0,0.22222222
0.27906978,0.675,1.0,0.5,1,0.0,0.92,0.0,1,0.375,0.0,0.0,1,0.0,0.5,1,0.5,0.0,1,0.26666668
0.41860464,0.675,1.0,1.0,0,0.6666667,0.54,0.0,1,0.375,0.0,0.5,0,0.0,0.6666667,0,0.0,0.5,1,0.31111112
0.39534885,0.675,0.5,0.0,1,1.0,0.2,1.0,1,0.25,0.5,0.5,1,1.0,0.5,0,0.0,0.0,0,0.2888889
0.55813956,0.95,0.5,0.5,1,0.8333333,0.68,0.5,1,0.125,0.5,1.0,0,0.0,0.33333334,0,1.0,0.0,0,0.4
0.627907,0.825,0.0,1.0,1,0.33333334,0.8,0.5,1,0.125,0.0,0.5,1,1.0,0.33333334,1,0.0,0.0,0,0.35555556
0.627907,0.05,1.0,0.5,1,1.0,0.76,0.5,1,0.0,0.0,1.0,1,1.0,0.33333334,1,1.0,0.5,1,0.26666668
0.37209302,0.475,0.5,0.5,1,0.5,0.6,0.0,1,0.125,1.0,1.0,1,1.0,0.5,0,0.5,0.0,0,0.26666668
0.41860464,0.4,1.0,0.0,0,0.5,0.52,0.5,1,0.0,1.0,1.0,1,0.0,0.33333334,0,1.0,0.0,1,0.24444444
0.20930232,0.3,0.5,0.0,0,0.5,0.78,0.5,1,0.375,0.5,0.5,1,-1.0,0.6666667,0,0.5,0.0,0,0.17777778
0.3255814,0.45,1.0,1.0,0,0.5,0.7,0.5,0,0.125,1.0,0.5,1,-1.0,0.16666667,0,0.0,1.0,1,0.22222222
0.5813953,0.375,0.5,0.0,1,0.0,0.58,0.5,1,0.25,1.0,0.5,1,-1.0,0.16666667,0,0.5,0.0,1,0.26666668
0.6744186,0.425,0.5,0.0,1,0.6666667,0.66,0.5,1,0.125,0.0,0.0,1,1.0,0.5,0,0.5,0.0,1,0.31111112
0.27906978,0.975,0.5,0.5,1,0.5,0.16,0.5,1,0.125,0.0,0.5,1,0.0,0.33333334,0,0.0,0.0,1,0.26666668
0.3488372,0.1,1.0,0.5,1,0.5,0.02,1.0,1,0.5,1.0,1.0,1,0.0,0.5,0,0.5,0.0,1,0.24444444
0.44186047,0.925,1.0,1.0,1,0.5,0.94,0.0,1,0.25,0.5,1.0,0,0.0,0.6666667,0,0.0,0.5,0,0.42222223
0.4883721,0.475,1.0,0.5,0,0.33333334,0.94,0.5,0,0.25,1.0,0.5,1,1.0,0.33333334,0,0.5,0.5,0,0.31111112
0.3255814,0.625,0.0,0.5,1,0.5,0.78,1.0,1,0.0,0.5,0.5,1,-1.0,0.6666667,0,0.5,0.5,0,0.24444444
0.5116279,0.825,1.0,0.0,1,0.8333333,0.38,0.0,1,0.0,0.5,0.5,0,1.0,0.5,1,1.0,0.5,1,0.31111112
0.37209302,0.35,0.5,0.5,1,0.6666667,0.16,0.0,1,0.125,1.0,0.5,1,0.0,0.33333334,0,0.5,1.0,1,0.17777778
0.44186047,0.425,0.5,0.0,1,0.5,0.36,0.5,0,0.0,0.5,1.0,0,1.0,0.5,0,0.5,0.0,0,0.22222222
0.5116279,0.4,0.0,0.5,0,0.5,0.72,0.0,0,0.125,0.0,0.5,0,1.0,0.6666667,0,0.5,1.0,1,0.2
0.44186047,0.375,0.0,0.5,0,0.5,0.34,1.0,1,0.0,0.5,0.5,0,0.0,0.6666667,0,0.0,0.0,1,0.2
0.37209302,0.925,0.0,1.0,1,0.33333334,0.8,0.0,1,0.25,0.5,0.0,1,-1.0,0.33333334,0,0.0,0.5,1,0.31111112
0.41860464,0.825,1.0,1.0,0,0.5,0.68,0.5,1,0.625,0.0,1.0,1,-1.0,0.5,0,0.0,0.0,0,0.4
0.41860464,0.1,0.5,0.5,1,0.6666667,0.62,1.0,1,0.125,0.5,0.5,1,-1.0,0.5,1,0.0,0.5,1,0.15555556
0.39534885,0.1,0.0,0.0,1,0.5,0.94,0.0,1,0.25,0.5,0.0,0,0.0,0.6666667,0,0.5,0.0,1,0.15555556
0.39534885,0.425,0.5,0.5,1,0.33333334,0.9,1.0,1,0.0,0.5,1.0,0,1.0,0.33333334,0,1.0,0.5,0,0.2888889
0.6744186,0.1,0.5,0.5,0,0.5,0.72,0.0,1,0.125,0.5,0.5,0,1.0,0.5,0,1.0,1.0,0,0.24444444
0.5116279,0.625,0.0,1.0,1,0.6666667,0.2,1.0,1,0.25,0.5,0.5,1,1.0,0.16666667,1,0.5,0.5,0,0.2888889
0.39534885,0.15,0.0,1.0,1,0.16666667,0.94,0.5,1,0.5,0.5,0.5,1,0.0,0.6666667,0,0.0,0.5,1,0.24444444
0.53488374,0.525,0.0,0.5,1,0.33333334,0.22,0.0,1,0.375,0.5,0.5,1,1.0,0.5,0,1.0,0.0,1,0.31111112
0.39534885,0.0,0.5,0.5,1,0.16666667,0.38,0.5,1,0.0,0.5,0.5,1,0.0,0.33333334,0,1.0,0.0,0,0.15555556
0.60465115,0.325,0.0,0.5,0,0.5,0.82,0.5,1,0.25,1.0,0.5,1,0.0,0.6666667,0,0.5,1.0,0,0.2888889
0.4883721,0.675,0.5,0.5,0,0.6666667,0.2,0.0,1,0.25,0.5,1.0,1,-1.0,0.33333334,0,0.5,0.5,1,0.26666668
0.41860464,0.475,0.0,0.5,0,0.8333333,0.64,0.5,1,0.125,0.0,0.5,0,0.0,0.6666667,0,0.0,0.0,1,0.22222222
0.5116279,0.975,0.0,0.5,0,0.8333333,0.46,0.5,1,0.0,0.0,0.5,1,-1.0,0.6666667,0,0.5,0.0,1,0.31111112
0.23255815,0.875,0.5,0.5,0,0.33333334,0.62,1.0,1,0.25,0.0,0.0,1,1.0,0.5,0,0.0,0.0,1,0.26666668
0.27906978,0.35,0.0,0.0,1,0.5,0.96,1.0,1,0.0,0.5,0.5,1,1.0,0.5,0,1.0,0.0,0,0.2
0.27906978,0.05,0.0,0.5,1,0.33333334,0.8,0.5,0,0.375,1.0,1.0,0,0.0,0.5,1,1.0,0.0,0,0.15555556
0.4651163,0.85,0.5,0.5,1,0.8333333,0.3,0.0,1,0.625,1.0,1.0,0,0.0,0.5,1,0.0,0.0,1,0.35555556
0.6744186,0.9,0.5,1.0,1,0.8333333,0.06,0.5,0,0.0,0.5,0.5,0,0.0,0.5,0,0.0,0.0,1,0.37777779
0.74418604,0.825,1.0,1.0,1,0.5,0.96,0.0,1,0.0,0.5,0.5,1,-1.0,0.33333334,1,0.0,0.0,0,0.42222223
0.53488374,0.125,0.0,1.0,0,0.33333334,0.58,0.0,1,0.125,0.5,1.0,1,0.0,0.33333334,0,1.0,0.0,1,0.24444444
0.5116279,1.0,1.0,0.0,1,0.0,0.18,0.5,1,0.25,0.5,0.5,1,1.0,0.6666667,0,0.0,0.0,0,0.37777779
0.18604651,0.25,1.0,0.5,0,0.16666667,0.62,0.5,1,0.125,1.0,1.0,0,0.0,0.6666667,0,1.0,0.0,0,0.22222222
0.37209302,0.725,1.0,0.5,1,0.0,0.04,1.0,1,0.0,0.0,0.5,1,1.0,0.5,0,0.5,1.0,0,0.26666668
0.3255814,0.9,0.5,1.0,1,0.16666667,0.18,1.0,1,0.25,0.5,1.0,0,0.0,0.33333334,0,0.0,0.0,1,0.33333334
0.3488372,0.225,1.0,0.5,1,1.0,0.64,0.5,1,0.0,0.0,1.0,1,-1.0,0.16666667,1,0.0,0.5,1,0.15555556
0.41860464,0.9,0.0,0.0,1,0.16666667,0.4,1.0,1,0.0,0.0,0.5,1,1.0,0.33333334,0,0.0,1.0,1,0.24444444
0.37209302,0.3,0.0,0.5,1,0.16666667,0.32,0.5,1,0.25,1.0,1.0,1,-1.0,0.5,0,0.5,0.0,1,0.22222222
0.1627907,0.975,0.0,1.0,1,0.33333334,0.66,1.0,1,0.25,0.5,1.0,1,1.0,0.6666667,1,1.0,0.0,1,0.33333334
0.53488374,0.275,1.0,1.0,1,1.0,0.86,0.0,1,0.25,0.5,0.5,0,1.0,0.33333334,1,0.5,0.0,0,0.31111112
0.30232558,0.95,0.5,0.5,1,0.5,0.68,0.0,1,0.375,1.0,0.5,1,0.0,0.5,0,0.0,0.0,0,0.33333334
0.4651163,0.05,1.0,1.0,0,0.6666667,0.46,0.5,1,0.25,1.0,0.5,0,-1.0,0.33333334,0,0.5,0.0,0,0.24444444
0.7209302,0.7,0.5,0.0,1,0.5,0.66,0.0,1,0.125,0.0,1.0,0,1.0,0.6666667,0,1.0,0.0,1,0.4
0.30232558,0.525,1.0,0.5,0,0.0,0.7,0.0,1,0.375,0.5,1.0,1,1.0,0.6666667,0,1.0,0.5,0,0.31111112
0.093023255,0.475,1.0,1.0,1,0.8333333,0.78,0.0,1,0.375,0.5,0.5,0,0.0,0.5,0,0.5,0.0,0,0.24444444
0.39534885,0.225,1.0,0.5,1,0.6666667,0.3,0.5,1,0.5,0.5,0.5,1,0.0,0.6666667,0,0.0,1.0,1,0.22222222
0.60465115,0.7,0.5,0.0,0,0.5,0.12,1.0,1,0.25,0.0,0.5,1,0.0,0.6666667,0,1.0,0.0,0,0.33333334
0.7209302,0.2,1.0,1.0,0,1.0,0.68,0.5,1,0.0,0.5,1.0,0,1.0,0.33333334,0,1.0,1.0,1,0.33333334
0.27906978,0.55,1.0,0.5,0,0.33333334,0.12,1.0,1,0.25,0.0,1.0,1,0.0,0.6666667,0,1.0,0.0,1,0.26666668
0.5116279,0.25,0.5,1.0,1,0.5,0.46,1.0,1,0.125,0.0,0.5,0,1.0,0.5,0,1.0,0.0,1,0.2888889
0.37209302,0.95,0.5,0.0,1,0.33333334,0.24,0.0,1,0.125,0.5,0.5,0,0.0,0.33333334,0,0.5,0.0,0,0.2888889
0.41860464,0.025,1.0,0.5,0,0.8333333,0.34,0.5,1,0.0,0.0,0.5,1,-1.0,0.33333334,0,0.5,1.0,0,0.13333334
0.81395346,0.2,0.5,0.5,1,0.6666667,0.48,1.0,1,0.25,0.5,0.5,1,-1.0,0.5,0,0.0,0.0,1,0.33333334
0.23255815,0.25,1.0,1.0,0,0.5,0.9,1.0,1,0.0,0.0,1.0,1,-1.0,0.8333333,0,0.5,0.5,1,0.22222222
0.4883721,0.425,0.0,0.5,1,0.16666667,0.68,0.5,0,0.375,1.0,0.5,1,1.0,0.33333334,0,0.0,0.5,1,0.24444444
0.5116279,0.225,0.5,0.5,1,0.33333334,0.18,0.5,1,0.375,1.0,0.5,1,0.0,0.5,0,1.0,0.5,1,0.26666668
0.60465115,0.5,0.0,0.0,1,0.16666667,0.88,1.0,1,0.375,1.0,0.5,1,-1.0,0.5,0,0.0,0.0,1,0.31111112
0.4651163,0.875,0.5,1.0,0,0.8333333,0.5,0.5,1,0.125,0.0,0.5,1,0.0,0.33333334,0,0.5,1.0,1,0.31111112
0.4883721,0.7,0.5,0.5,1,0.16666667,0.2,0.0,1,0.125,0.0,0.5,1,0.0,0.33333334,0,0.0,0.5,1,0.26666668
0.39534885,0.575,1.0,0.0,0,0.8333333,0.52,0.5,1,0.0,0.5,0.0,0,0.0,0.6666667,0,0.0,0.0,0,0.24444444
0.4883721,0.1,0.0,0.5,1,0.8333333,0.2,0.5,1,0.125,1.0,1.0,0,0.0,0.33333334,0,0.0,0.0,1,0.17777778
0.39534885,0.7,1.0,0.5,0,0.33333334,0.36,0.0,1,0.0,0.5,1.0,1,0.0,0.6666667,0,0.0,1.0,0,0.26666668
0.53488374,0.175,1.0,0.0,1,0.33333334,0.8,0.5,1,0.0,0.0,0.5,1,0.0,0.16666667,0,0.5,1.0,1,0.2
0.39534885,0.775,0.5,0.0,0,0.33333334,0.66,0.5,1,0.25,0.0,0.5,0,0.0,0.6666667,0,0.0,0.0,1,0.2888889
0.4883721,0.25,0.5,1.0,1,0.6666667,0.48,0.0,1,0.25,0.0,1.0,1,-1.0,0.33333334,0,0.0,0.5,1,0.22222222
0.44186047,0.425,0.5,0.0,0,0.8333333,0.22,0.5,1,0.25,0.5,0.5,1,0.0,0.5,0,0.0,0.0,1,0.22222222
0.60465115,0.35,0.5,0.0,1,0.8333333,0.28,1.0,0,0.125,0.0,0.5,1,0.0,0.5,0,0.0,0.0,1,0.22222222
0.44186047,0.85,0.0,0.5,1,0.33333334,0.98,0.5,1,0.0,0.5,0.5,1,-1.0,0.6666667,0,0.5,0.0,0,0.33333334
0.18604651,0.125,0.5,1.0,1,0.8333333,0.34,0.5,1,0.125,1.0,0.5,1,0.0,0.5,0,0.0,0.0,0,0.15555556
0.627907,0.575,1.0,0.0,0,0.8333333,0.62,0.5,1,0.0,0.0,0.5,1,0.0,0.6666667,0,0.0,0.5,1,0.2888889
0.3255814,0.15,0.0,1.0,1,0.5,0.5,0.0,1,0.0,1.0,1.0,1,-1.0,0.5,0,0.5,0.0,1,0.15555556
0.3488372,0.7,0.5,1.0,1,0.5,0.02,0.5,1,0.0,0.5,0.5,1,1.0,0.5,0,0.5,0.0,0,0.2888889
0.3488372,0.9,1.0,0.5,1,0.8333333,0.94,0.5,1,0.0,0.5,1.0,0,0.0,0.8333333,0,0.5,0.0,1,0.37777779
0.627907,0.425,1.0,0.5,1,0.8333333,0.08,0.0,1,0.125,1.0,0.5,1,1.0,0.5,0,1.0,0.0,0,0.33333334
0.13953489,0.5,1.0,0.5,0,0.8333333,0.66,0.0,0,0.375,0.5,0.5,1,0.0,0.5,0,0.0,1.0,0,0.15555556
0.88372093,0.925,1.0,1.0,1,1.0,0.82,0.5,1,0.25,0.0,0.5,1,1.0,0.5,0,0.0,0.5,0,0.53333336
0.5813953,0.525,0.5,1.0,1,0.6666667,0.74,0.5,1,0.25,1.0,1.0,1,0.0,0.16666667,0,1.0,0.0,1,0.4
0.4651163,0.5,1.0,1.0,1,0.5,0.8,1.0,1,0.125,0.0,0.0,1,-1.0,0.33333334,0,0.5,1.0,1,0.2888889
0.44186047,0.575,1.0,0.5,1,0.8333333,0.74,0.0,1,0.0,1.0,0.5,1,0.0,0.33333334,0,0.0,0.0,1,0.2888889
0.4883721,0.7,0.5,0.5,1,1.0,0.44,0.5,1,0.25,0.0,1.0,1,0.0,0.33333334,0,0.0,0.5,0,0.31111112
0.5116279,0.1,0.5,0.0,1,0.33333334,0.9,1.0,1,0.125,0.0,0.5,1,1.0,0.33333334,1,0.5,1.0,0,0.17777778
0.53488374,0.825,0.5,0.5,1,0.5,0.92,0.5,0,0.625,1.0,0.5,1,-1.0,0.6666667,0,1.0,0.0,0,0.42222223
0.5116279,0.425,0.5,0.5,1,0.16666667,0.44,0.5,1,0.25,1.0,1.0,1,-1.0,0.8333333,0,0.5,0.5,0,0.31111112
0.4651163,0.075,0.5,0.0,0,0.6666667,0.48,0.5,1,0.0,0.0,0.5,1,-1.0,0.5,0,0.0,0.0,0,0.13333334
0.41860464,0.775,0.5,0.0,1,0.6666667,0.48,0.0,1,0.5,0.5,0.5,1,0.0,0.33333334,1,1.0,0.0,0,0.31111112
0.41860464,0.375,0.5,0.0,0,0.33333334,0.28,1.0,1,0.25,0.0,0.5,1,0.0,0.5,0,0.0,0.0,0,0.2
0.41860464,0.1,0.5,0.5,1,0.8333333,0.12,0.0,1,0.25,0.0,0.5,1,1.0,0.6666667,0,1.0,1.0,0,0.17777778
0.60465115,0.625,0.0,1.0,0,0.33333334,0.26,0.0,1,0.125,0.0,0.5,1,-1.0,0.33333334,0,0.5,0.0,1,0.2888889
0.53488374,0.875,1.0,0.5,1,0.33333334,0.84,0.5,1,0.25,0.0,0.5,1,0.0,0.5,0,0.0,1.0,1,0.37777779
0.023255814,0.9,0.0,1.0,1,0.8333333,0.54,0.5,1,0.375,0.5,0.5,1,0.0,0.33333334,0,0.0,1.0,0,0.22222222
0.53488374,0.95,0.0,0.0,0,0.33333334,0.86,0.0,0,0.25,0.0,0.0,1,1.0,0.6666667,0,0.5,0.0,1,0.31111112
0.4651163,0.875,0.5,0.0,0,0.16666667,0.74,0.0,1,0.25,0.5,0.5,0,0.0,0.6666667,0,0.0,0.0,1,0.33333334
0.44186047,0.0,0.5,0.5,1,0.6666667,0.34,0.0,1,0.125,0.5,0.5,1,0.0,0.6666667,0,1.0,0.5,0,0.17777778
0.39534885,0.375,0.0,0.5,1,0.5,0.18,0.0,1,0.0,0.5,0.5,1,1.0,0.33333334,1,0.0,0.0,0,0.15555556
0.60465115,0.825,0.5,0.5,1,0.8333333,0.56,0.0,1,0.125,0.0,0.5,1,1.0,0.33333334,0,1.0,0.0,0,0.37777779
0.5813953,0.375,1.0,1.0,0,0.6666667,0.94,0.5,1,0.125,0.0,0.5,1,0.0,0.6666667,0,0.0,1.0,1,0.31111112
0.3255814,0.6,0.5,0.5,0,0.0,0.84,0.0,1,0.25,0.5,0.5,1,-1.0,0.5,0,0.0,0.5,0,0.24444444
0.4883721,0.6,0.5,0.5,1,0.8333333,0.76,0.5,1,0.25,0.0,1.0,0,0.0,0.6666667,0,1.0,0.0,1,0.35555556
0.30232558,0.375,0.0,0.0,0,1.0,0.76,0.5,1,0.25,0.0,0.5,0,-1.0,0.5,0,0.5,0.5,0,0.15555556
0.25581396,0.9,0.5,0.0,1,0.8333333,0.52,0.5,1,0.25,0.5,1.0,1,1.0,0.33333334,0,0.0,0.0,1,0.2888889
0.3488372,0.5,1.0,0.0,0,0.8333333,0.16,0.0,1,0.0,0.5,0.5,1,0.0,0.33333334,0,0.0,0.0,0,0.17777778
0.55813956,0.475,0.5,0.5,1,0.5,0.28,0.5,1,0.0,0.0,0.5,1,0.0,0.5,0,0.5,1.0,0,0.24444444
0.5813953,1.0,1.0,0.5,1,0.33333334,0.58,1.0,1,0.125,0.5,1.0,1,1.0,0.5,0,0.5,0.5,1,0.44444445
0.5116279,0.5,0.5,0.0,1,0.5,0.32,1.0,1,0.125,1.0,1.0,0,1.0,0.6666667,0,0.5,0.0,0,0.31111112
0.53488374,0.175,1.0,0.5,0,0.6666667,0.78,0.5,1,0.25,1.0,0.0,0,1.0,0.5,0,0.0,0.0,0,0.2888889
0.5116279,0.525,1.0,0.5,0,0.6666667,0.38,0.5,1,0.625,0.5,0.5,1,-1.0,0.33333334,0,0.0,0.5,1,0.31111112
0.3488372,0.825,1.0,0.0,0,0.33333334,0.12,0.5,1,0.25,0.0,0.5,1,1.0,0.6666667,0,0.0,0.0,1,0.26666668
0.5116279,0.775,1.0,0.5,1,0.33333334,0.78,0.5,1,0.375,0.5,0.5,0,-1.0,0.5,0,1.0,0.0,1,0.4
0.55813956,0.8,0.5,1.0,1,0.16666667,0.7,0.0,1,0.125,0.0,0.5,1,-1.0,0.16666667,0,0.5,0.0,1,0.35555556
0.55813956,0.7,1.0,0.5,1,0.6666667,0.26,0.5,1,0.25,1.0,0.5,1,1.0,0.5,0,0.0,0.5,0,0.35555556
0.60465115,0.25,0.5,0.5,0,0.33333334,0.98,1.0,1,0.25,0.0,0.5,0,0.0,0.33333334,0,0.0,0.0,0,0.2888889
0.53488374,0.85,1.0,0.0,0,0.5,0.4,0.5,1,0.125,1.0,0.5,1,0.0,0.16666667,0,0.0,0.0,1,0.33333334
0.4883721,0.9,0.0,1.0,1,1.0,0.68,0.0,1,0.125,1.0,1.0,1,-1.0,0.5,0,0.0,0.0,1,0.35555556
0.5813953,0.2,0.5,1.0,0,0.6666667,0.92,1.0,1,0.125,0.5,1.0,1,0.0,0.33333334,0,0.0,0.0,1,0.31111112
0.44186047,0.125,1.0,0.5,0,0.5,0.16,0.5,0,0.375,0.0,0.5,0,0.0,0.6666667,0,0.0,0.0,1,0.17777778
0.3255814,0.975,0.0,0.5,1,0.6666667,0.88,0.5,1,0.25,0.5,0.5,0,0.0,0.5,0,1.0,0.0,1,0.35555556
0.41860464,0.875,0.5,0.5,1,0.8333333,0.7,0.5,0,0.25,0.0,0.5,1,-1.0,0.5,0,0.5,0.0,1,0.31111112
0.3488372,0.9,1.0,0.5,1,0.16666667,0.16,0.5,1,0.25,1.0,0.0,1,1.0,0.8333333,0,1.0,0.5,1,0.35555556
0.3488372,0.875,0.5,0.0,0,0.33333334,0.66,0.0,1,0.25,0.0,1.0,0,0.0,0.5,0,0.0,0.0,0,0.2888889
0.41860464,0.55,0.5,0.5,0,0.5,0.88,0.5,1,0.125,0.5,0.5,1,1.0,0.5,0,0.0,0.0,0,0.2888889
0.3255814,0.65,0.5,0.0,0,0.33333334,0.8,0.5,1,0.0,0.5,1.0,1,0.0,0.5,0,1.0,1.0,1,0.24444444
0.39534885,0.55,0.5,0.5,0,0.5,0.76,0.5,1,0.375,0.0,0.5,1,-1.0,0.5,0,0.5,0.5,0,0.26666668
0.18604651,0.05,0.0,1.0,1,0.16666667,0.16,0.0,1,0.0,0.5,1.0,0,1.0,0.8333333,0,0.5,0.5,0,0.08888889
0.4651163,0.75,0.0,0.5,0,0.6666667,0.2,0.5,1,0.125,0.0,0.5,1,-1.0,0.33333334,0,0.5,0.0,0,0.24444444
0.44186047,0.5,0.0,0.0,0,0.33333334,0.54,0.0,1,0.0,0.5,1.0,0,-1.0,0.5,0,0.0,0.0,1,0.2
0.3255814,0.65,0.5,0.5,0,0.5,0.58,0.5,1,0.125,0.0,0.5,1,0.0,0.5,1,0.0,0.5,0,0.2
0.53488374,0.5,0.5,1.0,1,0.5,0.94,0.5,1,0.0,0.0,1.0,0,0.0,0.6666667,0,0.0,0.5,0,0.31111112
0.5813953,0.5,1.0,0.0,0,0.6666667,0.46,1.0,1,0.125,0.5,0.5,1,0.0,0.5,0,0.0,0.0,1,0.31111112
0.20930232,0.175,0.5,0.5,0,0.0,0.3,0.5,0,0.375,0.5,0.5,1,1.0,0.5,0,0.0,0.0,1,0.13333334
0.3255814,0.275,1.0,1.0,0,0.6666667,0.2,0.5,1,0.0,0.0,1.0,0,-1.0,0.5,0,0.0,1.0,0,0.15555556
0.3255814,0.15,0.0,0.5,0,0.5,0.06,0.5,1,0.25,0.5,1.0,1,-1.0,0.5,0,0.5,0.0,0,0.13333334
0.30232558,0.2,0.5,0.5,1,0.6666667,0.06,1.0,1,0.125,0.5,1.0,0,1.0,0.33333334,0,0.5,0.0,0,0.17777778
0.55813956,0.975,0.5,0.0,0,0.16666667,0.58,0.0,1,0.25,0.0,0.5,1,1.0,0.6666667,0,0.5,0.0,0,0.35555556
0.41860464,0.15,1.0,1.0,1,0.6666667,0.18,0.5,1,0.125,0.5,0.0,1,1.0,0.33333334,0,1.0,0.5,0,0.22222222
0.39534885,0.275,1.0,1.0,1,0.8333333,0.86,0.5,1,0.125,0.0,1.0,0,0.0,0.6666667,0,0.5,0.5,1,0.2888889
0.1627907,0.6,1.0,1.0,0,0.5,0.6,0.5,1,0.125,1.0,1.0,1,1.0,0.6666667,0,0.0,0.5,1,0.26666668
0.53488374,0.6,0.0,1.0,1,0.33333334,0.86,1.0,1,0.25,0.0,0.5,1,0.0,0.16666667,0,0.0,0.0,0,0.33333334
0.27906978,0.15,1.0,0.5,1,0.33333334,0.42,0.5,1,0.375,0.5,0.5,1,0.0,0.5,0,0.0,0.0,1,0.2
0.44186047,0.8,0.5,1.0,0,0.6666667,0.6,1.0,1,0.0,0.5,0.5,0,0.0,0.5,0,0.5,0.0,1,0.35555556
0.4883721,0.775,1.0,0.5,1,0.6666667,0.52,0.0,1,0.25,0.5,0.5,1,0.0,0.5,0,0.5,0.5,0,0.35555556
0.627907,0.225,0.5,1.0,0,0.6666667,0.98,0.0,1,0.0,1.0,0.5,0,-1.0,0.5,0,0.0,0.5,0,0.26666668
0.25581396,0.3,0.5,0.0,1,0.5,0.8,0.5,1,0.0,1.0,0.5,1,1.0,0.5,0,1.0,1.0,1,0.17777778
0.023255814,0.95,0.0,1.0,1,0.5,0.6,1.0,1,0.25,0.0,1.0,1,0.0,0.16666667,0,0.0,0.0,1,0.24444444
0.4651163,0.825,0.5,0.0,1,0.5,0.6,0.5,1,0.375,1.0,0.5,1,0.0,0.16666667,0,0.0,0.5,1,0.33333334
0.6976744,0.7,0.5,0.0,0,0.33333334,0.24,0.5,1,0.25,0.0,0.5,0,1.0,0.6666667,0,0.0,0.0,1,0.33333334
0.60465115,0.075,0.0,0.5,1,0.6666667,0.74,0.5,1,0.375,0.0,1.0,0,1.0,0.5,0,0.0,0.0,0,0.26666668
0.4651163,0.425,0.0,0.5,0,0.5,0.98,1.0,1,0.375,0.5,1.0,1,0.0,0.5,0,1.0,0.0,1,0.31111112
0.37209302,0.55,1.0,0.0,0,0.8333333,0.12,0.0,1,0.375,1.0,0.5,1,1.0,0.33333334,0,0.0,0.0,0,0.24444444
0.55813956,0.175,0.5,1.0,0,0.8333333,0.64,0.5,1,0.125,0.5,0.5,1,1.0,0.5,0,1.0,1.0,0,0.26666668
0.30232558,0.45,1.0,0.5,1,0.5,0.52,0.5,1,0.0,1.0,0.5,1,-1.0,0.33333334,1,0.5,0.0,0,0.22222222
0.5116279,0.6,1.0,1.0,1,0.6666667,0.86,0.5,1,0.125,1.0,0.5,1,1.0,0.5,0,1.0,1.0,1,0.37777779
0.5116279,0.325,1.0,1.0,0,0.33333334,0.0,0.5,1,0.125,0.5,0.5,1,1.0,0.5,0,0.5,0.0,1,0.2888889
0.5813953,0.775,1.0,0.5,1,0.5,0.14,0.0,1,0.375,0.5,0.5,1,-1.0,0.5,0,0.5,0.0,1,0.37777779
0.8372093,0.85,1.0,0.5,1,0.6666667,0.04,1.0,1,0.125,0.0,0.5,0,1.0,0.5,0,1.0,0.0,1,0.46666667
0.4883721,0.325,0.5,0.0,1,0.16666667,0.16,0.5,1,0.5,0.0,0.5,1,1.0,0.5,1,0.5,0.0,0,0.22222222
0.37209302,0.85,0.0,0.5,0,0.6666667,0.7,0.5,1,0.125,0.5,0.0,1,1.0,0.6666667,0,0.0,0.0,1,0.2888889
0.44186047,0.1,0.5,0.5,1,0.33333334,0.14,0.5,1,0.375,0.0,1.0,1,0.0,0.6666667,0,0.5,0.0,0,0.22222222
0.18604651,0.85,0.5,0.5,1,0.33333334,0.62,0.0,1,0.0,0.0,1.0,1,1.0,0.5,0,0.0,0.0,1,0.24444444
0.3488372,0.15,0.0,0.5,0,0.33333334,0.86,0.5,1,0.875,0.0,0.5,1,-1.0,0.33333334,0,0.0,1.0,1,0.17777778
0.39534885,0.075,0.5,0.0,0,0.5,0.04,0.5,1,0.25,1.0,1.0,1,1.0,0.5,0,1.0,0.5,0,0.17777778
0.37209302,0.65,0.5,0.5,1,0.16666667,0.02,0.5,1,0.25,0.0,0.5,0,0.0,0.33333334,0,1.0,0.5,1,0.24444444
0.4651163,0.475,1.0,0.0,1,0.6666667,0.98,0.5,1,0.25,0.0,1.0,1,1.0,0.6666667,0,0.0,0.0,1,0.31111112
0.3255814,0.9,0.5,1.0,1,0.5,0.68,1.0,1,0.375,0.5,0.0,1,1.0,0.16666667,0,1.0,0.0,1,0.37777779
0.60465115,0.375,0.5,0.0,1,1.0,0.14,0.5,1,0.375,1.0,0.0,1,-1.0,0.5,0,0.0,0.0,1,0.24444444
0.44186047,0.275,0.5,0.5,1,0.5,0.3,0.5,0,0.25,0.5,0.5,1,-1.0,0.6666667,0,0.0,0.5,0,0.2
0.44186047,0.5,0.5,0.0,1,0.6666667,0.98,0.0,1,0.0,0.0,1.0,0,1.0,0.5,0,0.0,0.0,1,0.26666668
0.39534885,0.45,1.0,1.0,1,0.33333334,0.22,0.0,1,0.125,0.0,0.5,0,1.0,0.8333333,0,0.0,0.0,1,0.26666668
0.4651163,0.35,0.0,0.5,1,0.16666667,0.76,0.5,1,0.125,0.5,1.0,1,0.0,0.16666667,0,0.5,0.0,1,0.24444444
0.55813956,0.7,0.5,0.0,1,0.6666667,0.24,0.0,1,0.25,0.0,0.5,1,0.0,0.33333334,0,0.0,0.0,0,0.2888889
0.3255814,0.75,0.5,0.5,0,0.16666667,0.4,0.5,1,0.0,0.5,0.5,0,0.0,0.33333334,0,0.0,0.5,1,0.22222222
0.3488372,0.85,0.5,1.0,1,0.6666667,0.88,1.0,1,0.25,0.0,1.0,0,-1.0,0.5,0,0.0,0.0,1,0.35555556
0.39534885,0.975,0.5,1.0,1,1.0,0.02,0.5,1,0.125,0.5,0.0,1,0.0,0.6666667,0,1.0,0.0,1,0.35555556
0.25581396,0.275,0.5,0.5,1,0.6666667,0.3,0.5,1,0.125,0.5,1.0,0,0.0,0.33333334,0,0.0,0.5,1,0.15555556
0.3255814,0.725,0.5,1.0,1,0.6666667,0.48,0.0,1,0.25,0.5,1.0,1,1.0,0.33333334,0,0.5,0.0,1,0.31111112
0.37209302,0.4,0.5,0.0,0,0.5,0.62,0.0,1,0.5,1.0,0.5,0,0.0,0.33333334,0,0.0,0.0,1,0.22222222
0.55813956,0.675,1.0,0.0,0,0.33333334,0.02,0.0,1,0.375,0.5,0.5,1,0.0,0.5,0,1.0,0.0,1,0.33333334
0.4883721,0.475,0.5,0.5,1,0.5,0.42,0.5,1,0.25,0.0,0.5,0,0.0,0.33333334,0,0.5,0.5,1,0.24444444
0.4651163,1.0,0.5,0.5,0,0.33333334,0.34,0.5,1,0.0,1.0,0.5,1,1.0,0.5,0,0.0,1.0,1,0.33333334
0.55813956,0.725,0.5,1.0,0,0.16666667,0.02,0.0,1,0.25,0.5,1.0,0,-1.0,0.33333334,0,1.0,0.5,0,0.33333334
0.41860464,0.95,0.0,1.0,1,0.5,0.36,0.5,1,0.125,0.0,0.5,0,0.0,0.6666667,0,0.0,0.5,0,0.31111112
0.4883721,0.825,1.0,0.0,1,0.8333333,0.94,0.5,1,0.25,0.5,0.5,1,0.0,0.5,1,0.0,0.0,1,0.35555556
0.41860464,0.9,0.5,0.5,0,0.16666667,0.28,0.5,1,0.125,0.5,0.5,1,0.0,0.5,0,0.0,0.0,1,0.31111112
0.4883721,0.825,1.0,0.5,0,0.8333333,0.58,0.5,1,0.25,0.5,1.0,1,1.0,0.33333334,0,1.0,0.0,0,0.4
0.37209302,0.45,0.5,0.5,1,0.8333333,0.3,0.0,1,0.125,0.5,1.0,1,0.0,0.6666667,0,0.0,0.5,0,0.22222222
0.093023255,0.25,1.0,1.0,1,0.6666667,0.1,0.5,1,0.375,0.0,0.5,1,0.0,0.5,0,0.0,0.0,1,0.15555556
0.41860464,0.375,0.5,1.0,0,0.6666667,0.28,0.5,1,0.25,1.0,0.0,1,-1.0,0.8333333,0,1.0,0.5,0,0.26666668
0.6511628,0.025,0.0,0.5,1,0.5,0.48,1.0,1,0.125,0.5,0.5,1,0.0,0.5,0,1.0,0.5,1,0.22222222
0.5813953,0.525,0.0,0.5,0,0.5,0.3,0.0,1,0.125,0.5,0.5,1,0.0,0.5,0,0.0,1.0,1,0.22222222
0.5813953,0.5,0.5,1.0,1,0.33333334,0.62,0.5,1,0.0,0.5,0.5,1,0.0,0.33333334,0,0.5,0.0,0,0.33333334
0.60465115,0.525,0.5,0.5,1,0.5,0.94,0.0,1,0.125,0.5,0.5,1,0.0,0.33333334,0,0.5,0.0,0,0.33333334
0.4651163,0.975,0.5,1.0,1,0.5,0.06,0.5,1,0.0,0.5,0.0,1,0.0,0.6666667,0,1.0,0.0,0,0.35555556
0.4651163,0.9,1.0,0.0,0,1.0,0.72,0.0,1,0.125,0.0,1.0,1,0.0,0.5,0,0.5,0.0,1,0.35555556
0.3488372,0.15,0.5,0.5,1,0.6666667,0.0,0.0,1,0.125,0.5,1.0,1,0.0,0.6666667,0,0.0,0.5,1,0.15555556
0.39534885,0.375,0.5,0.0,0,0.5,0.0,0.5,1,0.5,0.0,0.5,1,1.0,0.33333334,0,1.0,0.0,0,0.22222222
0.53488374,0.425,1.0,0.5,1,0.5,0.14,0.5,1,0.375,0.5,1.0,1,1.0,0.33333334,0,0.5,1.0,1,0.64444447
0.60465115,0.35,0.5,0.5,1,0.33333334,0.48,0.5,1,0.25,0.5,1.0,1,0.0,0.33333334,0,0.5,1.0,1,0.2888889
0.41860464,0.8,1.0,0.5,1,0.33333334,0.04,0.5,1,0.375,1.0,0.5,1,1.0,0.16666667,0,0.0,0.0,1,0.33333334
0.37209302,0.525,0.5,1.0,0,0.6666667,0.72,0.5,1,0.125,0.5,0.5,0,0.0,0.5,0,1.0,0.0,1,0.2888889
0.44186047,0.575,0.5,0.5,0,0.33333334,0.02,0.5,1,0.25,0.0,1.0,1,-1.0,0.6666667,0,1.0,0.0,1,0.26666668
0.53488374,0.85,0.0,0.5,1,0.33333334,0.5,0.0,1,0.125,0.0,1.0,1,-1.0,0.6666667,0,0.0,0.0,0,0.31111112
0.23255815,0.8,1.0,1.0,1,0.33333334,0.68,0.5,1,0.25,0.0,0.0,1,-1.0,0.16666667,0,0.0,0.0,0,0.2888889
0.11627907,0.125,1.0,1.0,0,0.33333334,0.24,0.5,0,0.375,0.0,0.0,1,0.0,0.16666667,0,0.0,0.0,1,0.08888889
0.37209302,0.725,1.0,0.0,1,0.8333333,0.58,0.5,0,0.0,0.5,0.5,1,1.0,0.33333334,0,0.5,0.0,0,0.26666668
0.27906978,0.425,0.5,1.0,1,0.5,0.26,0.0,1,0.0,1.0,0.0,1,1.0,0.16666667,0,0.0,0.5,1,0.17777778
0.37209302,0.3,1.0,1.0,1,0.5,0.22,0.0,1,0.125,0.5,0.5,1,-1.0,0.6666667,0,0.0,0.0,0,0.22222222
0.41860464,0.05,0.5,0.5,0,0.5,0.82,0.0,1,0.125,0.0,0.5,1,1.0,0.5,0,0.5,0.0,1,0.17777778
0.37209302,0.475,0.5,0.5,0,0.5,0.34,0.0,1,0.125,0.0,0.5,0,1.0,0.5,0,0.0,0.0,0,0.2
0.6511628,0.35,1.0,0.5,1,0.33333334,0.82,1.0,1,0.375,0.0,1.0,1,1.0,0.6666667,0,0.5,1.0,0,0.37777779
0.4883721,0.25,0.0,0.5,1,0.16666667,0.22,1.0,1,0.125,0.0,0.5,1,-1.0,0.5,0,0.5,0.5,1,0.17777778
0.4883721,0.7,0.5,0.5,0,0.8333333,0.36,0.5,0,0.25,0.5,0.5,1,0.0,0.33333334,1,0.0,0.0,1,0.24444444
0.53488374,0.775,0.5,0.5,1,0.6666667,0.1,0.0,1,0.0,0.5,0.0,0,0.0,0.33333334,0,0.5,0.5,0,0.26666668
0.27906978,0.25,1.0,1.0,1,0.6666667,0.5,1.0,1,0.125,1.0,0.5,1,1.0,0.33333334,1,1.0,0.5,1,0.24444444
0.5813953,0.05,0.5,0.5,1,0.6666667,0.38,0.5,1,0.25,0.5,1.0,1,1.0,0.5,0,0.5,0.5,0,0.24444444
0.44186047,0.85,0.5,0.5,1,1.0,0.0,0.0,1,0.125,0.0,1.0,0,-1.0,0.6666667,1,1.0,0.0,0,0.2888889
0.53488374,0.0,1.0,1.0,0,0.33333334,0.46,0.5,1,0.125,0.0,0.5,0,1.0,0.8333333,0,1.0,0.5,1,0.24444444
0.30232558,0.925,0.5,0.5,1,0.16666667,0.08,0.5,1,0.375,0.5,0.5,1,-1.0,0.33333334,0,0.5,0.0,0,0.2888889
0.23255815,0.625,0.5,0.5,1,0.6666667,0.84,0.0,1,0.25,0.5,0.5,1,-1.0,0.6666667,0,0.0,1.0,0,0.22222222
0.55813956,0.325,0.5,0.5,1,0.16666667,0.5,0.0,1,0.0,0.5,0.5,0,1.0,0.33333334,0,0.5,0.0,0,0.26666668
0.4883721,0.25,1.0,0.0,0,0.5,0.7,0.5,1,0.0,1.0,0.5,0,-1.0,0.5,0,0.0,1.0,1,0.2
0.3255814,0.0,0.0,1.0,0,0.5,0.82,0.0,1,0.0,0.0,0.5,0,-1.0,0.33333334,0,0.5,1.0,1,0.08888889
0.3255814,0.225,0.5,0.5,1,0.6666667,0.06,0.0,0,0.0,1.0,0.5,0,-1.0,0.5,0,0.0,0.0,1,0.11111111
0.60465115,0.15,0.0,1.0,0,0.33333334,0.34,0.0,1,0.125,1.0,1.0,1,-1.0,0.6666667,0,0.5,1.0,0,0.22222222
0.27906978,0.6,0.5,0.5,1,0.8333333,0.02,1.0,1,0.0,0.0,0.5,1,-1.0,0.6666667,0,0.0,0.0,0,0.2
0.6744186,0.175,0.5,1.0,0,0.33333334,0.04,0.5,1,0.125,0.0,0.5,1,0.0,0.16666667,0,0.0,0.0,0,0.24444444
0.3255814,0.525,0.5,0.5,1,0.6666667,0.04,0.5,1,0.0,0.5,0.5,1,0.0,0.33333334,0,1.0,0.0,1,0.22222222
0.53488374,0.6,0.5,0.5,1,0.33333334,0.48,0.5,1,0.25,0.5,1.0,1,1.0,0.33333334,0,0.0,1.0,1,0.31111112
0.39534885,0.3,1.0,1.0,1,0.6666667,0.46,0.5,1,0.0,0.5,0.5,0,1.0,0.6666667,1,0.0,0.0,0,0.24444444
0.53488374,0.025,1.0,0.5,1,0.16666667,0.06,0.5,1,0.125,0.0,1.0,0,0.0,0.8333333,0,0.5,0.0,0,0.22222222
0.37209302,0.025,1.0,0.5,0,0.5,0.26,0.0,1,0.125,0.5,0.5,1,1.0,0.6666667,0,0.5,0.5,0,0.15555556
0.41860464,0.025,0.5,0.0,0,0.8333333,0.24,0.5,1,0.25,0.5,0.5,1,0.0,0.33333334,0,0.0,1.0,0,0.11111111
0.44186047,0.75,0.0,0.5,0,0.5,0.3,0.0,0,0.5,0.0,1.0,1,1.0,0.6666667,0,0.5,0.5,0,0.2888889
0.30232558,0.325,0.5,1.0,1,0.8333333,0.64,0.5,1,0.125,0.5,0.5,1,-1.0,0.5,0,0.0,0.0,0,0.2
0.53488374,0.8,1.0,1.0,0,0.5,0.7,1.0,1,0.0,0.5,0.5,1,1.0,0.5,0,0.5,0.0,0,0.4
0.37209302,0.425,0.5,0.5,1,0.33333334,0.34,0.0,1,0.125,0.0,0.5,1,1.0,0.16666667,0,0.5,0.0,1,0.2
0.41860464,0.45,1.0,1.0,0,0.5,0.78,0.5,1,0.25,0.5,0.5,1,0.0,0.6666667,0,0.0,0.5,0,0.31111112
0.30232558,0.525,0.0,0.5,0,0.6666667,0.42,0.0,1,0.125,0.0,1.0,1,0.0,0.5,1,1.0,0.0,0,0.17777778
0.093023255,0.725,0.5,0.5,1,0.0,0.52,1.0,1,0.25,0.5,0.5,1,0.0,0.5,0,0.5,0.0,1,0.22222222
0.41860464,0.275,0.5,0.5,0,0.6666667,0.14,0.5,1,0.25,0.5,1.0,1,1.0,0.6666667,0,0.0,0.5,1,0.22222222
0.76744187,0.125,0.5,0.5,1,0.33333334,0.24,1.0,1,0.0,0.5,1.0,1,-1.0,0.5,0,0.0,0.0,1,0.26666668
0.55813956,0.55,0.5,0.5,1,0.16666667,0.72,0.5,0,0.0,0.0,0.0,1,1.0,0.6666667,0,0.0,0.0,1,0.26666668
0.44186047,0.325,0.5,0.5,0,0.6666667,0.98,0.0,1,0.125,0.5,0.5,0,1.0,0.5,0,0.0,0.0,1,0.24444444
0.39534885,0.45,0.5,1.0,1,0.8333333,0.7,1.0,1,0.125,0.0,1.0,0,-1.0,0.33333334,0,1.0,0.0,1,0.2888889
0.44186047,0.65,0.5,0.0,1,0.5,0.06,0.5,1,0.125,0.0,1.0,1,-1.0,0.33333334,0,0.0,0.0,1,0.22222222
0.5116279,0.5,0.0,0.0,1,0.16666667,0.14,0.5,1,0.125,0.0,0.5,1,0.0,0.6666667,0,1.0,0.0,1,0.24444444
0.27906978,0.625,1.0,0.0,1,0.33333334,0.44,0.5,1,0.25,0.0,0.5,1,1.0,0.16666667,0,0.5,0.5,0,0.24444444
0.60465115,0.55,0.5,0.5,1,0.33333334,0.74,0.0,0,0.25,0.0,1.0,1,1.0,0.33333334,0,0.0,0.0,1,0.31111112
0.53488374,0.75,0.5,0.5,0,0.5,0.16,0.5,1,0.25,0.0,0.5,0,0.0,0.33333334,0,1.0,0.0,1,0.33333334
0.53488374,0.7,0.5,0.0,1,0.5,0.76,0.5,1,0.25,0.5,1.0,0,0.0,0.33333334,0,1.0,0.5,1,0.35555556
0.5116279,0.525,1.0,0.5,0,0.6666667,0.56,1.0,1,0.5,0.0,0.0,1,1.0,0.5,0,0.0,0.5,1,0.33333334
0.44186047,0.675,0.5,0.5,0,0.6666667,0.78,0.0,1,0.25,0.5,0.5,1,0.0,0.5,0,0.0,0.5,1,0.2888889
0.53488374,0.875,1.0,1.0,1,0.6666667,0.56,0.5,1,0.25,0.0,1.0,1,-1.0,0.33333334,0,1.0,1.0,0,0.4
0.53488374,0.425,0.5,1.0,0,0.6666667,0.6,1.0,1,0.125,0.0,1.0,1,1.0,0.33333334,1,0.0,0.5,0,0.2888889
0.39534885,0.425,0.5,0.5,1,0.5,0.24,0.0,1,0.25,1.0,0.5,0,0.0,0.6666667,0,0.5,0.0,1,0.24444444
0.37209302,0.775,0.5,0.0,1,1.0,0.72,0.0,1,0.125,0.5,0.5,1,0.0,0.5,1,1.0,0.5,0,0.26666668
0.4651163,0.575,0.5,0.0,1,0.6666667,0.84,0.0,1,0.25,0.5,0.5,0,-1.0,0.6666667,1,0.0,0.0,1,0.24444444
0.6511628,0.075,0.5,1.0,1,0.6666667,0.88,0.5,1,0.0,0.5,1.0,0,1.0,0.33333334,0,1.0,0.0,0,0.31111112
0.27906978,0.9,0.5,0.5,0,1.0,0.02,0.5,1,0.125,0.0,0.0,1,1.0,0.5,0,1.0,0.0,0,0.26666668
0.23255815,0.025,0.5,0.0,1,0.5,0.62,1.0,1,0.625,0.5,0.0,1,1.0,0.6666667,1,0.0,0.0,1,0.13333334
0.4651163,0.75,0.5,0.5,0,0.33333334,0.98,0.5,1,0.25,0.0,0.5,0,-1.0,0.5,0,0.5,0.0,0,0.33333334
0.44186047,0.75,1.0,1.0,0,0.8333333,0.58,0.5,1,0.25,0.0,0.5,1,-1.0,0.33333334,0,0.0,0.0,0,0.33333334
0.4651163,0.95,0.5,0.5,1,0.8333333,0.18,1.0,0,0.375,0.5,0.5,1,0.0,0.5,1,0.5,0.0,0,0.33333334
0.4651163,0.05,0.5,0.5,0,0.5,0.88,0.0,1,0.125,0.0,1.0,0,1.0,0.5,0,0.5,0.5,0,0.2
0.41860464,0.6,1.0,0.5,0,1.0,0.26,0.5,1,0.0,0.0,0.5,1,-1.0,0.5,0,0.5,1.0,0,0.22222222
0.6511628,0.425,0.5,0.5,0,0.5,0.04,0.5,1,0.625,0.0,0.5,1,1.0,0.6666667,0,0.5,0.0,0,0.33333334
0.20930232,0.325,0.0,1.0,1,0.6666667,0.44,0.0,1,0.125,0.0,1.0,1,1.0,0.33333334,0,0.5,0.5,0,0.15555556
0.3255814,0.1,1.0,1.0,1,0.8333333,0.1,1.0,1,0.125,0.5,0.0,1,0.0,0.5,0,0.5,0.0,0,0.2
0.41860464,0.575,0.5,1.0,1,0.5,0.12,0.5,1,0.125,0.5,0.0,0,1.0,0.5,0,0.5,1.0,0,0.26666668
0.20930232,0.475,1.0,0.5,0,0.6666667,0.46,1.0,0,0.125,0.0,0.0,1,0.0,0.6666667,0,0.0,0.0,0,0.17777778
0.41860464,0.1,0.0,0.5,1,0.8333333,0.62,1.0,1,0.0,0.5,1.0,1,0.0,0.5,1,0.0,0.0,1,0.15555556
0.6744186,0.6,0.0,0.5,0,0.33333334,0.9,0.5,1,0.25,1.0,1.0,1,-1.0,0.33333334,0,0.5,0.0,1,0.37777779
0.44186047,0.75,0.0,0.5,0,0.33333334,0.7,1.0,0,0.375,0.0,1.0,0,0.0,0.33333334,0,0.5,0.0,1,0.31111112
0.4651163,0.775,0.5,1.0,1,0.8333333,0.84,0.5,1,0.625,0.0,0.5,0,-1.0,0.33333334,0,0.0,0.0,1,0.37777779
0.25581396,0.9,0.0,0.5,1,0.5,0.42,1.0,1,0.25,0.5,0.5,0,1.0,0.33333334,0,0.5,0.0,1,0.2888889
0.3488372,0.4,0.0,0.5,0,0.33333334,0.32,0.0,1,0.125,0.5,0.5,0,0.0,0.5,0,1.0,0.0,0,0.2
0.39534885,0.95,1.0,1.0,1,0.5,0.6,0.0,1,0.375,0.0,0.5,0,0.0,0.16666667,0,0.5,0.0,0,0.37777779
0.39534885,0.875,1.0,1.0,1,0.6666667,0.7,0.0,1,0.25,0.0,1.0,1,1.0,0.5,0,0.5,0.0,0,0.4
0.627907,0.3,1.0,0.5,1,0.16666667,0.56,0.0,0,0.625,0.5,0.0,0,-1.0,0.33333334,0,0.5,1.0,1,0.26666668
0.5116279,0.15,1.0,0.0,1,0.6666667,0.26,0.5,1,0.0,0.0,0.5,1,-1.0,0.6666667,0,0.5,0.0,0,0.2
0.27906978,0.425,0.5,0.5,1,0.6666667,0.36,0.0,1,0.375,1.0,0.5,0,0.0,0.5,0,0.0,0.0,0,0.22222222
0.4651163,0.4,1.0,1.0,1,0.8333333,0.44,0.0,1,0.125,0.0,1.0,1,0.0,0.5,0,0.0,0.5,0,0.26666668
0.5116279,0.575,0.5,0.5,1,0.5,0.02,0.0,1,0.375,0.5,1.0,1,0.0,0.33333334,0,0.5,0.5,1,0.2888889
0.60465115,0.575,0.5,1.0,1,0.8333333,0.88,0.5,1,0.25,0.0,1.0,1,1.0,0.33333334,0,0.0,0.0,1,0.37777779
0.6511628,0.75,1.0,0.0,1,0.5,0.52,0.0,1,0.125,0.5,0.0,1,1.0,0.5,0,0.0,0.5,0,0.35555556
0.30232558,0.5,0.5,0.5,1,0.5,0.76,0.5,1,0.125,0.5,0.5,0,0.0,0.5,0,0.0,0.0,1,0.24444444
0.3255814,0.1,1.0,0.5,0,0.5,0.18,0.0,1,0.0,0.0,0.5,1,0.0,0.5,1,0.0,0.0,0,0.08888889
0.25581396,0.85,0.5,0.5,1,1.0,0.56,0.5,1,0.125,0.5,1.0,1,0.0,0.33333334,0,0.0,0.0,0,0.2888889
0.41860464,0.3,0.0,1.0,1,0.16666667,0.92,0.0,0,0.375,0.0,0.0,1,1.0,0.33333334,0,0.0,0.5,0,0.2
0.5116279,0.975,0.0,0.5,0,0.6666667,0.22,0.0,1,0.25,1.0,1.0,0,1.0,0.5,1,0.0,0.0,0,0.33333334
0.5813953,0.125,0.0,0.5,1,0.5,0.34,0.5,1,0.5,1.0,0.5,0,-1.0,0.5,0,0.0,0.5,0,0.22222222
0.44186047,0.95,1.0,0.5,1,0.5,0.38,1.0,0,0.25,1.0,1.0,1,-1.0,0.33333334,0,0.5,0.0,0,0.37777779
0.39534885,0.1,1.0,1.0,0,0.6666667,0.38,0.5,1,0.375,1.0,0.5,1,1.0,0.5,0,0.5,0.5,1,0.24444444
0.4651163,0.225,0.5,0.5,1,0.8333333,0.6,1.0,1,0.25,0.5,1.0,1,1.0,0.8333333,0,0.5,0.0,1,0.2888889
0.3255814,0.05,0.5,1.0,0,0.6666667,0.4,0.5,1,0.125,0.0,0.5,0,1.0,0.5,0,0.5,0.0,1,0.15555556
0.74418604,0.7,0.5,0.0,0,0.8333333,0.68,0.5,1,0.125,0.0,0.5,1,-1.0,0.5,0,0.0,0.0,1,0.33333334
0.20930232,0.85,1.0,0.5,1,0.5,0.48,1.0,1,0.375,1.0,0.5,1,1.0,0.5,0,0.5,0.5,1,0.33333334
0.4651163,0.425,0.5,0.0,1,0.5,0.16,0.5,1,0.0,0.0,1.0,1,-1.0,0.5,0,0.5,0.0,1,0.2
0.7209302,0.925,1.0,0.0,1,0.16666667,0.94,0.0,1,0.125,0.0,1.0,1,1.0,0.8333333,0,0.5,0.5,0,0.46666667
0.44186047,0.6,0.5,0.5,1,1.0,0.24,1.0,1,0.125,0.5,0.5,1,0.0,0.33333334,0,0.5,0.5,1,0.26666668
0.41860464,0.625,1.0,1.0,0,0.5,0.56,0.0,1,0.25,0.0,1.0,0,-1.0,0.5,0,0.5,0.0,1,0.31111112
0.39534885,0.85,0.5,0.0,1,0.5,0.06,0.5,1,0.5,0.5,1.0,1,1.0,0.5,0,0.0,1.0,0,0.2888889
0.41860464,0.3,0.5,0.5,1,0.6666667,0.92,0.0,1,0.125,0.5,1.0,1,1.0,0.33333334,0,1.0,0.5,0,0.26666668
0.627907,0.35,0.5,0.5,1,0.8333333,0.92,0.0,1,0.0,1.0,1.0,0,0.0,0.5,0,0.0,0.0,0,0.31111112
0.13953489,0.9,1.0,0.5,1,0.33333334,0.36,0.5,1,0.25,0.0,1.0,1,0.0,0.16666667,0,0.0,0.0,0,0.26666668
0.6511628,0.9,1.0,1.0,1,0.8333333,0.12,0.0,1,0.0,0.0,1.0,0,0.0,0.6666667,0,0.0,0.0,1,0.4
0.23255815,0.975,0.5,1.0,1,0.5,0.76,1.0,0,0.5,0.5,0.0,0,0.0,0.5,0,0.5,0.0,1,0.35555556
0.39534885,0.9,0.5,0.0,0,0.8333333,0.26,0.5,1,0.5,0.0,0.5,0,0.0,0.5,0,1.0,0.0,1,0.33333334
0.37209302,0.125,1.0,0.5,1,0.33333334,0.7,0.5,1,0.125,0.0,0.5,0,0.0,0.5,0,0.0,0.0,1,0.22222222
0.53488374,0.825,1.0,0.5,1,0.6666667,0.92,0.5,1,0.0,0.5,0.5,1,1.0,0.16666667,0,1.0,0.5,1,0.4
0.20930232,0.4,0.5,0.5,1,0.5,0.6,0.5,1,0.125,0.0,1.0,1,1.0,0.6666667,0,1.0,0.0,0,0.22222222
0.5116279,1.0,0.0,0.5,1,0.16666667,0.86,0.5,1,0.5,0.0,0.5,0,0.0,0.5,0,1.0,0.5,1,0.4
0.7209302,0.475,0.0,1.0,1,0.16666667,0.22,0.5,1,0.0,0.0,1.0,1,1.0,0.5,0,0.5,0.0,1,0.33333334
0.25581396,0.55,1.0,0.5,1,0.33333334,0.92,1.0,1,0.0,0.0,0.0,0,1.0,0.6666667,1,0.5,0.0,1,0.24444444
0.4651163,0.525,0.0,0.5,1,0.6666667,0.22,1.0,1,0.375,0.5,0.0,1,-1.0,0.8333333,0,0.0,0.5,0,0.24444444
0.3488372,0.325,0.5,0.5,1,0.0,0.22,0.0,1,0.5,0.0,1.0,0,0.0,0.8333333,0,0.0,0.5,1,0.2
0.5116279,0.075,0.5,0.5,1,0.6666667,0.88,1.0,1,0.25,0.5,0.5,1,0.0,0.8333333,0,1.0,0.0,1,0.2888889
0.44186047,0.9,0.5,0.5,0,0.5,0.56,0.5,1,0.125,1.0,1.0,1,0.0,0.33333334,0,0.0,0.0,1,0.33333334
0.3488372,0.8,0.5,0.5,1,0.0,0.8,1.0,1,0.75,1.0,0.5,0,0.0,0.5,0,0.0,0.0,1,0.37777779
0.5116279,0.15,0.5,1.0,0,0.33333334,0.8,0.5,1,0.25,0.0,0.5,1,0.0,0.5,0,0.0,0.0,1,0.24444444
0.6976744,0.775,0.5,0.5,1,0.33333334,0.64,0.5,1,0.25,0.5,1.0,1,1.0,0.5,0,0.0,0.0,1,0.42222223
0.41860464,0.625,1.0,0.5,0,0.5,0.18,0.0,1,0.0,0.5,1.0,0,-1.0,0.6666667,0,0.5,0.5,1,0.26666668
0.53488374,0.4,1.0,1.0,1,0.8333333,0.7,0.5,1,0.25,0.0,0.5,0,1.0,0.33333334,0,1.0,0.0,0,0.35555556
0.25581396,0.25,0.0,1.0,1,0.8333333,0.06,0.5,1,0.25,0.0,0.5,1,0.0,0.33333334,1,0.0,0.0,1,0.11111111
0.30232558,0.85,0.0,0.5,0,0.33333334,0.2,0.5,1,0.375,1.0,0.5,1,0.0,0.5,0,0.5,0.0,0,0.2888889
0.5116279,0.7,0.5,0.5,0,0.33333334,0.64,0.5,1,0.0,0.5,0.5,0,-1.0,0.5,0,0.5,0.0,1,0.31111112
0.6511628,0.55,1.0,1.0,0,0.16666667,0.9,0.5,1,0.25,0.5,1.0,1,0.0,0.5,0,0.5,0.0,1,0.42222223
0.4883721,0.6,1.0,0.5,1,0.33333334,0.78,0.5,1,0.25,0.5,0.5,1,0.0,0.5,0,0.0,0.0,1,0.35555556
0.39534885,0.1,1.0,0.5,1,0.33333334,0.34,1.0,1,0.0,0.0,0.5,0,-1.0,0.6666667,0,0.5,0.0,1,0.17777778
0.44186047,0.475,1.0,0.0,1,0.5,0.82,1.0,0,0.25,0.0,0.5,0,-1.0,0.6666667,1,0.5,0.5,1,0.24444444
0.25581396,0.2,0.5,1.0,0,0.5,0.96,0.5,1,0.125,0.5,1.0,0,0.0,0.6666667,0,0.0,0.0,1,0.22222222
0.53488374,0.2,0.0,0.0,0,0.33333334,0.34,1.0,0,0.0,0.0,1.0,0,1.0,0.5,1,0.0,1.0,0,0.11111111
0.55813956,0.65,0.5,0.0,1,0.33333334,0.18,0.5,1,0.375,0.0,0.5,1,1.0,0.5,0,0.0,0.0,0,0.31111112
0.37209302,0.9,1.0,0.5,0,0.33333334,0.2,0.5,1,0.125,0.0,0.5,1,0.0,0.5,0,0.5,0.0,0,0.31111112
0.37209302,0.4,0.5,1.0,1,0.33333334,0.4,0.0,1,0.25,1.0,0.5,1,0.0,0.6666667,0,1.0,0.5,1,0.26666668
0.4883721,0.2,1.0,0.5,1,0.8333333,0.06,1.0,1,0.125,0.5,0.5,1,0.0,0.33333334,0,0.0,0.5,0,0.22222222
0.37209302,0.65,1.0,1.0,1,0.6666667,0.48,0.5,1,0.125,0.0,1.0,0,0.0,0.6666667,0,0.5,0.0,1,0.33333334
0.44186047,0.875,1.0,0.5,1,0.6666667,0.74,0.0,1,0.0,0.0,0.5,0,1.0,0.5,0,1.0,0.5,0,0.35555556
0.74418604,0.75,0.0,0.5,1,0.8333333,0.54,0.5,1,0.375,0.5,1.0,1,-1.0,1.0,1,1.0,0.5,1,0.4
0.41860464,0.875,0.0,1.0,1,0.6666667,0.98,0.5,1,0.0,0.0,0.5,1,0.0,0.33333334,0,1.0,0.5,1,0.33333334
0.39534885,0.525,1.0,0.0,1,0.8333333,0.46,1.0,1,0.125,0.5,1.0,1,0.0,0.33333334,0,0.0,0.0,0,0.26666668
0.3488372,0.75,0.0,1.0,1,0.6666667,0.02,0.5,1,0.125,1.0,0.5,1,0.0,0.8333333,0,0.0,0.5,0,0.26666668
0.53488374,0.15,0.0,1.0,0,0.5,0.48,0.5,1,0.0,1.0,1.0,1,0.0,0.33333334,0,0.5,0.5,1,0.22222222
0.41860464,0.35,1.0,1.0,1,0.33333334,0.92,0.5,1,0.25,1.0,0.5,1,0.0,0.5,0,0.5,0.0,1,0.31111112
0.3488372,0.4,1.0,1.0,1,0.33333334,0.1,0.5,0,0.125,0.0,0.5,1,1.0,0.16666667,0,1.0,0.0,1,0.22222222
0.627907,0.5,0.5,1.0,1,0.6666667,0.22,0.0,1,0.125,0.0,0.5,0,-1.0,0.5,0,0.5,1.0,0,0.2888889
0.6511628,0.925,1.0,0.5,0,0.5,0.72,0.5,1,0.0,0.5,0.5,1,1.0,0.5,0,0.5,0.0,0,0.42222223
0.3488372,0.875,0.0,0.5,1,0.16666667,0.3,1.0,1,0.0,0.5,0.5,0,0.0,0.5,0,0.5,0.0,0,0.2888889
0.18604651,0.125,0.5,0.5,0,0.0,0.76,0.0,1,0.125,0.0,0.5,1,1.0,0.5,0,0.5,0.0,1,0.13333334
0.5813953,0.175,0.5,0.0,1,1.0,0.42,1.0,1,0.375,0.0,0.5,1,0.0,0.5,0,1.0,0.0,1,0.26666668
0.3488372,0.35,1.0,1.0,1,0.33333334,0.8,0.5,1,0.125,0.0,0.5,0,-1.0,0.6666667,1,0.0,0.0,0,0.24444444
0.55813956,0.3,0.0,0.0,1,0.33333334,0.56,0.0,1,1.0,0.5,1.0,1,1.0,0.6666667,0,0.0,0.0,1,0.31111112
0.1627907,0.625,0.5,0.0,1,0.8333333,0.08,0.0,1,0.125,0.0,1.0,0,1.0,0.5,0,0.0,0.0,1,0.15555556
0.55813956,0.9,0.5,1.0,1,0.16666667,0.38,0.0,1,0.0,0.0,0.5,1,0.0,0.6666667,0,0.0,0.5,1,0.35555556
0.27906978,0.95,1.0,1.0,1,0.6666667,0.34,0.5,1,0.125,0.5,0.5,0,1.0,0.6666667,0,1.0,0.5,0,0.35555556
0.53488374,0.65,0.5,1.0,1,1.0,0.82,0.0,1,0.0,0.0,1.0,0,1.0,0.6666667,0,0.5,0.0,0,0.37777779
0.44186047,0.85,0.5,1.0,1,1.0,0.62,0.0,1,0.125,0.5,1.0,1,0.0,0.8333333,1,0.0,1.0,0,0.31111112
0.30232558,0.525,0.0,0.5,0,0.33333334,0.78,0.5,0,0.75,0.0,1.0,0,0.0,0.5,0,0.5,0.0,0,0.26666668
0.39534885,0.2,0.5,1.0,0,0.5,0.38,0.5,1,0.125,0.0,1.0,1,0.0,0.6666667,1,0.0,0.5,0,0.17777778
0.53488374,0.525,0.5,0.5,1,0.33333334,0.7,0.5,0,0.125,0.5,1.0,1,0.0,0.6666667,0,0.5,0.5,1,0.2888889
0.4651163,0.55,1.0,1.0,1,0.5,0.06,0.0,1,0.0,1.0,0.5,1,1.0,0.33333334,0,1.0,0.0,1,0.31111112
0.53488374,0.75,0.5,0.0,1,0.8333333,0.04,0.0,1,0.0,0.0,0.5,1,-1.0,0.5,1,0.5,0.0,0,0.22222222
0.7209302,0.225,1.0,1.0,1,0.16666667,0.28,0.5,1,0.0,0.5,0.5,1,-1.0,0.5,0,1.0,0.0,0,0.33333334
0.23255815,0.375,0.5,0.5,0,0.6666667,0.78,0.5,1,0.25,1.0,1.0,0,1.0,0.6666667,0,0.5,0.5,1,0.22222222
0.6744186,0.375,0.5,0.5,0,0.5,0.54,0.5,1,0.0,0.0,0.5,1,1.0,0.33333334,0,0.0,0.5,1,0.26666668
0.4651163,0.95,0.5,1.0,1,0.8333333,0.4,0.5,1,0.0,0.0,1.0,1,1.0,0.16666667,0,0.5,0.0,1,0.37777779
0.3255814,0.45,0.5,1.0,1,0.8333333,0.9,1.0,1,0.125,1.0,1.0,1,1.0,0.5,0,0.0,0.0,1,0.31111112
0.25581396,0.75,1.0,1.0,1,0.33333334,0.5,0.0,0,0.25,0.5,0.5,1,0.0,0.5,0,1.0,0.0,1,0.31111112
0.41860464,0.75,1.0,0.0,0,0.5,0.62,0.5,1,0.5,1.0,1.0,1,0.0,0.6666667,1,0.5,0.0,0,0.35555556
0.5813953,0.275,0.5,0.0,1,0.6666667,0.98,0.5,1,0.125,0.5,1.0,1,1.0,0.5,0,0.0,1.0,1,0.26666668
0.41860464,0.575,0.0,0.0,0,0.6666667,0.52,0.0,1,0.375,0.0,0.0,1,0.0,0.5,0,1.0,0.0,0,0.22222222
0.6511628,0.9,0.0,0.0,0,0.0,0.78,0.5,1,0.25,0.0,1.0,1,0.0,0.33333334,0,0.0,1.0,0,0.33333334
0.23255815,0.475,0.5,0.5,0,0.6666667,0.42,0.0,1,0.125,0.5,0.5,0,1.0,0.33333334,0,0.5,0.5,0,0.17777778
0.44186047,0.95,1.0,1.0,1,0.8333333,0.04,0.5,1,0.0,0.5,0.5,0,1.0,0.5,0,0.5,1.0,1,0.35555556
0.25581396,0.225,1.0,0.5,1,0.5,0.84,0.0,1,0.125,0.5,0.5,1,0.0,0.5,0,0.5,0.0,0,0.2
0.4883721,0.075,0.5,1.0,1,0.6666667,0.94,1.0,1,0.625,0.5,0.5,0,0.0,0.5,0,0.0,0.0,1,0.31111112
0.55813956,0.9,0.0,0.5,0,0.8333333,0.44,0.0,1,0.0,0.0,0.5,0,1.0,0.5,0,0.0,0.0,1,0.31111112
0.37209302,0.85,0.5,0.5,1,0.5,0.5,0.5,1,0.125,0.0,1.0,1,1.0,0.5,0,1.0,0.5,1,0.33333334
0.069767445,1.0,1.0,0.0,0,0.6666667,0.42,0.0,1,0.25,0.0,0.5,0,-1.0,0.6666667,0,0.0,0.5,0,0.2
0.4651163,0.675,0.5,1.0,0,0.5,1.0,0.0,1,0.125,0.0,0.5,1,1.0,0.5,0,0.0,0.0,1,0.33333334
0.5116279,0.925,0.5,1.0,0,0.5,0.9,0.5,1,0.0,0.5,1.0,0,1.0,0.6666667,0,1.0,0.5,0,0.42222223
0.4883721,0.825,0.5,0.5,1,0.33333334,0.04,0.5,1,0.125,0.0,0.5,1,-1.0,0.5,0,0.5,0.0,0,0.31111112
0.60465115,0.85,0.0,0.5,1,0.5,0.78,0.5,1,0.375,0.0,0.5,0,1.0,0.33333334,0,0.5,0.0,0,0.4
0.30232558,0.575,0.5,0.5,1,1.0,0.6,0.5,1,0.125,0.5,1.0,0,0.0,0.5,1,0.5,0.0,0,0.24444444
0.53488374,0.375,1.0,1.0,1,0.33333334,0.02,1.0,0,0.125,0.5,1.0,1,-1.0,0.5,0,0.0,0.0,1,0.26666668
0.60465115,0.925,1.0,1.0,0,0.6666667,0.44,0.5,1,0.75,0.0,0.5,1,0.0,0.33333334,0,0.5,0.0,0,0.46666667
0.18604651,0.425,0.5,0.5,0,0.5,0.14,0.0,1,0.25,0.5,0.0,1,-1.0,0.5,0,0.0,0.0,1,0.13333334
0.4883721,0.55,0.0,0.5,1,0.8333333,0.88,1.0,1,0.0,0.5,0.5,1,1.0,0.6666667,0,0.0,0.5,0,0.2888889
0.37209302,0.45,0.5,0.0,1,0.8333333,0.02,1.0,1,0.125,0.0,0.5,0,0.0,0.5,0,0.0,0.5,1,0.17777778
0.44186047,0.575,1.0,0.0,1,0.33333334,0.88,0.5,1,0.125,0.0,0.5,1,0.0,0.33333334,0,0.0,0.0,1,0.26666668
0.4883721,0.475,0.0,0.0,1,0.33333334,0.94,0.0,1,0.375,1.0,0.5,1,-1.0,0.5,0,0.0,0.5,1,0.24444444
0.37209302,0.05,1.0,0.0,1,0.33333334,0.08,0.0,1,0.25,0.5,1.0,1,0.0,0.5,0,0.5,0.0,1,0.15555556
0.3488372,0.875,1.0,0.0,1,0.33333334,0.72,0.5,1,0.0,0.0,1.0,0,0.0,0.5,0,0.0,0.0,1,0.31111112
0.44186047,0.45,0.5,0.5,0,0.33333334,0.54,0.5,1,0.375,0.5,0.5,0,1.0,0.5,0,0.0,0.5,1,0.26666668
0.27906978,0.6,0.5,0.5,0,0.6666667,0.96,0.0,0,0.25,0.5,0.5,1,1.0,0.33333334,0,0.5,0.5,0,0.24444444
0.27906978,0.15,1.0,0.5,1,0.33333334,0.8,0.5,1,0.25,0.0,0.5,1,1.0,0.5,1,0.0,0.5,1,0.17777778
0.53488374,0.0,0.5,0.5,0,0.33333334,0.7,0.0,1,0.125,1.0,0.5,1,0.0,0.33333334,0,1.0,0.5,1,0.2
0.27906978,0.25,0.0,0.5,1,0.33333334,0.92,1.0,1,0.25,0.5,0.5,0,-1.0,0.8333333,0,1.0,0.5,1,0.2
0.53488374,0.7,0.0,0.5,0,0.6666667,0.16,0.5,1,0.125,0.0,1.0,1,-1.0,0.5,0,0.0,0.0,1,0.26666668
0.5116279,0.1,0.0,0.5,1,0.5,0.38,1.0,1,0.5,1.0,0.5,1,1.0,0.5,0,0.0,0.5,1,0.24444444
0.20930232,0.9,1.0,1.0,1,0.5,0.84,0.5,1,0.125,0.0,0.0,1,0.0,0.16666667,0,0.0,0.0,0,0.2888889
0.3488372,0.225,0.5,1.0,1,0.33333334,0.1,0.5,1,0.125,0.5,1.0,1,-1.0,0.16666667,0,0.0,0.5,1,0.15555556
0.60465115,0.2,0.5,0.5,1,0.16666667,0.94,0.0,1,0.125,0.5,0.5,1,-1.0,0.6666667,0,0.5,0.0,1,0.2888889
0.30232558,0.175,1.0,0.0,0,0.8333333,0.74,0.5,1,0.125,0.5,0.5,0,1.0,0.5,0,0.0,0.0,1,0.17777778
0.37209302,0.025,0.5,1.0,0,0.5,0.44,0.0,1,0.125,0.5,1.0,1,0.0,0.33333334,0,0.0,0.5,1,0.15555556
0.5116279,0.775,1.0,1.0,0,1.0,0.34,1.0,1,0.25,0.0,0.5,1,1.0,0.33333334,0,0.5,0.0,1,0.37777779
0.55813956,0.875,0.5,0.0,0,0.6666667,0.14,0.0,1,0.5,0.0,0.5,1,0.0,0.5,0,0.0,0.5,0,0.31111112
0.39534885,0.625,0.5,0.0,1,1.0,0.1,1.0,1,0.375,0.5,1.0,1,0.0,0.5,0,0.0,0.0,1,0.26666668
0.3488372,0.2,0.5,1.0,1,0.6666667,0.42,0.5,1,0.125,1.0,1.0,0,0.0,0.5,0,0.0,0.5,1,0.22222222
0.6511628,0.275,1.0,0.5,0,0.5,0.84,0.0,1,0.125,0.0,0.5,1,1.0,0.5,0,0.0,0.0,0,0.31111112
0.6744186,0.475,1.0,1.0,1,0.33333334,0.54,0.5,1,0.125,0.0,0.5,1,1.0,0.33333334,0,0.0,0.0,1,0.37777779
0.5813953,0.95,0.0,0.5,1,0.33333334,0.46,0.5,1,0.25,0.0,0.0,1,-1.0,0.5,0,0.0,0.0,0,0.33333334
0.4651163,0.25,1.0,1.0,0,0.8333333,0.32,0.5,1,0.125,0.5,0.0,1,0.0,0.6666667,0,0.5,0.5,1,0.8
0.3255814,0.725,1.0,0.0,1,0.5,0.16,0.0,1,0.25,0.0,0.5,1,-1.0,0.5,0,0.0,0.5,1,0.22222222
0.3255814,0.45,0.0,0.5,1,0.6666667,1.0,0.0,1,0.0,0.0,0.5,1,-1.0,0.5,1,0.0,0.0,0,0.15555556
0.5116279,0.3,0.0,1.0,1,0.6666667,0.02,0.5,1,0.25,0.0,0.5,0,1.0,0.5,0,0.5,1.0,1,0.22222222
0.5116279,0.45,0.5,0.5,1,0.6666667,0.32,0.5,1,0.125,0.5,1.0,1,0.0,0.16666667,0,0.5,0.5,0,0.26666668
0.627907,0.075,0.5,0.0,0,0.33333334,0.76,1.0,1,0.5,0.5,1.0,1,0.0,0.6666667,0,0.0,1.0,1,0.26666668
0.53488374,0.8,0.5,1.0,0,0.8333333,0.52,0.5,1,0.25,1.0,0.5,1,1.0,0.33333334,0,0.0,0.0,0,0.37777779
0.23255815,0.25,0.5,0.0,1,0.5,0.32,0.0,1,0.125,0.5,1.0,1,-1.0,0.5,0,0.0,0.0,0,0.11111111
0.5813953,0.725,0.5,0.0,0,0.5,1.0,0.0,1,0.0,0.5,0.0,1,0.0,0.5,0,0.0,0.0,0,0.31111112
0.30232558,0.075,0.5,0.5,0,0.6666667,0.62,0.0,1,0.0,0.5,0.0,0,1.0,0.8333333,0,0.0,0.0,0,0.13333334
0.39534885,0.95,0.0,0.5,1,0.5,0.3,0.5,1,0.125,1.0,0.5,0,0.0,0.6666667,0,1.0,0.0,0,0.33333334
0.4883721,0.2,0.5,1.0,0,0.0,0.84,1.0,1,0.25,1.0,0.5,1,0.0,0.5,0,0.0,0.0,1,0.2888889
0.7209302,0.875,0.5,1.0,1,0.8333333,0.16,0.5,1,0.25,0.5,0.5,0,1.0,0.6666667,0,0.0,0.0,1,0.44444445
0.88372093,0.8,0.5,0.5,0,0.8333333,0.46,0.5,1,0.125,0.5,0.5,1,-1.0,0.6666667,0,1.0,0.5,1,0.44444445
0.53488374,0.975,1.0,0.5,0,0.0,0.84,0.0,1,0.25,1.0,0.5,0,0.0,0.5,0,0.0,1.0,1,0.37777779
0.41860464,0.475,0.0,0.5,1,0.16666667,0.98,1.0,1,0.125,0.0,0.5,0,-1.0,0.6666667,0,0.5,0.5,0,0.24444444
0.5116279,0.725,0.0,1.0,0,1.0,0.38,0.0,1,0.625,0.5,0.5,1,0.0,0.6666667,0,0.0,0.0,1,0.35555556
0.55813956,0.375,0.0,1.0,0,0.5,0.14,1.0,1,0.5,0.0,1.0,1,1.0,0.8333333,0,0.5,0.0,1,0.33333334
0.39534885,0.175,0.5,1.0,1,0.5,0.56,0.0,1,0.25,0.5,0.5,1,-1.0,0.5,1,0.0,0.0,0,0.17777778
0.6976744,0.45,1.0,1.0,1,0.33333334,0.94,0.0,1,0.0,0.5,1.0,1,0.0,0.5,0,0.0,0.0,1,0.37777779
0.4651163,0.175,0.5,0.5,1,0.16666667,0.66,0.5,1,0.125,0.0,1.0,0,0.0,0.8333333,0,0.0,0.0,1,0.22222222
0.5116279,0.975,0.5,0.5,1,0.5,0.6,0.0,1,0.375,0.0,0.0,0,0.0,0.33333334,0,0.0,0.0,1,0.35555556
0.53488374,0.1,0.5,0.5,1,0.6666667,0.3,0.5,1,0.0,0.5,0.5,1,1.0,0.5,0,0.5,0.0,0,0.22222222
0.5116279,0.6,0.5,0.0,1,0.5,0.6,0.5,1,0.125,0.5,1.0,0,1.0,0.5,0,0.5,0.5,0,0.31111112
0.55813956,0.625,0.5,0.0,1,0.6666667,0.88,0.5,1,0.375,0.5,1.0,1,1.0,0.5,0,0.0,0.5,1,0.35555556
0.3488372,0.55,0.5,1.0,1,1.0,0.38,0.5,1,0.25,0.0,0.5,1,1.0,0.6666667,0,0.5,0.0,1,0.2888889
0.37209302,0.65,0.0,0.5,0,0.33333334,0.24,0.0,1,0.25,0.5,1.0,1,1.0,0.6666667,0,0.0,0.0,0,0.24444444
0.27906978,0.125,1.0,0.5,0,0.5,0.48,0.0,1,0.0,1.0,0.5,1,0.0,0.33333334,1,0.0,0.5,1,0.11111111
0.5116279,0.55,0.5,0.5,0,0.8333333,0.38,0.5,1,0.0,1.0,0.5,1,1.0,0.5,0,0.0,0.0,0,0.2888889
0.55813956,0.275,0.5,1.0,1,0.33333334,0.46,0.5,1,0.125,0.0,0.5,0,0.0,0.6666667,0,0.0,0.0,0,0.26666668
0.5116279,0.95,0.5,0.0,0,0.5,0.1,0.5,1,0.375,1.0,1.0,0,0.0,0.6666667,0,0.0,0.0,1,0.35555556
0.6744186,0.75,1.0,0.5,0,1.0,0.34,1.0,1,0.25,0.5,0.5,0,0.0,1.0,0,0.0,0.0,1,0.42222223
0.44186047,0.975,0.0,0.5,0,0.33333334,0.82,0.5,1,0.25,0.5,0.0,1,-1.0,0.6666667,0,0.0,0.0,1,0.33333334
0.53488374,0.05,0.0,1.0,0,0.8333333,0.4,0.0,1,0.25,0.0,0.5,1,1.0,0.33333334,0,0.5,0.5,0,0.17777778
0.27906978,0.275,0.5,0.5,0,0.5,0.96,0.5,1,0.0,0.5,0.5,1,1.0,0.5,0,0.5,0.0,1,0.2
0.39534885,0.2,0.5,1.0,1,1.0,0.7,1.0,1,0.375,0.0,0.5,1,0.0,0.5,0,0.0,0.0,1,0.24444444
0.53488374,0.0,0.5,0.5,1,0.16666667,0.36,0.5,1,0.0,0.5,0.0,1,0.0,0.5,0,1.0,0.0,0,0.2
0.55813956,0.25,1.0,1.0,1,0.5,0.26,0.5,1,0.125,0.5,1.0,0,1.0,0.5,0,0.5,0.5,1,0.31111112
0.39534885,0.675,0.5,1.0,1,0.16666667,0.68,0.5,1,0.25,0.5,0.0,0,1.0,0.6666667,0,1.0,0.0,1,0.35555556
0.44186047,0.225,1.0,0.5,0,0.33333334,0.3,0.5,1,0.125,0.0,0.5,1,0.0,0.33333334,0,0.0,0.0,0,0.2
0.23255815,0.5,0.5,0.5,1,0.33333334,0.92,0.0,1,0.125,0.0,1.0,1,0.0,0.5,0,0.0,0.0,1,0.22222222
0.39534885,0.9,1.0,0.5,0,0.5,0.12,0.0,1,0.25,0.5,0.5,0,0.0,0.16666667,0,0.5,0.0,0,0.31111112
0.55813956,0.7,0.5,1.0,0,0.16666667,0.02,0.5,1,0.125,0.5,0.0,1,0.0,0.16666667,0,0.0,0.0,0,0.2888889
0.5116279,0.4,0.5,0.5,1,0.5,0.22,0.5,1,0.375,0.5,0.0,1,1.0,0.6666667,0,0.0,0.0,1,0.2888889
0.5116279,0.375,1.0,0.5,1,0.6666667,0.6,1.0,1,0.0,0.0,1.0,0,0.0,0.6666667,0,0.0,0.5,0,0.2888889
0.44186047,0.45,0.0,0.5,1,0.16666667,0.84,0.0,1,0.125,0.5,0.5,1,1.0,0.5,0,0.0,1.0,1,0.22222222
0.44186047,0.175,1.0,1.0,0,0.33333334,0.18,0.0,1,0.125,0.5,0.5,0,-1.0,0.6666667,0,0.5,0.0,0,0.22222222
0.3488372,0.625,0.5,0.0,0,1.0,0.58,0.0,1,0.125,1.0,0.5,0,0.0,0.5,0,0.5,0.0,1,0.24444444
0.53488374,0.375,1.0,0.0,0,0.5,0.14,0.5,1,0.0,0.5,0.5,1,0.0,0.16666667,0,1.0,0.0,1,0.24444444
0.5116279,0.85,0.5,0.0,1,0.0,0.56,0.5,1,0.25,1.0,1.0,1,0.0,0.6666667,0,0.0,0.5,1,0.35555556
0.5116279,0.75,1.0,0.5,1,0.16666667,0.02,0.5,1,0.0,0.0,1.0,1,-1.0,0.16666667,0,0.0,0.0,1,0.2888889
0.37209302,0.6,0.0,0.5,1,0.5,0.56,0.0,1,0.0,1.0,1.0,1,0.0,0.8333333,1,0.5,0.5,0,0.22222222
0.13953489,0.375,0.5,1.0,1,0.5,0.52,0.5,1,0.0,0.5,0.0,0,1.0,0.6666667,0,0.5,0.5,0,0.17777778
0.60465115,0.2,1.0,0.5,0,0.33333334,0.04,0.5,1,0.125,0.5,0.0,0,0.0,0.8333333,0,1.0,1.0,0,0.24444444
0.37209302,0.775,1.0,0.0,1,1.0,0.68,0.5,1,0.875,0.0,1.0,1,0.0,0.6666667,1,0.5,0.5,1,0.35555556
0.3255814,0.475,0.0,0.5,1,1.0,0.58,0.5,1,0.25,0.0,0.5,0,0.0,0.6666667,0,0.5,0.5,1,0.22222222
0.53488374,0.225,0.5,1.0,1,0.5,0.62,0.0,1,0.375,0.5,0.5,0,0.0,0.6666667,0,0.0,0.0,0,0.2888889
0.39534885,0.2,0.5,0.5,1,0.6666667,0.52,1.0,1,0.25,1.0,0.5,1,0.0,0.5,0,1.0,0.0,1,0.24444444
0.5813953,0.175,0.0,1.0,0,0.6666667,0.72,0.5,1,0.25,0.0,0.5,1,-1.0,0.33333334,1,0.0,0.0,0,0.2
0.53488374,0.775,0.5,0.0,1,0.8333333,0.52,1.0,1,0.125,0.0,0.0,1,1.0,0.6666667,0,0.5,0.0,0,0.33333334
0.53488374,0.225,1.0,0.0,1,0.33333334,0.92,0.5,1,0.5,1.0,0.5,1,1.0,0.6666667,0,0.5,0.5,1,0.33333334
0.25581396,0.525,0.5,1.0,0,1.0,0.94,0.0,1,0.125,0.0,0.5,0,1.0,0.8333333,0,0.0,0.0,0,0.24444444
0.60465115,0.45,0.5,0.5,1,0.5,0.72,0.5,1,0.375,0.5,0.5,1,1.0,0.33333334,0,0.0,0.5,0,0.33333334
0.4883721,0.575,1.0,1.0,0,0.6666667,0.92,0.5,0,0.25,0.5,1.0,1,1.0,0.0,0,0.5,0.0,0,0.35555556
0.39534885,0.875,0.0,1.0,0,0.5,0.92,0.5,1,0.25,0.5,1.0,0,1.0,0.6666667,1,0.0,0.5,1,0.33333334
0.4651163,0.875,0.5,0.5,0,0.5,0.26,0.5,1,0.125,0.0,0.5,0,1.0,0.6666667,0,1.0,0.0,1,0.33333334
0.18604651,0.45,1.0,0.5,1,0.5,1.0,0.0,1,0.25,0.5,0.5,1,1.0,0.33333334,0,0.0,0.0,1,0.24444444
0.4883721,0.025,1.0,0.5,0,0.16666667,0.26,0.0,1,0.125,0.0,0.5,1,1.0,0.5,0,1.0,0.0,1,0.2
0.30232558,0.425,1.0,1.0,0,0.0,0.02,0.0,1,0.625,0.0,0.5,1,1.0,0.5,0,0.5,0.5,1,0.24444444
0.25581396,0.6,1.0,0.5,1,0.5,0.96,1.0,1,0.125,0.0,0.5,1,1.0,0.5,0,0.0,0.0,0,0.2888889
0.23255815,0.55,0.0,0.0,0,0.33333334,0.22,0.0,1,0.25,0.5,0.5,1,0.0,0.33333334,0,0.0,0.0,0,0.13333334
0.60465115,0.65,0.5,0.5,1,0.6666667,0.58,0.5,1,0.25,0.0,1.0,0,1.0,0.6666667,0,0.5,0.0,1,0.37777779
0.3488372,0.15,1.0,1.0,0,0.6666667,0.98,0.5,1,0.125,0.0,1.0,0,1.0,0.5,0,0.0,0.5,1,0.24444444
0.6511628,0.65,0.0,0.0,1,0.5,0.04,0.5,1,0.125,0.0,0.5,1,1.0,0.5,0,0.5,0.0,0,0.2888889
0.37209302,0.175,0.0,0.5,0,0.8333333,0.26,1.0,1,0.125,0.0,1.0,1,-1.0,0.6666667,0,0.5,1.0,1,0.13333334
0.20930232,0.75,1.0,0.5,1,0.5,0.6,0.0,1,0.0,0.5,0.5,1,0.0,0.8333333,0,0.0,0.0,0,0.26666668
0.27906978,0.35,1.0,1.0,1,0.16666667,0.76,0.0,1,0.375,0.0,0.5,0,0.0,0.5,1,0.5,0.0,0,0.24444444
0.60465115,0.7,0.5,0.5,1,0.5,0.8,0.5,1,0.375,0.5,0.5,1,1.0,0.6666667,0,1.0,0.5,0,0.42222223
0.41860464,0.05,1.0,0.5,1,0.8333333,0.88,0.5,1,0.0,1.0,0.0,1,0.0,0.6666667,0,1.0,0.0,0,0.24444444
0.37209302,0.4,1.0,0.5,1,0.0,0.16,0.5,1,0.5,0.5,0.5,0,0.0,0.33333334,0,1.0,0.5,0,0.26666668
0.4651163,0.7,1.0,0.0,1,0.5,0.38,0.5,1,0.5,0.5,0.5,0,0.0,0.5,0,0.5,0.0,1,0.35555556
0.5116279,0.225,1.0,0.0,1,0.6666667,0.72,1.0,1,0.0,0.5,1.0,1,0.0,0.6666667,0,0.5,1.0,1,0.24444444
0.60465115,0.8,0.5,0.5,1,1.0,0.72,1.0,1,0.0,0.0,0.0,0,1.0,0.5,0,0.0,0.5,1,0.35555556
0.6511628,0.625,1.0,0.5,1,0.8333333,0.3,1.0,0,0.5,0.0,0.5,0,0.0,0.6666667,0,1.0,0.5,1,0.37777779
0.39534885,0.6,0.5,0.5,1,0.5,0.3,0.5,1,0.25,0.5,0.5,1,-1.0,0.5,0,0.0,0.0,0,0.24444444
0.25581396,0.35,1.0,0.0,1,0.6666667,0.32,0.0,1,0.125,0.0,0.5,1,1.0,0.33333334,0,0.0,0.0,1,0.15555556
0.39534885,0.475,1.0,0.5,1,0.0,0.9,0.0,1,0.125,0.0,1.0,1,-1.0,0.33333334,0,0.0,0.5,0,0.24444444
0.4883721,0.6,0.0,1.0,1,0.16666667,0.9,0.5,1,0.25,0.0,1.0,1,0.0,0.5,0,0.0,0.5,1,0.31111112
0.30232558,0.475,0.5,0.5,1,0.6666667,0.02,0.5,1,0.0,0.5,1.0,1,-1.0,0.6666667,0,0.0,0.0,1,0.2
0.30232558,0.7,0.5,0.5,1,0.5,0.32,0.5,1,0.5,0.5,1.0,1,1.0,0.5,0,0.0,0.0,0,0.31111112
0.4883721,0.425,1.0,0.0,1,0.5,0.4,0.5,1,0.25,0.5,0.5,0,1.0,0.6666667,0,1.0,0.0,1,0.31111112
0.44186047,0.2,1.0,0.0,1,0.5,0.98,1.0,1,0.0,0.0,0.5,1,1.0,0.33333334,1,0.5,0.5,0,0.2
0.44186047,0.225,0.5,1.0,1,0.5,0.94,0.5,1,0.375,0.5,1.0,1,1.0,0.5,1,0.5,0.0,0,0.2888889
0.3255814,0.0,0.5,0.5,1,0.5,0.62,0.0,1,0.5,0.0,1.0,1,1.0,0.33333334,0,0.0,0.0,1,0.17777778
0.41860464,0.3,1.0,0.5,1,0.16666667,0.04,0.0,1,0.125,0.0,0.5,1,1.0,0.33333334,0,0.0,0.0,1,0.2
0.30232558,0.75,0.5,1.0,1,0.5,0.2,0.5,1,0.25,0.5,0.5,1,0.0,0.6666667,0,1.0,0.0,1,0.31111112
0.55813956,0.8,0.0,1.0,0,0.16666667,0.44,0.5,1,0.125,0.5,0.5,1,1.0,0.6666667,0,0.0,0.0,0,0.35555556
0.5813953,0.2,0.5,1.0,0,0.33333334,0.96,0.0,1,0.25,0.5,0.5,0,0.0,0.5,0,0.5,1.0,0,0.26666668
0.18604651,0.95,1.0,0.5,0,0.8333333,0.1,0.0,1,0.375,0.0,0.5,1,1.0,0.33333334,0,0.0,0.0,1,0.26666668
0.30232558,0.5,1.0,0.0,1,0.5,0.8,1.0,1,0.25,0.0,1.0,1,-1.0,0.33333334,0,0.5,1.0,0,0.24444444
0.23255815,0.925,0.5,1.0,1,0.6666667,0.2,0.5,1,0.0,0.5,0.0,0,1.0,0.5,0,0.0,0.0,1,0.26666668
0.3488372,0.7,0.0,1.0,0,0.5,0.5,0.0,1,0.25,0.5,0.5,1,0.0,0.6666667,0,1.0,0.0,0,0.2888889
0.41860464,0.725,0.5,0.5,1,0.33333334,0.76,0.0,1,0.125,0.5,1.0,1,1.0,0.33333334,0,0.0,0.0,0,0.31111112
0.23255815,0.075,1.0,1.0,1,0.16666667,0.7,1.0,0,0.0,0.0,1.0,1,1.0,0.6666667,1,0.0,0.5,0,0.15555556
0.30232558,0.225,0.5,0.5,1,0.33333334,0.78,1.0,1,0.25,1.0,1.0,0,1.0,0.8333333,0,0.0,0.5,0,0.24444444
0.30232558,0.0,0.5,0.5,1,0.5,0.82,0.5,1,0.125,0.0,1.0,0,-1.0,0.5,0,1.0,0.0,1,0.17777778
0.4651163,0.725,0.0,0.0,1,0.6666667,0.3,0.5,1,0.25,0.0,0.0,1,0.0,0.5,0,0.5,0.0,0,0.26666668
0.44186047,0.35,1.0,0.5,0,0.5,0.36,1.0,1,0.375,0.5,0.5,1,1.0,0.6666667,0,0.0,1.0,1,0.2888889
0.3488372,0.775,0.5,0.0,0,0.6666667,0.82,0.0,1,0.25,0.5,0.5,1,0.0,0.33333334,0,0.0,1.0,0,0.24444444
0.4651163,0.35,0.5,0.5,1,0.16666667,0.04,0.5,1,0.375,0.5,0.5,0,1.0,0.16666667,0,0.0,0.0,1,0.24444444
0.37209302,0.825,1.0,0.5,0,0.6666667,0.52,0.0,1,0.0,0.0,0.5,0,-1.0,0.5,0,0.0,0.5,0,0.26666668
0.39534885,0.125,1.0,0.5,1,0.16666667,0.92,0.5,1,0.125,1.0,0.5,0,0.0,0.33333334,0,0.0,0.0,0,0.24444444
0.6744186,0.175,0.5,0.5,1,0.6666667,0.88,0.5,1,0.125,0.5,0.5,1,0.0,0.33333334,0,0.5,0.0,0,0.31111112
0.627907,0.35,0.5,1.0,0,0.6666667,0.8,1.0,1,0.25,0.5,0.5,1,1.0,0.5,0,1.0,0.0,1,0.37777779
0.25581396,0.4,0.5,0.0,1,0.0,0.02,0.5,1,0.0,0.0,0.5,0,0.0,0.16666667,0,0.0,0.0,0,0.11111111
0.55813956,0.35,0.0,1.0,1,0.6666667,0.88,1.0,1,0.0,0.0,0.5,1,1.0,0.6666667,0,0.0,0.5,0,0.2888889
0.55813956,0.775,0.0,0.5,1,0.6666667,0.92,0.5,1,0.375,0.5,0.5,1,0.0,0.5,0,0.0,0.0,0,0.37777779
0.27906978,0.1,0.5,1.0,1,0.8333333,0.66,0.0,1,0.125,1.0,0.5,1,1.0,0.6666667,0,0.0,0.0,1,0.2
0.55813956,0.35,0.0,0.5,1,0.33333334,0.3,1.0,1,0.0,1.0,0.5,1,0.0,0.16666667,0,0.0,0.5,1,0.22222222
0.6511628,0.825,1.0,1.0,0,0.5,0.48,0.5,1,0.375,0.5,1.0,0,1.0,0.5,0,0.0,0.0,1,0.46666667
0.27906978,0.075,0.0,0.5,0,0.6666667,0.76,0.5,1,0.0,0.0,0.5,0,-1.0,0.33333334,0,0.0,0.0,1,0.08888889
0.30232558,0.95,0.5,0.5,1,0.6666667,0.82,0.0,1,0.0,0.0,0.5,1,-1.0,0.6666667,0,0.0,0.5,1,0.26666668
0.5813953,0.975,0.5,0.5,1,0.6666667,0.34,0.5,1,0.5,0.5,0.5,0,1.0,0.6666667,1,0.0,0.0,1,0.4
0.4883721,0.1,0.5,1.0,0,0.33333334,0.32,0.0,1,0.125,0.5,0.5,1,0.0,0.6666667,0,0.5,0.0,1,0.2
0.5116279,0.3,0.5,1.0,0,0.6666667,0.74,0.0,1,0.375,0.5,0.0,1,0.0,0.5,0,0.0,0.0,1,0.26666668
0.4883721,0.375,1.0,0.5,1,0.6666667,0.68,0.0,1,0.375,1.0,0.5,1,-1.0,0.5,0,0.5,0.0,1,0.31111112
0.4883721,0.775,0.5,0.0,1,0.5,0.52,0.5,1,0.125,0.0,1.0,1,0.0,0.5,0,0.5,0.5,0,0.31111112
0.25581396,0.6,1.0,1.0,1,0.33333334,0.42,0.5,0,0.25,0.5,0.5,1,1.0,0.5,0,0.5,0.5,1,0.26666668
0.5813953,0.65,0.5,1.0,1,0.33333334,0.66,0.5,1,0.25,0.0,0.5,1,1.0,0.6666667,0,0.0,0.0,1,0.37777779
0.60465115,0.75,0.0,0.5,0,0.8333333,0.04,0.0,0,0.25,0.0,1.0,1,1.0,0.33333334,1,0.5,0.0,1,0.6888889
0.41860464,0.125,0.5,1.0,1,0.6666667,0.08,0.5,1,0.0,0.0,1.0,0,0.0,0.5,0,0.0,1.0,0,0.15555556
0.44186047,0.825,0.5,0.0,0,0.5,0.58,0.5,1,0.125,0.5,0.0,1,0.0,0.5,0,1.0,0.0,0,0.31111112
0.23255815,0.7,1.0,1.0,1,0.5,0.22,0.0,1,0.25,0.5,0.5,1,0.0,0.5,0,1.0,0.0,1,0.2888889
0.5116279,0.575,1.0,1.0,1,0.0,0.78,0.0,1,0.125,0.5,0.5,1,-1.0,0.5,0,0.0,1.0,1,0.9777778
0.5116279,0.9,0.0,0.5,1,0.5,0.78,0.5,1,0.125,0.0,0.5,0,1.0,0.5,0,0.5,1.0,0,0.33333334
0.44186047,0.7,0.0,0.5,1,0.16666667,0.7,0.5,1,0.25,0.5,0.5,1,-1.0,0.5,0,0.0,0.0,1,0.2888889
0.60465115,0.2,0.5,0.5,1,0.5,0.9,0.0,1,0.0,0.5,0.5,1,1.0,0.6666667,0,0.0,0.0,1,0.26666668
0.39534885,0.425,1.0,0.5,1,0.8333333,0.14,0.0,1,0.125,0.0,1.0,1,-1.0,0.33333334,0,1.0,0.0,1,0.24444444
0.5116279,0.5,0.0,1.0,0,0.33333334,0.26,0.0,1,0.0,1.0,0.5,0,1.0,0.33333334,0,0.0,0.0,1,0.24444444
0.30232558,0.05,0.5,1.0,1,0.5,0.26,0.5,1,0.25,0.0,0.5,1,1.0,0.33333334,0,0.5,0.5,0,0.15555556
0.44186047,0.95,0.5,0.5,1,0.6666667,0.78,1.0,1,0.375,1.0,0.5,1,-1.0,0.33333334,1,0.5,0.0,1,0.37777779
0.41860464,0.125,0.5,1.0,1,0.5,0.52,0.5,0,0.0,0.5,0.5,1,0.0,0.5,0,1.0,0.0,0,0.2
0.4651163,0.7,0.5,0.5,1,0.33333334,0.26,0.0,1,0.125,0.5,0.5,1,0.0,0.5,0,0.0,0.0,0,0.2888889
0.39534885,0.5,0.5,1.0,1,0.5,0.14,0.5,1,0.25,0.0,0.0,1,1.0,0.5,0,1.0,1.0,0,0.24444444
0.41860464,0.025,0.5,1.0,1,0.6666667,0.9,1.0,1,0.5,0.5,0.5,0,1.0,0.5,0,0.5,0.0,1,0.2888889
0.55813956,0.925,0.0,1.0,1,0.5,0.7,1.0,1,0.375,1.0,0.5,1,0.0,0.16666667,0,1.0,0.0,1,0.44444445
0.37209302,0.85,0.0,0.0,0,0.5,0.52,1.0,1,0.375,0.0,1.0,1,0.0,0.5,1,0.5,1.0,1,0.26666668
0.20930232,0.525,0.0,0.5,1,0.8333333,0.96,0.5,1,0.25,0.0,0.5,1,0.0,0.33333334,0,0.5,0.0,1,0.22222222
0.6744186,0.225,0.5,0.5,0,0.6666667,0.84,0.5,1,0.25,0.5,0.0,1,0.0,0.5,0,0.0,0.0,0,0.2888889
0.627907,0.125,0.5,0.5,1,0.16666667,0.18,1.0,1,0.25,0.0,0.5,0,0.0,0.8333333,0,0.0,0.0,1,0.26666668
0.25581396,0.375,0.5,0.5,1,0.6666667,0.5,1.0,1,0.125,0.0,0.5,0,-1.0,0.33333334,0,0.5,0.0,0,0.17777778
0.53488374,0.25,0.5,1.0,1,0.6666667,0.48,0.0,1,0.25,0.5,1.0,1,-1.0,0.5,0,0.0,0.0,1,0.26666668
0.37209302,0.5,0.5,0.5,1,0.16666667,0.84,0.5,1,0.0,0.0,0.5,0,-1.0,0.6666667,0,1.0,0.0,0,0.26666668
0.4883721,0.975,0.5,0.5,1,0.0,0.14,1.0,1,0.25,0.5,1.0,1,1.0,0.5,0,0.5,0.0,0,0.4
0.4883721,0.575,0.5,0.5,1,0.16666667,0.46,1.0,0,0.0,0.0,0.5,1,1.0,0.5,0,0.0,0.0,1,0.26666668
0.41860464,0.9,0.5,0.5,0,0.5,0.64,0.5,1,0.125,1.0,0.5,1,0.0,0.6666667,0,1.0,0.0,1,0.35555556
0.3255814,0.65,0.0,0.5,0,0.8333333,0.94,0.5,1,0.25,0.5,0.5,1,-1.0,0.6666667,0,0.0,0.0,1,0.26666668
0.3488372,0.475,1.0,0.0,1,0.33333334,0.9,0.5,1,0.0,1.0,0.5,1,0.0,0.8333333,0,0.5,0.0,1,0.2888889
0.3255814,0.85,0.0,0.0,1,0.6666667,0.54,0.5,1,0.125,1.0,1.0,0,1.0,0.16666667,0,0.5,0.0,1,0.2888889
0.3255814,0.475,1.0,0.5,1,0.0,0.6,0.5,1,0.125,1.0,0.5,0,-1.0,0.6666667,0,0.0,1.0,1,0.24444444
0.44186047,0.875,1.0,0.0,1,0.5,0.86,0.0,0,0.0,0.0,1.0,1,0.0,0.33333334,0,0.0,0.0,1,0.2888889
0.3488372,0.3,0.5,0.0,0,0.33333334,0.74,0.5,0,0.25,0.5,0.0,0,1.0,0.6666667,0,0.0,0.0,0,0.17777778
0.53488374,0.125,1.0,1.0,0,1.0,0.88,0.5,1,0.25,0.5,0.5,1,0.0,0.33333334,0,1.0,0.5,1,0.2888889
0.6511628,0.85,0.0,1.0,1,0.0,0.9,0.5,1,0.125,0.5,0.5,1,1.0,0.8333333,0,0.0,0.0,1,0.42222223
0.37209302,0.575,0.0,0.5,1,0.5,0.84,0.0,1,0.375,0.0,0.5,1,0.0,0.33333334,1,0.0,0.5,1,0.22222222
0.4651163,0.9,0.5,0.5,1,0.0,0.0,0.5,1,0.125,0.0,0.0,0,1.0,0.33333334,0,1.0,0.5,1,0.31111112
0.5116279,0.95,0.5,1.0,0,0.33333334,0.32,0.5,1,0.125,0.0,0.5,1,0.0,0.16666667,0,0.0,0.5,1,0.33333334
0.5116279,0.05,0.5,0.0,1,0.0,0.4,1.0,1,0.375,0.5,1.0,1,1.0,0.33333334,0,0.5,0.5,0,0.22222222
0.44186047,0.5,0.5,0.5,0,1.0,0.68,0.5,1,0.125,0.5,0.5,1,1.0,0.6666667,0,0.5,0.0,1,0.2888889
0.53488374,0.375,0.0,0.5,0,0.33333334,0.3,0.5,0,0.0,0.5,0.5,1,1.0,0.8333333,0,0.5,0.5,1,0.22222222
0.5116279,0.625,0.5,1.0,0,0.5,0.32,0.0,0,0.0,1.0,1.0,1,0.0,0.33333334,0,0.5,0.0,1,0.2888889
0.27906978,0.8,0.5,1.0,1,0.5,0.4,0.0,1,0.5,0.0,0.5,1,0.0,0.5,0,0.0,0.0,1,0.2888889
0.55813956,0.275,0.5,0.5,1,0.16666667,0.96,0.0,1,0.0,0.0,0.5,1,1.0,0.16666667,0,1.0,1.0,1,0.24444444
0.55813956,0.55,1.0,0.5,0,0.8333333,0.44,1.0,1,0.0,1.0,0.5,1,1.0,0.0,0,0.5,0.0,0,0.33333334
0.3255814,0.7,0.5,0.5,0,0.6666667,0.14,0.5,1,0.125,1.0,0.5,0,1.0,0.33333334,0,0.0,1.0,1,0.24444444
0.44186047,0.125,0.5,1.0,1,0.6666667,0.0,0.5,1,0.0,0.0,0.5,1,1.0,0.8333333,0,0.0,0.0,1,0.2
0.53488374,0.825,0.5,1.0,0,0.16666667,0.24,0.5,1,0.125,0.0,0.5,1,0.0,0.16666667,0,0.5,0.0,0,0.33333334
0.41860464,0.6,1.0,0.5,0,0.8333333,0.94,0.0,1,0.125,1.0,0.5,1,-1.0,0.5,1,0.0,0.0,1,0.2888889
0.5813953,0.95,0.0,1.0,1,0.8333333,0.96,0.0,1,0.5,0.0,0.0,1,1.0,0.33333334,0,0.5,0.5,1,0.42222223
0.76744187,0.35,1.0,0.0,1,0.5,0.52,0.5,1,0.25,0.0,1.0,1,1.0,0.33333334,0,0.5,0.0,0,0.35555556
0.3255814,0.1,0.5,0.5,1,0.6666667,0.64,0.0,1,0.0,0.0,0.5,1,-1.0,0.5,0,0.0,0.0,1,0.13333334
0.25581396,0.5,0.5,0.0,0,0.5,0.8,0.5,1,0.375,0.0,0.5,1,0.0,0.5,0,0.0,0.0,0,0.2
0.4883721,0.075,1.0,0.0,0,0.16666667,0.06,1.0,1,0.25,1.0,0.5,1,0.0,0.16666667,0,1.0,0.5,1,0.2
0.53488374,0.975,1.0,0.5,1,0.5,0.38,0.5,1,0.0,0.5,0.5,0,1.0,0.5,0,0.0,0.0,1,0.4
0.41860464,0.05,0.5,1.0,1,0.33333334,0.64,0.5,1,0.0,0.0,1.0,1,-1.0,0.5,1,0.5,0.5,1,0.15555556
0.6511628,0.75,0.0,0.5,1,0.5,0.9,0.5,1,0.0,1.0,1.0,1,0.0,0.33333334,1,0.0,0.0,1,0.35555556
0.25581396,0.525,1.0,0.5,1,0.8333333,0.72,0.5,1,0.25,0.5,1.0,1,-1.0,0.33333334,0,1.0,0.0,1,0.2888889
0.53488374,0.375,0.5,0.0,1,0.16666667,0.36,1.0,1,0.25,0.5,0.5,1,0.0,0.33333334,0,1.0,0.0,1,0.26666668
0.3488372,0.075,0.5,0.5,0,0.33333334,0.9,1.0,1,0.125,0.5,0.5,1,-1.0,0.6666667,0,0.5,1.0,0,0.17777778
0.6744186,0.625,0.0,0.5,0,0.33333334,0.66,0.5,1,0.25,0.5,0.5,1,1.0,0.5,0,0.5,0.0,0,0.35555556
0.7209302,0.575,0.5,0.5,1,0.33333334,0.84,0.0,1,0.125,1.0,0.5,1,0.0,0.5,0,0.0,0.0,1,0.37777779
0.3255814,0.275,1.0,0.5,0,0.33333334,0.38,1.0,0,0.375,0.5,1.0,1,1.0,0.5,0,1.0,0.5,0,0.24444444
0.37209302,0.9,0.5,0.5,1,0.5,0.0,0.0,1,0.125,0.5,0.5,0,-1.0,0.6666667,0,0.0,0.0,0,0.26666668
0.55813956,0.3,1.0,0.5,1,0.6666667,0.16,0.5,1,0.0,0.0,0.5,1,-1.0,0.6666667,0,0.5,0.5,0,0.24444444
0.39534885,0.45,0.0,0.5,0,0.6666667,0.92,0.5,1,0.5,1.0,0.5,1,1.0,0.6666667,1,0.5,0.0,1,0.2888889
0.44186047,0.55,0.0,0.0,1,0.5,0.04,0.0,1,0.0,0.5,0.5,0,0.0,0.5,0,0.5,0.0,0,0.2
0.44186047,0.1,0.5,0.5,1,0.6666667,0.6,1.0,1,0.125,0.5,0.5,0,1.0,0.5,0,0.0,0.0,1,0.22222222
0.1627907,0.925,1.0,0.5,1,1.0,0.4,1.0,1,0.0,0.0,0.0,1,0.0,0.16666667,0,0.0,0.0,1,0.24444444
0.44186047,0.375,1.0,1.0,1,0.5,0.42,1.0,1,0.125,0.5,1.0,1,1.0,0.6666667,0,0.5,0.5,1,0.31111112
0.3488372,0.075,1.0,1.0,0,0.8333333,0.4,0.0,1,0.25,0.5,1.0,0,-1.0,0.8333333,0,0.5,0.5,0,0.2
0.37209302,0.375,0.0,1.0,1,0.6666667,0.06,0.5,1,0.125,0.0,1.0,1,1.0,0.5,0,0.5,0.0,0,0.22222222
0.6511628,0.6,1.0,0.5,1,1.0,0.12,1.0,1,0.375,0.0,1.0,1,0.0,0.6666667,0,1.0,1.0,0,0.37777779
0.25581396,0.525,1.0,0.5,0,0.6666667,0.06,0.0,1,0.125,0.5,1.0,0,1.0,0.5,0,0.5,0.0,1,0.22222222
0.55813956,0.7,0.0,1.0,1,0.33333334,0.06,0.5,1,0.25,0.5,1.0,1,-1.0,0.6666667,0,0.5,0.0,0,0.33333334
0.39534885,0.05,0.5,0.5,1,0.5,0.08,0.5,1,0.25,0.5,1.0,0,1.0,0.5,0,1.0,0.5,1,0.2
0.39534885,0.275,0.5,0.0,1,0.5,0.7,0.0,1,0.125,0.0,0.0,1,0.0,0.33333334,0,0.0,0.5,1,0.15555556
0.55813956,0.825,0.5,1.0,0,0.6666667,0.12,1.0,1,0.0,0.0,0.0,0,0.0,0.5,0,0.0,0.0,1,0.31111112
0.4883721,0.075,1.0,0.0,0,0.33333334,0.26,0.0,1,0.125,0.5,0.0,1,-1.0,0.33333334,0,1.0,0.5,1,0.15555556
0.5116279,0.85,0.0,0.0,1,0.8333333,0.66,0.5,1,0.25,0.0,0.5,0,1.0,0.33333334,0,0.0,0.0,0,0.31111112
0.5813953,0.1,0.5,1.0,0,0.5,0.12,0.5,1,0.375,0.5,0.5,1,1.0,0.5,0,0.0,0.0,1,0.24444444
0.39534885,0.825,0.5,1.0,1,0.6666667,0.92,0.5,1,0.25,0.5,0.0,1,1.0,0.33333334,0,0.0,0.5,0,0.35555556
0.3488372,0.35,0.5,1.0,1,0.5,0.48,0.0,1,0.5,0.0,0.0,0,1.0,0.5,0,0.0,0.0,1,0.24444444
0.27906978,0.6,1.0,0.5,0,0.5,0.96,0.5,0,0.0,0.0,0.0,1,0.0,0.6666667,1,0.0,0.0,1,0.2
0.3255814,0.15,0.5,1.0,1,0.5,0.2,1.0,1,0.25,1.0,0.5,0,-1.0,0.5,0,0.0,0.5,0,0.17777778
0.8604651,0.075,0.5,1.0,0,0.6666667,0.04,1.0,1,0.125,0.5,0.5,0,1.0,0.5,0,0.5,0.5,1,0.31111112
0.60465115,0.225,1.0,1.0,1,1.0,0.6,0.5,0,0.125,0.5,1.0,1,1.0,0.6666667,1,0.0,0.0,0,0.2888889
0.25581396,0.125,1.0,1.0,1,0.0,0.32,0.5,1,0.0,0.5,1.0,1,0.0,0.33333334,0,0.0,0.0,0,0.17777778
0.25581396,0.3,0.5,0.5,1,0.6666667,0.58,1.0,1,0.125,1.0,0.5,1,1.0,0.5,0,0.5,1.0,1,0.2
0.5116279,0.525,0.5,0.0,1,0.5,0.48,0.5,1,0.0,0.0,0.5,1,0.0,0.0,0,1.0,0.0,0,0.24444444
0.5116279,0.6,0.5,1.0,1,0.5,0.46,0.5,1,0.125,1.0,0.5,1,1.0,0.6666667,0,0.0,0.0,1,0.35555556
0.5116279,0.8,1.0,0.5,1,0.0,0.86,1.0,1,0.0,1.0,0.5,1,-1.0,0.6666667,0,0.0,0.0,0,0.37777779
0.39534885,0.65,1.0,0.5,0,0.6666667,0.2,0.5,1,0.25,0.0,1.0,0,0.0,0.16666667,0,0.5,0.0,1,0.73333335
0.41860464,0.6,0.5,1.0,1,0.5,0.5,0.0,1,0.125,0.0,0.5,1,-1.0,0.33333334,0,0.5,1.0,1,0.24444444
0.4883721,0.4,0.5,0.5,1,0.33333334,0.42,0.5,1,0.0,0.0,1.0,0,0.0,0.33333334,0,0.0,0.5,1,0.22222222
0.4651163,0.475,0.0,0.5,1,0.5,0.68,0.0,1,0.25,0.5,0.5,0,0.0,0.5,0,0.0,0.0,1,0.24444444
0.13953489,0.425,0.0,0.5,1,0.5,0.06,1.0,1,0.5,0.0,0.5,0,1.0,0.33333334,0,0.5,0.5,0,0.15555556
0.41860464,0.85,0.5,0.0,0,0.0,0.52,0.5,1,0.5,0.0,1.0,0,-1.0,0.5,0,0.0,0.5,0,0.2888889
0.3255814,0.225,0.5,0.5,1,0.5,0.48,1.0,1,0.25,0.0,0.5,0,0.0,0.8333333,0,1.0,0.0,0,0.22222222
0.4651163,0.0,0.0,1.0,0,0.6666667,0.98,0.0,1,0.0,0.0,0.0,0,1.0,0.5,0,0.0,0.0,1,0.15555556
0.8604651,0.65,1.0,0.5,0,0.33333334,0.76,1.0,1,0.125,0.0,1.0,1,-1.0,0.6666667,0,0.0,0.5,0,0.42222223
0.4883721,0.2,0.5,0.0,1,0.5,0.16,0.5,1,0.0,0.5,0.5,1,0.0,0.5,0,1.0,0.0,1,0.2
0.39534885,0.9,1.0,1.0,0,0.5,0.5,1.0,1,0.25,0.5,1.0,1,-1.0,0.33333334,0,0.0,0.0,1,0.37777779
0.5813953,0.85,0.5,0.5,0,0.8333333,0.78,0.5,1,0.0,0.0,0.5,1,0.0,0.5,1,0.0,0.0,0,0.33333334
0.5116279,0.075,1.0,0.5,0,0.5,0.52,0.5,1,0.25,0.5,1.0,1,1.0,0.16666667,0,0.0,1.0,1,0.22222222
0.5116279,0.1,0.5,1.0,1,0.6666667,0.36,0.0,1,0.375,0.0,1.0,1,0.0,0.5,0,0.0,0.0,0,0.24444444
0.53488374,0.5,0.5,0.5,1,0.5,0.38,0.0,1,0.0,0.5,1.0,0,1.0,0.5,0,0.5,1.0,1,0.26666668
0.7209302,0.6,0.5,1.0,1,1.0,0.36,0.5,1,0.125,0.0,0.5,1,1.0,0.8333333,0,0.0,0.0,1,0.4
0.27906978,0.275,0.5,1.0,1,0.33333334,0.02,0.0,1,0.5,1.0,0.5,1,1.0,0.6666667,0,0.5,0.5,0,0.22222222
0.5116279,0.725,1.0,1.0,0,0.33333334,0.74,0.5,1,0.5,0.5,1.0,0,0.0,0.5,0,0.5,0.0,0,0.42222223
0.30232558,0.6,0.5,0.5,0,0.5,0.62,0.5,1,0.0,1.0,0.5,1,0.0,0.33333334,0,0.5,0.0,0,0.24444444
0.5116279,0.325,0.5,0.5,0,0.33333334,0.26,0.5,1,0.125,1.0,0.5,1,1.0,0.5,0,0.0,0.0,1,0.26666668
0.30232558,0.025,0.5,0.5,0,0.16666667,0.64,0.0,0,0.0,0.0,0.5,1,0.0,0.0,0,0.0,0.0,0,0.06666667
0.37209302,0.75,1.0,1.0,0,0.6666667,0.3,0.5,1,0.25,0.0,1.0,1,1.0,0.5,0,1.0,0.5,1,0.35555556
0.39534885,0.225,0.0,1.0,1,0.0,0.24,1.0,1,0.125,0.5,0.0,1,0.0,0.5,0,0.0,0.5,1,0.17777778
0.5813953,0.825,0.0,1.0,0,0.33333334,0.74,0.5,1,0.125,0.5,1.0,1,1.0,0.5,0,0.5,0.0,0,0.4
0.5813953,0.425,1.0,0.5,1,0.16666667,0.8,0.5,1,0.125,0.5,0.5,0,0.0,0.33333334,0,0.0,1.0,0,0.2888889
0.27906978,0.575,0.0,0.5,1,0.5,0.62,0.5,1,0.5,0.0,0.5,1,-1.0,0.8333333,0,0.5,0.0,0,0.24444444
0.44186047,0.875,0.0,0.5,0,0.0,0.78,0.5,1,0.375,0.0,0.5,1,-1.0,0.5,1,0.0,0.0,1,0.2888889
0.3488372,0.875,0.5,0.0,0,0.6666667,0.36,0.0,0,0.25,0.5,1.0,1,0.0,0.6666667,0,0.0,0.0,0,0.24444444
0.25581396,0.375,0.5,1.0,0,0.6666667,0.08,0.0,1,0.125,0.5,1.0,1,-1.0,0.5,0,0.0,0.0,0,0.15555556
0.41860464,0.2,0.5,0.5,1,0.16666667,0.6,0.5,1,0.0,0.5,0.5,1,0.0,0.5,1,0.0,0.5,1,0.51111114
0.39534885,0.775,0.5,0.5,0,0.5,0.26,0.5,1,0.125,0.5,0.5,1,-1.0,0.6666667,0,0.5,0.0,1,0.2888889
0.7906977,0.425,1.0,1.0,1,0.6666667,0.78,0.5,1,0.625,1.0,0.5,1,1.0,0.6666667,0,0.5,0.0,0,0.4888889
0.5116279,0.2,1.0,0.0,1,0.6666667,0.36,0.5,1,0.125,0.5,0.5,1,0.0,0.33333334,0,0.5,0.0,1,0.22222222
0.25581396,0.9,1.0,1.0,1,0.16666667,0.68,0.0,1,0.375,1.0,0.5,1,1.0,0.6666667,0,1.0,0.0,0,0.4
0.37209302,0.2,0.5,0.0,1,0.16666667,0.56,0.5,1,0.5,0.0,0.0,1,1.0,0.33333334,0,0.5,0.0,1,0.2
0.5813953,0.025,0.0,1.0,1,0.8333333,0.82,0.5,0,0.0,1.0,1.0,0,1.0,0.6666667,0,0.5,0.0,0,0.26666668
0.74418604,0.025,1.0,0.5,0,0.33333334,0.84,0.5,1,0.125,0.5,0.5,1,1.0,0.6666667,0,0.0,0.0,0,0.31111112
0.20930232,0.625,0.0,0.0,1,0.33333334,0.06,1.0,1,0.125,0.0,0.5,0,0.0,0.5,1,0.0,0.5,1,0.11111111
0.18604651,0.65,1.0,0.5,0,0.6666667,0.3,1.0,1,0.0,0.5,0.5,1,1.0,0.5,0,0.5,0.0,0,0.24444444
0.6976744,0.3,0.0,1.0,1,0.16666667,0.88,1.0,1,0.25,0.0,0.0,1,1.0,0.33333334,0,0.0,0.0,1,0.33333334
0.4883721,0.325,1.0,0.5,1,0.5,0.4,0.0,0,0.25,0.0,0.5,1,1.0,0.5,0,0.5,0.0,1,0.24444444
0.3255814,0.35,1.0,0.5,1,0.6666667,0.52,0.5,1,0.125,0.5,0.0,1,0.0,0.6666667,0,0.0,1.0,1,0.2
0.5116279,0.675,0.5,1.0,0,0.16666667,0.18,0.5,1,0.125,1.0,0.0,1,0.0,0.6666667,0,0.5,0.0,1,0.33333334
0.069767445,0.05,0.5,0.5,0,0.33333334,0.56,1.0,1,0.375,1.0,0.5,1,0.0,0.33333334,0,0.0,1.0,0,0.06666667
0.44186047,0.925,0.5,1.0,1,0.16666667,0.26,0.5,1,0.0,0.0,0.5,1,-1.0,0.5,0,0.5,1.0,0,0.31111112
0.4883721,0.225,0.5,0.5,1,0.33333334,0.82,0.0,1,0.0,1.0,1.0,0,0.0,0.16666667,1,0.0,0.5,1,0.2
0.5813953,1.0,0.0,0.5,0,0.8333333,0.2,0.5,1,0.25,0.5,0.5,1,1.0,0.6666667,0,0.0,0.0,1,0.37777779
0.30232558,0.175,0.5,0.5,1,0.8333333,0.36,0.0,1,0.125,0.0,0.5,1,0.0,0.5,1,0.0,0.0,1,0.11111111
0.4651163,0.775,0.5,0.5,1,0.5,0.1,1.0,1,0.25,1.0,0.5,0,0.0,0.5,0,0.0,0.0,0,0.33333334
0.30232558,0.225,0.5,0.0,1,0.6666667,0.58,0.5,1,0.125,1.0,0.5,1,-1.0,0.16666667,0,1.0,0.5,0,0.15555556
0.4883721,0.075,0.5,0.5,1,0.6666667,0.94,0.5,1,0.125,1.0,1.0,1,0.0,0.5,0,0.0,0.5,0,0.24444444
0.3255814,0.875,0.5,0.5,1,0.33333334,0.18,0.0,1,0.0,0.5,0.5,0,1.0,0.8333333,0,0.0,1.0,0,0.24444444
0.39534885,0.85,0.0,0.5,1,0.5,0.02,0.5,1,0.125,0.0,0.5,1,0.0,0.5,1,0.5,0.5,1,0.22222222
0.30232558,0.4,1.0,0.5,1,0.16666667,0.42,0.5,1,0.125,0.0,0.5,1,-1.0,0.5,0,0.0,0.0,1,0.2
0.53488374,0.7,1.0,0.5,1,0.33333334,0.74,0.5,1,0.125,1.0,0.0,0,1.0,0.5,0,0.0,0.0,0,0.37777779
0.55813956,0.55,0.5,0.5,1,0.5,0.98,1.0,1,0.375,0.0,1.0,1,0.0,0.33333334,0,0.0,0.0,0,0.35555556
0.41860464,0.85,0.0,1.0,0,0.16666667,0.06,0.5,1,0.125,0.5,0.5,1,0.0,0.5,0,0.0,0.0,0,0.2888889
0.44186047,0.325,1.0,0.5,1,0.16666667,0.78,0.5,1,0.25,0.5,1.0,1,1.0,0.8333333,1,0.0,0.5,0,0.2888889
0.23255815,0.525,0.0,0.5,1,0.33333334,0.36,1.0,1,0.25,1.0,0.5,0,-1.0,0.5,0,1.0,1.0,0,0.2
0.39534885,0.475,0.0,0.5,1,0.8333333,0.16,0.5,1,0.375,0.5,1.0,1,-1.0,0.5,0,0.0,0.0,0,0.22222222
0.44186047,0.35,0.5,1.0,1,0.8333333,0.2,0.5,0,0.125,0.0,0.5,1,1.0,0.5,0,0.0,0.5,0,0.2
0.81395346,0.9,0.5,0.0,0,0.5,0.92,0.5,1,0.125,0.0,1.0,1,1.0,0.5,0,0.5,0.5,0,0.44444445
0.27906978,0.175,0.0,0.5,1,0.6666667,0.8,0.5,1,0.25,0.0,0.5,0,-1.0,0.33333334,0,0.0,0.0,1,0.13333334
0.6511628,0.15,1.0,1.0,0,0.33333334,0.32,0.5,1,0.0,0.5,0.5,0,-1.0,0.5,0,1.0,0.0,1,0.2888889
0.5813953,0.575,0.5,0.5,0,0.0,0.94,0.0,1,0.25,0.0,1.0,1,-1.0,0.6666667,0,0.5,0.5,1,0.33333334
0.4883721,0.65,1.0,0.5,0,0.33333334,0.1,0.5,1,0.625,1.0,0.0,0,-1.0,0.5,0,1.0,0.0,0,0.35555556
0.6976744,0.2,0.0,1.0,1,0.5,0.32,0.0,1,0.0,0.0,0.5,1,1.0,0.5,0,0.0,0.0,1,0.24444444
0.4883721,0.4,1.0,0.0,1,0.5,0.66,0.0,1,0.0,0.0,0.5,1,1.0,0.16666667,0,0.5,0.0,1,0.24444444
0.4883721,0.95,0.5,0.5,1,0.5,1.0,0.0,1,0.0,0.0,0.5,1,0.0,0.5,0,0.0,1.0,1,0.33333334
0.44186047,0.25,0.0,0.5,0,0.5,0.46,0.5,1,0.0,0.0,0.5,1,-1.0,0.8333333,0,0.0,0.0,0,0.15555556
0.60465115,0.675,1.0,0.0,1,0.33333334,0.82,0.0,1,0.5,1.0,0.5,1,0.0,0.6666667,0,0.0,0.5,1,0.37777779
0.60465115,0.75,1.0,0.5,0,0.6666667,0.92,1.0,1,0.0,0.5,0.5,1,-1.0,0.6666667,0,0.0,0.5,1,0.37777779
0.3488372,0.45,0.0,0.5,1,0.16666667,0.0,0.5,1,0.25,0.0,0.5,0,1.0,0.33333334,0,0.5,0.5,1,0.17777778
0.25581396,0.95,1.0,0.0,1,0.6666667,0.28,0.5,0,0.625,0.0,0.5,1,0.0,0.8333333,0,0.5,0.0,0,0.31111112
0.41860464,0.725,0.5,0.5,1,0.33333334,0.1,0.5,1,0.0,0.5,1.0,1,1.0,0.33333334,0,1.0,0.5,1,0.2888889
0.3255814,0.45,1.0,1.0,1,1.0,0.78,0.0,1,0.0,0.5,0.5,1,0.0,0.5,0,0.0,0.0,1,0.26666668
0.44186047,0.575,1.0,1.0,1,0.5,0.56,1.0,1,0.375,0.0,0.5,0,0.0,0.33333334,0,0.5,0.0,0,0.35555556
0.60465115,0.7,0.0,0.5,1,0.33333334,0.1,0.0,0,0.25,0.0,0.5,1,1.0,0.8333333,0,0.0,1.0,1,0.26666668
0.37209302,0.6,0.0,0.0,1,0.33333334,0.42,0.0,1,0.0,0.5,0.5,0,-1.0,0.6666667,1,0.0,0.0,1,0.15555556
0.44186047,0.875,0.5,0.5,0,0.33333334,0.52,0.5,1,0.0,0.0,1.0,0,1.0,0.6666667,0,0.0,0.5,0,0.31111112
0.44186047,0.35,1.0,0.5,1,0.6666667,0.7,0.5,1,0.25,0.0,0.5,1,1.0,0.0,0,0.0,0.0,1,0.26666668
0.55813956,0.3,0.5,1.0,1,0.5,0.78,0.5,1,0.25,0.0,1.0,1,1.0,0.5,0,1.0,0.0,0,0.35555556
0.13953489,0.225,0.5,1.0,1,0.6666667,0.08,1.0,1,0.125,0.5,1.0,1,1.0,0.33333334,0,0.0,1.0,1,0.7111111
0.3488372,0.05,0.0,0.5,0,0.6666667,0.48,0.5,1,0.25,1.0,1.0,0,0.0,0.5,0,0.0,0.5,1,0.15555556
0.4651163,0.05,1.0,0.0,1,0.5,0.16,0.5,1,0.25,0.0,1.0,1,1.0,0.16666667,0,0.5,0.0,0,0.2
0.60465115,0.875,0.5,1.0,0,0.6666667,0.76,1.0,1,0.375,0.5,0.5,0,1.0,0.33333334,0,0.0,1.0,0,0.42222223
0.37209302,0.675,1.0,1.0,1,0.8333333,0.66,0.5,1,0.0,0.0,1.0,1,0.0,0.33333334,0,0.5,0.5,1,0.31111112
0.18604651,0.65,1.0,0.5,0,0.6666667,0.72,0.5,1,0.125,0.0,1.0,1,0.0,0.16666667,0,0.0,0.0,1,0.22222222
0.53488374,0.625,0.0,0.5,1,0.5,0.08,0.5,0,0.25,0.5,0.0,1,0.0,0.5,0,0.5,0.5,0,0.24444444
0.3488372,0.85,0.5,0.5,1,0.6666667,0.52,0.0,1,0.375,0.5,0.5,1,-1.0,0.6666667,0,1.0,0.0,0,0.33333334
0.27906978,0.475,1.0,1.0,0,0.16666667,0.84,0.5,1,0.375,0.5,0.5,1,0.0,0.5,0,0.0,0.0,1,0.2888889
0.3488372,0.875,0.0,0.0,0,1.0,0.72,0.5,1,0.5,1.0,0.5,1,1.0,0.33333334,0,0.5,0.0,0,0.33333334
0.41860464,0.35,1.0,1.0,0,0.6666667,0.86,1.0,1,0.125,0.5,0.5,1,-1.0,0.5,0,0.0,0.0,1,0.2888889
0.3488372,0.925,1.0,0.0,1,0.6666667,0.2,0.5,1,0.0,0.0,1.0,1,1.0,0.5,0,0.0,0.0,1,0.31111112
0.13953489,0.7,0.5,1.0,1,0.5,0.28,0.0,1,0.25,0.5,1.0,1,0.0,0.6666667,0,1.0,0.5,1,0.24444444
0.55813956,0.25,0.5,0.5,1,0.0,0.44,0.5,1,0.0,0.0,0.0,1,0.0,0.6666667,0,0.5,0.5,1,0.22222222
0.627907,0.575,0.5,0.5,1,0.5,0.52,0.5,1,0.125,0.5,0.5,1,1.0,0.5,0,0.5,0.0,1,0.35555556
0.53488374,0.525,0.5,0.0,1,0.5,0.26,0.5,1,0.125,0.0,0.5,1,1.0,0.5,0,0.0,0.5,1,0.24444444
0.27906978,0.15,0.0,0.5,1,0.33333334,0.38,0.0,1,0.25,0.0,0.5,0,1.0,0.6666667,0,0.0,0.0,1,0.13333334
0.41860464,0.6,0.5,0.5,1,0.33333334,0.68,0.5,1,0.375,0.5,1.0,1,0.0,0.33333334,0,1.0,0.5,1,0.31111112
0.44186047,0.325,0.5,0.5,0,0.33333334,0.64,0.0,1,0.125,0.5,1.0,0,-1.0,0.5,0,0.5,0.0,1,0.22222222
0.53488374,0.05,0.5,0.5,1,0.6666667,0.12,0.5,1,0.0,0.5,0.5,0,1.0,0.33333334,0,0.5,0.5,1,0.17777778
0.53488374,0.95,0.5,0.0,1,0.8333333,0.98,1.0,1,0.25,0.0,1.0,1,0.0,0.33333334,0,1.0,1.0,0,0.4
0.3488372,0.65,1.0,0.5,1,0.5,0.56,0.0,1,0.125,0.0,0.5,0,1.0,0.6666667,0,1.0,0.5,1,0.2888889
0.44186047,0.875,0.5,0.5,1,0.33333334,0.48,0.5,1,0.125,1.0,0.0,1,1.0,0.6666667,0,0.0,1.0,0,0.33333334
0.5116279,0.675,0.5,0.5,1,0.33333334,0.96,0.5,1,0.375,0.5,0.5,1,0.0,0.5,0,0.5,0.0,1,0.37777779
0.6511628,0.35,1.0,0.5,1,0.5,0.14,0.5,0,0.375,0.5,0.5,0,1.0,0.33333334,0,0.0,0.5,1,0.2888889
0.53488374,0.525,0.5,0.5,0,0.5,0.54,0.5,1,0.0,1.0,0.5,0,1.0,0.5,0,0.0,0.0,1,0.2888889
0.55813956,0.675,1.0,0.5,1,0.6666667,0.8,0.5,1,0.125,0.0,0.5,1,-1.0,0.6666667,0,0.0,0.0,0,0.35555556
0.4651163,0.95,0.0,0.0,1,0.33333334,0.4,0.5,1,0.125,0.5,0.5,1,1.0,0.5,0,0.0,0.5,1,0.2888889
0.627907,0.25,1.0,0.0,1,0.6666667,0.74,1.0,1,0.375,0.0,0.5,1,0.0,0.5,0,1.0,0.5,1,0.33333334
0.4883721,0.875,0.5,0.0,1,0.6666667,0.9,0.5,0,0.25,0.0,1.0,0,0.0,0.6666667,0,0.0,0.0,0,0.33333334
0.3255814,0.925,1.0,0.5,1,0.33333334,0.26,0.0,1,0.25,0.5,0.5,1,0.0,0.5,0,0.0,0.0,0,0.31111112
0.627907,0.675,1.0,0.5,1,0.0,0.24,1.0,1,0.25,0.0,1.0,1,1.0,0.6666667,0,0.0,0.0,0,0.4
0.53488374,0.925,0.5,0.5,1,0.33333334,0.36,0.0,1,0.125,0.5,1.0,1,0.0,0.6666667,0,0.5,0.0,1,0.37777779
0.37209302,0.4,0.5,1.0,0,0.8333333,0.42,0.5,1,0.0,0.5,1.0,1,0.0,0.5,0,1.0,0.0,1,0.26666668
0.37209302,0.95,1.0,0.5,0,0.0,0.12,0.5,1,0.25,0.0,0.0,0,1.0,0.5,0,0.0,0.0,0,0.31111112
0.4883721,0.7,0.0,0.5,1,0.8333333,0.24,0.5,1,0.125,1.0,0.5,0,-1.0,0.5,0,0.5,0.0,1,0.2888889
0.5116279,0.05,1.0,0.0,0,0.0,0.88,0.5,1,0.0,0.5,0.0,0,1.0,0.5,0,1.0,1.0,0,0.2
0.4651163,0.9,0.0,1.0,1,0.33333334,0.56,0.0,1,0.25,0.5,1.0,0,0.0,0.5,0,0.0,0.5,0,0.35555556
0.4883721,0.475,1.0,0.5,1,0.33333334,0.26,0.5,1,0.125,0.5,1.0,1,0.0,0.6666667,0,0.0,0.0,0,0.2888889
0.6744186,0.45,0.5,1.0,1,1.0,0.94,0.5,1,0.125,0.0,0.0,0,1.0,0.33333334,0,0.0,1.0,1,0.33333334
0.5813953,0.575,0.5,1.0,1,0.5,0.78,0.5,1,0.375,0.0,0.5,0,1.0,0.5,0,0.0,0.5,1,0.37777779
0.4651163,0.15,0.0,1.0,1,0.5,0.36,1.0,1,0.25,0.0,0.5,1,1.0,0.16666667,0,0.0,0.0,0,0.22222222
0.5813953,0.475,0.5,1.0,0,0.33333334,0.76,0.5,1,0.125,0.0,1.0,1,1.0,0.5,1,0.5,0.0,1,0.33333334
0.30232558,0.825,0.5,0.5,0,0.6666667,0.6,0.0,1,0.25,0.0,0.5,0,1.0,0.6666667,0,1.0,0.0,1,0.31111112
0.4883721,0.025,0.5,0.5,0,0.33333334,0.68,0.0,1,0.0,0.5,0.5,1,1.0,0.33333334,0,1.0,0.0,1,0.2
0.6976744,0.275,0.0,1.0,1,0.5,0.32,0.5,1,0.375,0.0,0.5,0,-1.0,0.16666667,0,0.0,0.0,1,0.26666668
0.41860464,0.0,1.0,1.0,1,0.33333334,0.2,1.0,1,0.125,0.0,0.5,1,1.0,0.33333334,0,0.5,0.0,1,0.22222222
0.3255814,0.425,0.0,0.5,1,0.6666667,0.26,0.5,1,0.0,0.5,0.5,1,0.0,0.16666667,0,0.0,0.0,0,0.15555556
0.3488372,0.725,1.0,0.5,0,0.6666667,0.08,0.5,1,0.25,0.0,1.0,0,1.0,0.33333334,0,0.5,0.5,1,0.2888889
0.27906978,0.8,0.5,1.0,0,0.33333334,0.48,1.0,1,0.25,0.0,0.5,0,0.0,0.33333334,0,0.5,0.0,1,0.2888889
0.3255814,0.95,0.5,0.5,0,0.33333334,0.4,0.0,1,0.125,0.5,1.0,0,1.0,0.5,0,0.0,0.5,1,0.2888889
0.39534885,0.6,0.5,0.0,1,0.33333334,0.0,0.5,1,0.5,1.0,1.0,0,-1.0,0.5,0,1.0,0.0,1,0.2888889
0.25581396,0.25,0.5,0.5,1,0.5,0.86,0.5,1,0.125,0.0,1.0,1,0.0,0.6666667,0,0.0,1.0,0,0.15555556
0.44186047,0.925,0.5,0.0,1,0.6666667,0.68,0.0,1,0.5,0.5,0.5,1,1.0,0.8333333,0,0.0,0.0,0,0.37777779
0.55813956,0.775,0.0,0.5,0,0.5,0.44,0.5,1,0.125,0.5,1.0,0,0.0,0.5,0,0.5,1.0,1,0.31111112
0.3255814,0.575,0.5,1.0,0,0.0,0.96,0.0,1,0.375,0.0,1.0,1,1.0,0.5,0,0.0,0.5,0,0.2888889
0.6511628,0.7,0.0,0.5,1,0.6666667,0.94,0.5,1,0.5,0.0,1.0,1,-1.0,0.5,1,0.5,0.5,1,0.35555556
0.5116279,0.925,0.0,1.0,1,0.16666667,0.1,0.5,1,0.0,0.5,0.0,1,0.0,0.5,0,0.0,0.5,0,0.31111112
0.5813953,0.7,0.0,1.0,0,0.33333334,0.62,0.5,1,0.125,1.0,0.5,1,1.0,0.33333334,0,0.0,0.0,1,0.35555556
0.3488372,0.375,0.5,1.0,1,0.5,0.82,0.0,1,0.25,0.0,0.0,1,1.0,0.8333333,0,0.0,1.0,1,0.22222222
0.55813956,0.725,0.5,1.0,0,0.5,0.18,0.5,1,0.125,0.0,0.5,1,0.0,0.6666667,1,0.0,0.0,1,0.2888889
0.27906978,0.05,0.5,0.5,1,0.6666667,0.12,0.0,1,0.125,0.0,1.0,1,1.0,0.6666667,1,0.0,0.0,0,0.11111111
0.55813956,0.375,0.5,0.5,1,0.33333334,0.26,0.0,1,0.375,1.0,0.5,0,0.0,0.6666667,0,0.0,0.0,1,0.2888889
0.4651163,0.4,0.0,1.0,0,0.33333334,0.28,0.5,1,0.125,0.5,0.5,1,0.0,0.6666667,0,0.0,0.0,0,0.24444444
0.5116279,0.175,0.5,0.5,0,0.5,0.96,0.0,1,0.5,0.0,0.5,0,0.0,0.5,0,0.0,0.5,1,0.24444444
0.27906978,0.025,0.5,0.5,1,0.6666667,0.78,0.0,1,0.5,0.0,0.5,0,0.0,0.6666667,0,0.0,1.0,0,0.15555556
0.3255814,0.125,0.5,0.5,0,0.6666667,0.06,0.5,1,0.25,0.0,0.5,1,-1.0,0.5,0,0.5,0.0,1,0.13333334
0.53488374,0.65,1.0,0.5,0,0.5,0.78,0.0,1,0.25,0.0,0.5,1,-1.0,0.5,0,1.0,1.0,0,0.31111112
0.30232558,0.8,0.5,1.0,1,0.8333333,0.16,1.0,1,0.125,1.0,0.0,1,1.0,0.33333334,0,0.0,0.0,1,0.31111112
0.5116279,1.0,0.5,0.5,1,0.8333333,0.36,0.5,1,0.5,1.0,1.0,0,-1.0,0.5,0,1.0,0.0,1,0.42222223
0.25581396,0.35,0.5,1.0,1,0.6666667,0.32,0.0,1,0.125,0.0,0.5,1,-1.0,0.6666667,0,0.0,0.0,0,0.15555556
0.55813956,0.6,0.5,0.5,1,0.16666667,0.28,0.5,1,0.0,0.0,0.5,1,-1.0,0.5,0,0.5,0.5,0,0.26666668
0.27906978,0.925,1.0,0.5,0,0.6666667,0.3,1.0,1,0.125,0.0,0.5,0,1.0,0.33333334,0,0.0,0.0,0,0.31111112
0.5116279,0.175,1.0,0.0,1,0.5,0.76,0.5,1,0.125,0.0,0.5,0,1.0,0.6666667,0,0.0,0.0,1,0.24444444
0.53488374,0.725,0.5,1.0,1,0.33333334,0.26,0.5,1,0.25,1.0,0.5,0,1.0,0.5,0,0.5,0.0,1,0.37777779
0.3488372,0.75,1.0,0.0,0,0.33333334,0.8,0.5,1,0.25,1.0,0.5,1,0.0,0.5,0,0.0,0.0,1,0.31111112
0.5116279,0.1,0.5,1.0,1,0.5,0.1,0.5,1,0.0,0.5,0.5,1,1.0,0.6666667,0,0.0,0.5,1,0.22222222
0.4883721,0.85,0.5,1.0,0,0.33333334,0.6,0.0,1,0.0,1.0,0.5,0,1.0,0.33333334,0,1.0,0.0,1,0.37777779
0.37209302,0.825,0.0,0.5,1,0.5,0.86,0.0,1,0.25,0.5,0.5,0,1.0,0.6666667,0,0.0,0.0,1,0.31111112
0.30232558,0.025,0.5,1.0,0,0.5,0.08,0.5,1,0.375,0.0,0.5,1,1.0,0.33333334,1,0.0,0.0,0,0.11111111
0.1627907,0.1,1.0,0.5,0,0.5,0.64,1.0,1,0.0,1.0,0.5,1,0.0,0.16666667,1,1.0,0.0,0,0.13333334
0.4883721,0.05,1.0,0.0,0,0.6666667,0.52,0.5,1,0.125,0.5,0.0,1,0.0,0.5,0,0.0,0.0,1,0.17777778
0.23255815,0.325,0.5,0.5,0,0.5,0.34,0.5,0,0.375,0.5,1.0,0,1.0,0.8333333,1,1.0,0.0,1,0.17777778
0.4651163,0.5,0.5,0.5,1,0.33333334,0.1,1.0,1,0.125,1.0,1.0,1,-1.0,0.5,0,1.0,0.5,1,0.2888889
0.39534885,0.525,0.5,0.5,1,0.0,0.68,0.0,1,0.125,0.5,0.5,0,1.0,0.6666667,0,0.5,0.0,0,0.2888889
0.53488374,0.275,1.0,0.5,0,0.6666667,0.3,0.5,1,0.125,0.0,0.5,0,-1.0,0.33333334,0,0.0,0.0,1,0.22222222
0.39534885,0.9,0.5,1.0,0,0.5,0.34,0.5,1,0.125,1.0,0.5,1,1.0,0.33333334,0,0.0,0.0,0,0.35555556
0.39534885,0.375,0.5,0.5,1,0.5,0.72,0.0,1,0.125,0.0,0.5,0,-1.0,0.5,0,0.0,0.0,1,0.2
0.53488374,0.05,0.5,0.5,0,0.8333333,0.94,0.5,1,0.125,0.5,0.5,0,-1.0,0.33333334,0,1.0,0.0,1,0.22222222
0.4883721,0.3,1.0,0.5,1,0.16666667,0.34,0.0,1,0.25,0.5,0.5,1,0.0,0.6666667,0,0.5,0.0,0,0.26666668
0.4883721,0.525,1.0,0.5,0,0.5,0.74,0.0,1,0.0,0.0,0.5,1,0.0,0.33333334,0,0.0,0.0,0,0.26666668
0.5116279,0.4,0.0,0.5,1,0.33333334,0.96,0.5,1,0.125,0.0,1.0,1,0.0,0.5,0,0.5,0.5,1,0.26666668
0.23255815,0.275,0.0,0.5,1,0.6666667,0.1,0.5,1,0.125,0.0,0.5,1,-1.0,0.5,0,0.5,0.0,0,0.7111111
0.55813956,0.125,1.0,1.0,1,0.0,0.52,1.0,1,0.125,1.0,0.5,0,0.0,0.16666667,0,0.0,0.5,0,0.26666668
0.53488374,0.825,1.0,0.5,1,0.6666667,0.02,1.0,1,0.5,0.5,0.5,0,1.0,0.33333334,1,0.0,0.0,1,0.37777779
0.30232558,1.0,0.5,0.0,1,0.6666667,0.82,1.0,1,0.0,0.0,1.0,1,0.0,0.5,0,0.0,0.0,0,0.31111112
0.41860464,0.325,0.5,0.5,1,0.33333334,0.28,0.0,1,0.125,1.0,0.5,1,1.0,0.5,0,0.5,0.5,0,0.22222222
0.44186047,0.375,1.0,0.5,1,0.5,0.34,0.0,1,0.125,0.0,0.5,0,1.0,0.6666667,0,0.0,0.0,0,0.24444444
0.41860464,0.625,1.0,1.0,0,0.33333334,0.68,0.0,1,0.375,0.5,0.5,0,-1.0,0.5,0,1.0,0.0,1,0.33333334
0.4883721,0.725,1.0,1.0,1,0.6666667,0.78,0.5,1,0.0,0.5,0.5,0,0.0,0.5,0,0.0,0.5,1,0.35555556
0.6511628,0.4,0.5,1.0,1,0.6666667,0.4,0.0,0,0.125,0.0,0.0,1,0.0,0.6666667,0,0.5,0.5,0,0.26666668
0.5813953,0.9,1.0,0.5,0,0.16666667,0.66,0.5,1,0.0,0.5,1.0,1,1.0,0.33333334,0,0.0,1.0,1,0.37777779
0.25581396,0.55,0.0,0.5,0,0.16666667,0.96,0.5,1,0.0,0.0,1.0,1,0.0,0.16666667,0,0.0,0.5,1,0.17777778
0.53488374,0.45,1.0,0.0,1,0.8333333,0.88,0.0,1,0.0,0.0,1.0,1,0.0,0.6666667,0,0.0,0.5,0,0.26666668
0.627907,0.65,0.0,0.5,0,1.0,0.7,0.5,1,0.75,0.0,1.0,1,0.0,0.33333334,0,0.0,0.0,1,0.37777779
0.4883721,0.95,0.5,0.5,0,0.6666667,0.94,0.0,1,0.125,1.0,0.5,0,1.0,0.16666667,1,1.0,0.0,0,0.37777779
0.60465115,0.8,0.5,0.5,0,0.6666667,0.88,0.5,0,0.125,0.0,0.5,0,-1.0,0.6666667,0,0.5,0.0,0,0.33333334
0.7209302,0.05,1.0,0.5,0,0.5,0.72,0.0,1,0.0,0.0,0.5,1,1.0,0.33333334,0,0.0,0.0,0,0.26666668
0.5813953,0.325,0.5,0.5,0,0.5,0.92,1.0,1,0.0,0.5,1.0,0,0.0,0.5,0,0.0,0.0,0,0.2888889
0.4651163,0.475,0.0,0.5,1,0.6666667,0.82,1.0,1,0.125,0.0,0.5,1,1.0,0.5,0,0.0,0.5,1,0.26666668
0.5813953,0.325,1.0,1.0,0,0.5,0.5,0.0,1,0.375,0.0,0.5,1,1.0,0.8333333,0,0.5,0.0,1,0.33333334
0.4651163,0.7,0.5,0.0,0,0.8333333,0.5,1.0,0,0.125,0.5,1.0,0,0.0,0.33333334,0,1.0,0.5,0,0.26666668
0.44186047,0.825,0.5,0.5,1,0.5,0.0,0.5,1,0.125,1.0,1.0,1,1.0,0.6666667,0,0.5,0.0,1,0.35555556
0.39534885,0.725,1.0,0.0,1,0.5,0.04,0.5,1,0.125,1.0,1.0,1,1.0,0.5,0,1.0,0.0,0,0.31111112
0.6511628,1.0,0.5,0.5,1,0.5,0.74,0.5,0,0.375,0.0,0.5,1,-1.0,0.8333333,0,0.5,0.0,0,0.42222223
0.3255814,0.275,1.0,0.0,0,0.5,0.56,0.5,1,0.0,0.5,0.5,0,1.0,0.5,0,0.0,0.0,1,0.17777778
0.6511628,0.875,0.5,0.0,1,0.8333333,0.76,0.5,1,0.0,0.5,1.0,1,0.0,0.33333334,0,0.0,0.0,0,0.37777779
0.5116279,0.775,1.0,0.0,1,0.5,0.94,0.0,1,0.25,0.0,0.5,1,0.0,0.5,0,0.5,0.5,1,0.35555556
0.25581396,0.35,1.0,0.5,0,0.5,0.46,0.5,1,0.125,0.0,0.5,1,0.0,0.8333333,0,0.0,0.0,1,0.2
0.4883721,0.725,0.5,0.5,1,0.5,0.08,0.5,1,0.125,1.0,0.5,1,1.0,0.5,0,0.0,0.0,0,0.31111112
0.13953489,0.1,1.0,1.0,0,0.33333334,0.62,0.5,1,0.25,0.0,0.0,0,1.0,0.5,0,1.0,0.5,0,0.15555556
0.53488374,0.8,0.5,0.5,1,0.16666667,0.1,0.5,0,0.125,0.5,0.5,1,0.0,0.6666667,0,0.5,0.0,1,0.31111112
0.55813956,0.525,1.0,0.0,1,0.8333333,0.62,0.0,1,0.25,0.0,0.5,1,0.0,0.5,0,0.0,0.0,1,0.2888889
0.3488372,0.3,1.0,0.5,1,0.8333333,0.52,1.0,1,0.75,0.0,0.0,1,-1.0,0.5,0,0.0,0.0,1,0.26666668
0.4651163,0.65,0.5,0.5,1,0.8333333,0.72,1.0,1,0.25,0.5,0.5,1,0.0,0.5,0,1.0,0.0,1,0.35555556
0.7209302,0.65,0.5,0.5,1,0.16666667,0.36,0.0,1,0.125,0.5,0.5,1,-1.0,0.6666667,0,0.0,0.5,1,0.33333334
0.37209302,0.2,1.0,0.5,0,0.8333333,0.14,0.5,1,0.25,0.5,0.0,1,0.0,0.5,0,0.0,0.5,1,0.17777778
0.30232558,0.025,0.0,1.0,0,1.0,0.24,0.5,1,0.0,1.0,0.5,1,-1.0,0.6666667,0,0.5,0.5,0,0.11111111
0.6511628,0.425,0.5,0.5,0,0.8333333,0.68,0.5,1,0.0,0.0,1.0,1,0.0,0.5,0,0.5,0.0,0,0.31111112
0.7209302,0.575,0.5,0.5,1,0.8333333,0.48,0.5,1,0.375,0.0,0.5,1,0.0,0.5,0,0.5,0.5,1,0.35555556
0.44186047,0.875,0.0,0.0,1,0.6666667,0.54,0.5,1,0.125,1.0,1.0,1,1.0,0.33333334,0,0.0,0.0,1,0.31111112
0.5813953,0.925,1.0,0.0,1,0.33333334,0.32,0.5,1,0.25,0.5,0.5,1,1.0,0.16666667,0,0.5,0.0,0,0.4
0.627907,0.525,0.5,1.0,1,0.6666667,0.84,0.5,1,0.125,1.0,0.5,1,1.0,0.5,0,0.5,0.0,0,0.4
0.3488372,0.75,0.5,0.5,0,0.16666667,1.0,0.5,1,0.125,0.0,0.5,1,1.0,0.5,0,0.0,0.5,0,0.2888889
0.37209302,0.45,1.0,0.5,1,0.33333334,0.32,0.5,1,0.25,0.0,0.5,1,1.0,0.6666667,0,0.5,0.5,1,0.26666668
0.60465115,0.75,0.5,1.0,0,0.5,0.72,1.0,1,0.25,0.5,0.5,1,1.0,0.5,0,0.5,0.5,1,0.42222223
0.6744186,0.2,0.5,1.0,0,0.5,0.18,0.5,1,0.375,0.0,0.5,1,1.0,0.5,0,0.5,0.5,1,0.2888889
0.5116279,0.375,1.0,0.5,0,0.6666667,0.74,0.0,1,0.125,0.5,1.0,1,1.0,0.33333334,0,0.5,0.0,0,0.31111112
0.3255814,0.625,1.0,0.5,0,0.0,0.44,0.5,1,0.5,0.0,1.0,0,0.0,0.6666667,0,0.5,0.0,1,0.31111112
0.7209302,0.025,1.0,1.0,1,0.5,0.6,0.5,1,0.0,0.0,0.5,1,1.0,0.6666667,1,0.5,0.5,0,0.2888889
0.37209302,0.725,0.0,1.0,0,0.6666667,0.24,0.5,1,0.125,0.0,1.0,1,1.0,0.16666667,0,0.0,0.5,1,0.24444444
0.39534885,0.825,0.0,0.0,1,0.6666667,0.86,0.5,1,0.375,0.0,1.0,1,-1.0,0.5,0,1.0,0.5,1,0.31111112
0.4883721,0.4,0.5,0.5,1,0.6666667,0.18,0.5,1,0.125,0.0,0.5,1,1.0,0.33333334,0,0.5,0.0,0,0.24444444
0.6511628,0.45,0.0,0.5,1,0.5,0.92,1.0,1,0.625,0.0,0.5,1,1.0,0.6666667,0,0.5,0.5,1,0.37777779
0.55813956,0.85,0.5,0.0,1,0.33333334,0.06,0.0,1,0.125,0.5,0.5,1,-1.0,0.5,0,0.0,0.0,0,0.31111112
0.4883721,0.775,0.5,0.5,1,0.6666667,0.28,0.5,1,0.125,0.0,1.0,1,1.0,0.5,1,0.0,0.5,1,0.2888889
0.5116279,0.3,0.5,0.5,1,0.5,0.56,0.5,1,0.125,0.0,0.5,0,0.0,0.5,0,0.0,0.0,1,0.24444444
0.44186047,0.325,0.5,0.0,1,0.6666667,0.86,1.0,1,0.125,0.0,1.0,1,-1.0,0.6666667,0,0.0,1.0,1,0.22222222
0.5116279,0.675,0.5,0.5,0,0.6666667,0.58,1.0,1,0.25,0.0,1.0,1,0.0,0.33333334,0,1.0,0.0,1,0.35555556
0.093023255,0.575,0.5,0.5,1,0.5,0.22,0.5,1,0.25,0.0,0.5,1,-1.0,0.6666667,0,0.0,0.5,1,0.13333334
0.39534885,0.15,0.0,0.5,1,0.33333334,0.86,0.5,1,0.125,0.0,0.5,1,0.0,0.5,1,0.5,0.0,0,0.17777778
0.4651163,0.3,0.5,1.0,1,0.8333333,0.6,0.0,1,0.125,0.5,0.5,1,0.0,0.5,0,0.0,0.0,0,0.24444444
0.27906978,0.9,0.5,1.0,0,0.6666667,0.24,0.5,1,0.0,1.0,0.5,0,0.0,0.33333334,0,1.0,0.0,1,0.31111112
0.4883721,0.7,1.0,1.0,1,1.0,0.56,0.5,1,0.0,0.5,1.0,0,1.0,0.33333334,0,0.0,0.5,1,0.35555556
0.41860464,0.975,1.0,0.5,1,0.6666667,0.68,1.0,1,0.0,1.0,0.5,1,1.0,0.6666667,0,0.0,0.0,0,0.4
0.6976744,0.775,1.0,0.5,1,0.6666667,0.68,0.0,1,0.25,0.0,0.5,1,-1.0,0.33333334,0,0.0,0.0,1,0.37777779
0.6511628,0.95,0.5,1.0,0,0.16666667,0.72,0.0,1,0.25,0.5,0.5,0,-1.0,0.6666667,0,0.0,1.0,1,0.4
0.37209302,0.225,0.0,1.0,1,0.5,0.9,0.5,1,0.125,0.0,1.0,0,1.0,0.33333334,0,0.0,0.5,1,0.22222222
0.41860464,0.775,0.0,1.0,1,0.5,0.82,0.5,1,0.125,1.0,1.0,1,0.0,0.5,0,0.0,0.0,0,0.35555556
0.44186047,0.025,1.0,0.5,1,0.6666667,0.6,0.5,1,0.125,0.0,1.0,1,1.0,0.5,0,0.0,0.0,1,0.22222222
0.37209302,0.675,0.5,0.5,0,0.6666667,0.04,0.0,1,0.125,0.5,0.5,1,1.0,0.8333333,0,0.5,0.0,1,0.26666668
0.4651163,0.475,0.5,1.0,1,0.6666667,0.74,0.5,1,0.125,0.0,1.0,1,0.0,0.33333334,0,1.0,0.5,1,0.31111112
0.3255814,0.35,0.0,1.0,0,1.0,0.98,0.0,0,0.0,0.0,0.5,0,0.0,0.5,0,0.5,0.5,1,0.17777778
0.27906978,0.85,0.0,1.0,1,0.33333334,0.3,1.0,1,0.25,0.5,0.5,1,0.0,0.33333334,0,1.0,0.5,1,0.2888889
0.53488374,0.85,1.0,0.0,1,0.6666667,0.6,1.0,0,0.125,0.0,0.5,1,0.0,0.6666667,0,0.0,0.0,0,0.33333334
0.53488374,0.025,0.5,0.5,1,0.6666667,0.76,0.0,1,0.125,0.0,0.5,0,1.0,0.6666667,0,0.0,0.5,0,0.2
0.3255814,0.6,0.5,0.5,0,1.0,0.64,0.5,1,0.125,1.0,0.0,0,-1.0,0.33333334,1,0.0,0.0,1,0.2
0.55813956,0.375,0.0,1.0,1,0.6666667,0.92,1.0,1,0.125,0.0,0.5,0,0.0,0.0,0,0.5,0.0,1,0.2888889
0.3488372,0.425,0.5,1.0,1,0.6666667,0.48,0.5,1,0.0,1.0,0.0,0,0.0,0.33333334,0,0.5,0.5,0,0.22222222
0.4883721,0.825,1.0,0.5,0,0.6666667,0.54,0.5,1,0.0,1.0,0.5,1,0.0,0.16666667,0,0.0,0.0,0,0.33333334
0.55813956,0.3,0.5,0.5,1,0.6666667,0.04,0.0,1,0.0,0.5,0.5,0,1.0,0.33333334,0,1.0,0.0,1,0.24444444
0.44186047,0.95,1.0,0.0,1,0.8333333,0.9,0.0,1,0.125,0.0,0.5,1,1.0,0.33333334,0,0.0,0.5,0,0.33333334
0.5116279,0.175,0.5,0.5,1,0.33333334,0.26,1.0,1,0.375,0.0,1.0,0,0.0,0.5,0,0.0,0.0,1,0.24444444
0.37209302,0.675,0.5,0.5,0,0.33333334,0.98,0.5,1,0.25,0.0,0.5,0,0.0,0.33333334,0,1.0,0.0,1,0.31111112
0.41860464,0.675,1.0,1.0,0,1.0,0.2,1.0,1,0.25,0.5,0.0,0,1.0,0.5,0,0.0,0.5,1,0.31111112
0.41860464,0.25,1.0,1.0,0,0.0,0.26,0.5,1,0.125,0.0,0.5,0,0.0,0.5,0,0.5,1.0,0,0.2
0.3488372,0.325,0.5,0.5,1,0.5,0.48,0.0,1,0.125,0.0,1.0,1,1.0,0.5,0,0.0,0.5,1,0.2
0.41860464,0.825,0.0,0.5,1,0.5,0.66,0.5,1,0.125,0.5,0.5,1,1.0,0.5,0,0.0,0.0,0,0.31111112
0.23255815,0.75,0.5,0.5,1,0.5,0.44,1.0,1,0.375,0.5,0.5,1,-1.0,0.5,0,0.0,0.0,0,0.26666668
0.37209302,0.325,0.0,0.5,1,0.8333333,0.36,0.0,1,0.25,0.5,0.5,1,1.0,0.5,1,0.5,0.0,0,0.17777778
0.39534885,0.525,0.0,1.0,1,0.6666667,0.54,0.0,1,0.125,0.5,1.0,1,1.0,0.5,0,0.5,0.5,1,0.26666668
0.39534885,0.05,0.5,1.0,0,0.33333334,0.96,0.0,1,0.375,0.5,0.5,0,0.0,0.16666667,0,0.5,0.0,1,0.22222222
0.41860464,0.2,0.5,0.5,1,0.33333334,0.96,0.0,1,0.25,0.0,0.5,1,1.0,0.16666667,0,0.0,0.5,0,0.2
0.44186047,0.475,1.0,0.5,0,0.5,0.32,0.0,1,0.375,1.0,0.5,1,-1.0,0.5,0,0.5,0.0,0,0.2888889
0.5116279,0.075,0.0,0.5,1,0.8333333,0.68,1.0,1,0.0,1.0,0.5,1,0.0,0.5,0,0.0,0.0,0,0.2
0.55813956,0.85,1.0,0.5,0,0.5,0.72,0.0,0,0.25,0.0,0.5,0,-1.0,0.6666667,0,0.5,0.5,1,0.33333334
0.3488372,0.725,1.0,0.5,1,0.5,0.66,1.0,1,0.0,0.0,1.0,1,1.0,0.6666667,0,1.0,0.5,1,0.33333334
0.27906978,0.95,1.0,0.0,1,0.33333334,0.12,0.5,1,0.125,1.0,0.0,1,-1.0,0.5,0,0.5,0.5,0,0.26666668
0.30232558,0.7,1.0,1.0,1,0.6666667,0.54,0.5,1,0.25,0.5,0.5,1,1.0,0.5,0,0.5,1.0,1,0.31111112
0.37209302,0.95,1.0,0.5,0,0.5,0.76,0.5,1,0.25,0.0,1.0,0,-1.0,0.6666667,0,0.0,1.0,1,0.33333334
0.39534885,0.55,1.0,1.0,0,0.33333334,0.2,0.5,1,0.625,0.5,1.0,1,-1.0,0.5,0,0.5,0.0,1,0.31111112
0.3255814,0.6,0.5,0.0,1,0.8333333,0.34,0.5,1,0.125,0.5,1.0,0,-1.0,0.5,0,0.5,0.5,1,0.22222222
0.25581396,0.975,0.5,1.0,1,1.0,0.2,0.5,1,0.0,0.0,0.0,1,-1.0,0.16666667,0,0.0,0.5,1,0.24444444
0.37209302,0.65,1.0,1.0,1,0.5,0.88,0.5,1,0.25,0.5,0.5,1,0.0,0.5,0,0.0,0.5,1,0.33333334
0.4651163,0.025,0.5,0.0,1,0.5,0.86,0.0,1,0.125,0.0,1.0,0,-1.0,0.8333333,0,0.0,0.0,1,0.17777778
0.53488374,0.725,0.0,0.5,0,0.16666667,0.16,0.5,1,0.375,1.0,0.5,1,1.0,0.5,0,0.0,0.0,0,0.31111112
0.37209302,0.9,1.0,1.0,1,0.6666667,0.76,0.5,1,0.5,0.0,0.0,0,1.0,0.6666667,0,1.0,0.0,1,0.42222223
0.39534885,0.8,0.5,0.5,1,0.6666667,0.36,0.0,1,0.25,1.0,1.0,0,1.0,0.5,0,0.0,0.0,1,0.33333334
0.30232558,0.575,1.0,0.5,0,0.5,0.68,0.5,1,0.125,0.0,0.5,1,0.0,0.5,0,0.0,0.0,0,0.24444444
0.44186047,0.675,0.0,1.0,1,0.33333334,0.5,0.5,1,0.0,0.0,0.5,1,1.0,0.5,1,1.0,0.0,1,0.2888889
0.3255814,1.0,0.5,0.0,0,1.0,0.48,0.5,1,0.25,0.5,0.5,1,-1.0,0.8333333,0,0.0,1.0,1,0.26666668
0.5116279,0.1,0.5,0.5,1,0.6666667,0.88,0.0,1,0.25,0.5,0.5,0,1.0,0.8333333,0,0.0,0.5,0,0.24444444
0.18604651,0.675,1.0,0.5,0,0.33333334,0.64,0.5,1,0.0,0.0,0.5,1,-1.0,0.5,0,0.5,0.0,0,0.22222222
0.39534885,0.275,0.0,0.5,1,0.6666667,0.24,0.5,1,0.375,1.0,1.0,1,1.0,0.33333334,0,0.5,0.0,1,0.24444444
0.4883721,0.65,1.0,0.5,1,0.5,0.12,0.5,1,0.125,1.0,0.5,0,1.0,0.6666667,0,0.0,0.5,1,0.31111112
0.4651163,0.6,0.0,0.5,0,0.5,0.94,0.5,1,0.25,0.0,0.0,1,0.0,0.6666667,0,0.0,0.5,0,0.26666668
0.81395346,0.15,0.0,1.0,1,0.6666667,0.16,1.0,1,0.125,0.5,0.5,1,1.0,0.5,0,0.5,1.0,1,0.31111112
0.4883721,0.2,0.5,0.5,0,0.0,0.74,1.0,1,0.25,0.5,0.5,1,0.0,0.5,0,1.0,1.0,0,0.24444444
0.30232558,0.625,0.5,0.5,0,0.0,0.5,1.0,1,0.25,1.0,0.5,1,-1.0,0.16666667,1,0.0,1.0,0,0.2
0.41860464,0.125,0.5,0.5,0,0.8333333,0.14,0.0,1,0.125,0.5,0.5,1,1.0,0.33333334,1,0.0,0.0,0,0.13333334
0.18604651,0.275,0.0,1.0,1,0.5,0.78,0.5,1,0.0,0.0,0.5,1,-1.0,0.33333334,0,0.0,0.0,1,0.13333334
0.44186047,0.825,0.5,0.5,1,0.33333334,0.9,0.0,1,0.125,0.5,1.0,1,-1.0,0.6666667,0,0.5,0.5,1,0.33333334
0.3255814,0.325,0.5,1.0,0,0.16666667,0.12,0.5,1,0.125,0.5,0.5,1,1.0,0.33333334,0,1.0,0.0,0,0.22222222
0.55813956,0.5,1.0,0.0,0,0.5,0.06,0.5,1,0.125,0.5,0.5,0,0.0,0.5,0,0.5,0.5,1,0.26666668
0.37209302,0.95,0.0,0.5,0,0.5,0.84,0.5,1,0.0,1.0,0.5,0,1.0,0.0,0,0.5,0.0,1,0.31111112
0.41860464,0.225,0.5,0.0,1,0.8333333,0.5,0.5,1,0.25,0.5,0.0,1,-1.0,0.8333333,0,0.0,0.5,0,0.17777778
0.3488372,0.4,0.5,0.5,0,0.6666667,0.68,1.0,1,0.125,1.0,1.0,1,0.0,0.6666667,0,0.0,0.0,1,0.24444444
0.6744186,0.6,1.0,0.5,1,0.5,0.44,0.5,1,0.375,0.5,0.5,1,1.0,0.33333334,0,0.0,0.0,1,0.4
0.39534885,0.75,1.0,1.0,0,0.6666667,0.42,1.0,0,0.0,0.0,0.5,1,0.0,0.5,0,0.0,0.0,0,0.2888889
0.6976744,0.9,1.0,1.0,1,0.8333333,0.3,1.0,1,0.0,0.0,0.5,0,1.0,0.33333334,0,0.0,1.0,1,0.42222223
0.55813956,0.925,0.0,0.5,1,0.6666667,0.56,0.5,1,0.0,0.5,0.5,1,0.0,0.5,0,0.0,0.0,1,0.33333334
0.5116279,0.775,1.0,0.0,1,0.6666667,0.16,0.5,1,0.0,0.5,0.5,1,1.0,0.33333334,0,0.0,1.0,1,0.2888889
0.4883721,0.225,1.0,1.0,0,0.5,0.72,0.0,1,0.125,1.0,0.5,1,1.0,0.6666667,1,0.0,0.5,0,0.26666668
0.4883721,0.025,1.0,0.5,0,0.33333334,0.54,0.0,1,0.125,0.5,0.5,1,1.0,0.6666667,0,1.0,0.5,1,0.22222222
0.1627907,0.375,0.5,0.5,0,0.16666667,0.84,0.5,1,0.625,1.0,1.0,1,1.0,0.6666667,0,0.0,0.5,1,0.24444444
0.39534885,0.15,1.0,0.5,1,0.16666667,0.92,0.5,1,0.0,0.0,0.5,1,0.0,0.8333333,0,0.0,0.5,0,0.2
0.55813956,0.7,0.5,0.5,1,0.6666667,0.9,0.0,1,0.125,1.0,1.0,1,0.0,0.6666667,0,0.0,0.0,0,0.37777779
0.44186047,0.65,0.5,0.5,1,0.6666667,0.6,1.0,1,0.25,0.5,0.5,1,0.0,0.33333334,0,0.5,0.0,1,0.33333334
0.25581396,0.05,0.5,0.5,1,0.8333333,0.32,0.5,1,0.125,0.0,0.5,0,0.0,0.33333334,0,0.5,0.5,0,0.11111111
0.44186047,0.825,0.5,0.5,1,0.6666667,0.36,0.5,1,0.125,0.0,0.0,1,0.0,0.5,0,0.0,0.5,1,0.2888889
0.6744186,0.25,0.5,1.0,1,0.8333333,0.66,0.5,1,0.125,1.0,0.5,0,0.0,0.33333334,0,1.0,0.0,0,0.35555556
0.60465115,0.425,0.5,0.5,1,0.5,0.72,0.0,1,0.125,1.0,0.5,1,0.0,0.5,0,0.0,0.5,1,0.2888889
0.44186047,0.675,1.0,0.5,1,0.6666667,0.16,0.0,1,0.25,0.0,0.5,1,-1.0,0.33333334,1,1.0,0.0,1,0.26666668
0.5813953,0.425,0.5,0.5,1,0.16666667,1.0,0.0,1,0.125,0.0,1.0,0,1.0,0.8333333,0,0.0,0.0,0,0.33333334
0.39534885,0.45,0.5,1.0,0,0.5,0.1,1.0,1,0.0,1.0,0.5,1,-1.0,0.5,0,0.0,0.0,1,0.22222222
0.20930232,0.075,0.5,0.5,0,0.0,0.6,0.5,1,0.0,0.0,0.5,1,1.0,0.5,0,0.5,0.0,1,0.11111111
0.30232558,0.4,1.0,0.0,0,0.5,0.54,0.0,0,0.25,1.0,0.5,1,1.0,0.6666667,0,0.5,0.0,1,0.22222222
0.6511628,0.775,0.5,0.5,0,0.8333333,0.6,0.0,1,0.0,0.0,1.0,1,-1.0,0.6666667,0,0.0,0.0,0,0.33333334
0.39534885,0.925,0.0,0.0,1,0.5,0.54,0.5,1,0.5,0.0,0.0,0,0.0,0.6666667,0,1.0,0.0,1,0.31111112
0.41860464,0.425,1.0,0.0,0,0.6666667,0.06,0.5,1,0.125,0.0,0.5,0,1.0,0.5,0,0.0,0.0,1,0.2
0.39534885,0.425,0.0,0.5,0,0.5,1.0,0.5,1,0.25,1.0,1.0,0,1.0,0.5,1,0.0,0.0,1,0.26666668
0.6976744,0.7,0.0,0.5,1,0.33333334,0.98,0.0,1,0.25,1.0,0.0,1,-1.0,0.5,0,1.0,0.0,1,0.4
0.6744186,0.95,0.5,1.0,0,0.5,0.52,1.0,1,0.125,0.0,0.5,1,0.0,0.5,0,0.5,0.0,1,0.42222223
0.74418604,0.275,0.5,0.0,1,0.8333333,0.2,0.5,1,0.0,0.5,0.5,1,1.0,0.6666667,1,0.0,0.0,1,0.26666668
0.41860464,0.45,0.0,1.0,1,0.6666667,0.18,0.5,1,0.25,1.0,0.5,1,1.0,0.16666667,0,0.0,0.0,1,0.24444444
0.4883721,0.8,0.5,0.5,0,0.33333334,0.06,0.5,1,0.5,1.0,0.5,1,0.0,0.6666667,1,0.0,0.0,1,0.31111112
0.23255815,0.6,1.0,0.5,0,0.16666667,0.62,0.0,1,0.125,0.0,0.5,0,-1.0,0.5,0,0.0,0.5,0,0.2
0.6511628,0.1,0.5,1.0,1,0.5,0.48,0.5,1,0.0,1.0,0.5,1,1.0,0.33333334,0,1.0,0.0,0,0.31111112
0.27906978,0.625,0.0,1.0,1,0.33333334,0.42,0.5,1,0.125,0.0,0.5,1,1.0,0.5,0,0.0,0.0,0,0.24444444
0.4651163,0.175,1.0,0.5,1,0.5,0.52,0.5,1,0.125,0.5,1.0,0,0.0,0.33333334,1,0.0,0.0,1,0.22222222
0.27906978,0.5,0.5,0.5,1,0.16666667,0.88,1.0,1,0.125,0.5,0.5,0,1.0,0.5,0,0.0,0.0,0,0.26666668
0.3488372,0.525,0.5,1.0,0,0.8333333,0.08,0.5,1,0.375,0.5,1.0,1,-1.0,0.5,0,1.0,0.5,1,0.26666668
0.3255814,0.875,0.5,0.5,0,0.5,0.54,1.0,1,0.0,0.0,0.5,0,0.0,0.5,0,0.0,0.0,0,0.2888889
0.3488372,0.45,0.5,0.0,0,0.5,0.7,0.5,1,0.5,0.5,0.5,1,0.0,0.33333334,1,0.0,0.0,1,0.22222222
0.37209302,0.275,0.5,0.0,1,0.33333334,0.98,0.0,1,0.5,0.5,0.5,1,1.0,0.5,1,1.0,0.0,1,0.24444444
0.37209302,0.225,1.0,0.5,1,0.5,0.74,0.0,1,0.25,0.0,0.5,1,0.0,0.5,0,0.5,0.0,1,0.22222222
0.55813956,0.875,0.5,0.5,1,0.5,0.54,1.0,0,0.0,0.0,1.0,1,0.0,0.5,0,1.0,0.0,1,0.35555556
0.27906978,0.175,0.5,1.0,1,0.33333334,0.76,0.5,1,0.0,0.0,0.5,1,0.0,0.5,0,0.5,0.5,0,0.17777778
0.4651163,0.425,1.0,0.0,1,0.5,1.0,0.0,1,0.25,1.0,1.0,1,1.0,0.6666667,0,0.5,0.0,0,0.33333334
0.60465115,0.175,1.0,1.0,1,0.8333333,0.88,1.0,1,0.0,1.0,0.0,1,1.0,0.33333334,0,0.5,0.0,0,0.33333334
0.37209302,0.775,0.0,0.5,1,0.0,0.08,1.0,1,0.375,0.0,0.5,1,0.0,0.6666667,0,0.5,0.5,0,0.26666668
0.3488372,0.475,1.0,0.5,1,0.5,0.58,1.0,1,0.25,1.0,1.0,1,1.0,0.33333334,0,0.0,0.5,1,0.2888889
0.41860464,0.35,0.5,0.0,1,0.33333334,0.78,0.5,0,0.0,1.0,0.5,1,0.0,0.33333334,0,0.0,0.5,1,0.17777778
0.60465115,0.35,0.5,1.0,1,0.8333333,0.68,0.0,1,0.375,1.0,0.5,0,-1.0,0.5,0,0.5,0.0,0,0.33333334
0.4651163,0.85,0.5,0.5,0,0.5,0.42,0.0,0,0.125,0.0,1.0,0,0.0,0.33333334,0,1.0,0.0,1,0.31111112
0.37209302,0.55,0.5,0.5,1,0.16666667,0.32,0.5,1,0.125,0.5,0.0,1,1.0,0.5,0,0.0,0.0,0,0.24444444
0.5116279,0.725,0.0,1.0,0,0.5,0.62,0.5,1,0.25,0.0,1.0,1,0.0,0.33333334,0,1.0,0.5,1,0.33333334
0.27906978,0.9,0.5,1.0,0,0.6666667,0.42,0.0,1,0.125,0.5,0.0,1,1.0,0.5,0,0.0,0.0,1,0.2888889
0.53488374,0.9,0.5,0.5,0,1.0,0.4,0.5,1,0.0,1.0,0.5,1,-1.0,0.6666667,0,0.0,0.0,0,0.33333334
0.4883721,0.325,0.0,1.0,1,0.0,0.84,0.5,1,0.0,0.0,0.5,1,1.0,0.6666667,0,1.0,0.5,1,0.26666668
0.39534885,0.95,0.5,1.0,1,0.16666667,0.32,0.5,1,0.0,0.5,0.5,0,-1.0,0.0,0,1.0,0.0,1,0.31111112
0.3255814,0.025,1.0,0.0,1,0.8333333,0.64,0.5,1,0.25,0.5,1.0,1,1.0,0.33333334,0,1.0,0.0,1,0.2
0.3255814,0.375,1.0,0.5,0,0.16666667,0.88,0.0,0,0.125,0.0,0.5,1,-1.0,0.5,1,0.0,0.5,0,0.15555556
0.5116279,0.9,0.5,0.5,0,0.5,0.62,0.5,1,0.125,0.0,0.5,0,1.0,0.33333334,0,1.0,0.5,1,0.35555556
0.60465115,0.275,1.0,0.5,1,0.33333334,0.5,0.5,1,0.25,0.5,1.0,0,0.0,0.6666667,0,0.0,0.0,1,0.31111112
0.3488372,0.275,0.5,1.0,1,0.33333334,0.04,0.0,1,0.0,1.0,1.0,1,0.0,0.16666667,0,0.0,1.0,1,0.15555556
0.5116279,0.3,0.0,0.5,1,0.5,0.68,1.0,1,0.0,0.5,0.5,1,1.0,0.6666667,0,0.0,0.0,1,0.24444444
0.13953489,0.6,0.5,1.0,1,0.5,1.0,0.0,1,0.375,0.0,0.5,0,-1.0,0.6666667,1,0.0,0.5,1,0.2
0.3488372,0.45,0.0,1.0,0,0.8333333,0.8,0.5,1,0.375,0.0,0.5,1,-1.0,0.5,0,1.0,0.5,1,0.24444444
0.44186047,0.725,1.0,0.5,1,0.8333333,0.64,0.5,1,0.25,1.0,1.0,1,0.0,0.5,0,0.5,0.0,0,0.37777779
0.3255814,0.9,1.0,1.0,1,0.6666667,0.46,0.5,1,0.375,0.5,0.5,0,-1.0,0.5,0,0.5,0.0,0,0.35555556
0.30232558,0.675,0.5,1.0,1,0.5,0.22,0.5,1,0.0,0.0,0.5,1,0.0,0.5,0,0.0,1.0,1,0.22222222
0.3488372,0.2,0.5,0.5,1,0.5,0.7,0.5,1,0.125,0.5,0.5,1,1.0,0.33333334,0,0.5,0.0,0,0.22222222
0.4883721,0.925,0.5,1.0,1,0.6666667,0.18,0.5,1,0.125,0.0,0.5,1,-1.0,0.5,0,0.0,0.0,1,0.33333334
0.41860464,0.275,0.5,1.0,1,0.8333333,0.88,1.0,1,0.125,1.0,0.5,0,1.0,0.6666667,0,0.0,0.0,1,0.2888889
0.13953489,0.15,1.0,0.0,1,0.6666667,0.36,1.0,1,0.0,0.0,0.5,1,-1.0,0.33333334,1,0.5,0.5,1,0.044444446
0.13953489,0.1,0.5,1.0,0,0.8333333,0.4,1.0,1,0.5,0.0,0.0,1,0.0,0.6666667,1,0.0,1.0,1,0.08888889
0.3488372,0.575,0.0,0.0,1,0.33333334,0.22,0.5,1,0.0,0.5,1.0,1,0.0,0.6666667,0,0.5,0.0,1,0.2
0.5116279,0.125,1.0,0.5,1,0.8333333,0.48,0.5,1,0.25,0.5,1.0,0,0.0,0.5,0,0.5,0.5,1,0.26666668
0.069767445,0.15,0.0,1.0,0,0.6666667,0.68,0.0,1,0.25,0.0,1.0,1,0.0,0.5,0,1.0,0.0,0,0.11111111
0.37209302,0.3,1.0,1.0,1,0.33333334,0.3,0.0,1,0.375,0.0,1.0,1,1.0,0.33333334,0,1.0,1.0,1,0.26666668
0.37209302,0.275,0.5,1.0,1,0.5,0.7,0.0,1,0.25,0.0,0.0,0,-1.0,0.33333334,0,0.5,0.0,0,0.22222222
0.627907,0.6,0.5,0.5,1,0.5,0.62,0.5,1,0.125,0.5,1.0,1,-1.0,0.5,0,0.5,0.0,1,0.35555556
0.39534885,0.825,0.0,0.5,1,0.5,0.38,0.5,1,0.0,0.0,0.5,1,0.0,0.33333334,0,0.5,0.0,1,0.26666668
0.4883721,0.75,0.5,0.5,1,0.5,0.32,0.0,1,0.0,0.0,0.5,1,1.0,0.16666667,0,1.0,0.0,1,0.31111112
0.4651163,0.25,1.0,0.5,1,0.16666667,0.86,1.0,1,0.125,0.0,0.5,1,0.0,0.5,0,0.5,0.0,1,0.2888889
0.13953489,0.25,0.5,0.5,1,0.33333334,0.02,0.5,1,0.0,1.0,0.5,0,0.0,0.16666667,0,0.0,0.5,0,0.08888889
0.55813956,0.975,1.0,1.0,0,0.5,0.72,0.0,0,0.375,0.5,0.5,1,1.0,0.5,0,0.5,0.0,0,0.44444445
0.4651163,0.0,0.5,0.5,1,0.33333334,0.42,0.0,1,0.0,0.5,0.0,1,-1.0,0.6666667,1,0.0,1.0,1,0.08888889
0.5116279,0.875,1.0,0.5,0,0.33333334,0.72,0.0,1,0.0,0.5,1.0,1,0.0,0.5,0,0.0,0.5,0,0.35555556
1.0,0.2,1.0,0.0,0,0.8333333,0.5,0.0,1,0.375,0.5,1.0,0,-1.0,0.33333334,0,0.0,0.5,0,0.35555556
0.13953489,0.95,0.5,0.5,0,0.5,0.08,1.0,1,0.0,0.5,1.0,0,0.0,0.33333334,0,0.0,0.0,0,0.24444444
0.6744186,0.35,0.5,0.0,0,1.0,0.98,0.5,1,0.125,1.0,0.5,0,1.0,0.33333334,0,0.0,0.5,1,0.31111112
0.39534885,0.45,1.0,0.5,1,0.5,0.08,0.0,0,0.5,0.0,1.0,1,0.0,0.6666667,1,0.5,0.5,0,0.22222222
0.4883721,0.7,0.5,0.5,1,0.8333333,0.16,0.0,1,0.375,0.0,0.5,0,-1.0,0.33333334,0,0.5,0.5,1,0.2888889
0.44186047,0.6,1.0,0.0,0,0.5,0.42,0.5,1,0.625,0.0,1.0,0,1.0,0.33333334,0,0.0,1.0,0,0.2888889
0.37209302,0.325,0.5,0.5,1,0.33333334,0.94,1.0,1,0.125,0.5,1.0,1,1.0,0.5,0,0.0,0.0,1,0.26666668
0.37209302,0.55,1.0,0.5,1,0.5,0.3,0.5,1,0.125,0.5,0.5,1,1.0,0.8333333,0,0.0,0.0,1,0.2888889
0.4883721,0.725,0.0,0.5,1,0.8333333,0.56,0.5,1,0.0,0.5,0.5,1,1.0,0.5,0,0.0,0.5,1,0.2888889
0.23255815,0.05,1.0,0.5,1,0.5,0.52,1.0,1,0.375,1.0,0.5,0,0.0,0.5,1,0.0,0.5,1,0.73333335
0.55813956,0.0,0.5,1.0,1,0.6666667,0.34,0.5,1,0.125,0.5,1.0,1,0.0,0.33333334,0,0.5,0.0,0,0.24444444
0.39534885,0.45,1.0,0.0,1,0.5,0.7,1.0,1,0.375,0.0,0.0,1,-1.0,0.33333334,0,0.5,0.0,1,0.26666668
0.27906978,0.125,0.5,1.0,0,0.5,0.5,0.0,1,0.25,0.5,1.0,0,0.0,0.6666667,0,0.0,0.5,1,0.17777778
0.37209302,0.675,0.5,1.0,1,0.5,0.58,0.5,1,0.375,0.0,0.5,1,0.0,0.6666667,1,0.0,0.0,0,0.2888889
0.627907,0.225,1.0,0.0,0,0.33333334,0.22,0.0,1,0.25,0.5,1.0,1,1.0,0.16666667,1,0.0,0.0,1,0.22222222
0.37209302,0.425,1.0,0.5,1,0.5,0.92,0.5,1,0.125,0.0,0.0,0,1.0,0.5,0,0.5,0.0,1,0.26666668
0.4883721,0.2,1.0,1.0,1,0.6666667,0.12,0.5,0,0.375,0.5,0.5,0,1.0,0.16666667,0,1.0,0.0,1,0.26666668
0.3488372,0.55,0.5,0.5,1,0.5,0.7,0.5,1,0.125,1.0,0.5,1,0.0,0.6666667,0,0.0,0.0,1,0.26666668
0.55813956,0.125,0.5,0.0,0,0.5,0.88,0.0,1,0.125,0.0,1.0,1,1.0,0.5,0,0.0,1.0,1,0.2
0.53488374,0.025,0.5,0.5,0,0.6666667,0.08,0.5,1,0.125,0.0,0.5,1,0.0,0.33333334,1,0.0,0.5,1,0.13333334
0.6976744,0.05,0.5,0.5,1,0.5,0.02,0.5,1,0.25,0.5,0.5,1,0.0,0.16666667,0,0.5,1.0,0,0.22222222
0.41860464,0.95,0.0,1.0,1,0.5,0.34,1.0,1,0.125,0.5,0.5,0,-1.0,0.6666667,0,0.0,0.5,0,0.33333334
0.53488374,0.15,0.5,1.0,0,0.6666667,0.78,0.5,1,0.0,0.5,1.0,1,1.0,0.33333334,0,0.5,0.0,1,0.26666668
0.4651163,0.7,1.0,0.0,0,0.5,0.72,0.5,1,0.125,0.0,0.5,0,1.0,0.33333334,0,0.0,0.5,1,0.2888889
0.627907,0.075,0.5,0.5,1,0.5,0.82,0.5,1,0.125,0.0,0.5,0,1.0,0.16666667,0,0.0,1.0,1,0.22222222
0.3488372,0.1,1.0,0.5,1,0.6666667,0.4,0.0,1,0.375,1.0,1.0,0,-1.0,0.5,0,0.0,1.0,0,0.17777778
0.53488374,0.5,0.5,1.0,0,0.5,1.0,0.5,1,0.125,1.0,1.0,1,0.0,0.5,0,1.0,0.5,1,0.37777779
0.41860464,0.475,1.0,0.5,1,0.5,0.36,0.5,1,0.25,1.0,1.0,1,-1.0,0.16666667,0,0.5,0.0,0,0.2888889
0.44186047,0.95,0.5,1.0,1,0.5,0.8,0.5,1,0.25,0.5,0.5,1,1.0,0.6666667,0,0.0,0.0,1,0.4
0.4651163,0.95,1.0,0.5,1,0.5,0.36,1.0,1,0.0,0.5,0.5,1,1.0,0.5,1,0.5,0.0,0,0.35555556
0.4883721,0.775,0.5,1.0,0,0.16666667,0.22,0.5,1,0.375,0.0,1.0,1,0.0,0.33333334,0,1.0,1.0,1,0.33333334
0.41860464,0.6,1.0,0.5,1,0.5,0.34,0.0,1,0.0,0.5,0.0,1,1.0,0.5,0,1.0,0.0,0,0.2888889
0.4651163,0.45,0.5,1.0,0,1.0,0.2,0.5,1,0.375,1.0,0.5,1,-1.0,0.8333333,0,0.0,0.5,1,0.2888889
0.6511628,0.35,0.5,0.5,0,0.33333334,0.12,0.0,1,0.25,0.0,1.0,1,0.0,0.5,0,1.0,0.0,0,0.2888889
0.5813953,0.95,0.0,1.0,1,0.33333334,0.36,0.5,1,0.125,0.0,0.5,0,0.0,0.16666667,0,1.0,0.5,1,0.35555556
0.55813956,0.6,0.5,0.5,1,1.0,0.14,0.0,1,0.5,0.5,0.5,1,1.0,0.33333334,0,0.5,0.0,1,0.33333334
0.37209302,0.575,1.0,0.5,0,0.33333334,0.5,0.5,1,0.25,0.5,0.5,1,1.0,0.5,1,0.0,0.0,1,0.26666668
0.3255814,0.225,0.0,0.5,1,0.8333333,0.04,0.5,1,0.0,1.0,0.5,1,0.0,0.5,0,0.5,0.0,0,0.13333334
0.5813953,0.05,1.0,0.0,1,0.5,0.44,0.0,1,0.125,0.5,0.5,1,0.0,0.5,0,0.5,0.5,0,0.2
0.55813956,0.95,0.0,0.5,0,0.5,0.96,0.5,1,0.125,0.5,0.5,1,-1.0,0.6666667,0,1.0,0.0,1,0.37777779
0.6511628,0.325,1.0,0.5,0,0.5,0.36,0.0,1,0.125,0.0,1.0,0,1.0,0.6666667,1,0.0,0.5,1,0.26666668
0.3488372,0.45,1.0,0.0,1,0.6666667,0.14,1.0,1,0.125,0.5,0.5,1,-1.0,0.5,0,0.5,0.0,1,0.22222222
0.41860464,0.125,0.5,0.0,1,0.16666667,0.3,1.0,1,0.125,1.0,0.5,1,1.0,1.0,0,0.5,0.5,0,0.2
0.20930232,0.825,0.0,0.5,1,0.5,0.8,0.5,1,0.0,0.0,0.5,0,1.0,0.33333334,0,0.0,0.0,0,0.24444444
0.39534885,0.025,0.5,0.5,0,0.33333334,0.32,0.5,1,0.125,0.5,1.0,1,1.0,0.33333334,0,0.0,0.5,0,0.15555556
0.5813953,0.825,0.0,0.5,0,0.0,0.38,0.5,1,0.25,0.0,0.5,1,0.0,0.5,0,0.0,0.0,1,0.33333334
0.37209302,0.15,0.5,0.5,1,0.8333333,0.78,0.5,0,0.125,0.5,1.0,1,1.0,0.6666667,0,0.0,0.5,0,0.2
0.53488374,0.875,0.5,0.0,0,0.0,0.26,0.0,1,0.375,0.0,0.5,1,1.0,0.5,0,0.0,0.0,0,0.33333334
0.41860464,0.725,0.5,0.0,0,1.0,0.48,0.5,1,0.125,0.0,0.5,1,1.0,0.33333334,0,0.0,0.5,0,0.24444444
0.4883721,0.175,0.0,1.0,1,0.6666667,0.06,0.5,1,0.0,0.5,1.0,1,-1.0,0.5,0,0.0,1.0,1,0.15555556
0.27906978,0.575,0.0,0.0,0,0.16666667,0.18,1.0,1,0.5,0.0,0.5,0,0.0,0.33333334,0,0.0,0.0,0,0.17777778
0.4651163,0.325,0.0,0.5,1,0.8333333,0.2,1.0,1,0.25,0.5,0.5,1,1.0,0.5,0,0.5,0.0,1,0.24444444
0.023255814,0.175,0.5,0.5,0,0.33333334,0.46,0.0,1,0.125,0.0,0.5,0,1.0,0.33333334,0,0.5,0.5,1,0.06666667
0.41860464,0.85,0.5,1.0,1,0.33333334,0.82,0.5,1,0.125,0.0,0.5,1,-1.0,0.5,0,0.0,0.5,1,0.33333334
0.20930232,0.4,0.5,0.0,0,0.0,0.36,0.5,1,0.125,1.0,0.0,0,0.0,1.0,0,0.5,0.0,1,0.17777778
0.60465115,0.4,0.5,1.0,1,0.33333334,0.38,1.0,1,0.0,0.5,1.0,1,0.0,0.16666667,0,0.0,0.0,1,0.33333334
0.55813956,0.175,1.0,0.5,1,0.33333334,0.3,0.5,1,0.125,0.0,0.5,1,-1.0,0.5,0,0.0,0.0,1,0.22222222
0.5116279,0.375,0.5,0.0,1,0.6666667,0.32,0.5,1,0.625,0.5,0.0,1,0.0,0.5,0,0.0,0.0,1,0.26666668
0.6511628,0.875,1.0,0.5,0,0.8333333,0.4,0.5,0,0.125,0.0,0.5,0,1.0,0.33333334,0,1.0,0.0,0,0.4
0.30232558,0.375,0.5,0.5,1,0.16666667,0.9,0.5,1,0.0,0.5,0.5,1,1.0,0.5,0,0.5,0.5,1,0.6
0.6744186,0.95,0.0,0.5,0,0.5,0.02,1.0,1,0.0,0.0,0.5,1,1.0,0.33333334,0,0.0,0.0,1,0.35555556
0.5813953,0.95,0.5,0.5,1,0.0,0.62,0.0,1,0.125,0.0,0.5,1,1.0,0.6666667,0,1.0,0.0,1,0.4
0.41860464,0.15,0.5,1.0,0,0.5,0.88,0.0,1,0.125,1.0,0.5,1,1.0,0.6666667,0,0.0,0.5,0,0.22222222
0.60465115,0.175,1.0,0.5,1,1.0,0.42,0.5,1,0.125,0.0,1.0,1,0.0,0.5,0,0.0,0.0,0,0.26666668
0.27906978,0.875,0.5,0.5,1,0.0,0.66,0.0,0,0.125,0.0,1.0,1,0.0,0.6666667,0,0.5,0.5,1,0.26666668
0.3255814,0.4,1.0,1.0,1,0.16666667,0.58,0.5,1,0.5,0.5,0.5,1,0.0,0.6666667,0,1.0,0.5,0,0.31111112
0.3488372,0.0,0.5,1.0,1,0.6666667,0.34,0.0,1,0.0,0.0,0.5,1,0.0,0.5,0,0.0,0.0,1,0.13333334
0.37209302,0.275,0.5,0.0,0,0.6666667,0.14,0.5,1,0.375,0.5,1.0,0,1.0,0.6666667,0,0.0,0.0,0,0.2
0.30232558,0.6,0.0,1.0,0,0.33333334,0.22,0.0,1,0.125,1.0,0.5,1,1.0,0.33333334,0,0.5,1.0,1,0.2
0.60465115,0.8,0.0,0.5,1,0.8333333,0.06,0.0,1,0.25,0.0,0.5,1,-1.0,0.33333334,0,0.5,1.0,1,0.2888889
0.39534885,0.125,0.5,0.0,0,0.33333334,0.76,0.5,1,0.125,0.5,0.5,0,1.0,0.16666667,1,0.5,0.0,1,0.15555556
0.4883721,0.1,0.5,0.5,1,1.0,0.54,1.0,1,0.625,0.5,0.5,1,0.0,0.5,1,0.0,0.0,1,0.24444444
0.37209302,0.925,1.0,0.0,1,0.6666667,0.78,0.5,1,0.125,0.0,0.5,1,0.0,0.6666667,0,0.5,0.0,1,0.33333334
0.18604651,0.75,1.0,0.5,1,0.8333333,0.3,0.0,1,0.375,0.5,0.5,1,1.0,0.5,0,0.0,0.0,0,0.26666668
0.4883721,0.6,0.5,0.5,1,0.6666667,0.8,0.5,1,0.25,0.5,0.5,1,1.0,0.33333334,0,0.5,0.0,0,0.33333334
0.18604651,0.775,0.5,0.5,0,0.6666667,0.3,1.0,1,0.0,0.5,0.5,1,1.0,0.6666667,0,0.0,0.5,1,0.22222222
0.44186047,0.425,0.0,0.5,0,0.6666667,0.12,0.5,1,0.125,0.5,1.0,1,1.0,0.6666667,0,0.5,0.5,1,0.22222222
0.25581396,0.75,0.5,1.0,1,0.8333333,0.54,0.5,1,0.375,0.5,0.5,1,1.0,0.5,0,1.0,0.0,1,0.33333334
0.7209302,0.375,1.0,0.5,1,0.5,0.94,1.0,1,0.125,0.5,0.5,0,0.0,0.5,0,0.5,0.5,1,0.37777779
0.55813956,0.25,0.5,0.5,0,0.33333334,0.42,0.0,1,0.0,0.0,0.5,1,0.0,0.33333334,0,0.5,0.0,0,0.22222222
0.4651163,0.725,1.0,1.0,1,0.5,0.52,0.5,1,0.125,0.5,0.5,1,1.0,0.33333334,0,0.0,0.0,1,0.35555556
0.627907,0.425,1.0,1.0,1,0.33333334,0.46,0.0,1,0.375,0.5,1.0,0,-1.0,0.5,0,0.5,0.0,0,0.35555556
0.3255814,0.975,0.5,1.0,1,0.33333334,0.46,1.0,1,0.125,1.0,1.0,1,-1.0,0.8333333,0,1.0,0.0,1,0.37777779
0.5116279,0.35,0.0,0.0,0,0.8333333,0.22,0.0,1,0.0,0.5,0.0,1,1.0,0.6666667,0,1.0,0.0,1,0.2
0.4651163,0.925,0.5,0.5,0,0.6666667,0.42,1.0,1,0.25,1.0,1.0,1,0.0,0.16666667,0,0.5,0.5,1,0.37777779
0.4883721,0.925,0.0,0.5,0,0.6666667,0.5,0.5,1,0.125,0.5,0.5,0,1.0,0.6666667,0,1.0,0.0,1,0.35555556
0.627907,0.25,0.5,0.5,1,0.8333333,0.74,0.0,1,0.0,0.0,0.5,1,0.0,0.5,0,0.0,0.5,1,0.24444444
0.53488374,0.8,1.0,0.0,0,0.6666667,0.14,0.5,1,0.375,0.5,0.5,0,1.0,0.5,0,0.5,0.0,0,0.35555556
0.4883721,0.425,0.5,0.5,1,1.0,0.58,1.0,1,0.25,0.5,0.0,1,0.0,0.33333334,0,0.0,0.0,1,0.26666668
0.20930232,0.925,1.0,1.0,0,0.0,0.66,0.0,1,0.125,0.0,1.0,1,0.0,0.33333334,0,1.0,0.0,1,0.31111112
0.30232558,0.45,1.0,0.5,1,0.33333334,0.38,1.0,1,0.0,0.5,0.5,1,1.0,0.8333333,0,0.5,0.5,0,0.26666668
0.41860464,0.75,1.0,0.5,1,0.33333334,0.54,0.5,1,0.0,1.0,0.5,1,0.0,0.6666667,0,1.0,0.0,1,0.35555556
0.4651163,0.475,0.5,0.0,0,0.16666667,0.72,0.0,1,0.125,1.0,0.5,0,1.0,0.33333334,0,0.0,0.5,0,0.24444444
0.27906978,0.225,1.0,1.0,0,0.5,0.46,0.0,1,0.125,0.5,0.0,0,1.0,0.33333334,0,0.0,1.0,1,0.15555556
0.76744187,0.2,0.5,0.5,0,0.5,0.34,1.0,1,0.0,0.5,0.5,0,0.0,0.33333334,0,0.0,0.5,1,0.26666668
0.6511628,0.425,0.5,0.0,1,1.0,0.82,1.0,1,0.25,0.0,0.5,1,-1.0,0.6666667,0,1.0,0.0,0,0.33333334
0.53488374,0.75,1.0,1.0,0,0.6666667,0.98,1.0,1,0.0,0.0,0.5,1,0.0,0.5,0,0.5,0.5,0,0.37777779
0.44186047,0.6,1.0,1.0,0,0.33333334,0.22,0.5,1,0.375,0.5,0.5,0,0.0,0.33333334,0,0.0,0.0,1,0.31111112
0.41860464,0.7,0.5,1.0,0,0.6666667,0.88,1.0,1,0.125,0.5,0.5,1,0.0,0.5,0,0.0,0.5,1,0.33333334
0.30232558,0.275,1.0,1.0,0,0.0,0.54,0.5,1,0.0,0.5,0.5,1,-1.0,0.5,0,0.0,0.0,0,0.2
0.44186047,0.475,0.5,0.5,1,0.5,0.44,0.0,0,0.125,0.5,0.5,1,-1.0,0.5,0,0.0,0.0,1,0.22222222
0.4883721,0.05,0.5,1.0,1,0.5,0.9,0.5,1,0.25,0.5,0.5,1,-1.0,0.33333334,0,0.0,0.0,1,0.24444444
0.27906978,0.825,0.0,0.5,0,0.33333334,0.92,1.0,1,0.25,1.0,0.5,0,-1.0,0.5,0,0.0,0.0,0,0.2888889
0.4883721,1.0,0.5,0.5,1,0.5,0.28,0.5,1,0.25,0.0,0.5,0,1.0,0.5,0,0.5,0.0,0,0.37777779
0.41860464,0.4,0.5,0.0,1,0.33333334,0.36,0.5,1,0.25,1.0,0.5,1,1.0,0.5,0,0.0,0.5,0,0.22222222
0.18604651,0.0,0.5,0.0,1,0.33333334,0.86,0.5,1,0.375,0.0,1.0,0,0.0,0.33333334,0,0.0,0.5,0,0.11111111
0.3255814,0.175,0.5,0.5,0,0.6666667,0.5,0.5,1,0.0,1.0,1.0,1,-1.0,0.6666667,0,1.0,0.0,0,0.17777778
0.39534885,0.65,0.0,0.0,1,0.8333333,0.28,0.0,1,0.375,0.0,1.0,1,1.0,0.5,0,0.0,0.0,0,0.24444444
0.6976744,0.6,0.0,0.5,1,0.6666667,0.96,0.0,1,0.125,0.5,0.5,1,1.0,0.6666667,0,1.0,0.0,0,0.4
0.5116279,0.8,0.5,0.5,1,0.33333334,0.22,0.0,1,0.5,0.0,0.5,1,1.0,0.6666667,0,0.5,0.0,1,0.35555556
0.25581396,0.25,0.5,0.5,1,0.33333334,0.62,0.0,1,0.125,0.0,0.5,1,-1.0,0.33333334,1,0.0,1.0,1,0.08888889
0.5116279,0.775,0.5,0.0,1,0.33333334,0.42,0.5,1,0.625,0.0,1.0,1,0.0,0.5,0,0.0,0.5,0,0.33333334
0.23255815,0.7,0.5,0.0,1,0.5,0.46,0.0,1,0.125,0.5,0.0,0,0.0,0.5,1,0.5,0.0,0,0.17777778
0.5813953,0.325,0.5,0.5,0,0.33333334,0.1,0.5,1,0.125,0.5,0.0,1,1.0,0.6666667,0,1.0,0.0,1,0.26666668
0.37209302,0.55,0.0,0.5,1,0.8333333,0.26,0.5,1,0.25,0.0,0.5,0,0.0,0.33333334,0,0.5,0.5,1,0.22222222
0.41860464,0.15,0.5,0.0,0,0.5,0.16,0.5,1,0.625,0.5,0.0,1,1.0,0.6666667,0,0.5,0.5,0,0.2
0.627907,0.45,1.0,0.5,0,0.6666667,0.74,0.0,1,0.25,0.0,0.5,1,1.0,0.33333334,0,1.0,0.0,1,0.35555556
0.25581396,0.875,0.5,1.0,1,0.16666667,0.7,0.5,1,0.25,1.0,0.5,1,-1.0,0.33333334,0,0.5,0.0,1,0.33333334
0.25581396,0.425,0.5,0.0,1,0.33333334,0.8,0.5,1,0.25,0.5,0.0,1,0.0,0.33333334,0,0.0,0.0,0,0.17777778
0.3488372,0.85,0.0,0.5,0,0.6666667,0.7,0.5,1,0.375,0.0,1.0,1,0.0,0.33333334,0,0.0,0.0,0,0.2888889
0.5813953,0.6,0.5,0.5,1,0.6666667,0.12,0.5,0,0.125,0.5,0.5,1,-1.0,0.33333334,0,0.5,0.0,0,0.26666668
0.23255815,0.2,0.5,1.0,1,0.16666667,0.98,0.5,1,0.125,1.0,0.5,1,0.0,0.6666667,0,1.0,0.0,0,0.24444444
0.046511628,0.575,1.0,0.0,1,0.5,0.18,0.0,1,0.25,0.5,1.0,1,1.0,0.8333333,0,0.0,0.5,1,0.17777778
0.37209302,0.5,0.5,0.5,1,0.5,0.36,0.5,1,0.0,0.5,0.5,0,-1.0,0.8333333,1,0.5,0.0,0,0.22222222
0.5116279,0.4,0.5,1.0,1,0.33333334,0.7,0.0,1,0.25,0.0,0.5,1,1.0,0.5,1,0.0,1.0,1,0.24444444
0.60465115,0.125,0.5,0.5,1,0.6666667,0.14,0.5,1,0.25,0.0,0.0,1,-1.0,0.6666667,0,1.0,0.0,0,0.22222222
0.37209302,0.425,0.0,0.5,1,0.16666667,0.18,0.5,1,0.25,0.5,1.0,0,0.0,0.6666667,0,0.0,0.0,1,0.22222222
0.39534885,0.075,1.0,0.0,0,0.33333334,0.88,0.5,1,0.25,0.5,1.0,1,0.0,0.33333334,1,0.0,0.0,1,0.17777778
0.60465115,0.1,0.5,1.0,0,0.6666667,0.34,0.5,1,0.0,0.0,0.5,1,1.0,0.5,0,0.0,0.0,1,0.22222222
0.18604651,0.425,0.0,1.0,1,0.5,0.66,0.5,1,0.125,0.0,1.0,0,0.0,0.6666667,1,0.0,1.0,1,0.15555556
0.39534885,0.3,0.5,0.5,1,0.5,0.86,0.5,1,0.125,0.5,0.5,1,1.0,0.5,0,0.5,0.0,0,0.24444444
0.4651163,0.925,0.5,0.0,0,0.5,0.98,0.5,1,0.125,1.0,0.5,1,-1.0,0.5,0,1.0,0.0,0,0.35555556
0.5116279,0.375,0.0,0.0,1,0.6666667,0.22,1.0,1,0.25,0.0,0.5,1,1.0,0.33333334,0,0.0,1.0,0,0.2
0.37209302,0.75,0.5,0.5,1,0.6666667,0.12,0.0,1,0.0,0.5,0.5,0,0.0,0.6666667,0,0.5,0.0,0,0.26666668
0.44186047,0.525,0.5,0.5,0,0.6666667,0.74,0.5,1,0.125,1.0,0.5,0,0.0,0.5,0,0.0,0.0,1,0.2888889
0.093023255,0.7,0.5,0.5,0,0.5,0.18,0.5,1,0.375,0.0,0.5,1,-1.0,0.5,0,0.5,0.0,0,0.17777778
0.3488372,0.25,0.0,0.5,1,0.33333334,0.58,1.0,1,0.0,1.0,1.0,1,-1.0,0.5,0,0.5,0.0,0,0.2
0.5116279,0.95,1.0,1.0,1,0.33333334,0.54,0.5,1,0.125,0.0,1.0,1,0.0,0.16666667,0,1.0,0.0,0,0.42222223
0.30232558,0.525,0.0,0.5,1,0.16666667,0.56,0.5,1,0.25,1.0,1.0,1,1.0,0.6666667,0,1.0,0.0,1,0.2888889
0.44186047,0.825,0.5,0.5,1,0.33333334,0.64,0.0,0,0.125,0.5,1.0,1,1.0,0.5,1,0.0,0.5,0,0.2888889
0.5116279,0.375,1.0,1.0,1,0.33333334,0.86,0.5,0,0.25,0.5,0.0,1,0.0,0.5,0,1.0,0.5,0,0.31111112
0.39534885,0.1,0.0,0.5,1,0.8333333,0.28,0.5,1,0.5,0.0,0.5,1,-1.0,0.6666667,1,0.0,0.0,1,0.13333334
0.4651163,0.675,0.0,1.0,1,0.16666667,0.56,1.0,1,0.125,0.0,0.5,0,1.0,0.33333334,0,0.0,0.0,0,0.31111112
0.30232558,0.0,0.0,0.0,1,0.8333333,0.34,0.0,1,0.375,1.0,1.0,1,1.0,0.5,0,0.0,0.0,0,0.13333334
0.41860464,0.475,0.5,1.0,1,0.5,0.32,0.0,1,0.375,1.0,0.5,1,1.0,0.5,1,0.0,0.0,1,0.26666668
0.53488374,0.2,0.0,1.0,0,0.5,0.02,0.5,1,0.0,0.0,0.0,0,0.0,0.6666667,0,0.0,0.0,0,0.17777778
0.4651163,0.625,0.5,0.5,0,0.6666667,0.6,0.5,1,0.375,0.0,1.0,1,1.0,0.5,1,0.5,0.5,0,0.2888889
0.3488372,0.975,0.5,0.5,0,0.16666667,0.98,0.0,0,0.0,0.0,0.5,0,0.0,0.8333333,0,0.5,0.5,0,0.2888889
0.4651163,0.475,0.5,0.0,1,0.33333334,0.76,0.0,1,0.25,1.0,0.5,1,0.0,0.16666667,0,0.0,0.0,1,0.26666668
0.53488374,0.825,0.0,0.5,1,0.16666667,0.24,1.0,1,0.125,1.0,0.5,0,-1.0,0.5,0,0.5,0.5,0,0.31111112
0.1627907,0.5,1.0,0.5,0,0.33333334,0.72,0.5,1,0.25,0.0,0.5,1,0.0,0.5,0,0.0,0.0,1,0.2
0.60465115,0.5,0.0,0.0,0,0.33333334,0.3,0.0,1,0.125,0.0,0.5,1,1.0,0.6666667,0,1.0,0.0,1,0.26666668
0.39534885,0.925,0.5,1.0,0,0.8333333,0.76,0.0,1,0.125,1.0,0.5,1,0.0,0.5,1,0.0,0.0,0,0.33333334
0.5116279,0.9,0.0,1.0,1,0.33333334,0.86,0.0,1,0.625,0.0,0.5,1,-1.0,0.6666667,0,0.0,0.0,0,0.37777779
0.60465115,0.775,0.0,1.0,0,0.0,0.34,0.5,1,0.125,1.0,1.0,0,0.0,0.33333334,0,0.0,0.5,0,0.35555556
0.25581396,0.3,0.5,0.5,0,0.33333334,0.0,1.0,1,0.125,0.0,0.5,1,1.0,0.5,0,0.5,0.0,1,0.15555556
0.3488372,0.55,0.5,0.5,1,0.6666667,0.3,1.0,1,0.25,0.0,0.5,0,1.0,0.8333333,1,1.0,0.0,1,0.26666668
0.39534885,0.225,0.5,1.0,1,0.8333333,0.2,0.5,1,0.375,0.0,0.5,1,-1.0,0.33333334,0,0.5,1.0,0,0.2
0.3255814,0.45,0.5,0.5,1,0.5,0.62,0.5,1,0.0,0.5,0.0,1,0.0,0.33333334,0,0.0,0.0,1,0.2
0.6744186,0.475,1.0,0.5,0,0.33333334,0.3,0.5,1,0.125,0.0,0.5,1,-1.0,0.6666667,0,1.0,0.0,0,0.33333334
0.3255814,0.825,0.5,0.5,1,0.5,0.04,0.5,1,0.375,0.0,0.5,1,-1.0,0.8333333,0,0.5,0.0,0,0.2888889
0.37209302,0.9,0.5,0.5,0,0.6666667,0.54,0.5,1,0.125,0.5,0.5,1,0.0,0.5,0,1.0,0.0,0,0.33333334
0.4651163,0.425,0.5,0.0,1,0.16666667,0.88,0.0,1,0.125,0.5,1.0,1,-1.0,0.5,0,0.0,1.0,1,0.22222222
0.27906978,0.025,0.0,0.0,0,0.5,0.46,0.0,1,0.25,1.0,0.5,1,1.0,0.33333334,0,0.0,0.0,0,0.08888889
0.39534885,0.85,0.5,0.5,1,0.5,0.38,0.5,1,0.125,0.5,1.0,1,1.0,0.33333334,0,0.0,1.0,0,0.31111112
0.4883721,0.175,0.5,0.5,1,0.5,0.18,1.0,1,0.25,0.0,1.0,1,1.0,0.5,0,1.0,0.0,1,0.26666668
0.39534885,0.625,0.5,1.0,0,0.5,0.38,0.5,1,0.25,0.0,0.5,0,1.0,0.6666667,0,0.0,0.0,1,0.2888889
0.41860464,0.025,0.5,0.5,0,0.33333334,0.34,0.0,1,0.125,0.5,0.5,1,1.0,0.16666667,0,0.5,0.0,1,0.15555556
0.37209302,0.4,1.0,0.5,0,0.6666667,1.0,0.0,0,0.0,1.0,0.5,0,0.0,0.6666667,0,0.0,0.5,1,0.22222222
0.23255815,0.975,1.0,0.5,1,0.5,0.04,0.5,1,0.0,1.0,1.0,0,0.0,0.8333333,0,0.5,0.0,0,0.31111112
0.4883721,0.1,0.5,0.5,1,0.5,0.24,0.5,1,0.375,0.0,0.5,0,0.0,0.6666667,0,1.0,0.5,0,0.22222222
0.6976744,0.425,1.0,0.0,1,0.16666667,0.06,1.0,1,0.125,0.5,0.5,1,0.0,0.33333334,0,0.0,0.0,0,0.2888889
0.44186047,0.3,1.0,0.0,1,0.6666667,0.86,0.5,1,0.5,0.0,1.0,1,1.0,0.33333334,0,0.0,0.0,1,0.2888889
0.4651163,0.9,1.0,0.5,1,0.33333334,0.42,1.0,0,0.375,0.5,0.5,1,-1.0,0.5,0,0.0,0.0,0,0.35555556
0.53488374,0.875,0.5,0.0,1,0.8333333,0.8,0.5,1,0.375,0.0,0.0,1,1.0,0.6666667,0,0.0,0.5,1,0.35555556
0.25581396,0.25,1.0,0.5,0,0.16666667,0.7,1.0,1,0.125,1.0,0.5,1,1.0,0.5,0,1.0,0.0,0,0.24444444
0.6744186,0.075,0.5,1.0,1,0.6666667,0.92,0.5,1,0.5,0.0,0.5,0,1.0,0.5,0,1.0,0.0,0,0.35555556
0.4651163,0.625,0.5,0.5,0,0.0,0.02,0.0,1,0.25,0.0,0.5,1,0.0,0.5,0,0.5,0.0,0,0.24444444
0.6744186,0.325,1.0,0.0,0,0.0,0.2,0.5,1,0.0,0.0,0.0,0,1.0,0.6666667,0,0.0,0.5,0,0.24444444
0.3488372,0.675,1.0,1.0,1,0.33333334,0.7,0.5,1,0.25,0.5,1.0,1,0.0,0.16666667,0,0.0,0.0,0,0.31111112
0.6976744,0.025,0.5,0.5,0,0.0,0.58,0.5,1,0.0,0.0,0.0,1,1.0,0.5,0,0.0,0.5,0,0.22222222
0.55813956,0.125,1.0,0.0,1,0.6666667,0.7,0.5,1,0.25,0.0,0.5,1,-1.0,0.5,0,1.0,0.0,0,0.24444444
0.5116279,0.675,0.5,0.0,0,0.5,0.58,0.5,1,0.25,0.5,0.5,1,0.0,0.33333334,0,0.0,1.0,1,0.26666668
0.4651163,0.2,0.5,0.5,0,0.8333333,0.58,0.0,1,0.125,1.0,1.0,0,-1.0,0.6666667,0,1.0,0.5,0,0.24444444
0.41860464,0.85,0.5,0.5,0,0.5,0.94,0.5,1,0.0,0.5,0.5,1,0.0,0.5,0,0.0,0.0,0,0.31111112
0.60465115,0.05,1.0,0.0,0,0.5,0.92,0.5,1,0.25,0.0,0.5,1,0.0,0.6666667,0,0.0,0.0,1,0.24444444
0.4651163,0.225,1.0,0.5,1,0.5,0.04,0.0,1,0.0,0.0,0.5,1,-1.0,0.5,0,1.0,0.0,1,0.2
0.1627907,1.0,1.0,1.0,1,0.33333334,0.42,0.5,1,0.0,0.0,1.0,1,1.0,0.33333334,0,1.0,0.0,0,0.33333334
0.27906978,0.425,0.0,0.5,1,0.33333334,0.52,0.0,0,0.125,0.5,0.0,0,0.0,0.6666667,0,0.5,0.5,1,0.15555556
0.41860464,0.7,0.0,0.5,1,0.16666667,0.36,1.0,1,0.125,0.0,0.0,1,1.0,0.8333333,0,0.0,0.5,1,0.26666668
0.4883721,0.175,0.0,0.5,0,0.6666667,0.04,0.5,1,0.125,0.5,0.0,1,-1.0,0.33333334,1,0.5,0.5,0,0.11111111
0.44186047,0.6,0.0,0.0,0,0.5,0.48,0.0,1,0.125,1.0,0.5,1,0.0,0.5,0,1.0,0.0,0,0.24444444
0.60465115,0.725,0.5,0.5,1,0.5,0.98,0.5,1,0.0,0.5,1.0,1,1.0,0.33333334,0,0.0,0.0,0,0.37777779
0.1627907,0.325,0.5,1.0,1,1.0,0.08,0.5,1,0.25,0.5,0.5,1,1.0,0.5,0,0.0,0.0,1,0.17777778
0.4651163,0.825,0.0,0.0,1,0.33333334,0.82,0.0,1,0.125,1.0,0.5,1,-1.0,0.5,0,1.0,0.0,1,0.31111112
0.18604651,0.6,1.0,1.0,1,0.5,0.2,1.0,1,0.125,0.0,0.5,0,1.0,0.5,0,0.5,0.5,1,0.24444444
0.55813956,0.4,0.5,0.5,1,0.5,0.58,0.5,1,0.25,0.5,0.5,1,1.0,0.33333334,0,0.5,0.0,1,0.31111112
0.41860464,0.55,1.0,0.5,0,0.8333333,0.38,0.0,1,0.25,0.5,0.5,0,0.0,0.5,0,0.5,0.5,1,0.2888889
0.5116279,0.575,0.5,0.0,0,0.5,0.34,0.5,1,0.375,0.0,0.0,1,-1.0,0.6666667,0,0.0,0.5,0,0.24444444
0.3255814,0.175,0.5,0.5,1,0.5,0.88,0.0,1,0.0,1.0,0.0,0,1.0,0.33333334,0,1.0,0.5,1,0.17777778
0.627907,0.4,0.5,0.5,1,1.0,0.98,1.0,1,0.125,0.5,0.5,1,0.0,0.5,0,0.0,0.0,1,0.33333334
0.5813953,0.35,0.5,0.5,0,0.33333334,0.38,0.5,1,0.25,0.0,1.0,1,1.0,0.6666667,0,1.0,0.5,1,0.2888889
0.53488374,0.4,0.5,0.5,1,0.5,0.64,0.5,1,0.25,0.5,0.5,1,1.0,0.6666667,0,0.5,1.0,1,0.2888889
0.41860464,0.75,0.5,0.5,0,0.6666667,0.56,0.5,1,0.125,0.0,0.5,0,0.0,0.5,0,0.0,0.5,1,0.26666668
0.5116279,0.475,1.0,1.0,1,0.33333334,0.08,0.0,1,0.125,0.0,0.5,1,0.0,0.16666667,0,0.0,0.5,1,0.26666668
0.3488372,0.95,1.0,0.0,1,0.6666667,0.04,0.5,1,0.375,0.0,1.0,1,0.0,0.5,0,0.5,0.5,0,0.31111112
0.55813956,0.3,0.5,0.5,0,0.33333334,0.78,0.0,1,0.375,0.0,1.0,1,0.0,0.8333333,0,0.0,0.0,1,0.2888889
0.6744186,0.425,0.5,0.0,1,0.8333333,0.4,0.5,1,0.0,0.5,1.0,1,0.0,0.16666667,0,0.0,0.5,1,0.26666668
0.5813953,0.775,1.0,0.5,1,0.6666667,0.3,0.0,1,0.0,0.5,1.0,1,0.0,0.33333334,0,0.0,0.5,1,0.33333334
0.3488372,0.55,1.0,1.0,0,0.5,0.98,0.0,1,0.375,0.5,0.5,1,1.0,0.5,0,1.0,0.5,1,0.33333334
0.4883721,0.55,0.5,0.0,0,0.16666667,0.08,0.5,1,0.25,0.5,0.5,1,0.0,0.33333334,0,0.5,0.5,1,0.24444444
0.25581396,0.05,1.0,1.0,1,0.33333334,0.26,1.0,1,0.0,0.0,0.5,0,-1.0,0.33333334,0,0.0,0.0,1,0.13333334
0.5116279,0.4,0.0,1.0,1,0.5,0.86,0.5,1,0.25,0.0,0.5,1,-1.0,0.33333334,0,0.5,0.0,1,0.2888889
0.5116279,0.275,0.0,0.5,1,0.6666667,0.42,0.0,1,0.125,0.0,0.0,1,0.0,0.33333334,0,1.0,0.0,0,0.2
0.18604651,1.0,0.0,0.0,0,0.5,0.58,0.5,1,0.125,0.0,0.5,1,1.0,0.33333334,0,1.0,0.0,1,0.24444444
0.27906978,0.3,0.0,1.0,1,0.6666667,0.04,0.5,1,0.375,1.0,1.0,0,1.0,0.6666667,0,0.0,0.0,1,0.22222222
0.39534885,0.875,0.5,1.0,0,0.6666667,0.92,0.5,1,0.375,0.5,0.0,1,-1.0,1.0,0,1.0,0.0,1,0.4
0.39534885,0.675,0.0,0.0,0,0.6666667,0.14,0.5,0,0.375,1.0,1.0,1,1.0,0.6666667,0,0.0,0.0,1,0.24444444
0.27906978,0.35,1.0,1.0,1,0.5,0.22,0.5,1,0.25,0.0,0.5,1,1.0,0.5,0,0.0,0.5,1,0.22222222
0.4883721,0.55,0.5,1.0,1,0.5,0.16,0.5,1,0.0,0.5,0.5,1,-1.0,0.6666667,0,0.5,0.0,1,0.2888889
0.4883721,0.85,0.5,0.5,1,0.5,0.5,0.0,1,0.0,0.0,1.0,1,0.0,0.5,0,0.0,0.0,1,0.31111112
0.41860464,0.875,0.0,1.0,1,0.33333334,0.82,1.0,1,0.125,0.5,1.0,1,0.0,0.6666667,0,0.5,0.0,1,0.37777779
0.3255814,0.15,0.5,0.5,0,0.8333333,0.26,0.5,1,0.375,0.5,0.5,0,0.0,0.5,0,0.0,0.0,1,0.17777778
0.5813953,0.35,0.0,0.5,0,0.6666667,0.14,0.5,1,0.0,0.5,0.5,0,1.0,0.16666667,0,0.0,0.0,1,0.22222222
0.6744186,0.325,1.0,0.5,1,0.8333333,0.4,0.0,1,0.0,0.5,0.5,1,-1.0,0.6666667,0,0.5,0.0,1,0.31111112
0.37209302,0.05,1.0,0.0,0,0.33333334,0.98,0.5,1,0.25,0.5,0.5,0,-1.0,0.5,0,0.0,1.0,0,0.15555556
0.3488372,0.6,0.5,1.0,1,0.6666667,0.02,0.0,1,0.0,0.5,0.5,1,-1.0,0.5,0,1.0,0.0,0,0.24444444
0.5116279,0.85,0.0,0.0,1,0.8333333,0.5,0.5,1,0.375,0.0,0.5,0,0.0,0.33333334,0,1.0,0.5,0,0.31111112
0.39534885,0.375,1.0,0.5,1,0.8333333,0.66,0.5,1,0.25,0.0,0.5,1,1.0,0.6666667,1,1.0,0.5,0,0.26666668
0.41860464,0.75,0.5,1.0,1,0.16666667,0.8,0.0,1,0.0,0.0,0.5,1,0.0,0.33333334,0,0.5,1.0,0,0.8666667
0.53488374,0.625,0.5,0.5,1,0.5,0.74,1.0,1,0.25,0.5,0.5,0,0.0,0.33333334,0,0.0,0.0,0,0.35555556
0.18604651,0.375,0.5,0.5,0,0.5,0.08,0.0,1,0.25,0.0,0.5,1,1.0,0.6666667,0,0.0,0.0,0,0.13333334
0.627907,0.15,1.0,0.5,1,0.8333333,0.46,0.5,1,0.25,0.0,0.5,1,1.0,0.33333334,0,0.5,0.0,1,0.2888889
0.44186047,0.7,0.5,0.5,0,0.0,0.08,0.0,1,0.0,1.0,0.0,1,-1.0,0.6666667,0,0.0,0.0,1,0.24444444
0.39534885,0.85,1.0,1.0,1,0.16666667,0.62,0.5,1,0.0,1.0,0.0,1,-1.0,0.8333333,0,0.0,0.0,0,0.35555556
0.41860464,0.675,0.0,0.5,0,0.8333333,0.08,0.0,1,0.375,0.0,1.0,1,1.0,0.6666667,0,0.0,0.5,0,0.24444444
0.44186047,0.025,0.0,0.5,0,0.33333334,0.04,0.5,1,0.25,0.0,0.0,0,-1.0,0.33333334,0,1.0,0.0,1,0.11111111
0.20930232,0.225,0.5,0.5,1,0.16666667,0.3,0.0,1,0.0,0.5,0.5,0,1.0,0.5,0,0.0,0.0,0,0.11111111
0.6511628,0.075,0.0,0.0,1,0.8333333,0.94,1.0,0,0.375,0.5,1.0,1,-1.0,0.5,0,0.0,0.0,1,0.24444444
0.44186047,0.575,0.5,0.0,1,0.16666667,0.7,0.5,1,0.125,1.0,1.0,1,0.0,0.33333334,0,0.5,1.0,1,0.26666668
0.5116279,0.75,0.0,0.0,0,0.8333333,0.0,0.0,1,0.5,0.5,0.5,0,0.0,0.5,0,0.0,0.5,1,0.26666668
0.5813953,0.1,0.5,0.5,0,0.16666667,0.28,0.5,1,0.25,1.0,0.5,1,-1.0,0.16666667,0,0.0,0.0,1,0.2
0.30232558,0.85,0.5,0.5,0,0.16666667,0.02,0.5,1,0.0,0.5,1.0,1,0.0,0.5,0,0.5,0.0,1,0.24444444
0.5116279,0.55,1.0,0.0,0,0.5,0.3,1.0,1,0.125,0.5,1.0,1,-1.0,0.5,0,0.0,0.0,0,0.2888889
0.39534885,0.7,1.0,0.0,1,0.33333334,0.68,0.5,1,0.125,0.5,1.0,1,1.0,0.5,0,1.0,0.5,0,0.33333334
0.55813956,0.975,1.0,0.5,1,0.5,0.76,0.5,1,0.375,0.0,0.5,0,1.0,0.6666667,0,0.5,0.5,0,0.44444445
0.13953489,0.075,1.0,1.0,1,1.0,0.8,0.5,1,0.0,0.0,0.5,0,1.0,0.33333334,1,0.0,0.5,1,0.6888889
0.41860464,0.9,0.5,0.5,1,0.5,0.9,1.0,1,0.375,0.5,1.0,0,-1.0,0.5,0,0.5,0.0,0,0.4
0.3488372,0.125,0.5,0.0,0,0.8333333,0.36,0.5,1,0.125,1.0,0.5,1,0.0,0.5,0,0.0,0.5,1,0.13333334
0.5116279,0.4,1.0,1.0,0,0.5,0.86,0.5,1,0.0,0.5,0.5,0,-1.0,1.0,0,0.0,0.5,1,0.2888889
0.5116279,0.85,0.5,1.0,0,0.6666667,0.72,0.5,1,0.125,0.0,1.0,1,0.0,0.0,0,0.5,1.0,0,0.33333334
0.3488372,0.9,0.5,0.5,1,0.0,0.54,1.0,1,0.125,1.0,1.0,1,1.0,0.33333334,0,0.0,0.0,1,0.35555556
0.3488372,0.5,1.0,0.5,1,0.6666667,0.96,1.0,1,0.25,0.5,1.0,0,1.0,0.6666667,0,1.0,0.0,1,0.35555556
0.41860464,0.6,0.5,0.5,0,0.6666667,0.94,1.0,1,0.25,0.5,0.5,1,0.0,0.16666667,1,0.5,0.0,1,0.2888889
0.3255814,0.7,1.0,1.0,1,0.33333334,0.9,0.5,1,0.25,0.0,0.5,1,-1.0,0.6666667,0,0.0,0.0,0,0.33333334
0.55813956,0.825,0.5,0.5,1,1.0,0.2,0.0,1,0.125,0.5,0.5,1,1.0,0.5,0,0.5,0.5,1,0.33333334
0.39534885,0.125,0.5,1.0,1,0.33333334,0.2,0.0,1,0.0,0.5,1.0,0,0.0,0.5,0,0.0,0.5,0,0.15555556
0.046511628,0.8,1.0,0.0,1,0.16666667,0.9,1.0,1,0.375,0.5,0.5,1,0.0,0.16666667,0,1.0,0.0,0,0.26666668
0.39534885,0.475,0.5,0.5,0,0.6666667,0.4,1.0,1,0.375,0.5,0.5,1,1.0,0.5,0,0.5,0.0,0,0.2888889
0.30232558,0.45,1.0,1.0,1,0.16666667,0.8,0.5,1,0.125,0.5,0.5,1,0.0,0.5,0,1.0,0.0,0,0.2888889
0.20930232,0.425,1.0,1.0,0,0.5,0.68,0.0,1,0.25,0.0,1.0,0,0.0,0.16666667,0,0.0,1.0,1,0.2
0.27906978,0.5,0.5,1.0,0,0.8333333,0.76,0.5,1,0.125,1.0,1.0,1,1.0,0.5,0,1.0,0.0,1,0.2888889
0.4651163,0.95,0.0,1.0,1,0.6666667,0.02,0.5,1,0.0,0.5,0.5,1,0.0,0.5,0,0.0,0.0,1,0.31111112
0.627907,0.55,0.5,1.0,0,0.5,0.42,0.0,1,0.125,0.5,1.0,1,0.0,0.5,0,0.0,0.0,1,0.33333334
0.4883721,0.95,0.5,0.5,1,0.33333334,0.86,0.5,1,0.5,0.0,0.5,1,0.0,0.6666667,0,0.0,0.0,0,0.4
0.3488372,0.175,1.0,0.5,1,0.8333333,0.48,0.5,1,0.125,1.0,1.0,1,1.0,0.5,0,1.0,0.5,1,0.24444444
0.5116279,0.725,0.0,0.5,0,0.16666667,0.7,0.0,1,0.0,0.0,0.5,1,1.0,0.5,0,1.0,0.5,1,0.2888889
0.37209302,0.8,0.0,0.5,1,0.6666667,0.76,1.0,0,0.125,1.0,0.5,1,0.0,0.5,0,0.0,0.0,0,0.2888889
0.3488372,0.675,0.0,0.5,1,1.0,0.12,0.0,1,0.25,0.5,1.0,0,0.0,0.0,0,1.0,0.5,0,0.22222222
0.27906978,0.6,0.5,0.5,1,0.6666667,0.16,1.0,1,0.25,0.0,0.0,1,0.0,0.5,0,1.0,0.0,0,0.24444444
0.18604651,0.575,1.0,0.0,1,0.5,0.72,0.5,1,0.0,0.0,0.5,1,-1.0,0.16666667,0,0.5,1.0,0,0.15555556
0.39534885,0.85,0.0,0.0,1,0.5,0.06,0.0,1,0.375,0.5,1.0,0,0.0,0.33333334,0,0.0,0.0,0,0.26666668
0.4651163,0.825,0.5,1.0,1,0.33333334,0.34,1.0,1,0.125,0.5,1.0,1,1.0,0.5,0,1.0,0.0,0,0.4
0.41860464,0.125,0.5,0.0,1,0.33333334,0.92,0.5,1,0.25,0.5,1.0,0,0.0,0.33333334,0,1.0,0.0,1,0.22222222
0.39534885,0.85,1.0,0.0,0,0.5,0.58,1.0,1,0.25,1.0,0.5,0,0.0,0.6666667,0,0.0,0.0,0,0.33333334
0.30232558,0.425,1.0,0.5,1,0.6666667,0.92,0.5,1,0.375,0.5,0.5,1,0.0,0.33333334,0,1.0,0.0,1,0.2888889
0.53488374,0.25,1.0,0.5,1,0.8333333,0.3,0.5,1,0.375,0.5,0.0,0,1.0,0.5,0,0.0,0.5,1,0.26666668
0.25581396,0.875,0.0,0.5,1,0.0,0.64,1.0,1,0.25,0.0,0.5,1,-1.0,0.5,0,0.0,0.5,1,0.24444444
0.55813956,0.425,0.5,0.0,0,0.0,0.28,0.0,1,0.375,0.0,0.5,1,0.0,0.6666667,1,0.5,0.0,0,0.22222222
0.30232558,0.8,1.0,0.0,1,0.8333333,0.12,0.0,1,0.125,0.5,0.5,1,0.0,0.6666667,0,0.0,0.5,0,0.24444444
0.3255814,0.275,1.0,1.0,0,0.5,1.0,0.0,1,0.25,0.0,0.0,1,0.0,0.6666667,0,0.0,0.0,1,0.24444444
0.23255815,0.0,0.5,1.0,0,0.5,0.18,1.0,1,0.25,0.0,0.5,1,1.0,0.16666667,0,0.5,0.5,1,0.11111111
0.37209302,0.5,1.0,0.0,1,0.6666667,0.18,0.5,1,0.0,1.0,1.0,1,-1.0,0.6666667,0,0.5,0.0,0,0.24444444
0.5813953,0.1,1.0,0.5,1,0.5,0.84,0.0,1,0.25,0.0,1.0,0,1.0,0.6666667,0,0.5,0.5,0,0.2888889
0.5116279,0.75,0.5,0.5,1,1.0,0.8,0.0,1,0.375,0.0,0.5,1,1.0,0.8333333,0,0.0,0.0,1,0.37777779
0.5813953,0.275,0.0,1.0,0,0.6666667,0.98,0.5,0,0.125,0.5,0.5,1,1.0,0.5,0,0.5,0.0,1,0.2888889
0.5116279,0.45,0.5,0.5,1,0.33333334,0.08,1.0,1,0.0,0.0,0.5,1,0.0,0.5,0,1.0,0.0,0,0.26666668
0.27906978,0.075,1.0,0.5,0,0.33333334,0.1,1.0,1,0.0,0.5,0.0,1,1.0,0.6666667,0,1.0,0.0,1,0.15555556
0.39534885,0.275,0.5,0.5,0,0.5,0.44,1.0,1,0.0,1.0,1.0,1,1.0,0.8333333,0,0.5,0.5,0,0.24444444
0.3255814,0.775,1.0,0.5,0,0.33333334,0.6,0.5,1,0.0,0.0,0.5,0,1.0,0.5,0,1.0,0.0,1,0.31111112
0.627907,0.15,0.5,0.5,0,1.0,0.04,0.0,1,0.0,0.0,1.0,1,1.0,0.5,0,0.0,0.0,1,0.2
0.27906978,0.65,0.0,0.5,0,0.5,0.16,0.5,0,0.0,0.5,0.5,0,1.0,0.5,0,0.0,0.0,1,0.17777778
0.55813956,0.925,0.0,1.0,1,0.16666667,0.7,0.5,1,0.25,1.0,0.5,1,1.0,0.33333334,0,0.0,0.0,1,0.42222223
0.55813956,0.675,1.0,0.5,1,0.6666667,0.66,0.5,1,0.0,0.5,1.0,0,1.0,0.6666667,0,0.5,0.5,1,0.37777779
0.6976744,0.8,0.5,0.5,1,0.8333333,0.08,0.5,0,0.125,0.0,0.5,0,1.0,0.5,0,0.5,0.0,1,0.35555556
0.39534885,0.1,0.0,1.0,1,0.8333333,0.94,0.5,1,0.25,0.5,0.5,1,-1.0,0.5,0,0.0,0.5,0,0.2
0.53488374,0.25,1.0,1.0,0,0.33333334,0.26,0.0,0,0.0,0.0,0.5,1,0.0,0.5,0,0.0,0.0,1,0.22222222
0.76744187,0.9,0.5,0.5,1,0.16666667,0.88,1.0,1,0.125,0.5,1.0,1,-1.0,0.8333333,1,0.0,0.5,0,0.44444445
0.3488372,0.725,1.0,0.5,0,0.8333333,0.92,0.5,1,0.25,0.5,0.0,1,1.0,0.5,0,0.5,1.0,1,0.31111112
0.23255815,0.65,0.5,0.5,0,0.16666667,0.5,0.5,1,0.125,0.5,0.0,1,0.0,0.6666667,0,1.0,0.5,0,0.22222222
0.18604651,0.675,0.0,0.0,0,0.6666667,0.42,0.0,0,0.0,0.0,1.0,1,0.0,0.16666667,0,0.5,0.5,1,0.11111111
0.53488374,0.425,0.5,0.5,1,0.33333334,0.28,0.5,1,0.25,1.0,0.5,1,1.0,0.6666667,0,0.0,0.0,1,0.31111112
0.18604651,0.05,1.0,1.0,1,0.8333333,0.8,1.0,1,0.5,1.0,0.5,1,0.0,0.6666667,0,0.5,1.0,1,0.22222222
0.39534885,0.775,0.0,0.5,1,0.16666667,0.2,0.0,1,0.0,1.0,1.0,0,1.0,0.6666667,0,0.0,0.5,1,0.26666668
0.5116279,0.675,1.0,0.0,0,0.33333334,0.62,0.0,1,0.625,0.5,1.0,0,0.0,0.33333334,0,0.0,1.0,0,0.33333334
0.4651163,0.475,0.5,0.0,1,0.6666667,0.56,0.0,1,0.125,0.0,1.0,1,1.0,0.6666667,0,0.5,0.5,0,0.24444444
0.5116279,0.9,0.5,0.5,1,0.6666667,0.24,0.5,1,0.0,0.0,1.0,1,0.0,0.6666667,0,0.0,0.5,0,0.31111112
0.4651163,0.325,0.5,0.5,1,0.8333333,0.98,0.5,1,0.25,0.5,1.0,1,0.0,0.5,0,1.0,0.0,1,0.31111112
0.627907,0.3,1.0,0.5,1,0.6666667,0.84,0.0,1,0.125,0.5,0.5,1,-1.0,0.33333334,0,0.0,0.0,0,0.2888889
0.30232558,0.875,0.5,0.5,1,0.6666667,0.02,0.5,1,0.625,0.5,0.5,0,1.0,0.6666667,0,0.5,0.0,0,0.33333334
0.3488372,0.8,0.5,0.0,0,0.8333333,0.42,1.0,1,0.25,0.0,0.5,0,0.0,0.33333334,0,0.0,0.5,0,0.24444444
0.3255814,0.525,1.0,0.5,0,0.16666667,0.36,0.0,0,0.0,0.5,1.0,1,1.0,0.5,0,0.0,0.0,0,0.22222222
0.55813956,0.125,0.0,0.5,0,0.33333334,0.88,0.5,1,0.125,0.0,1.0,1,-1.0,0.6666667,0,0.5,0.0,1,0.22222222
0.55813956,0.225,0.0,0.5,1,0.16666667,0.26,0.5,1,0.125,1.0,0.5,0,0.0,0.33333334,0,0.0,0.0,1,0.22222222
0.5116279,0.65,0.0,0.5,1,0.0,1.0,0.5,1,0.0,0.0,1.0,1,-1.0,0.5,0,1.0,0.0,1,0.31111112
0.60465115,0.375,0.5,0.5,0,0.6666667,0.2,0.5,1,0.5,0.5,0.5,1,1.0,0.33333334,0,1.0,0.5,0,0.31111112
0.27906978,0.825,0.5,1.0,0,0.8333333,0.24,0.0,1,0.0,0.0,0.5,0,0.0,0.5,0,0.0,0.5,1,0.22222222
0.6744186,0.95,1.0,1.0,1,0.6666667,0.66,1.0,0,0.125,0.0,1.0,1,0.0,0.5,0,0.0,0.0,0,0.46666667
0.6511628,0.8,0.5,1.0,0,0.6666667,0.16,0.0,1,0.25,0.5,0.0,0,0.0,0.5,0,0.5,0.0,1,0.37777779
0.53488374,0.375,0.5,0.0,0,0.5,0.88,0.5,1,0.25,0.5,1.0,1,-1.0,0.6666667,0,0.0,0.0,1,0.26666668
0.6976744,0.8,1.0,0.5,1,0.5,0.1,0.5,1,0.375,0.0,1.0,1,1.0,0.5,0,0.0,0.0,1,0.42222223
0.20930232,0.35,0.5,0.5,1,1.0,0.98,1.0,1,0.25,0.5,1.0,1,0.0,0.5,0,0.5,0.0,1,0.24444444
0.37209302,0.175,1.0,1.0,1,0.8333333,0.88,0.5,1,0.25,0.0,0.0,0,1.0,0.5,0,0.0,0.0,0,0.24444444
0.3488372,0.025,0.5,1.0,0,0.33333334,0.84,1.0,1,0.5,1.0,1.0,1,0.0,0.5,0,0.0,0.0,1,0.24444444
0.53488374,0.375,0.0,1.0,1,0.8333333,0.4,1.0,1,0.625,1.0,1.0,1,-1.0,0.8333333,0,0.5,0.0,0,0.35555556
0.30232558,0.9,0.5,0.0,0,0.8333333,0.52,0.5,1,0.0,0.0,1.0,1,0.0,0.5,0,0.0,0.5,1,0.24444444
0.55813956,0.25,0.0,1.0,0,0.6666667,0.46,1.0,1,0.125,0.0,0.0,1,-1.0,0.33333334,0,1.0,0.0,1,0.22222222
0.627907,0.2,0.0,1.0,1,0.6666667,0.98,0.5,1,0.125,1.0,0.5,1,0.0,0.5,0,0.0,0.0,0,0.31111112
0.53488374,0.975,0.5,0.0,1,0.6666667,0.04,0.0,1,0.125,0.0,1.0,1,-1.0,0.33333334,0,0.0,0.0,1,0.31111112
0.4883721,0.025,0.5,0.5,1,0.16666667,0.38,0.0,1,0.25,0.0,1.0,1,0.0,0.33333334,0,0.0,1.0,0,0.17777778
0.30232558,0.775,0.0,0.5,0,0.16666667,0.96,1.0,1,0.0,1.0,1.0,1,0.0,0.5,0,0.0,0.0,0,0.2888889
0.3255814,0.325,0.5,0.5,0,0.6666667,0.36,0.5,1,0.125,1.0,0.5,1,0.0,0.5,0,0.0,0.0,0,0.2
0.60465115,0.025,0.5,0.5,0,0.16666667,0.4,0.5,1,0.25,0.0,0.0,1,0.0,0.33333334,0,0.5,0.0,1,0.2
0.55813956,0.925,0.5,1.0,1,0.16666667,0.64,1.0,1,0.125,0.0,1.0,1,-1.0,0.8333333,0,0.5,0.5,1,0.4
0.44186047,0.15,0.0,1.0,1,0.0,0.9,1.0,1,0.25,1.0,0.5,1,0.0,0.33333334,0,0.0,0.5,0,0.24444444
0.37209302,0.55,0.5,1.0,0,0.33333334,0.3,0.0,1,0.5,0.0,0.5,0,1.0,0.5,0,0.0,0.5,0,0.26666668
0.1627907,0.275,1.0,0.5,1,0.6666667,0.94,0.5,1,0.375,0.5,0.5,0,0.0,0.16666667,1,0.0,0.0,0,0.17777778
0.30232558,0.075,0.5,0.5,1,0.6666667,0.28,1.0,1,0.125,0.0,0.5,1,0.0,0.5,0,0.0,0.5,1,0.13333334
0.6976744,0.05,0.5,0.5,1,0.6666667,0.82,1.0,1,0.5,1.0,1.0,1,1.0,0.6666667,0,0.0,0.5,1,0.35555556
0.25581396,0.125,0.0,0.5,1,0.33333334,0.28,0.5,1,0.125,0.5,0.5,1,1.0,0.5,0,0.5,0.0,0,0.13333334
0.4651163,0.075,0.5,0.0,1,0.5,0.08,0.0,1,0.125,0.5,0.5,0,1.0,0.5,0,0.5,0.5,0,0.15555556
0.5813953,0.75,1.0,1.0,1,0.6666667,0.82,0.5,1,0.125,1.0,1.0,0,0.0,0.6666667,1,0.0,0.0,1,0.42222223
0.25581396,0.475,0.5,0.5,0,0.6666667,0.46,0.5,1,0.25,0.5,0.5,0,0.0,0.6666667,0,0.0,0.0,1,0.22222222
0.4651163,0.35,0.0,0.0,1,0.33333334,0.4,0.0,1,0.25,0.0,1.0,1,1.0,0.5,0,0.0,0.5,0,0.2
0.5813953,0.425,0.0,0.0,0,0.5,0.42,0.5,1,0.125,0.5,1.0,1,0.0,0.6666667,0,1.0,0.5,1,0.24444444
0.44186047,0.925,1.0,1.0,1,0.0,0.62,0.5,1,0.125,0.5,0.5,1,1.0,0.33333334,1,0.0,0.0,1,0.37777779
0.8372093,0.9,1.0,0.5,1,0.5,0.26,0.5,1,0.0,0.5,1.0,0,1.0,0.6666667,0,0.0,0.0,1,0.46666667
0.20930232,0.725,0.5,0.5,1,0.33333334,0.24,0.5,1,0.5,0.0,0.5,1,1.0,0.5,0,1.0,0.5,1,0.26666668
0.5813953,0.875,0.5,1.0,0,0.8333333,0.48,0.0,1,0.375,0.0,0.5,0,0.0,0.5,1,0.0,0.0,0,0.35555556
0.41860464,0.325,1.0,0.5,0,0.33333334,0.04,0.5,1,0.125,0.5,0.5,1,1.0,0.5,0,0.0,0.0,1,0.22222222
0.55813956,0.375,0.0,0.0,1,0.5,0.64,0.5,1,0.375,0.5,1.0,0,-1.0,0.6666667,0,1.0,0.0,1,0.2888889
0.5116279,0.625,0.5,0.5,1,0.33333334,0.82,0.0,1,0.125,0.0,1.0,1,0.0,0.5,0,0.0,1.0,1,0.2888889
0.3488372,0.625,1.0,0.0,1,0.33333334,0.72,0.0,1,0.375,1.0,1.0,0,0.0,0.33333334,0,0.0,1.0,1,0.26666668
0.4651163,0.475,0.5,0.0,0,0.6666667,0.46,0.5,1,0.125,0.0,0.0,1,0.0,0.33333334,0,0.0,0.0,0,0.2
0.18604651,0.4,0.0,1.0,0,0.33333334,0.56,0.0,0,0.0,0.5,0.5,1,-1.0,0.6666667,1,1.0,0.0,1,0.11111111
0.53488374,0.975,0.5,0.5,0,1.0,0.02,0.0,1,0.125,0.0,0.5,1,0.0,0.5,0,0.0,0.0,1,0.33333334
0.4883721,0.825,1.0,0.5,1,0.0,0.92,1.0,1,0.125,1.0,0.0,0,1.0,0.33333334,0,0.5,0.0,1,0.4
0.53488374,0.425,0.5,0.5,1,0.6666667,0.56,0.0,1,0.25,1.0,1.0,0,1.0,0.5,0,0.0,0.5,1,0.31111112
0.5813953,0.725,1.0,0.5,0,0.5,0.32,0.5,1,0.0,0.0,0.5,1,0.0,0.8333333,1,0.5,0.0,1,0.33333334
0.4883721,0.275,0.5,0.5,0,0.5,0.3,0.0,1,0.125,0.0,0.5,1,0.0,0.5,0,0.5,0.0,1,0.2
0.4651163,0.1,1.0,0.0,1,0.5,0.66,1.0,1,0.25,0.0,0.0,1,0.0,0.5,0,0.0,0.5,0,0.2
0.3255814,0.35,1.0,0.5,1,0.6666667,0.58,0.5,1,0.0,1.0,0.5,1,-1.0,0.5,0,0.5,0.0,1,0.22222222
0.3488372,0.4,0.5,0.5,0,0.5,0.18,0.0,1,0.0,0.0,0.5,1,0.0,0.33333334,0,0.5,0.0,0,0.15555556
0.60465115,0.025,0.5,0.5,1,0.8333333,0.4,0.5,1,0.0,0.5,0.5,1,0.0,0.33333334,0,0.0,0.0,1,0.2
0.6511628,0.825,0.5,0.5,1,0.5,0.68,0.5,1,0.0,1.0,0.5,1,0.0,0.5,0,0.5,0.5,1,0.37777779
0.41860464,0.35,0.5,0.0,1,0.16666667,0.3,1.0,0,0.125,0.0,1.0,1,1.0,0.5,0,0.0,0.0,1,0.2
0.44186047,0.575,0.5,0.5,1,0.5,0.5,0.5,1,0.0,0.5,0.5,1,0.0,0.6666667,0,0.0,0.0,0,0.26666668
0.3255814,0.075,1.0,1.0,1,0.8333333,0.26,0.0,0,0.5,1.0,1.0,0,-1.0,0.5,0,0.5,0.0,1,0.2
0.60465115,0.175,0.0,0.5,0,0.33333334,0.08,0.5,1,0.0,0.5,0.0,0,-1.0,0.33333334,0,0.0,1.0,1,0.13333334
0.53488374,0.9,0.5,1.0,1,0.16666667,0.38,0.5,1,0.125,0.0,0.5,1,1.0,0.6666667,0,0.0,0.0,1,0.37777779
0.7209302,0.6,0.5,0.5,1,0.6666667,0.74,0.5,0,0.25,0.5,0.5,1,1.0,0.16666667,0,0.0,1.0,1,0.33333334
0.3255814,0.95,0.5,1.0,0,0.6666667,0.22,0.5,1,0.5,0.0,0.5,1,1.0,0.33333334,0,0.0,0.5,0,0.33333334
0.39534885,1.0,0.5,0.5,0,0.33333334,0.76,0.5,1,0.25,0.5,0.5,1,0.0,0.33333334,0,0.5,0.5,1,0.35555556
0.4651163,0.375,1.0,1.0,0,0.5,0.66,0.0,1,0.125,0.5,0.5,1,1.0,0.33333334,0,0.5,0.0,0,0.2888889
0.53488374,0.3,0.5,0.5,0,0.5,0.5,0.5,1,0.375,1.0,0.5,0,0.0,0.33333334,0,0.5,0.0,0,0.2888889
0.41860464,0.85,1.0,1.0,0,0.5,0.98,0.5,1,0.0,0.0,0.5,1,0.0,0.16666667,1,0.0,0.0,1,0.33333334
0.3255814,1.0,1.0,1.0,0,0.6666667,0.88,1.0,1,0.25,0.5,1.0,1,-1.0,0.5,0,0.5,0.0,1,0.4
0.55813956,0.625,1.0,0.5,0,0.33333334,0.56,0.0,1,0.25,0.5,1.0,1,0.0,0.16666667,0,0.0,1.0,0,0.31111112
0.53488374,0.8,0.5,1.0,0,0.6666667,0.56,1.0,1,0.0,0.5,0.5,1,0.0,0.5,0,0.0,0.0,1,0.35555556
0.3255814,0.775,0.0,0.5,0,0.33333334,0.28,0.0,1,0.125,0.0,1.0,1,1.0,0.5,1,0.0,0.0,1,0.2
0.627907,0.35,0.5,0.5,0,0.8333333,0.92,0.0,1,0.0,0.5,0.5,0,0.0,0.5,0,0.0,0.0,0,0.2888889
0.60465115,0.575,0.5,0.5,0,1.0,0.9,0.5,1,0.0,1.0,0.0,0,0.0,0.6666667,0,0.0,0.5,0,0.31111112
0.4651163,0.825,1.0,0.0,0,0.33333334,0.74,0.5,1,0.125,0.0,1.0,1,1.0,0.33333334,0,0.0,0.0,0,0.33333334
0.44186047,0.7,0.5,0.5,0,0.16666667,0.12,0.5,1,0.125,0.0,0.5,1,0.0,0.6666667,0,0.0,0.0,0,0.26666668
0.5116279,0.025,0.5,1.0,1,0.6666667,0.7,0.5,1,0.125,0.5,1.0,0,1.0,0.0,0,0.0,0.0,1,0.24444444
0.3255814,0.325,0.5,1.0,0,0.5,0.26,0.5,1,0.25,0.5,0.5,1,0.0,0.8333333,0,1.0,0.5,1,0.22222222
0.44186047,0.15,0.5,1.0,1,0.6666667,0.18,0.0,1,0.5,0.5,0.5,1,1.0,0.5,0,0.5,0.0,1,0.24444444
0.13953489,0.225,0.0,0.5,1,0.33333334,0.76,0.5,1,0.0,0.0,1.0,0,-1.0,0.6666667,0,1.0,0.0,0,0.13333334
0.55813956,0.9,0.0,0.5,0,0.5,0.96,0.5,1,0.0,0.0,0.5,1,1.0,0.33333334,0,0.0,0.0,0,0.35555556
0.23255815,0.025,1.0,0.0,1,0.33333334,0.1,0.5,1,0.625,1.0,0.0,1,0.0,0.5,0,0.0,1.0,1,0.11111111
0.6511628,0.225,0.5,0.5,1,0.5,0.16,0.5,1,0.125,0.0,0.0,1,1.0,0.33333334,0,0.5,0.0,1,0.24444444
0.39534885,0.3,0.0,0.0,1,0.16666667,0.22,0.0,1,0.125,0.5,0.5,0,-1.0,0.6666667,0,0.5,0.5,1,0.13333334
0.41860464,0.625,0.5,0.5,1,0.5,0.96,1.0,1,0.25,0.5,0.5,1,-1.0,0.5,1,0.0,0.5,0,0.2888889
0.3488372,0.525,0.5,1.0,1,0.16666667,0.7,1.0,0,0.25,0.0,0.5,1,1.0,0.5,0,0.5,0.0,1,0.2888889
0.39534885,0.225,0.5,0.5,1,0.33333334,0.68,0.5,1,0.25,0.0,0.5,1,1.0,0.6666667,0,0.0,0.0,1,0.22222222
0.6511628,0.175,1.0,0.0,0,0.5,0.5,0.5,0,0.375,0.0,0.5,1,0.0,0.16666667,0,0.0,0.0,0,0.22222222
0.093023255,0.225,0.5,0.5,1,0.6666667,0.54,0.5,0,0.25,0.0,1.0,1,-1.0,0.33333334,0,0.5,0.0,0,0.11111111
0.627907,0.5,0.0,0.5,0,0.6666667,0.3,0.0,1,0.25,0.0,0.5,0,0.0,0.33333334,0,0.5,0.0,1,0.26666668
0.4883721,0.275,1.0,0.5,0,0.6666667,0.16,0.5,0,0.25,0.0,0.5,1,-1.0,0.6666667,0,0.5,0.0,0,0.22222222
0.27906978,0.95,1.0,0.5,1,0.16666667,0.78,1.0,1,0.125,1.0,0.5,1,-1.0,0.5,0,0.0,0.0,1,0.33333334
0.30232558,0.475,0.5,0.5,0,0.8333333,0.48,0.5,1,0.125,0.5,0.5,1,0.0,0.6666667,0,0.0,0.0,1,0.2
0.6744186,0.05,0.5,1.0,1,0.33333334,0.26,0.5,1,0.25,0.0,1.0,1,1.0,0.6666667,0,0.0,0.5,1,0.2888889
0.30232558,0.725,1.0,0.5,0,0.33333334,0.64,1.0,1,0.25,0.5,0.5,1,-1.0,0.6666667,0,0.5,0.5,0,0.31111112
0.27906978,0.325,0.5,1.0,1,0.5,0.2,1.0,1,0.0,1.0,1.0,1,0.0,0.5,0,0.5,0.0,0,0.22222222
0.60465115,0.65,0.5,0.5,0,0.33333334,0.48,0.5,1,0.25,1.0,1.0,0,0.0,0.5,0,0.0,0.0,1,0.35555556
0.4883721,0.275,0.5,0.5,1,0.6666667,0.2,0.0,1,0.125,0.5,1.0,1,0.0,0.6666667,0,0.0,0.5,0,0.22222222
0.30232558,0.575,0.5,1.0,1,0.6666667,0.76,0.0,1,0.0,1.0,0.5,1,-1.0,0.33333334,1,0.0,0.5,1,0.22222222
0.4651163,0.775,0.5,0.5,1,0.33333334,0.32,1.0,1,0.0,0.5,0.5,1,1.0,0.33333334,1,0.5,1.0,0,0.2888889
0.30232558,0.925,0.5,0.0,0,0.5,0.44,1.0,1,0.125,0.0,0.0,1,0.0,0.5,0,0.0,0.0,0,0.24444444
0.60465115,0.25,0.0,0.0,1,0.5,0.76,0.5,0,0.125,1.0,0.5,1,0.0,0.5,0,0.0,0.0,1,0.22222222
0.5813953,0.325,1.0,1.0,1,0.6666667,0.66,0.0,1,0.25,0.5,0.5,1,1.0,0.6666667,0,0.5,0.0,1,0.35555556
0.5116279,0.475,0.0,0.5,1,0.33333334,0.4,0.5,1,0.375,0.5,1.0,1,-1.0,0.6666667,0,1.0,0.5,0,0.2888889
0.4883721,0.925,0.5,0.5,1,0.33333334,0.08,0.5,0,0.25,1.0,0.5,1,0.0,0.33333334,0,0.5,0.0,1,0.33333334
0.6976744,0.9,0.5,0.0,0,0.16666667,0.92,0.0,1,0.375,0.0,1.0,0,0.0,0.33333334,0,0.5,0.0,0,0.42222223
0.44186047,0.1,1.0,0.0,1,0.33333334,0.0,1.0,1,0.0,0.0,0.5,0,0.0,0.33333334,0,0.0,0.0,1,0.15555556
0.27906978,0.125,0.5,1.0,0,0.16666667,0.74,0.0,1,0.125,0.5,0.5,1,1.0,0.33333334,1,0.0,0.5,0,0.13333334
0.5116279,0.5,1.0,1.0,1,0.33333334,0.94,0.5,1,0.0,0.5,0.5,0,0.0,0.5,0,0.0,0.0,1,0.33333334
0.74418604,0.1,0.0,0.5,1,0.8333333,0.3,0.5,1,0.0,0.5,0.5,1,-1.0,0.33333334,0,0.5,0.5,1,0.22222222
0.30232558,0.35,0.5,0.5,1,0.6666667,0.08,1.0,1,0.25,0.0,0.0,1,0.0,0.33333334,0,0.0,0.5,1,0.15555556
0.39534885,0.15,1.0,1.0,0,0.8333333,0.24,0.5,1,0.25,1.0,0.5,1,0.0,0.6666667,0,0.0,0.5,0,0.22222222
0.4883721,0.625,1.0,0.5,0,0.33333334,0.32,0.0,1,0.0,0.0,0.5,0,1.0,0.6666667,0,0.5,0.0,1,0.2888889
0.44186047,0.95,0.5,1.0,1,0.0,0.46,0.5,1,0.25,0.5,0.0,0,1.0,0.16666667,0,0.0,1.0,1,0.33333334
0.30232558,1.0,0.5,0.0,0,0.5,0.52,0.0,1,0.125,0.5,0.5,0,0.0,0.5,0,1.0,0.0,0,0.2888889
0.60465115,0.375,0.0,0.5,0,1.0,0.72,0.5,0,0.375,0.5,0.5,0,1.0,1.0,0,1.0,0.0,0,0.31111112
0.76744187,0.6,0.5,1.0,1,0.33333334,0.9,0.5,1,0.125,0.0,0.5,0,0.0,0.5,0,1.0,1.0,1,0.4
0.4651163,0.85,0.5,0.5,1,0.5,0.46,0.5,1,0.125,0.5,0.5,0,1.0,0.8333333,0,0.5,0.0,0,0.35555556
0.3255814,0.125,0.0,1.0,1,0.16666667,0.74,0.5,1,0.0,0.0,1.0,0,0.0,0.6666667,0,0.0,0.0,0,0.17777778
0.23255815,0.7,1.0,0.5,1,0.5,0.12,0.0,1,0.25,0.5,0.5,1,0.0,0.33333334,0,0.5,0.0,1,0.24444444
0.4883721,0.4,1.0,0.0,1,0.5,0.32,0.0,1,0.125,0.0,1.0,0,1.0,0.6666667,0,1.0,0.0,1,0.26666668
0.60465115,0.2,0.0,1.0,0,0.0,0.12,0.5,1,0.0,0.0,1.0,1,0.0,0.16666667,0,0.0,0.0,0,0.2
0.5116279,0.4,0.5,0.0,1,0.16666667,0.7,0.5,1,0.125,0.5,0.0,1,0.0,0.5,0,0.0,0.0,0,0.24444444
0.44186047,0.075,1.0,1.0,1,0.16666667,0.9,0.5,1,0.25,1.0,1.0,1,1.0,0.5,0,0.5,0.0,1,0.31111112
0.3488372,0.7,0.5,1.0,1,0.16666667,0.88,1.0,1,0.5,0.5,0.5,0,1.0,1.0,0,0.5,0.5,1,0.37777779
0.27906978,0.25,0.5,1.0,1,0.33333334,0.32,0.5,1,0.125,0.5,0.5,1,-1.0,0.6666667,0,0.0,0.0,1,0.17777778
0.55813956,0.3,0.5,1.0,1,0.6666667,0.24,0.5,1,0.25,0.0,0.5,1,1.0,0.33333334,0,0.0,0.0,0,0.26666668
0.55813956,0.125,0.0,0.5,0,0.33333334,0.28,0.5,1,0.125,0.5,0.5,0,-1.0,0.6666667,0,0.5,0.0,1,0.2
0.23255815,0.875,0.5,0.5,1,0.8333333,0.28,1.0,1,0.5,0.0,0.5,1,1.0,0.6666667,0,0.0,0.5,1,0.2888889
0.6744186,0.5,1.0,1.0,0,0.33333334,0.08,1.0,1,0.125,1.0,0.5,1,1.0,0.5,0,0.0,0.5,0,0.35555556
0.5116279,0.575,0.5,0.0,1,0.5,0.14,0.5,0,0.25,0.5,1.0,1,1.0,0.6666667,0,0.0,0.5,0,0.26666668
0.627907,0.575,0.5,0.0,0,0.6666667,0.22,0.5,1,0.125,0.0,0.5,0,-1.0,0.8333333,1,1.0,0.0,1,0.26666668
0.25581396,0.4,0.5,0.5,1,0.8333333,0.0,0.5,1,0.25,0.5,1.0,1,-1.0,0.5,0,0.5,0.0,1,0.2
0.25581396,0.2,1.0,0.0,0,0.33333334,0.04,0.0,1,0.625,1.0,1.0,1,0.0,0.5,0,0.5,0.0,1,0.17777778
0.41860464,0.75,1.0,1.0,0,0.6666667,0.7,0.5,1,0.25,0.5,0.5,1,0.0,0.6666667,0,0.5,0.0,1,0.37777779
0.5116279,0.125,0.0,0.5,1,0.33333334,0.62,0.0,1,0.25,0.0,0.5,1,0.0,0.33333334,0,0.0,0.0,0,0.17777778
0.6976744,0.1,1.0,0.5,0,1.0,0.94,0.0,1,0.25,0.5,0.5,0,-1.0,0.6666667,0,0.0,1.0,0,0.26666668
0.53488374,0.7,0.0,0.5,1,0.16666667,0.4,0.5,0,0.125,0.0,0.5,0,1.0,0.33333334,0,1.0,0.0,1,0.2888889
0.41860464,0.2,0.0,1.0,1,0.6666667,0.44,1.0,1,0.25,0.0,1.0,0,0.0,0.5,0,0.5,1.0,1,0.2
0.30232558,0.3,0.5,1.0,0,0.8333333,0.06,0.5,1,0.5,0.5,0.5,1,-1.0,0.5,0,1.0,0.0,1,0.22222222
0.60465115,0.475,0.5,0.0,1,0.16666667,0.16,1.0,1,0.25,0.5,0.5,0,0.0,0.16666667,0,1.0,1.0,0,0.2888889
0.30232558,0.45,0.5,1.0,1,0.6666667,0.7,0.5,1,0.25,0.0,0.5,0,-1.0,0.6666667,0,0.0,0.0,1,0.24444444
0.6744186,0.7,0.5,0.5,1,0.33333334,0.24,1.0,1,0.5,0.0,0.5,0,1.0,0.8333333,0,0.5,1.0,0,0.4
0.39534885,0.625,0.0,0.5,1,1.0,0.78,0.5,1,0.125,1.0,0.5,0,1.0,0.5,0,0.0,0.0,0,0.2888889
0.6744186,0.65,0.5,1.0,0,0.0,0.7,1.0,1,0.25,0.5,0.5,0,0.0,0.8333333,1,1.0,1.0,1,0.37777779
0.53488374,0.725,0.5,0.5,1,0.16666667,0.74,0.5,0,0.375,1.0,0.5,1,0.0,0.0,0,0.0,0.0,0,0.33333334
0.41860464,0.3,0.5,0.5,1,0.16666667,0.7,1.0,1,0.125,0.0,0.5,0,0.0,0.6666667,0,0.5,0.0,0,0.24444444
0.37209302,0.325,0.0,0.5,1,0.16666667,0.7,1.0,1,0.375,0.5,0.5,1,1.0,0.16666667,0,0.5,0.0,0,0.24444444
0.39534885,0.45,0.0,0.0,1,0.6666667,0.54,0.5,1,0.25,0.5,1.0,0,0.0,0.6666667,0,0.5,0.0,0,0.24444444
0.5116279,0.3,1.0,0.0,1,1.0,0.68,0.0,1,0.25,0.0,0.5,1,-1.0,0.33333334,0,0.0,0.5,1,0.22222222
0.44186047,0.975,1.0,0.0,1,0.8333333,0.52,1.0,1,0.25,0.0,0.5,1,0.0,0.8333333,0,0.5,1.0,1,0.35555556
0.3488372,0.825,0.0,0.5,1,0.5,0.2,0.5,1,0.125,0.5,0.5,1,1.0,0.16666667,0,0.0,0.5,0,0.24444444
0.41860464,0.175,0.5,0.0,0,0.5,0.22,1.0,1,0.125,0.5,0.5,0,0.0,0.6666667,0,0.5,0.5,0,0.17777778
0.44186047,0.0,0.5,0.5,1,0.33333334,0.4,0.5,1,0.25,0.0,0.5,1,0.0,0.5,1,1.0,0.0,0,0.17777778
0.13953489,0.05,1.0,0.5,1,0.6666667,0.02,0.0,1,0.0,0.5,0.0,1,1.0,0.5,0,0.5,0.5,1,0.06666667
0.5116279,0.25,0.5,1.0,0,0.5,0.88,0.0,1,0.375,0.5,1.0,1,0.0,0.5,0,0.0,0.0,0,0.2888889
0.30232558,0.125,1.0,0.5,0,0.5,0.26,0.5,1,0.25,0.0,0.5,1,0.0,0.5,0,0.0,0.5,1,0.13333334
0.27906978,0.525,0.5,1.0,0,0.33333334,0.06,0.0,1,0.25,0.0,0.5,1,1.0,0.6666667,0,0.0,0.0,1,0.22222222
0.20930232,0.85,1.0,0.0,0,0.16666667,0.42,0.5,1,0.125,1.0,0.5,1,1.0,0.5,0,0.0,0.5,1,0.26666668
0.18604651,0.725,0.0,1.0,1,0.5,0.82,0.5,1,0.125,1.0,0.0,1,0.0,0.5,0,1.0,0.0,1,0.26666668
0.25581396,0.225,1.0,0.0,0,0.5,0.4,0.5,1,0.125,0.5,0.5,0,1.0,0.6666667,0,0.0,0.0,1,0.15555556
0.3488372,0.4,0.5,1.0,1,0.33333334,0.26,1.0,1,0.0,0.0,0.5,1,1.0,0.16666667,0,0.0,0.0,0,0.6888889
0.7209302,0.5,1.0,0.5,0,0.33333334,0.54,0.0,1,0.0,0.5,0.5,1,0.0,0.8333333,0,0.5,0.0,1,0.35555556
0.37209302,0.8,0.5,0.5,1,0.6666667,0.58,0.5,1,0.125,0.0,0.5,1,1.0,0.5,0,1.0,0.0,1,0.33333334
0.4651163,0.85,0.5,0.5,0,0.6666667,0.76,0.5,1,0.125,0.5,0.5,1,1.0,0.5,0,0.5,0.0,1,0.35555556
0.4883721,0.9,1.0,0.0,0,1.0,0.8,1.0,1,0.25,0.0,0.5,1,0.0,0.5,1,0.5,0.5,1,0.35555556
0.4651163,0.5,1.0,1.0,1,0.8333333,0.7,0.0,1,0.125,1.0,0.5,1,-1.0,0.5,0,0.5,0.0,0,0.33333334
0.44186047,0.7,0.5,1.0,1,0.16666667,0.0,0.5,0,0.25,0.0,0.5,1,0.0,0.8333333,0,0.0,0.5,1,0.26666668
0.27906978,0.1,0.5,0.0,1,0.5,0.0,1.0,1,0.0,0.5,0.0,1,1.0,0.6666667,0,0.0,0.0,1,0.11111111
0.6511628,0.575,1.0,1.0,0,0.16666667,0.98,0.5,1,0.0,0.5,1.0,1,0.0,0.6666667,0,0.5,0.0,0,0.4
0.6976744,0.25,1.0,0.0,1,0.0,0.26,1.0,1,0.125,0.5,0.5,1,0.0,0.33333334,1,0.0,0.0,0,0.26666668
0.20930232,0.425,0.0,1.0,1,1.0,0.28,1.0,1,0.125,0.0,0.5,0,-1.0,0.5,1,0.5,0.0,0,0.15555556
0.30232558,0.625,0.5,1.0,0,0.8333333,0.74,1.0,1,0.0,0.5,0.5,1,-1.0,0.5,0,0.5,0.0,0,0.26666668
0.39534885,0.25,1.0,0.0,0,0.33333334,0.58,0.5,1,0.125,0.5,1.0,1,1.0,0.33333334,0,0.5,0.0,0,0.22222222
0.30232558,0.05,0.5,0.5,0,0.8333333,0.46,0.5,1,0.125,0.0,0.5,1,0.0,1.0,0,0.0,0.0,1,0.13333334
0.5116279,0.0,1.0,0.5,1,0.8333333,0.12,0.0,0,0.0,0.0,0.5,0,-1.0,0.6666667,0,0.0,0.5,0,0.13333334
0.3488372,0.025,1.0,0.5,0,0.0,0.08,0.0,1,0.125,0.0,0.5,0,0.0,0.33333334,0,0.0,0.0,0,0.11111111
0.74418604,0.0,1.0,1.0,0,0.6666667,0.7,0.0,1,0.5,0.0,0.0,1,-1.0,0.5,0,0.0,0.0,1,0.2888889
0.60465115,0.1,1.0,0.5,1,0.33333334,0.12,0.0,1,0.0,0.0,1.0,1,0.0,0.8333333,0,0.5,0.5,0,0.22222222
0.4651163,0.25,1.0,1.0,1,0.6666667,0.44,0.0,1,0.375,0.5,0.0,1,0.0,0.16666667,0,1.0,0.5,0,0.26666668
0.5813953,0.225,1.0,0.0,0,1.0,0.74,0.0,1,0.25,0.5,0.0,1,1.0,0.33333334,0,1.0,0.0,1,0.26666668
0.60465115,0.975,1.0,0.5,0,0.8333333,0.92,0.0,1,0.0,1.0,0.5,0,1.0,0.33333334,0,0.5,0.5,1,0.42222223
0.37209302,0.3,0.0,0.5,0,0.5,0.88,0.0,1,0.5,0.5,0.5,1,1.0,0.33333334,0,0.0,1.0,0,0.2
0.3255814,0.125,0.5,1.0,1,0.8333333,0.86,0.0,1,0.25,0.0,0.0,0,0.0,0.5,0,0.5,0.0,1,0.2
0.44186047,0.55,0.5,0.0,1,0.0,0.36,0.5,1,0.25,0.0,1.0,1,0.0,0.5,0,0.0,0.0,1,0.26666668
0.55813956,0.85,1.0,1.0,0,0.6666667,0.92,1.0,1,0.75,0.5,0.5,1,-1.0,0.5,1,0.0,1.0,0,0.42222223
0.4651163,0.675,0.5,0.5,1,0.6666667,0.68,1.0,1,0.125,0.0,0.0,0,1.0,0.33333334,0,0.5,0.0,1,0.31111112
0.23255815,0.3,0.0,0.5,0,0.6666667,0.88,1.0,1,0.125,0.0,0.0,1,1.0,0.33333334,0,0.0,0.0,1,0.15555556
0.3255814,0.55,0.5,0.5,1,0.33333334,0.08,0.5,1,0.125,0.5,0.5,1,1.0,0.33333334,0,0.5,0.0,0,0.24444444
0.44186047,0.725,1.0,1.0,1,0.6666667,0.04,0.0,1,0.25,0.5,0.5,1,-1.0,0.5,0,0.5,0.5,0,0.31111112
0.44186047,0.725,1.0,0.5,1,0.6666667,0.42,0.5,1,0.125,0.5,0.5,1,-1.0,0.16666667,0,1.0,1.0,1,0.2888889
0.7209302,0.675,1.0,0.5,1,0.0,0.82,0.5,1,0.25,1.0,0.5,1,0.0,0.33333334,0,0.0,0.5,0,0.42222223
0.25581396,0.875,0.5,0.5,0,0.5,0.4,0.5,1,0.5,0.5,1.0,1,1.0,0.5,0,0.0,1.0,1,0.2888889
0.5116279,0.875,0.5,0.5,1,0.33333334,0.88,1.0,1,0.25,0.5,0.5,1,0.0,0.5,0,0.0,0.0,1,0.4
0.6511628,0.575,0.5,0.0,0,0.6666667,0.24,0.0,1,0.5,1.0,0.5,1,-1.0,0.8333333,0,0.5,0.0,1,0.33333334
0.76744187,0.425,0.5,1.0,0,0.8333333,0.04,0.5,1,0.0,0.5,0.5,0,0.0,0.6666667,0,0.0,0.5,0,0.31111112
0.39534885,0.65,0.5,0.5,1,0.33333334,0.76,0.5,1,0.25,0.5,1.0,1,0.0,0.33333334,0,0.5,1.0,1,0.2888889
0.5116279,0.825,0.5,1.0,0,0.16666667,0.62,1.0,1,0.25,0.0,0.5,0,-1.0,0.16666667,0,0.5,0.0,1,0.35555556
0.5116279,0.0,0.0,0.5,0,0.5,0.44,0.0,1,0.375,1.0,0.5,1,0.0,0.33333334,0,0.5,0.0,0,0.2
0.4651163,1.0,0.5,0.5,0,0.16666667,0.84,0.0,1,0.375,0.0,0.0,1,1.0,0.5,1,1.0,0.0,1,0.35555556
0.41860464,0.175,0.5,0.5,0,0.5,0.82,0.5,1,0.125,0.0,1.0,1,0.0,0.5,0,0.0,0.0,0,0.22222222
0.5116279,0.475,0.0,0.5,1,0.5,0.32,1.0,1,0.125,1.0,0.5,0,1.0,0.5,0,1.0,0.0,1,0.2888889
0.093023255,0.875,0.5,1.0,1,0.6666667,0.84,0.0,1,0.125,0.0,1.0,0,0.0,0.33333334,0,0.5,0.0,0,0.26666668
0.53488374,0.225,0.5,1.0,1,0.5,0.34,0.5,1,0.25,0.5,1.0,1,-1.0,0.6666667,0,1.0,1.0,1,0.26666668
0.4651163,0.475,0.5,0.0,1,0.5,0.62,0.0,1,0.25,0.5,0.5,1,0.0,0.6666667,0,0.0,0.0,1,0.26666668
0.41860464,0.125,0.5,1.0,1,0.8333333,0.2,0.0,1,0.125,0.0,0.5,1,0.0,0.5,0,1.0,0.5,1,0.17777778
0.7209302,0.4,0.5,0.5,0,0.5,0.26,0.5,1,0.0,0.5,0.0,1,1.0,0.5,0,0.0,0.0,0,0.2888889
0.3488372,0.175,1.0,1.0,1,0.33333334,0.44,0.5,1,0.125,0.0,1.0,1,1.0,0.5,0,1.0,0.0,0,0.24444444
0.39534885,0.375,0.5,0.5,1,0.5,0.32,1.0,1,0.125,1.0,1.0,1,1.0,0.6666667,0,0.0,0.0,1,0.26666668
0.7209302,0.375,0.5,0.0,1,0.33333334,0.12,0.5,1,0.375,0.5,0.5,1,0.0,0.33333334,0,0.5,0.5,0,0.2888889
0.3255814,1.0,1.0,0.5,1,0.16666667,0.48,0.5,1,0.25,1.0,0.5,0,0.0,0.5,0,1.0,0.0,1,0.37777779
0.37209302,1.0,0.5,0.5,0,0.16666667,0.52,0.0,1,0.375,0.0,1.0,0,0.0,0.5,0,1.0,0.5,0,0.33333334
0.41860464,0.125,0.0,1.0,0,0.8333333,0.16,0.0,1,0.375,0.5,0.5,1,-1.0,0.6666667,0,0.0,0.5,0,0.15555556
0.55813956,0.725,0.5,0.0,1,0.33333334,0.18,0.5,1,0.25,0.0,0.5,1,0.0,0.33333334,0,0.5,0.0,0,0.31111112
0.4651163,0.05,0.5,0.0,1,0.5,0.02,0.0,1,0.0,0.0,0.5,0,1.0,0.6666667,0,0.0,0.0,0,0.13333334
0.25581396,0.025,0.5,0.0,1,0.5,0.04,0.0,1,0.25,0.0,0.5,1,1.0,0.33333334,0,0.0,0.5,0,0.06666667
0.37209302,0.1,0.0,0.5,0,0.5,0.36,0.5,1,0.625,0.5,0.5,0,0.0,0.5,0,0.0,0.0,1,0.17777778
0.3488372,0.975,1.0,0.5,0,0.8333333,0.14,1.0,0,0.5,0.5,0.5,1,1.0,0.5,0,0.5,0.0,0,0.35555556
0.44186047,0.95,0.0,0.5,1,0.5,0.92,0.0,0,0.125,0.0,1.0,1,1.0,0.5,0,0.5,0.0,0,0.33333334
0.5116279,0.2,1.0,0.5,0,0.33333334,0.2,0.5,1,0.125,0.0,0.5,1,0.0,0.5,0,0.0,0.0,0,0.2
0.5116279,0.15,1.0,0.0,0,0.33333334,0.06,0.0,1,0.25,0.5,0.5,1,1.0,0.16666667,0,0.5,1.0,1,0.17777778
0.18604651,0.25,1.0,0.5,1,0.6666667,0.4,0.0,1,0.125,0.5,0.5,1,1.0,0.5,0,0.5,0.0,1,0.17777778
0.5813953,0.525,1.0,0.0,0,0.6666667,0.2,1.0,1,0.25,0.0,1.0,1,1.0,0.8333333,0,1.0,0.0,0,0.35555556
0.4883721,0.575,0.0,1.0,1,0.6666667,0.06,0.5,0,0.0,0.0,0.0,1,-1.0,0.33333334,0,1.0,0.0,0,0.22222222
0.627907,0.225,1.0,1.0,0,0.5,0.76,0.0,1,0.25,0.0,0.5,1,0.0,0.33333334,0,0.0,0.5,1,0.2888889
0.5116279,0.75,0.5,1.0,1,0.16666667,0.56,1.0,0,0.125,0.5,0.5,0,0.0,0.5,0,0.0,0.5,1,0.33333334
0.60465115,0.3,1.0,1.0,1,0.6666667,0.06,0.5,1,0.375,0.5,0.0,1,0.0,0.5,0,0.0,1.0,0,0.2888889
0.5116279,0.925,0.5,1.0,0,0.5,0.46,0.5,0,0.375,0.0,0.5,0,-1.0,0.16666667,0,0.0,0.5,1,0.31111112
0.627907,0.65,0.5,0.5,1,0.5,0.04,0.5,1,0.0,0.5,0.5,1,1.0,0.8333333,0,0.5,0.0,1,0.33333334
0.5116279,0.425,1.0,0.5,0,0.16666667,0.36,0.0,1,0.0,1.0,1.0,0,1.0,0.5,1,0.0,0.0,1,0.26666668
0.41860464,0.8,0.0,1.0,1,0.33333334,0.36,0.5,1,0.25,0.5,0.5,1,0.0,0.33333334,0,0.0,0.0,0,0.31111112
0.76744187,0.825,0.0,0.5,0,0.33333334,0.82,0.0,1,0.25,1.0,0.5,1,0.0,0.5,0,0.0,0.5,0,0.4
0.55813956,0.3,0.5,0.5,1,0.6666667,0.74,0.0,1,0.375,0.5,0.0,1,1.0,0.5,0,1.0,0.5,1,0.2888889
0.5116279,0.35,1.0,0.5,0,0.6666667,0.9,0.5,1,0.25,0.0,0.5,1,-1.0,0.33333334,0,0.5,1.0,0,0.26666668
0.25581396,0.925,0.5,1.0,1,0.5,0.14,0.0,1,0.0,0.0,0.5,0,1.0,0.6666667,0,0.5,0.5,0,0.26666668
0.25581396,0.175,0.5,1.0,1,0.6666667,0.54,0.5,1,0.25,0.0,1.0,0,1.0,0.5,0,0.5,0.0,1,0.2
0.4883721,0.05,1.0,0.5,0,0.8333333,0.02,0.5,1,0.25,0.0,0.5,1,0.0,0.33333334,0,0.0,0.0,1,0.17777778
0.4651163,0.45,0.0,1.0,0,0.6666667,0.82,0.5,0,0.125,0.5,0.0,0,-1.0,0.8333333,0,1.0,0.0,0,0.26666668
0.3488372,0.8,0.5,1.0,1,0.6666667,0.36,0.5,1,0.125,0.5,1.0,1,1.0,0.33333334,0,0.0,0.0,1,0.33333334
0.4651163,0.775,1.0,0.5,1,0.33333334,0.06,1.0,1,0.125,0.5,0.5,1,1.0,0.5,0,1.0,0.0,0,0.35555556
0.6744186,0.925,0.5,1.0,1,0.33333334,0.32,1.0,1,0.125,0.5,0.5,0,0.0,0.33333334,0,0.5,0.0,1,0.42222223
0.53488374,0.525,0.5,1.0,1,0.8333333,0.28,1.0,1,0.25,1.0,0.0,1,1.0,0.5,0,0.0,0.0,1,0.33333334
0.27906978,0.1,0.0,0.0,0,0.33333334,0.76,0.5,1,0.125,0.5,0.5,1,0.0,0.33333334,0,0.5,0.5,0,0.08888889
0.41860464,0.6,0.0,0.5,1,0.6666667,0.12,0.5,1,0.0,0.0,0.5,0,0.0,0.5,1,0.0,0.0,1,0.2
0.3255814,0.775,0.0,0.5,0,1.0,0.56,0.0,1,0.25,0.5,1.0,1,0.0,0.5,0,0.0,0.0,0,0.26666668
0.39534885,0.1,0.5,0.5,1,0.6666667,0.8,0.5,1,0.125,0.0,0.5,1,0.0,0.5,0,0.0,0.0,1,0.17777778
0.39534885,0.175,0.0,1.0,1,0.5,0.74,0.5,1,0.625,0.0,0.0,1,1.0,0.33333334,0,0.5,0.0,1,0.24444444
0.37209302,0.0,0.5,0.5,1,0.16666667,0.94,0.5,1,0.125,0.5,0.5,0,-1.0,0.6666667,0,0.5,1.0,1,0.15555556
0.25581396,0.6,0.0,0.5,0,0.5,0.0,0.5,1,0.375,1.0,1.0,1,0.0,0.5,0,0.0,0.0,1,0.22222222
0.41860464,0.875,1.0,1.0,1,0.8333333,0.36,0.5,1,0.375,1.0,0.5,1,1.0,0.6666667,0,0.5,1.0,1,0.4
0.37209302,0.675,1.0,1.0,1,0.5,0.36,1.0,1,0.125,0.5,1.0,1,1.0,0.33333334,0,0.0,0.0,1,0.33333334
0.023255814,0.975,0.5,0.0,1,0.8333333,0.04,0.0,1,0.0,0.5,0.5,1,0.0,0.6666667,0,0.0,0.0,1,0.15555556
0.7209302,0.075,0.5,1.0,0,0.6666667,0.82,0.5,0,0.25,1.0,0.0,1,1.0,0.8333333,1,0.0,0.0,0,0.2888889
0.60465115,0.9,1.0,0.0,1,0.5,0.68,0.5,1,0.125,1.0,0.5,1,0.0,0.5,0,0.5,0.0,1,0.42222223
0.39534885,0.825,0.5,0.5,0,0.5,0.52,0.0,1,0.25,0.5,0.5,0,0.0,0.6666667,0,0.0,0.0,0,0.9111111
0.44186047,0.325,1.0,1.0,0,0.16666667,0.4,1.0,1,0.125,0.0,1.0,1,-1.0,0.33333334,0,0.0,0.5,1,0.24444444
0.27906978,0.975,0.0,1.0,1,0.33333334,0.9,0.5,0,0.0,0.0,0.5,1,1.0,0.6666667,0,1.0,0.0,1,0.31111112
0.6744186,0.3,1.0,1.0,1,0.33333334,0.26,0.5,1,0.125,0.0,0.5,1,0.0,0.5,0,1.0,0.0,0,0.33333334
0.6976744,0.9,0.5,0.0,1,0.6666667,0.34,0.5,1,0.25,0.5,0.5,0,0.0,0.5,0,0.5,0.0,1,0.4
0.4651163,0.875,0.0,0.0,0,0.5,0.96,0.0,1,0.125,0.0,1.0,1,1.0,0.33333334,0,0.0,0.0,1,0.31111112
0.5813953,0.75,1.0,1.0,1,0.8333333,0.06,0.5,1,0.125,0.0,0.5,0,0.0,0.6666667,0,0.0,1.0,1,0.35555556
0.4651163,0.575,1.0,0.0,1,0.5,0.78,0.0,0,0.0,0.0,0.0,1,0.0,0.33333334,0,0.5,0.5,0,0.22222222
0.25581396,0.125,0.5,0.0,1,0.33333334,0.72,0.5,1,0.125,0.5,0.5,1,1.0,0.5,0,1.0,0.0,0,0.15555556
0.39534885,0.525,1.0,1.0,0,0.33333334,0.9,0.0,1,0.125,0.5,0.5,1,1.0,0.5,0,0.0,0.0,1,0.31111112
0.4651163,0.35,0.0,0.5,0,0.33333334,0.1,1.0,1,0.375,0.0,0.5,1,1.0,0.33333334,0,0.5,0.0,1,0.22222222
0.37209302,0.8,0.5,0.5,0,0.5,0.98,0.5,1,0.125,0.5,0.5,1,0.0,0.33333334,0,0.5,1.0,0,0.2888889
0.41860464,0.75,0.0,0.0,1,0.33333334,0.02,1.0,1,0.125,0.0,0.5,1,-1.0,0.5,1,1.0,0.0,1,0.22222222
0.41860464,0.9,0.5,1.0,1,0.16666667,0.34,0.5,1,0.5,1.0,0.5,0,0.0,0.16666667,0,0.0,0.5,1,0.37777779
0.44186047,0.025,1.0,1.0,1,0.8333333,0.08,0.5,1,0.25,1.0,0.5,0,1.0,0.6666667,0,1.0,0.0,1,0.26666668
0.44186047,0.8,0.5,0.0,0,0.5,0.06,0.5,1,0.25,0.5,1.0,0,1.0,0.33333334,0,0.5,1.0,1,0.2888889
0.30232558,0.95,0.0,0.5,0,0.5,0.96,0.5,0,0.0,0.5,1.0,1,1.0,0.5,0,0.0,0.0,1,0.2888889
0.3488372,0.8,0.5,0.5,0,0.33333334,0.72,0.0,0,0.25,0.5,0.5,0,0.0,0.5,1,0.5,0.0,0,0.24444444
0.25581396,0.125,0.5,1.0,1,0.16666667,0.5,1.0,1,0.0,1.0,0.5,0,-1.0,0.33333334,0,0.0,0.5,1,0.15555556
0.5813953,0.075,0.5,0.5,1,0.5,0.1,0.5,1,0.25,0.5,1.0,1,0.0,0.6666667,0,0.0,1.0,1,0.22222222
0.13953489,0.025,0.0,1.0,1,0.0,0.52,1.0,1,0.125,0.5,0.5,0,1.0,0.8333333,0,0.0,1.0,0,0.11111111
0.60465115,0.625,1.0,0.5,1,0.6666667,0.32,0.5,1,0.25,0.0,1.0,0,0.0,0.6666667,1,0.0,0.5,1,0.33333334
0.627907,0.625,0.5,0.5,1,0.33333334,0.28,0.0,1,0.125,0.0,0.5,1,0.0,0.16666667,0,0.0,0.5,1,0.2888889
0.39534885,0.975,0.5,1.0,1,0.5,0.62,0.0,1,0.125,0.5,0.5,1,0.0,0.5,0,1.0,0.0,1,0.37777779
0.069767445,0.4,0.5,0.5,1,0.6666667,0.8,0.5,1,0.25,1.0,0.5,1,1.0,0.33333334,0,0.0,0.5,0,0.17777778
0.39534885,0.325,0.5,1.0,1,0.5,0.44,0.0,1,0.125,0.5,0.5,0,0.0,0.16666667,1,0.0,0.5,1,0.17777778
0.44186047,0.625,0.0,0.5,1,0.16666667,0.5,0.0,1,0.125,0.5,0.5,1,0.0,0.33333334,0,0.5,0.0,1,0.26666668
0.30232558,0.825,0.5,0.0,1,0.8333333,0.66,0.0,1,0.5,0.5,0.5,1,0.0,0.33333334,0,1.0,0.0,0,0.2888889
0.37209302,0.925,0.5,0.5,0,0.16666667,0.12,0.0,1,0.25,1.0,0.5,1,1.0,0.5,0,0.0,0.0,0,0.31111112
0.6511628,0.8,1.0,0.5,1,0.0,0.82,0.0,1,0.125,1.0,1.0,1,0.0,0.6666667,0,0.0,0.0,0,0.44444445
0.53488374,0.425,0.0,0.5,0,0.6666667,0.84,1.0,1,0.0,1.0,0.5,1,0.0,0.5,0,0.0,0.5,1,0.26666668
0.30232558,0.625,1.0,1.0,1,0.16666667,0.54,0.5,1,0.25,0.0,1.0,1,1.0,0.5,0,0.0,0.0,1,0.31111112
0.20930232,0.85,0.0,0.5,0,0.8333333,0.18,0.0,1,0.0,0.5,0.5,1,1.0,0.33333334,0,1.0,0.0,1,0.22222222
0.39534885,0.5,0.0,1.0,1,0.6666667,0.5,0.5,0,0.25,0.5,0.5,1,-1.0,0.6666667,0,0.0,0.0,1,0.22222222
0.41860464,0.225,0.5,0.5,1,0.5,0.1,0.0,1,0.125,0.0,0.5,1,1.0,0.6666667,0,0.5,0.0,0,0.17777778
0.5116279,0.175,0.0,0.5,0,0.33333334,0.76,0.5,1,0.25,0.5,0.5,0,0.0,0.6666667,0,0.0,0.0,1,0.22222222
0.37209302,0.0,0.5,0.0,0,0.33333334,0.32,0.5,1,0.0,0.0,0.5,1,1.0,0.33333334,0,0.0,1.0,0,0.06666667
0.5116279,0.725,1.0,1.0,1,0.33333334,0.32,0.0,1,0.0,0.0,1.0,0,1.0,0.5,0,0.0,0.5,1,0.33333334
0.7209302,0.1,0.0,0.0,1,0.33333334,0.94,0.5,1,0.125,0.5,0.0,1,0.0,0.8333333,0,0.5,0.5,1,0.24444444
0.55813956,0.25,0.5,0.0,0,0.8333333,0.42,0.5,0,0.25,0.0,0.5,1,-1.0,0.33333334,0,0.5,0.0,0,0.17777778
0.44186047,0.3,0.5,0.0,1,0.33333334,0.78,0.0,1,0.125,0.0,0.5,0,-1.0,0.5,0,0.0,1.0,1,0.15555556
0.41860464,0.55,0.5,0.5,1,0.6666667,0.64,1.0,1,0.25,0.5,0.5,0,1.0,0.5,0,0.5,0.5,0,0.31111112
0.39534885,0.4,0.5,0.5,0,0.8333333,0.32,1.0,1,0.125,1.0,1.0,1,1.0,0.5,0,0.0,0.0,0,0.24444444
0.60465115,0.675,1.0,0.0,0,0.33333334,0.12,0.5,1,0.0,0.0,1.0,1,0.0,0.33333334,0,0.0,0.5,1,0.2888889
0.3488372,0.05,0.0,0.5,1,0.6666667,0.8,0.0,1,0.25,1.0,0.5,1,0.0,0.33333334,0,1.0,1.0,1,0.15555556
0.44186047,0.125,1.0,0.5,0,0.33333334,0.76,0.5,1,0.0,0.5,1.0,1,-1.0,0.6666667,1,0.0,0.0,1,0.2
0.44186047,0.5,0.5,1.0,1,0.5,0.16,0.0,0,0.0,0.5,0.5,1,0.0,0.33333334,0,0.5,0.0,0,0.22222222
0.37209302,0.325,0.5,1.0,1,0.33333334,0.24,0.0,1,0.25,0.0,0.5,0,-1.0,0.5,0,0.5,1.0,1,0.2
0.25581396,0.3,0.5,0.5,0,0.33333334,0.76,1.0,1,0.25,1.0,0.5,1,1.0,0.5,0,0.0,0.0,0,0.22222222
0.4883721,0.075,0.5,0.5,1,0.5,0.98,0.0,1,0.375,0.5,0.5,0,0.0,0.6666667,0,0.0,0.5,1,0.22222222
0.44186047,0.9,0.0,0.5,1,0.16666667,0.84,0.5,1,0.0,0.5,0.5,1,0.0,0.5,0,0.5,0.0,0,0.33333334
0.5116279,0.7,0.0,1.0,0,0.6666667,0.68,1.0,1,0.25,0.5,0.5,0,1.0,0.5,1,1.0,0.0,0,0.35555556
0.37209302,0.125,0.5,0.5,1,0.16666667,0.92,0.0,1,0.25,0.5,1.0,1,1.0,0.5,0,0.5,0.5,1,0.22222222
0.60465115,0.075,1.0,0.5,0,0.16666667,0.28,0.5,0,0.125,1.0,1.0,1,1.0,0.6666667,0,1.0,0.0,1,0.26666668
0.3255814,0.975,0.0,1.0,1,0.5,0.0,1.0,0,0.5,0.0,0.5,1,1.0,0.33333334,0,0.0,0.5,1,0.2888889
0.6744186,0.675,1.0,1.0,1,0.33333334,0.32,0.0,1,0.125,0.5,0.5,1,0.0,0.6666667,0,0.0,0.0,1,0.4
0.20930232,0.425,0.5,1.0,0,0.6666667,0.98,0.5,1,0.0,0.5,1.0,1,0.0,0.6666667,1,0.0,0.0,1,0.2
0.5116279,0.7,1.0,1.0,0,0.5,0.88,0.0,0,0.375,0.0,0.5,0,1.0,0.16666667,0,0.0,0.0,1,0.35555556
0.5116279,0.75,0.5,1.0,0,0.16666667,0.06,0.5,1,0.25,0.5,1.0,0,1.0,0.33333334,0,0.0,0.0,0,0.33333334
0.3255814,0.775,0.0,1.0,0,0.6666667,0.5,0.5,1,0.5,0.5,0.5,1,0.0,0.16666667,0,0.0,0.0,0,0.2888889
0.5116279,0.475,1.0,0.5,1,0.5,0.08,0.5,1,0.25,0.0,0.5,0,0.0,0.6666667,0,0.5,0.5,0,0.2888889
0.627907,0.425,0.0,1.0,1,0.5,0.78,0.5,1,0.375,0.0,0.5,1,1.0,0.5,1,0.0,1.0,1,0.2888889
0.13953489,0.0,0.5,1.0,1,1.0,0.38,0.0,1,0.0,0.0,0.5,0,1.0,0.5,0,0.5,0.5,0,0.08888889
0.5116279,0.925,0.5,0.5,1,0.8333333,0.92,0.5,1,0.25,0.5,1.0,0,0.0,0.6666667,0,0.5,0.0,1,0.42222223
0.093023255,0.6,0.5,0.5,1,0.5,0.06,0.0,0,0.125,0.0,1.0,1,1.0,0.5,0,1.0,0.5,1,0.15555556
0.30232558,0.2,1.0,0.0,1,0.16666667,0.74,1.0,1,0.25,0.5,0.5,1,1.0,0.5,0,0.0,1.0,1,0.2
0.6744186,0.925,1.0,1.0,0,0.16666667,0.4,0.5,1,0.0,1.0,0.5,1,1.0,0.33333334,0,1.0,0.0,1,0.46666667
0.37209302,0.925,1.0,0.5,1,0.8333333,0.26,0.5,1,0.25,0.0,0.5,1,1.0,0.33333334,0,0.0,0.0,1,0.33333334
0.27906978,1.0,1.0,0.5,0,0.33333334,0.52,0.5,0,0.0,0.0,0.0,1,1.0,0.8333333,0,1.0,0.0,1,0.31111112
0.41860464,0.875,0.5,0.5,1,0.5,0.48,1.0,0,0.0,0.0,1.0,1,1.0,0.33333334,0,0.0,0.0,0,0.31111112
0.7209302,1.0,0.0,1.0,1,0.16666667,0.34,0.5,0,0.5,0.5,0.5,1,1.0,0.5,0,0.0,1.0,1,0.42222223
0.18604651,0.25,1.0,0.5,0,0.6666667,0.64,0.0,0,0.25,1.0,1.0,1,-1.0,0.33333334,0,0.0,0.0,0,0.15555556
0.30232558,0.85,0.5,0.5,0,0.8333333,0.66,1.0,1,0.25,0.0,1.0,1,1.0,0.5,0,1.0,0.5,1,0.33333334
0.6511628,0.825,0.0,0.5,1,0.8333333,0.08,0.5,0,0.5,0.0,1.0,1,1.0,0.5,0,0.0,0.0,1,0.35555556
0.6976744,0.225,0.5,0.0,1,0.33333334,0.6,0.0,1,0.5,0.5,0.5,1,-1.0,0.33333334,0,0.5,0.0,1,0.2888889
0.41860464,0.1,1.0,0.0,1,0.6666667,0.72,0.0,1,0.375,1.0,0.5,0,0.0,0.5,0,1.0,0.0,0,0.24444444
0.27906978,0.975,0.0,0.5,0,0.5,0.08,1.0,1,0.375,1.0,0.5,1,-1.0,0.5,0,0.0,1.0,1,0.26666668
0.74418604,0.3,1.0,0.5,0,0.6666667,0.66,0.0,1,0.375,0.0,1.0,0,0.0,0.6666667,0,0.0,0.0,1,0.35555556
0.6744186,0.875,0.5,0.5,1,0.5,0.8,0.5,1,0.375,0.5,0.5,1,0.0,0.16666667,0,0.0,0.5,1,0.42222223
0.53488374,0.0,0.0,0.5,1,0.33333334,0.84,0.0,1,0.375,0.5,0.5,1,1.0,0.33333334,0,0.5,0.0,1,0.22222222
0.3255814,0.025,1.0,0.0,1,0.8333333,0.04,0.5,1,0.125,0.5,0.5,0,0.0,0.5,0,0.0,0.5,0,0.11111111
0.44186047,0.475,1.0,1.0,1,0.5,0.7,0.0,1,0.25,0.5,0.5,1,0.0,0.33333334,0,0.5,0.5,1,0.31111112
0.41860464,0.25,0.5,0.5,1,0.33333334,0.8,0.0,1,0.25,0.0,0.5,0,1.0,0.5,0,0.0,0.5,1,0.22222222
0.4883721,0.7,0.5,0.0,1,0.5,0.4,0.5,1,0.375,0.0,0.5,1,1.0,0.33333334,0,0.0,0.0,0,0.31111112
0.6511628,0.575,0.5,0.0,1,0.33333334,0.54,1.0,1,0.125,0.5,0.5,1,0.0,0.6666667,0,0.0,0.0,1,0.33333334
0.55813956,0.075,1.0,0.0,1,0.6666667,0.26,0.5,1,0.0,0.5,1.0,0,1.0,0.16666667,1,1.0,0.0,0,0.22222222
0.30232558,0.175,0.0,0.0,1,0.5,0.32,0.0,1,0.0,0.0,0.5,1,0.0,0.6666667,0,0.0,1.0,0,0.044444446
0.627907,0.4,0.5,0.5,1,0.33333334,0.5,0.0,1,0.0,0.5,1.0,1,1.0,0.33333334,0,0.0,0.0,0,0.2888889
0.4883721,0.175,1.0,1.0,0,1.0,0.16,0.5,1,0.25,1.0,0.0,1,0.0,0.5,0,1.0,0.0,1,0.26666668
0.53488374,0.8,0.5,0.5,0,0.16666667,0.38,0.5,1,0.25,0.5,0.5,0,-1.0,0.6666667,0,0.0,0.0,0,0.33333334
0.6511628,0.425,0.5,0.5,1,0.6666667,0.3,0.5,1,0.125,0.5,0.5,1,0.0,0.5,0,0.0,0.0,1,0.2888889
0.27906978,0.1,1.0,1.0,1,0.5,0.24,0.5,1,0.125,0.0,0.5,1,0.0,0.16666667,0,0.5,0.5,0,0.15555556
0.44186047,0.475,1.0,0.5,1,0.16666667,0.48,0.5,1,0.125,0.0,0.5,1,0.0,0.8333333,0,0.0,1.0,1,0.26666668
0.37209302,0.1,1.0,1.0,1,0.33333334,0.84,0.5,1,0.0,0.5,0.5,0,1.0,0.16666667,0,1.0,0.0,1,0.24444444
0.23255815,0.125,0.5,0.0,1,0.16666667,0.24,0.5,1,0.25,0.5,1.0,1,0.0,0.33333334,0,0.5,1.0,0,0.11111111
0.4883721,0.25,1.0,0.0,0,1.0,0.66,0.0,1,0.0,0.5,0.5,1,1.0,0.33333334,0,0.5,0.5,1,0.22222222
0.7906977,0.85,1.0,0.5,1,0.5,0.26,0.5,1,0.125,0.0,1.0,1,1.0,0.33333334,0,0.5,0.0,0,0.44444445
0.18604651,0.925,0.0,0.5,1,0.5,0.14,0.5,1,0.5,0.5,1.0,1,0.0,0.8333333,0,0.0,1.0,0,0.26666668
0.44186047,0.825,0.5,1.0,0,1.0,0.94,0.5,1,0.125,0.0,0.5,1,0.0,0.33333334,0,1.0,0.5,1,0.35555556
0.53488374,0.325,0.0,0.0,1,0.33333334,0.64,0.5,1,0.0,0.5,0.5,1,-1.0,0.33333334,1,0.0,0.0,1,0.17777778
0.4651163,0.275,1.0,0.5,1,0.8333333,0.1,0.0,1,0.25,1.0,1.0,1,1.0,0.16666667,0,1.0,0.5,1,0.26666668
0.41860464,0.55,1.0,0.5,0,0.6666667,0.64,0.0,1,0.25,0.0,0.5,0,-1.0,0.6666667,0,1.0,0.0,0,0.2888889
0.25581396,0.725,1.0,0.0,1,0.0,0.18,0.0,1,0.25,0.0,1.0,1,-1.0,0.6666667,0,0.0,0.0,1,0.22222222
0.4651163,1.0,0.0,1.0,0,0.33333334,0.88,0.5,0,0.125,1.0,0.5,1,1.0,0.5,0,0.5,0.5,0,0.37777779
0.3255814,0.125,0.5,0.5,0,0.6666667,0.24,0.5,1,0.125,0.5,0.5,1,0.0,0.6666667,0,0.0,0.5,0,0.13333334
0.13953489,0.05,0.0,1.0,0,0.5,0.8,0.5,1,0.125,0.5,0.0,1,0.0,0.8333333,0,0.5,0.5,0,0.11111111
0.60465115,0.7,1.0,1.0,1,0.5,0.2,0.5,1,0.25,0.0,0.5,1,1.0,0.33333334,0,0.0,0.0,0,0.37777779
0.5813953,0.825,0.5,0.5,1,0.33333334,0.56,0.5,1,0.25,0.5,0.5,1,0.0,0.5,0,1.0,1.0,0,0.37777779
0.44186047,0.85,0.0,0.5,1,0.33333334,0.92,0.5,1,0.25,0.5,0.5,0,-1.0,0.5,0,0.5,0.0,1,0.33333334
0.4651163,0.675,0.0,0.5,0,0.5,0.3,1.0,1,0.25,0.5,0.5,1,-1.0,0.5,1,0.5,0.0,1,0.26666668
0.5813953,0.95,0.5,0.5,0,1.0,0.08,0.5,1,0.0,0.0,1.0,0,0.0,0.16666667,0,1.0,0.0,1,0.35555556
0.4651163,0.5,0.5,0.0,1,0.33333334,0.56,0.5,1,0.0,0.5,0.5,0,-1.0,0.33333334,0,1.0,0.0,0,0.24444444
0.55813956,0.925,1.0,1.0,0,0.33333334,0.18,0.0,1,0.0,0.0,1.0,1,1.0,0.33333334,0,0.0,0.0,0,0.37777779
0.39534885,0.975,0.5,0.5,1,0.5,0.72,0.5,0,0.125,1.0,0.5,1,0.0,0.6666667,0,0.0,0.5,0,0.33333334
0.627907,0.85,0.5,0.0,1,0.16666667,0.6,0.5,1,0.25,1.0,0.5,1,-1.0,0.33333334,0,0.0,0.5,0,0.35555556
0.4883721,0.3,0.0,0.0,1,0.6666667,0.34,1.0,1,0.25,0.5,0.5,1,-1.0,0.6666667,0,0.5,1.0,1,0.2
0.4651163,0.2,0.5,0.5,1,0.16666667,0.7,0.5,0,0.375,1.0,0.5,1,1.0,0.33333334,0,0.5,0.5,1,0.24444444
0.25581396,0.55,1.0,0.0,0,0.16666667,0.24,0.0,1,0.25,0.5,0.5,1,1.0,0.6666667,0,0.0,0.0,1,0.2
0.4883721,0.45,0.5,0.5,1,0.16666667,0.92,0.5,1,0.0,0.0,0.5,1,0.0,0.5,0,0.0,0.5,1,0.26666668
0.3255814,0.875,0.0,0.0,0,0.16666667,0.34,1.0,1,0.375,0.5,0.5,1,1.0,0.5,0,0.0,0.5,0,0.26666668
0.3488372,0.1,1.0,0.0,0,0.8333333,0.76,0.5,1,0.125,0.5,1.0,1,1.0,0.5,0,0.0,0.0,1,0.2
0.3255814,0.25,0.0,0.5,0,0.6666667,0.26,0.0,1,0.0,0.5,0.5,0,1.0,0.6666667,0,0.0,0.5,0,0.13333334
0.30232558,0.75,1.0,1.0,1,0.6666667,0.72,0.5,1,0.5,0.5,0.5,0,-1.0,0.33333334,0,0.0,0.0,0,0.9777778
0.74418604,0.1,0.5,0.5,0,0.6666667,0.04,0.0,0,0.375,1.0,0.5,1,1.0,0.6666667,0,0.0,0.0,1,0.26666668
0.627907,0.325,0.5,1.0,1,0.5,0.3,1.0,1,0.375,1.0,1.0,1,1.0,0.5,0,1.0,0.0,1,0.37777779
0.7209302,0.375,0.0,0.0,0,0.5,0.1,0.5,1,0.125,0.5,0.5,1,0.0,0.6666667,0,0.0,0.5,1,0.24444444
0.27906978,0.625,0.0,1.0,1,0.8333333,0.46,1.0,1,0.375,0.5,1.0,1,1.0,0.33333334,0,1.0,0.5,1,0.2888889
0.44186047,0.15,1.0,0.0,0,0.8333333,0.44,0.0,1,0.125,0.5,1.0,1,1.0,0.16666667,0,0.5,0.0,0,0.2
0.25581396,0.85,1.0,1.0,0,0.16666667,0.36,1.0,1,0.125,1.0,0.5,1,0.0,0.33333334,0,0.0,0.0,1,0.31111112
0.3488372,0.45,0.5,1.0,0,1.0,0.98,0.0,1,0.0,0.0,0.5,1,1.0,0.6666667,0,0.0,1.0,0,0.22222222
0.30232558,0.925,0.0,1.0,0,0.16666667,0.24,0.5,0,0.125,0.5,0.5,1,0.0,0.6666667,1,1.0,1.0,0,0.24444444
0.60465115,0.475,1.0,1.0,1,0.33333334,0.8,0.0,1,0.375,0.5,1.0,1,1.0,0.6666667,0,0.0,0.0,1,0.4
0.39534885,0.275,0.5,0.5,1,0.5,0.44,0.0,1,0.0,0.0,0.5,1,0.0,0.6666667,0,0.0,0.0,0,0.17777778
0.5813953,0.15,0.5,0.5,1,0.5,0.34,1.0,1,0.375,0.5,0.5,1,-1.0,0.6666667,0,0.0,0.5,0,0.24444444
0.53488374,0.0,0.5,0.5,1,1.0,0.2,0.0,1,0.375,0.0,1.0,0,0.0,0.33333334,0,1.0,0.0,0,0.22222222
0.76744187,0.525,0.5,0.5,1,0.8333333,0.64,0.0,1,0.125,0.5,1.0,1,-1.0,0.33333334,0,0.0,0.0,1,0.35555556
0.23255815,0.1,0.5,0.0,1,0.6666667,0.34,1.0,0,0.125,0.5,0.5,1,0.0,0.33333334,1,0.5,0.0,1,0.06666667
0.627907,0.4,0.5,0.5,0,0.8333333,0.82,0.5,1,0.0,0.0,1.0,0,0.0,0.5,0,0.0,0.5,1,0.2888889
0.60465115,0.6,0.5,0.5,0,0.6666667,0.96,0.5,1,0.0,0.0,0.5,1,0.0,0.6666667,0,0.0,0.5,1,0.31111112
0.30232558,0.275,1.0,0.0,1,0.33333334,0.22,0.0,1,0.0,0.0,0.5,1,1.0,0.5,0,1.0,0.0,0,0.17777778
0.5813953,0.175,0.5,0.5,1,0.6666667,0.12,0.5,1,0.125,0.5,0.5,1,-1.0,0.8333333,0,0.5,0.0,0,0.24444444
0.4883721,0.775,0.5,0.5,1,0.5,0.32,0.5,0,0.0,1.0,1.0,1,-1.0,0.5,0,0.5,0.0,0,0.31111112
0.41860464,0.95,0.5,0.0,1,0.33333334,0.46,0.5,1,0.375,0.0,0.5,0,-1.0,0.5,0,0.5,0.0,1,0.31111112
0.3255814,0.1,1.0,0.5,0,0.8333333,0.3,0.5,1,0.25,0.5,0.5,1,0.0,0.33333334,0,0.0,0.0,1,0.17777778
0.3488372,0.15,0.0,1.0,1,0.5,0.98,0.5,1,0.125,0.0,0.5,1,1.0,0.5,0,0.5,0.0,0,0.22222222
0.7209302,0.95,0.0,1.0,0,0.16666667,0.78,0.5,1,0.25,1.0,0.0,0,1.0,0.5,0,0.5,0.0,1,0.46666667
0.44186047,0.05,1.0,0.5,1,0.33333334,0.96,1.0,1,0.0,1.0,1.0,1,0.0,0.5,0,1.0,0.0,1,0.26666668
0.55813956,0.975,0.0,0.5,0,0.6666667,0.38,0.5,0,0.125,0.0,1.0,1,1.0,0.5,0,1.0,0.5,1,0.33333334
0.3255814,0.0,0.5,0.0,0,0.8333333,0.3,0.5,1,0.125,0.5,1.0,1,-1.0,0.8333333,0,0.5,0.5,1,0.11111111
0.3255814,0.875,1.0,0.0,0,0.6666667,0.4,0.5,1,0.25,1.0,1.0,1,0.0,0.5,1,0.0,0.0,0,0.2888889
0.5813953,0.3,0.5,0.5,1,0.6666667,0.52,0.5,1,0.125,0.5,0.5,1,-1.0,0.5,0,1.0,0.0,1,0.2888889
0.25581396,0.95,0.0,1.0,1,0.33333334,0.74,0.5,1,0.25,0.0,0.5,0,0.0,0.5,0,1.0,0.0,0,0.33333334
0.39534885,0.325,0.5,1.0,1,0.5,0.88,1.0,1,0.125,1.0,0.5,0,0.0,0.5,0,1.0,0.5,0,0.2888889
0.44186047,0.65,1.0,1.0,0,0.5,0.46,0.5,1,0.375,0.0,0.0,1,0.0,0.5,1,0.0,0.0,1,0.31111112
0.4651163,0.075,0.5,0.5,1,0.5,0.28,0.5,1,0.0,0.0,0.5,1,-1.0,0.5,0,0.0,0.0,0,0.15555556
0.41860464,0.25,1.0,0.0,0,0.5,0.32,0.5,1,0.125,1.0,0.0,0,0.0,0.6666667,0,0.5,0.5,1,0.2
0.4883721,0.775,1.0,0.5,0,0.33333334,0.7,0.0,1,0.25,0.5,0.5,0,1.0,0.33333334,0,0.0,0.5,0,0.35555556
0.53488374,0.525,0.5,0.5,1,0.6666667,0.56,0.5,1,0.125,0.0,0.5,1,1.0,0.33333334,0,0.0,0.0,1,0.2888889
0.53488374,0.925,1.0,0.5,0,0.16666667,0.48,1.0,1,0.0,0.5,0.0,1,0.0,0.8333333,0,0.0,0.0,0,0.37777779
0.30232558,0.425,0.5,0.5,1,0.16666667,0.2,0.0,1,0.125,1.0,1.0,0,-1.0,0.5,0,1.0,1.0,1,0.2
0.39534885,0.875,0.5,1.0,1,0.33333334,0.88,0.5,1,0.75,0.0,1.0,1,0.0,0.5,0,0.0,1.0,0,0.4
0.60465115,0.45,0.5,1.0,0,0.6666667,0.78,0.0,1,0.0,0.0,0.5,1,0.0,0.5,0,1.0,0.0,0,0.31111112
0.55813956,0.975,0.0,0.5,0,0.6666667,0.14,0.5,1,0.125,0.5,0.0,0,1.0,0.5,0,1.0,0.5,1,0.33333334
0.25581396,0.95,0.5,1.0,0,0.0,0.36,0.5,1,0.375,0.0,1.0,1,0.0,0.33333334,0,0.0,0.0,0,0.31111112
0.4883721,0.325,0.5,0.0,0,0.6666667,0.54,0.5,1,0.125,1.0,0.5,1,0.0,0.5,0,0.0,1.0,1,0.2
0.1627907,0.875,0.5,0.5,0,0.5,0.46,0.0,1,0.25,0.5,0.5,0,0.0,0.33333334,0,0.5,0.0,1,0.24444444
0.44186047,0.85,0.5,0.5,1,0.33333334,0.4,1.0,1,0.125,0.5,0.5,1,0.0,0.33333334,0,0.0,0.5,0,0.31111112
0.6976744,0.2,1.0,0.5,0,0.5,0.72,0.0,1,0.125,0.0,0.5,0,1.0,0.5,0,0.0,0.5,0,0.2888889
0.30232558,0.625,0.5,0.0,1,0.16666667,0.06,0.5,1,0.5,0.5,0.5,1,0.0,0.5,0,0.0,0.0,1,0.22222222
0.3255814,0.075,1.0,0.0,1,0.5,0.48,0.5,1,0.5,0.0,0.5,1,-1.0,0.33333334,0,0.0,0.5,1,0.15555556
0.55813956,0.825,1.0,1.0,1,0.16666667,0.26,0.5,1,0.25,1.0,0.5,1,1.0,0.33333334,0,1.0,0.0,0,0.44444445
0.23255815,0.175,0.5,0.5,1,0.33333334,0.08,0.0,1,0.0,0.0,0.5,1,1.0,0.5,0,0.0,0.0,0,0.11111111
0.3488372,0.075,0.5,1.0,1,0.33333334,0.46,0.5,1,0.0,0.5,0.5,1,0.0,0.6666667,0,0.5,0.0,1,0.17777778
0.53488374,0.4,0.5,0.0,1,0.6666667,0.18,0.5,1,0.25,0.5,0.5,1,1.0,0.6666667,0,0.5,1.0,1,0.24444444
0.3488372,0.575,1.0,0.5,1,0.5,0.26,0.5,1,0.0,0.5,0.5,1,0.0,0.5,0,1.0,0.0,0,0.26666668
0.41860464,0.85,0.0,0.5,1,0.6666667,0.5,0.5,1,0.125,0.5,0.5,1,-1.0,0.5,0,0.5,0.5,0,0.2888889
0.53488374,0.975,0.5,0.5,1,0.16666667,0.98,0.5,1,0.0,0.0,0.5,1,1.0,0.5,0,0.0,0.5,0,0.37777779
0.5116279,0.45,0.0,0.5,0,0.5,0.68,1.0,1,0.0,0.0,0.5,0,0.0,0.5,0,0.5,0.0,1,0.24444444
0.4883721,0.05,0.5,0.5,1,0.6666667,0.28,0.5,1,0.0,0.0,0.5,1,0.0,0.5,0,1.0,0.0,0,0.17777778
0.39534885,0.75,0.5,1.0,1,0.8333333,0.38,0.5,1,0.125,1.0,1.0,0,1.0,0.5,0,0.5,0.5,0,0.35555556
0.4883721,0.575,0.0,0.5,1,0.16666667,0.4,1.0,1,0.25,0.0,0.5,1,1.0,0.5,0,0.5,1.0,1,0.26666668
0.41860464,0.45,0.5,0.5,1,0.33333334,0.16,0.5,1,0.125,0.0,0.5,1,0.0,0.5,0,1.0,0.0,1,0.24444444
0.5116279,0.3,1.0,0.5,0,0.6666667,0.16,0.5,0,0.25,0.0,1.0,0,1.0,0.33333334,0,0.5,0.0,0,0.24444444
0.37209302,0.5,1.0,1.0,0,0.8333333,0.14,0.5,1,0.5,0.0,0.5,1,1.0,0.33333334,0,0.5,0.0,1,0.2888889
0.41860464,0.35,0.5,0.5,0,0.5,0.52,1.0,1,0.125,1.0,0.5,1,0.0,0.5,0,0.5,0.0,0,0.24444444
0.30232558,0.75,1.0,0.5,1,0.16666667,0.68,0.5,1,0.0,0.0,0.5,1,-1.0,0.5,0,1.0,0.0,0,0.2888889
0.44186047,0.55,1.0,0.5,1,0.16666667,0.6,0.5,1,0.375,0.0,0.5,1,0.0,0.16666667,1,0.5,0.0,0,0.2888889
0.3255814,0.875,0.0,0.5,1,0.5,0.98,0.0,1,0.0,1.0,1.0,1,0.0,0.33333334,0,0.0,0.0,0,0.2888889
0.27906978,0.55,0.5,1.0,0,0.6666667,0.12,0.0,1,0.25,0.0,1.0,0,0.0,0.5,0,1.0,0.0,1,0.24444444
0.4883721,0.25,1.0,0.0,0,0.5,0.98,0.5,1,0.125,0.0,1.0,0,1.0,0.33333334,0,0.0,0.5,1,0.24444444
0.4651163,0.85,0.5,1.0,0,0.16666667,0.46,0.0,1,0.0,0.5,1.0,1,0.0,0.5,0,1.0,1.0,0,0.33333334
0.55813956,0.55,1.0,0.5,1,0.8333333,0.22,0.0,1,0.125,1.0,0.5,1,-1.0,0.33333334,0,0.0,0.0,1,0.2888889
0.37209302,0.2,0.5,0.5,1,0.33333334,0.94,1.0,1,0.25,1.0,0.0,1,-1.0,0.5,0,0.0,0.5,1,0.22222222
0.4883721,0.625,0.0,1.0,1,0.6666667,0.46,1.0,1,0.125,0.5,0.5,0,1.0,0.5,0,0.5,0.0,1,0.33333334
0.5116279,0.35,0.5,0.5,0,0.0,0.34,0.5,1,0.375,1.0,0.5,0,-1.0,0.8333333,0,0.0,1.0,1,0.24444444
0.5116279,0.85,0.5,1.0,1,0.8333333,0.22,0.5,0,0.0,0.5,0.5,1,-1.0,0.16666667,1,1.0,0.5,0,0.2888889
0.3255814,0.45,0.5,0.5,1,0.33333334,0.26,1.0,1,0.125,0.5,0.5,0,0.0,0.33333334,1,0.5,0.5,1,0.2
0.4651163,0.725,0.5,0.5,0,0.8333333,0.98,0.5,1,0.0,0.5,0.5,0,-1.0,0.5,0,0.0,0.0,1,0.31111112
0.4883721,0.1,0.5,0.5,0,0.6666667,0.3,0.0,1,0.25,0.5,0.5,0,0.0,0.6666667,0,1.0,0.0,0,0.22222222
0.44186047,0.4,0.5,1.0,1,0.16666667,0.98,0.0,0,0.375,0.5,1.0,1,-1.0,0.5,0,1.0,0.0,0,0.31111112
0.13953489,0.975,0.0,1.0,1,0.5,0.34,0.0,0,0.125,1.0,1.0,0,0.0,0.6666667,0,0.0,0.0,0,0.24444444
0.4651163,0.8,1.0,0.0,0,0.8333333,0.24,0.5,1,0.125,0.5,0.0,1,1.0,0.33333334,0,0.0,0.0,0,0.2888889
0.74418604,0.15,0.5,0.5,1,0.33333334,0.18,0.5,1,0.375,1.0,0.5,1,1.0,0.33333334,0,1.0,0.0,0,0.33333334
0.39534885,0.275,1.0,0.5,0,0.8333333,0.42,0.5,1,0.125,0.5,1.0,1,1.0,0.5,0,0.0,0.5,0,0.22222222
0.3488372,0.325,1.0,0.5,1,0.6666667,0.24,0.5,1,0.0,1.0,1.0,0,0.0,0.33333334,0,0.0,0.0,0,0.22222222
0.4883721,0.65,0.5,0.0,0,0.8333333,0.7,0.5,1,0.125,0.5,0.5,1,-1.0,0.5,0,1.0,0.0,0,0.2888889
0.4883721,0.75,0.0,0.5,0,0.5,0.24,0.0,1,0.0,0.5,0.5,1,1.0,0.5,0,0.5,0.0,1,0.26666668
0.60465115,0.75,1.0,1.0,0,0.5,0.84,0.5,1,0.0,0.0,0.5,0,0.0,0.5,0,0.0,0.0,0,0.37777779
0.25581396,0.5,1.0,1.0,1,1.0,0.84,1.0,1,0.125,1.0,1.0,1,1.0,0.5,0,1.0,0.5,1,0.33333334
0.53488374,0.8,0.0,1.0,1,0.6666667,0.28,1.0,1,0.125,1.0,1.0,0,0.0,0.5,0,0.5,0.0,1,0.37777779
0.53488374,0.425,1.0,1.0,1,0.5,0.76,0.0,1,0.125,1.0,0.5,1,-1.0,0.8333333,0,0.5,0.0,1,0.35555556
0.41860464,0.125,0.0,0.5,0,0.6666667,0.86,0.0,1,0.125,0.5,1.0,0,0.0,0.6666667,0,0.5,0.0,1,0.2
0.4883721,0.575,0.0,1.0,1,0.33333334,0.6,0.5,1,0.25,0.5,0.5,1,1.0,0.8333333,0,0.0,0.5,0,0.31111112
0.5813953,0.95,0.5,0.5,1,0.5,0.36,0.5,1,0.5,0.0,0.5,1,1.0,0.16666667,0,0.0,0.0,0,0.4
0.55813956,0.8,0.0,1.0,1,0.8333333,0.44,0.5,1,0.125,0.0,0.5,1,-1.0,0.8333333,0,1.0,1.0,0,0.33333334
0.27906978,0.575,1.0,0.5,0,0.5,0.78,0.5,1,0.125,0.0,0.5,1,0.0,0.6666667,0,1.0,0.0,0,0.2888889
0.55813956,0.65,1.0,0.5,0,0.33333334,0.3,0.5,1,0.25,0.5,1.0,1,1.0,0.8333333,0,0.0,0.5,1,0.35555556
0.44186047,0.925,0.5,1.0,0,0.33333334,0.34,0.0,1,0.125,0.0,1.0,0,1.0,0.5,0,1.0,0.0,0,0.35555556
0.44186047,0.425,0.0,1.0,1,0.5,0.16,1.0,1,0.0,1.0,0.5,1,0.0,0.5,0,0.0,0.0,1,0.24444444
0.44186047,0.325,0.5,1.0,0,0.33333334,0.4,0.0,1,0.375,1.0,1.0,1,0.0,0.6666667,0,0.0,0.0,0,0.2888889
0.41860464,0.975,0.5,1.0,1,0.16666667,0.08,0.0,1,0.0,0.5,0.5,1,0.0,0.33333334,0,1.0,0.0,1,0.33333334
0.60465115,0.875,0.5,0.5,0,0.16666667,0.32,0.0,1,0.375,0.5,0.5,1,0.0,0.6666667,0,0.0,0.0,1,0.37777779
0.41860464,0.325,0.0,1.0,1,0.8333333,0.38,1.0,1,0.125,0.0,0.0,1,1.0,0.6666667,0,1.0,0.0,0,0.24444444
0.27906978,0.475,0.5,1.0,1,0.5,0.26,0.0,0,0.375,1.0,0.5,0,0.0,0.33333334,0,0.0,0.0,0,0.22222222
0.39534885,0.425,0.5,1.0,1,0.5,0.1,1.0,0,0.375,1.0,0.5,0,0.0,0.5,1,0.0,0.0,0,0.24444444
0.4651163,0.15,1.0,0.5,1,0.33333334,0.52,0.0,1,0.375,0.0,0.5,0,0.0,0.16666667,0,0.0,0.5,0,0.22222222
0.60465115,0.95,1.0,0.0,1,0.33333334,0.86,0.0,1,0.0,0.0,0.5,0,0.0,0.6666667,0,0.0,0.5,1,0.37777779
0.53488374,0.4,0.5,0.5,1,0.33333334,0.34,0.5,1,0.25,1.0,0.5,1,-1.0,0.5,0,0.5,0.0,0,0.2888889
0.3255814,0.875,0.5,0.5,1,0.5,0.24,1.0,1,0.0,1.0,0.5,1,-1.0,0.5,0,0.5,0.0,0,0.2888889
0.7906977,0.2,0.0,1.0,1,0.16666667,0.28,0.5,1,0.0,1.0,0.0,1,1.0,0.6666667,1,0.0,0.0,1,0.26666668
0.4883721,0.55,0.5,0.5,1,0.8333333,0.86,0.0,1,0.25,0.0,0.5,1,0.0,0.33333334,0,0.0,0.0,1,0.2888889
0.627907,0.025,1.0,0.5,0,0.5,0.52,1.0,1,0.125,0.5,1.0,1,1.0,0.6666667,0,0.0,0.5,1,0.26666668
0.41860464,0.775,0.5,1.0,0,0.5,0.14,0.0,1,0.375,1.0,1.0,1,-1.0,0.5,0,0.0,0.5,0,0.31111112
0.5116279,0.575,0.0,0.0,0,0.6666667,0.7,0.5,1,0.25,0.0,0.5,0,0.0,0.33333334,1,0.0,0.0,1,0.22222222
0.55813956,0.625,0.5,0.5,0,0.6666667,0.16,0.5,1,0.25,0.5,1.0,1,0.0,0.6666667,0,0.5,0.0,1,0.33333334
0.60465115,0.05,1.0,0.5,0,0.33333334,0.06,0.0,1,0.125,0.5,0.5,1,1.0,0.33333334,0,0.0,0.5,1,0.2
0.5813953,0.2,0.5,0.5,0,0.6666667,0.26,0.5,1,0.25,0.0,1.0,1,1.0,0.5,0,0.0,0.0,1,0.24444444
0.55813956,0.075,0.0,0.5,0,0.6666667,0.16,0.5,1,0.125,1.0,0.5,1,1.0,0.16666667,0,0.5,0.0,0,0.2
0.39534885,0.3,1.0,1.0,1,0.5,0.6,1.0,1,0.125,1.0,1.0,1,-1.0,0.33333334,1,0.0,0.5,0,0.24444444
0.37209302,0.625,0.5,0.5,1,0.8333333,0.48,0.5,1,0.125,0.5,0.5,0,0.0,0.33333334,0,0.0,0.0,1,0.26666668
0.4883721,0.575,0.5,0.0,1,0.6666667,0.72,0.5,1,0.375,0.5,0.0,1,-1.0,0.6666667,0,0.0,0.0,1,0.2888889
0.5813953,0.6,0.5,0.5,0,0.6666667,0.52,0.5,1,0.625,0.5,1.0,1,0.0,0.33333334,0,0.0,0.5,1,0.35555556
0.41860464,0.55,1.0,0.0,0,0.8333333,0.42,0.5,1,0.125,0.0,1.0,0,0.0,0.5,0,0.5,0.0,0,0.26666668
0.5813953,0.275,1.0,0.5,1,0.5,0.52,0.5,1,0.375,0.0,0.5,1,1.0,0.33333334,0,1.0,0.5,1,0.31111112
0.6511628,0.25,0.5,0.0,1,0.5,0.44,0.0,1,0.125,0.5,0.5,1,1.0,0.6666667,0,0.5,0.0,1,0.26666668
0.3255814,0.125,0.0,1.0,1,0.6666667,0.04,0.5,1,0.5,0.0,0.5,0,0.0,0.5,1,0.0,0.5,0,0.13333334
0.3255814,0.85,0.5,0.5,0,0.5,0.68,0.5,1,0.0,0.5,1.0,1,1.0,0.33333334,0,0.0,0.5,1,0.2888889
0.41860464,0.625,0.0,0.0,1,0.6666667,0.96,0.5,1,0.25,0.5,0.0,0,0.0,0.6666667,0,0.0,0.0,0,0.26666668
0.4883721,0.175,0.0,0.5,1,0.33333334,0.42,0.0,1,0.125,0.5,1.0,1,0.0,0.6666667,0,0.5,0.5,1,0.2
0.37209302,0.175,0.5,0.5,1,0.0,0.42,0.5,1,0.375,0.5,1.0,1,-1.0,0.33333334,0,0.0,0.5,0,0.17777778
0.627907,0.875,0.0,0.5,0,0.6666667,0.04,1.0,1,0.375,1.0,1.0,1,-1.0,0.6666667,0,0.5,0.0,1,0.37777779
0.5116279,0.75,1.0,0.5,0,0.16666667,0.9,0.0,1,0.25,0.0,0.5,1,-1.0,0.33333334,0,0.0,0.5,1,0.31111112
0.44186047,0.65,0.0,1.0,0,0.33333334,0.92,0.5,1,0.125,1.0,0.0,1,0.0,0.33333334,1,0.0,1.0,1,0.24444444
0.23255815,0.4,0.5,0.5,1,0.6666667,0.82,0.0,1,0.125,1.0,1.0,0,0.0,0.5,1,0.5,0.0,0,0.2
0.25581396,0.25,0.0,0.5,1,0.6666667,0.1,0.5,1,0.25,0.5,1.0,1,-1.0,0.6666667,0,0.0,0.0,0,0.13333334
0.4883721,0.975,0.5,1.0,1,0.8333333,0.9,0.5,1,0.25,0.0,0.0,1,-1.0,0.6666667,1,0.0,0.0,1,0.35555556
0.13953489,0.8,0.0,0.5,1,0.0,0.02,0.5,1,0.0,1.0,0.5,1,1.0,0.16666667,0,0.0,0.0,0,0.17777778
0.5813953,0.3,0.5,0.0,0,0.5,0.44,0.0,1,0.25,0.5,0.0,1,0.0,0.6666667,0,0.0,0.0,0,0.22222222
0.41860464,0.85,1.0,0.0,1,0.5,0.5,0.5,1,0.25,1.0,0.5,1,-1.0,0.8333333,0,0.5,0.0,0,0.35555556
0.88372093,0.75,1.0,1.0,0,0.6666667,0.84,1.0,1,0.25,0.5,1.0,0,0.0,0.16666667,0,0.0,0.0,0,0.51111114
0.76744187,0.3,0.5,1.0,1,0.8333333,0.76,0.0,1,0.125,1.0,0.5,0,1.0,0.5,0,1.0,0.0,1,0.4
0.41860464,0.425,0.0,0.5,0,0.16666667,0.8,0.0,1,0.125,0.0,1.0,0,0.0,0.5,0,0.5,0.0,0,0.22222222
0.41860464,0.175,0.0,0.5,1,0.5,0.86,1.0,1,0.0,0.5,0.5,1,1.0,0.6666667,0,1.0,0.0,1,0.24444444
0.5813953,0.1,1.0,0.0,1,0.6666667,0.48,0.0,1,0.375,0.5,1.0,1,0.0,0.33333334,0,0.0,0.0,1,0.24444444
0.6744186,0.725,0.5,0.5,0,0.33333334,0.78,0.5,1,0.375,1.0,0.5,1,0.0,0.5,0,1.0,0.5,1,0.42222223
0.20930232,0.275,0.5,0.0,0,1.0,0.06,0.0,1,0.5,1.0,0.5,0,1.0,0.5,0,0.0,0.0,0,0.15555556
0.18604651,0.825,1.0,0.0,1,0.33333334,0.44,0.0,1,0.125,0.5,0.5,1,1.0,0.33333334,0,0.5,0.0,0,0.24444444
0.3488372,1.0,1.0,1.0,0,0.5,0.04,0.5,1,0.5,0.0,0.5,1,-1.0,0.6666667,0,0.0,0.0,0,0.35555556
0.5116279,0.075,1.0,0.5,1,0.16666667,0.92,0.5,1,0.25,1.0,0.5,1,0.0,0.33333334,0,0.0,0.0,0,0.26666668
0.5116279,0.475,1.0,0.0,1,0.5,0.96,0.0,1,0.0,0.5,1.0,1,0.0,0.6666667,0,0.5,0.0,0,0.31111112
0.5813953,0.8,0.5,1.0,0,0.0,0.08,0.5,1,0.25,1.0,0.5,1,1.0,0.6666667,0,0.0,0.5,1,0.37777779
0.27906978,0.8,1.0,1.0,1,0.5,0.54,0.5,1,0.25,1.0,0.5,1,1.0,0.6666667,0,1.0,0.0,1,0.37777779
0.11627907,0.75,0.5,0.5,1,0.8333333,0.32,0.5,1,0.25,0.5,1.0,1,1.0,0.33333334,0,0.0,1.0,1,0.22222222
0.55813956,0.35,1.0,1.0,0,0.16666667,0.34,1.0,1,0.125,0.5,0.5,1,1.0,0.8333333,0,1.0,0.0,1,0.35555556
0.3255814,0.45,0.5,0.5,0,0.16666667,0.46,0.5,1,0.0,1.0,1.0,0,1.0,0.16666667,1,0.5,0.0,1,0.2
0.1627907,0.6,0.5,0.0,1,0.8333333,0.12,0.0,1,0.125,0.0,0.5,1,1.0,0.33333334,0,0.0,0.5,1,0.13333334
0.4651163,0.975,0.5,0.0,1,0.8333333,0.18,0.0,1,0.125,1.0,1.0,1,-1.0,0.33333334,0,0.5,0.5,0,0.31111112
0.55813956,0.325,0.0,0.5,1,0.16666667,0.58,0.5,1,0.125,0.0,0.5,0,0.0,0.8333333,0,0.0,0.5,0,0.22222222
0.41860464,0.925,0.5,0.0,1,1.0,0.02,1.0,1,0.375,0.0,1.0,1,0.0,0.6666667,0,0.5,1.0,0,0.31111112
0.37209302,0.275,0.5,0.5,0,0.6666667,0.6,0.0,1,0.25,1.0,0.0,1,0.0,0.5,0,0.0,0.0,0,0.2
0.41860464,1.0,0.5,0.0,1,0.8333333,0.32,1.0,1,0.125,1.0,0.5,1,-1.0,0.6666667,1,1.0,0.5,1,0.31111112
0.39534885,0.675,0.5,0.5,1,0.33333334,0.84,0.0,1,0.125,0.0,0.5,0,0.0,0.6666667,0,0.0,0.0,0,0.2888889
0.25581396,0.475,0.5,0.0,0,0.8333333,0.6,0.0,1,0.125,1.0,0.5,1,1.0,0.33333334,0,0.5,0.5,1,0.17777778
0.3488372,0.625,0.0,0.5,0,0.5,0.7,1.0,1,0.125,0.5,1.0,1,0.0,0.33333334,0,0.0,0.0,1,0.24444444
0.5116279,0.275,0.5,0.5,0,0.5,0.12,0.0,1,0.125,0.5,0.5,0,1.0,0.6666667,0,0.0,0.0,0,0.22222222
0.4883721,0.275,1.0,0.5,1,0.6666667,0.26,0.5,1,0.25,0.5,1.0,1,-1.0,0.33333334,0,0.0,0.5,1,0.24444444
0.4651163,0.125,0.5,0.5,0,0.33333334,1.0,0.5,1,0.375,0.5,0.5,1,0.0,0.6666667,0,1.0,0.0,1,0.26666668
0.30232558,0.125,0.5,1.0,1,0.16666667,0.44,0.0,1,0.375,0.0,1.0,0,-1.0,0.33333334,0,0.0,0.0,1,0.15555556
0.41860464,0.35,0.5,1.0,1,0.5,0.36,0.5,1,0.25,0.0,1.0,1,-1.0,0.33333334,0,0.0,0.0,0,0.24444444
0.13953489,0.775,1.0,0.5,0,0.5,0.88,1.0,0,0.375,1.0,0.5,1,0.0,0.5,0,1.0,0.5,0,0.2888889
0.4651163,0.6,0.5,0.5,1,0.33333334,0.04,0.5,1,0.25,1.0,1.0,1,-1.0,0.8333333,0,0.0,0.5,1,0.2888889
0.6511628,0.1,0.0,0.5,0,0.8333333,0.54,0.5,1,0.0,0.0,1.0,1,-1.0,0.33333334,0,0.0,0.5,0,0.17777778
0.23255815,0.85,1.0,0.0,1,1.0,0.22,0.5,1,0.125,0.5,0.0,1,0.0,0.5,0,0.5,0.5,1,0.24444444
0.3488372,0.6,1.0,0.0,0,0.33333334,0.36,0.0,0,0.375,0.5,0.5,0,0.0,0.5,0,0.0,0.0,1,0.22222222
0.4883721,0.95,1.0,0.5,1,0.5,0.2,0.5,1,0.125,1.0,0.5,1,1.0,0.16666667,0,0.0,0.0,1,0.37777779
0.627907,0.675,0.5,0.5,0,0.33333334,0.04,0.5,1,0.5,0.0,0.0,0,0.0,0.5,0,1.0,0.0,0,0.33333334
0.37209302,0.175,1.0,0.0,0,1.0,0.42,0.5,1,0.125,0.5,0.5,1,1.0,0.5,0,0.0,0.0,1,0.17777778
0.3488372,0.475,0.5,0.5,0,0.6666667,0.78,0.5,1,0.0,0.0,1.0,0,0.0,0.6666667,0,0.0,0.0,1,0.22222222
0.1627907,0.65,1.0,0.0,1,0.6666667,0.96,0.0,1,0.125,0.0,0.5,0,0.0,0.16666667,0,0.5,0.0,1,0.22222222
0.4651163,0.025,1.0,1.0,0,0.8333333,0.62,0.5,1,0.125,0.5,0.5,0,0.0,0.5,0,1.0,0.0,1,0.24444444
0.7209302,0.025,1.0,0.5,1,0.5,0.38,1.0,1,0.0,1.0,0.5,1,1.0,0.5,0,0.0,0.5,0,0.2888889
0.4883721,0.125,0.5,0.0,1,0.5,0.76,0.0,0,0.25,0.5,0.5,1,1.0,0.6666667,0,0.5,0.0,1,0.2
0.44186047,0.25,1.0,0.5,0,0.8333333,0.5,0.0,1,0.375,0.5,0.5,1,0.0,0.6666667,0,0.5,0.5,1,0.24444444
0.4883721,0.425,0.0,0.5,1,0.6666667,0.36,0.5,1,0.375,1.0,1.0,1,1.0,0.6666667,0,0.0,0.5,1,0.2888889
0.44186047,0.475,0.0,0.5,1,0.33333334,0.18,0.5,1,0.0,0.0,0.5,1,1.0,0.33333334,0,0.0,0.5,1,0.2
0.3255814,0.15,0.5,0.5,0,0.33333334,0.8,0.0,1,0.25,0.5,0.5,1,-1.0,0.5,0,0.5,1.0,0,0.15555556
0.55813956,0.675,0.5,0.5,1,0.33333334,0.5,0.5,0,0.0,0.0,0.5,0,0.0,0.33333334,1,0.0,0.0,1,0.26666668
0.4651163,0.6,0.0,1.0,0,0.8333333,0.96,0.5,1,0.125,0.0,0.5,1,-1.0,0.5,0,0.0,0.5,1,0.26666668
0.44186047,0.3,0.5,0.5,0,0.8333333,0.8,0.0,1,0.125,0.5,0.5,0,0.0,0.33333334,0,1.0,0.5,1,0.22222222
0.30232558,0.025,0.0,0.5,1,1.0,0.42,0.5,0,0.25,0.0,0.5,1,0.0,0.6666667,0,0.0,0.0,1,0.08888889
0.627907,0.075,0.5,1.0,1,0.33333334,0.74,0.0,1,0.0,0.0,0.5,1,1.0,0.33333334,0,0.0,0.5,0,0.24444444
0.53488374,0.4,1.0,0.0,0,0.5,0.46,0.5,1,0.5,0.5,0.5,1,0.0,0.33333334,0,0.0,0.0,0,0.2888889
0.37209302,0.15,1.0,0.5,0,0.33333334,0.08,0.5,1,0.25,1.0,0.0,1,1.0,0.5,1,0.0,0.0,0,0.17777778
0.5813953,0.375,0.5,0.0,1,0.5,0.52,0.5,1,0.25,0.5,0.5,1,0.0,0.5,0,0.5,0.0,1,0.2888889
0.37209302,0.625,1.0,0.0,1,0.6666667,0.86,0.0,1,0.25,0.5,1.0,1,1.0,0.5,0,0.5,1.0,0,0.2888889
0.3255814,0.55,0.5,0.5,1,0.5,0.86,0.5,1,0.375,0.0,1.0,1,-1.0,0.33333334,0,0.0,0.5,0,0.24444444
0.3255814,0.225,1.0,0.0,0,0.8333333,0.58,0.0,1,0.125,0.5,0.5,0,1.0,0.33333334,0,0.0,0.5,0,0.17777778
0.18604651,0.35,0.5,0.0,0,0.33333334,0.38,0.0,1,0.375,0.0,0.5,0,1.0,0.33333334,0,0.0,0.5,0,0.13333334
0.5116279,0.625,1.0,0.5,1,0.6666667,0.02,0.0,1,0.0,1.0,0.0,1,-1.0,0.6666667,0,0.5,0.0,0,0.2888889
0.18604651,0.85,1.0,0.0,0,0.33333334,0.32,0.0,1,0.0,0.0,1.0,1,1.0,0.5,0,0.5,0.0,1,0.24444444
0.27906978,0.75,0.5,1.0,0,0.0,0.98,1.0,1,0.125,1.0,0.5,1,0.0,0.6666667,1,0.5,0.5,1,0.31111112
0.1627907,0.55,0.5,1.0,1,0.16666667,0.72,0.5,0,0.0,0.0,0.5,1,-1.0,0.5,0,1.0,0.0,0,0.2
0.41860464,0.35,0.5,0.5,0,0.5,0.72,1.0,1,0.125,1.0,0.5,0,1.0,0.5,0,1.0,0.0,1,0.2888889
0.41860464,0.375,0.5,1.0,0,1.0,0.76,0.0,1,0.0,0.0,1.0,1,1.0,0.33333334,0,0.0,0.0,0,0.24444444
0.39534885,0.875,0.5,0.5,0,0.33333334,0.62,0.5,1,0.0,0.0,0.5,1,1.0,0.5,1,0.0,0.0,0,0.2888889
0.30232558,0.05,0.5,1.0,1,0.5,0.58,0.0,1,0.25,0.5,0.5,0,1.0,0.33333334,0,0.0,0.5,0,0.15555556
0.27906978,1.0,0.5,0.0,1,0.6666667,0.46,0.0,1,0.125,0.0,0.5,1,0.0,0.5,0,1.0,0.0,1,0.2888889
0.5116279,0.675,0.5,1.0,0,0.33333334,0.44,0.5,1,0.125,0.0,1.0,0,-1.0,0.5,0,0.5,0.5,1,0.31111112
0.37209302,0.675,1.0,1.0,1,0.33333334,0.88,0.5,1,0.25,0.0,0.5,0,0.0,0.5,0,0.0,0.5,1,0.33333334
0.4883721,0.05,1.0,0.5,1,0.5,0.4,0.0,1,0.5,0.0,0.5,1,-1.0,0.33333334,0,0.5,0.0,0,0.22222222
0.3255814,0.6,0.0,0.5,1,0.33333334,0.84,0.5,1,0.375,0.5,0.5,1,1.0,0.5,0,0.5,0.0,0,0.2888889
0.4651163,0.475,0.5,1.0,0,0.0,0.84,0.0,1,0.0,0.0,0.5,1,-1.0,0.33333334,0,1.0,0.0,0,0.26666668
0.627907,0.1,0.0,0.5,1,0.33333334,0.78,0.5,1,0.0,0.0,0.0,1,0.0,0.6666667,0,0.5,1.0,1,0.2
0.53488374,0.275,0.0,0.5,0,0.6666667,0.04,0.5,0,0.25,0.5,0.5,1,-1.0,0.5,0,0.5,0.0,0,0.17777778
0.39534885,0.9,0.5,0.0,1,0.6666667,0.14,0.5,1,0.125,0.5,0.5,1,-1.0,0.33333334,0,0.0,0.0,0,0.26666668
0.4883721,0.55,1.0,0.0,0,0.8333333,0.32,0.5,1,0.125,0.0,1.0,0,-1.0,0.5,0,0.0,0.5,1,0.24444444
0.41860464,0.425,1.0,0.0,1,0.8333333,0.84,0.5,1,0.25,0.0,0.5,1,1.0,0.6666667,0,0.0,0.0,0,0.26666668
0.44186047,0.075,0.5,0.5,1,0.33333334,0.88,0.5,0,0.25,0.5,0.5,1,0.0,0.5,0,0.0,1.0,0,0.17777778
0.39534885,0.725,0.5,0.5,1,0.33333334,0.04,0.5,1,0.375,1.0,1.0,1,1.0,0.5,0,0.0,0.5,0,0.31111112
0.41860464,0.7,1.0,1.0,0,0.33333334,0.32,0.5,1,0.375,0.5,0.5,1,1.0,0.33333334,0,0.0,0.0,0,0.33333334
0.4651163,0.625,1.0,0.5,1,0.5,0.86,0.5,1,0.0,1.0,0.5,1,0.0,0.6666667,0,0.0,0.5,1,0.33333334
0.30232558,0.5,1.0,0.5,0,0.33333334,0.24,0.5,1,0.0,1.0,0.5,0,-1.0,0.33333334,0,1.0,0.0,1,0.22222222
0.30232558,0.425,0.0,0.0,0,0.5,0.98,0.0,1,0.25,0.5,0.5,1,1.0,0.33333334,0,1.0,0.5,0,0.2
0.25581396,0.6,0.5,1.0,1,0.33333334,0.48,1.0,1,0.125,0.5,1.0,1,-1.0,0.5,0,0.5,0.5,0,0.26666668
0.20930232,0.225,0.0,0.5,0,0.6666667,0.94,0.5,1,0.125,0.5,0.5,0,-1.0,0.5,0,0.0,0.0,0,0.13333334
0.27906978,0.95,0.5,1.0,1,0.33333334,0.42,0.5,1,0.125,0.0,1.0,0,1.0,0.16666667,0,0.5,0.0,0,0.33333334
0.4651163,0.6,1.0,0.0,0,0.33333334,0.32,1.0,1,0.25,1.0,0.5,0,1.0,0.6666667,1,0.5,1.0,1,0.2888889
0.3255814,0.3,0.5,0.5,1,0.6666667,0.36,1.0,1,0.0,0.5,0.5,1,1.0,0.33333334,0,0.0,0.0,0,0.2
0.5116279,0.45,1.0,0.5,0,0.6666667,0.88,0.5,1,0.125,1.0,0.5,0,0.0,0.33333334,1,0.0,0.5,1,0.2888889
0.44186047,0.8,0.5,0.0,0,0.5,0.34,0.0,1,0.125,0.5,0.5,1,1.0,0.8333333,0,0.0,0.0,1,0.2888889
0.1627907,0.15,1.0,1.0,1,0.6666667,0.66,0.5,1,0.0,0.0,0.5,0,1.0,0.6666667,0,0.5,0.0,1,0.17777778
0.53488374,0.3,0.0,0.5,1,0.6666667,0.46,0.0,1,0.125,0.0,0.5,1,1.0,0.33333334,0,0.5,0.5,0,0.22222222
0.55813956,0.675,0.0,0.5,1,1.0,0.94,0.5,1,0.5,0.0,0.0,0,0.0,0.5,1,0.0,0.0,0,0.31111112
0.30232558,0.325,0.5,1.0,0,0.6666667,0.16,0.5,1,0.25,0.0,1.0,1,-1.0,0.33333334,0,0.5,0.5,1,0.17777778
0.5116279,0.8,0.0,0.5,1,1.0,0.42,0.5,1,0.125,0.0,0.5,1,0.0,0.5,0,0.5,0.0,1,0.31111112
0.3255814,0.125,1.0,0.0,1,0.5,0.12,0.5,0,0.375,1.0,0.5,0,1.0,0.5,1,0.0,0.0,0,0.13333334
0.4651163,0.775,0.0,1.0,1,0.8333333,0.58,0.5,1,0.25,0.0,0.5,0,0.0,0.5,0,0.5,1.0,0,0.31111112
0.25581396,0.075,1.0,0.5,0,0.8333333,0.4,0.0,1,0.125,1.0,0.0,1,1.0,0.5,0,0.5,0.0,0,0.15555556
0.18604651,0.025,0.0,1.0,1,0.5,0.06,0.5,1,0.0,0.5,0.5,1,1.0,0.33333334,1,1.0,1.0,1,0.06666667
0.39534885,0.9,0.5,1.0,1,0.33333334,0.84,0.5,1,0.25,0.5,0.5,1,1.0,0.5,0,0.0,1.0,1,0.35555556
0.41860464,0.575,1.0,0.0,0,0.33333334,0.38,0.5,1,0.625,0.5,0.5,0,1.0,0.33333334,0,1.0,1.0,1,0.31111112
0.39534885,0.35,1.0,0.5,0,0.6666667,0.5,1.0,1,0.125,1.0,1.0,1,1.0,0.5,0,1.0,0.5,1,0.2888889
0.27906978,0.225,0.5,0.0,0,0.16666667,0.4,0.5,1,0.0,0.5,1.0,0,-1.0,0.33333334,0,0.5,0.0,1,0.13333334
0.39534885,0.625,1.0,0.5,1,0.33333334,0.48,0.5,1,0.375,0.0,0.5,0,-1.0,0.33333334,0,0.5,1.0,1,0.26666668
0.4883721,0.5,0.5,1.0,1,0.8333333,0.02,0.5,1,0.25,0.5,0.5,1,-1.0,0.5,0,1.0,0.0,1,0.2888889
0.44186047,1.0,0.5,0.5,1,0.6666667,0.82,0.5,1,0.375,0.0,0.5,1,1.0,0.5,0,0.0,0.0,1,0.37777779
0.4651163,0.975,1.0,0.0,1,0.0,0.34,0.5,1,0.125,0.5,0.5,0,-1.0,0.6666667,0,0.5,0.0,0,0.35555556
0.3488372,0.625,0.5,0.5,1,0.16666667,0.72,0.0,0,0.375,0.5,0.5,1,1.0,0.33333334,0,0.0,0.0,1,0.26666668
0.60465115,0.45,0.5,0.5,0,1.0,0.06,0.5,1,0.375,0.5,0.5,0,0.0,0.6666667,1,1.0,0.5,1,0.2888889
0.27906978,0.5,0.5,0.5,0,0.8333333,0.52,0.5,1,0.0,1.0,0.5,1,0.0,0.33333334,0,0.0,0.0,0,0.2
0.5116279,0.675,0.5,1.0,0,0.33333334,0.9,1.0,1,0.375,1.0,0.5,0,1.0,0.0,0,0.0,0.0,0,0.4
0.60465115,0.1,0.0,0.5,1,0.16666667,0.4,0.5,1,0.0,0.0,1.0,1,1.0,0.6666667,0,0.0,0.0,0,0.22222222
0.5116279,0.325,0.0,1.0,0,0.16666667,0.2,1.0,1,0.125,0.5,0.5,0,1.0,0.33333334,0,1.0,0.0,0,0.26666668
0.41860464,0.075,1.0,0.5,1,0.6666667,0.1,0.0,1,0.0,0.5,0.5,0,1.0,0.6666667,0,0.5,0.5,0,0.17777778
0.37209302,0.075,0.5,0.5,1,1.0,0.86,0.5,1,0.0,0.0,0.5,1,1.0,0.33333334,1,1.0,0.0,0,0.17777778
0.5813953,0.2,0.5,0.5,1,1.0,0.24,1.0,1,0.5,0.5,0.5,1,0.0,0.33333334,0,1.0,0.0,0,0.31111112
0.23255815,0.475,1.0,1.0,1,0.16666667,0.98,0.5,1,0.125,1.0,0.0,1,1.0,0.5,0,0.0,0.0,0,0.2888889
0.30232558,0.775,0.5,0.5,1,0.5,0.24,0.5,1,0.25,0.0,1.0,1,0.0,0.33333334,0,0.5,0.0,1,0.2888889
0.39534885,0.475,1.0,1.0,1,0.33333334,0.48,0.5,1,0.375,0.0,0.5,1,1.0,0.6666667,0,0.0,0.0,1,0.31111112
0.60465115,0.325,1.0,1.0,1,0.5,0.46,1.0,1,0.625,1.0,1.0,1,-1.0,0.5,0,0.0,0.0,0,0.4
0.4883721,0.075,1.0,1.0,1,0.16666667,0.06,1.0,1,0.375,0.0,1.0,1,-1.0,0.33333334,0,0.0,0.0,1,0.24444444
0.30232558,0.55,0.5,0.5,1,0.33333334,0.54,0.5,1,0.375,0.5,0.5,1,1.0,0.5,0,0.5,0.0,0,0.2888889
0.39534885,0.275,0.5,0.5,0,0.33333334,0.68,0.5,1,0.25,0.5,0.0,1,0.0,0.33333334,0,1.0,0.0,1,0.22222222
0.3488372,0.625,0.5,0.5,0,0.6666667,0.74,1.0,1,0.5,0.0,0.5,0,-1.0,0.5,0,0.0,1.0,1,0.26666668
0.3488372,0.975,0.5,0.5,0,0.33333334,0.52,0.0,1,0.25,0.5,0.5,0,1.0,0.6666667,0,0.5,0.0,0,0.33333334
0.5813953,0.1,0.5,1.0,0,0.33333334,0.82,0.5,1,0.125,0.0,0.5,0,0.0,0.6666667,0,0.0,0.5,1,0.24444444
0.25581396,0.2,0.5,1.0,0,0.6666667,0.76,1.0,1,0.375,0.0,0.5,1,-1.0,0.5,0,1.0,0.5,0,0.2
0.6744186,0.475,0.5,1.0,0,0.8333333,0.2,0.5,1,0.125,0.0,0.5,1,0.0,0.5,0,0.0,0.0,0,0.31111112
0.55813956,0.975,0.0,0.5,0,1.0,0.4,0.5,1,0.125,0.5,0.5,1,1.0,0.8333333,0,0.5,1.0,0,0.35555556
0.60465115,0.775,0.5,0.0,0,0.6666667,0.14,0.5,1,0.0,0.0,0.0,0,0.0,0.6666667,0,1.0,0.5,1,0.2888889
0.37209302,0.9,1.0,0.5,0,0.5,0.14,0.0,1,0.25,0.5,0.5,0,-1.0,0.5,0,0.5,0.5,0,0.2888889
0.41860464,0.325,0.0,0.5,1,0.8333333,0.72,1.0,1,0.0,0.5,1.0,1,1.0,0.5,0,0.5,0.0,0,0.24444444
0.23255815,1.0,0.0,1.0,0,0.8333333,0.54,0.5,1,0.25,0.5,1.0,1,1.0,0.5,0,1.0,0.0,0,0.33333334
0.37209302,0.1,0.5,1.0,0,0.6666667,0.6,0.5,1,0.0,1.0,1.0,1,1.0,0.33333334,0,1.0,0.0,0,0.22222222
0.5116279,0.05,0.5,0.0,1,0.16666667,0.74,0.5,1,0.125,0.5,0.5,1,-1.0,0.6666667,0,0.0,0.0,0,0.17777778
0.627907,0.85,0.0,0.5,1,0.8333333,0.28,0.5,1,0.0,0.5,0.5,1,0.0,0.5,0,0.0,0.5,0,0.33333334
0.27906978,0.925,0.0,0.5,1,0.6666667,0.4,0.5,1,0.0,1.0,0.5,0,0.0,0.33333334,0,1.0,0.5,0,0.26666668
0.39534885,0.1,0.5,0.5,0,0.33333334,0.6,0.5,1,0.125,0.5,0.5,1,1.0,0.8333333,1,0.0,0.0,1,0.17777778
0.41860464,0.125,1.0,0.5,0,0.33333334,0.1,0.5,1,0.125,0.0,1.0,1,1.0,0.5,0,1.0,0.5,1,0.2
0.25581396,0.025,0.0,0.5,1,0.6666667,0.84,0.5,1,0.25,1.0,0.5,1,0.0,0.6666667,1,0.0,0.5,1,0.11111111
0.53488374,0.1,0.5,0.5,1,0.0,0.34,0.0,1,0.0,0.0,0.5,1,0.0,0.16666667,0,0.0,0.0,1,0.15555556
0.3488372,0.2,0.5,1.0,0,0.5,0.66,1.0,1,0.25,0.0,1.0,1,1.0,0.33333334,0,0.0,0.0,0,0.22222222
0.41860464,0.975,0.0,0.0,0,0.33333334,1.0,0.5,1,0.0,1.0,0.0,0,-1.0,0.5,0,1.0,0.0,1,0.31111112
0.37209302,0.675,0.5,1.0,1,0.33333334,0.48,0.0,1,0.125,0.0,1.0,0,0.0,0.5,0,0.5,0.5,0,0.2888889
0.3255814,0.775,0.5,0.5,0,0.33333334,0.22,0.5,0,0.125,0.5,1.0,1,1.0,0.33333334,0,0.0,0.5,1,0.24444444
0.44186047,0.775,1.0,1.0,1,0.16666667,0.22,0.0,1,0.5,0.0,0.5,1,1.0,0.33333334,0,1.0,0.0,1,0.37777779
0.41860464,0.525,0.5,1.0,1,0.8333333,0.06,0.5,1,0.25,1.0,0.5,1,1.0,0.5,0,0.0,0.0,1,0.2888889
0.39534885,0.8,0.5,0.5,0,0.0,0.76,0.5,1,0.375,1.0,0.5,1,0.0,0.33333334,0,0.0,0.5,1,0.31111112
0.3488372,0.6,0.5,0.5,0,0.5,0.3,0.0,1,0.125,1.0,1.0,1,-1.0,0.5,0,0.0,0.5,1,0.22222222
0.4883721,0.325,1.0,0.5,1,0.33333334,0.18,0.0,1,0.0,0.0,0.5,1,1.0,0.16666667,0,0.0,0.0,1,0.22222222
0.6744186,0.55,0.0,0.5,1,1.0,0.72,0.0,1,0.25,0.0,1.0,1,0.0,0.6666667,0,0.0,0.0,0,0.33333334
0.4651163,0.525,0.5,0.0,1,0.5,0.3,1.0,1,0.125,0.5,0.5,1,1.0,0.33333334,0,0.5,0.5,1,0.26666668
0.5813953,0.825,1.0,0.5,0,0.0,0.6,0.5,1,0.5,0.0,0.5,0,1.0,0.5,1,0.5,0.0,1,0.4
0.25581396,0.975,1.0,1.0,0,0.6666667,0.42,0.5,1,0.25,0.5,0.0,1,0.0,0.33333334,0,0.5,0.0,0,0.33333334
0.4651163,0.4,0.5,0.5,1,0.16666667,0.34,0.5,1,0.125,1.0,0.0,0,1.0,0.5,0,0.0,0.5,1,0.24444444
0.27906978,0.775,0.5,0.5,1,0.6666667,0.48,0.5,1,0.125,0.0,0.5,0,1.0,0.16666667,0,1.0,0.0,1,0.2888889
0.23255815,0.1,0.5,0.5,1,0.6666667,0.32,0.5,1,0.25,0.0,0.5,1,1.0,0.33333334,0,0.5,0.5,1,0.13333334
0.3488372,0.775,0.5,1.0,0,0.8333333,0.88,0.0,1,0.0,1.0,0.5,1,1.0,0.5,0,1.0,0.0,1,0.33333334
0.60465115,0.375,0.5,0.0,1,0.5,0.08,0.0,1,0.25,0.5,0.5,1,-1.0,0.5,0,1.0,0.0,0,0.24444444
0.5813953,0.05,1.0,0.5,1,0.6666667,0.04,0.5,1,0.5,0.0,0.5,1,0.0,0.8333333,0,0.5,0.0,1,0.26666668
0.4651163,0.375,1.0,1.0,0,0.5,0.4,1.0,1,0.125,0.5,1.0,0,0.0,0.5,0,1.0,0.0,0,0.31111112
0.23255815,0.6,0.5,0.0,1,0.33333334,0.18,0.0,1,0.25,0.5,0.5,1,1.0,0.5,0,0.0,0.0,0,0.2
0.41860464,0.125,1.0,0.5,1,0.8333333,0.74,0.0,1,0.0,1.0,1.0,1,1.0,0.33333334,0,0.5,0.5,1,0.22222222
0.4883721,0.925,1.0,0.5,1,0.16666667,0.36,0.0,1,0.875,0.5,1.0,0,-1.0,0.8333333,0,0.5,0.0,0,0.44444445
0.4651163,0.075,1.0,0.5,0,0.5,0.26,0.5,1,0.25,0.5,0.5,1,0.0,0.33333334,0,0.0,1.0,1,0.17777778
0.18604651,0.925,1.0,0.5,0,0.33333334,0.36,0.0,1,0.625,0.5,0.5,0,0.0,0.5,0,0.5,0.0,1,0.31111112
0.3255814,0.7,0.5,1.0,1,0.6666667,0.22,0.0,1,0.25,0.5,1.0,1,1.0,0.6666667,1,0.0,0.0,1,0.2888889
0.44186047,0.325,0.5,0.0,1,0.33333334,0.3,0.5,1,0.25,1.0,1.0,0,1.0,0.33333334,0,0.5,0.0,1,0.24444444
0.5116279,0.4,0.0,0.5,1,0.33333334,0.56,0.0,1,0.25,1.0,0.5,1,1.0,0.33333334,0,0.0,0.5,0,0.24444444
0.13953489,0.75,0.0,0.5,1,0.5,0.86,0.0,1,0.5,0.5,0.5,1,0.0,0.5,0,0.5,0.0,1,0.24444444
0.41860464,0.6,0.5,0.5,1,0.8333333,0.38,0.5,1,0.25,0.5,0.0,1,0.0,0.6666667,0,0.5,0.0,0,0.2888889
0.4651163,0.675,0.0,0.5,1,0.33333334,0.32,0.5,1,0.125,0.0,0.0,1,-1.0,0.33333334,0,0.0,0.5,0,0.22222222
0.55813956,0.4,0.5,1.0,0,0.33333334,0.78,1.0,1,0.375,0.0,0.5,1,0.0,0.5,0,0.5,0.0,1,0.33333334
0.53488374,0.5,0.5,1.0,0,0.16666667,0.02,0.5,1,0.375,1.0,0.0,1,1.0,0.33333334,0,0.0,0.0,0,0.2888889
0.5116279,1.0,0.5,0.5,0,0.33333334,0.3,0.0,1,0.125,0.5,1.0,1,0.0,0.33333334,1,0.0,0.0,0,0.33333334
0.3255814,0.225,0.0,0.5,0,0.6666667,0.46,0.5,1,0.25,0.5,0.5,1,0.0,0.33333334,0,0.0,0.5,1,0.13333334
0.18604651,0.425,0.0,0.0,0,0.5,0.6,0.5,1,0.375,0.5,0.5,1,1.0,0.5,1,0.0,0.0,1,0.13333334
0.39534885,0.3,0.0,1.0,0,0.5,0.16,0.0,1,0.75,0.0,0.5,1,1.0,0.0,0,0.0,0.5,1,0.2
0.5813953,0.775,0.0,0.5,0,1.0,0.44,0.0,1,0.5,1.0,0.5,1,0.0,0.5,0,0.5,0.5,1,0.35555556
0.627907,0.775,1.0,0.5,1,0.0,0.56,0.0,1,0.125,0.5,0.0,1,1.0,0.5,0,0.0,0.5,1,0.37777779
0.53488374,0.3,0.5,1.0,1,1.0,0.52,1.0,0,0.125,0.0,0.5,1,-1.0,0.5,0,0.0,0.0,1,0.24444444
0.5116279,0.075,0.5,0.5,1,0.8333333,0.58,1.0,1,0.0,0.0,0.5,0,-1.0,0.6666667,0,0.0,1.0,0,0.17777778
0.4883721,0.0,0.0,0.0,0,0.5,0.66,0.5,0,0.375,0.5,0.5,1,1.0,0.16666667,0,0.5,0.0,0,0.15555556
0.37209302,0.425,0.5,0.5,1,0.6666667,0.38,0.0,1,0.375,1.0,0.5,1,0.0,0.5,1,0.0,0.0,1,0.22222222
0.41860464,0.4,0.5,0.5,1,0.33333334,0.06,0.5,1,0.25,0.5,0.5,1,1.0,0.8333333,0,0.0,0.0,1,0.24444444
0.6744186,1.0,0.0,1.0,0,0.5,0.06,0.5,1,0.25,0.0,1.0,0,0.0,0.5,0,0.0,0.5,1,0.37777779
0.30232558,0.475,1.0,0.5,1,1.0,0.86,0.5,1,0.25,0.5,0.5,1,0.0,0.5,0,0.5,0.0,1,0.2888889
0.6744186,0.25,1.0,0.0,0,0.33333334,0.68,1.0,1,0.25,0.5,0.5,1,1.0,0.5,0,1.0,0.0,1,0.33333334
0.39534885,0.9,0.5,0.5,1,0.5,0.76,0.5,1,0.125,0.5,1.0,0,-1.0,0.5,0,0.0,0.5,0,0.33333334
0.627907,0.5,0.5,1.0,0,0.33333334,0.92,1.0,1,0.25,0.0,0.5,1,1.0,1.0,0,0.0,0.0,1,0.4
0.25581396,0.6,0.5,1.0,0,0.33333334,0.76,1.0,0,0.25,1.0,1.0,1,1.0,0.33333334,0,0.0,0.0,1,0.26666668
0.53488374,0.1,0.5,0.0,0,0.33333334,0.7,0.5,1,0.375,0.5,0.5,1,1.0,0.33333334,0,1.0,0.5,1,0.22222222
0.3488372,0.375,1.0,0.0,1,0.16666667,0.66,0.5,1,0.125,0.5,1.0,0,-1.0,0.5,0,0.5,0.5,0,0.22222222
0.25581396,0.95,0.0,0.5,0,0.5,0.26,0.5,1,0.0,1.0,0.5,0,0.0,0.5,1,0.0,0.0,0,0.22222222
0.4651163,0.6,0.5,0.5,1,0.5,0.96,0.5,1,0.0,0.5,0.5,1,0.0,0.6666667,0,0.5,0.0,1,0.33333334
0.5813953,0.35,0.5,0.0,1,0.33333334,0.54,0.5,1,0.375,0.5,0.5,0,-1.0,0.33333334,0,0.0,1.0,1,0.24444444
0.3255814,0.625,0.5,0.5,1,0.0,0.22,0.5,1,0.0,0.5,0.0,1,0.0,0.16666667,0,0.5,0.0,1,0.22222222
0.23255815,0.9,1.0,1.0,0,0.5,0.2,0.5,1,0.25,0.0,0.5,1,0.0,0.16666667,0,0.0,0.0,1,0.2888889
0.41860464,0.275,0.5,0.5,1,0.5,0.82,0.5,1,0.375,1.0,0.5,1,-1.0,0.16666667,0,0.0,0.5,0,0.24444444
0.41860464,0.5,0.0,0.5,1,1.0,0.26,1.0,0,0.125,0.5,0.5,1,0.0,0.33333334,0,0.5,0.0,0,0.22222222
0.5116279,0.95,0.5,1.0,1,0.5,0.04,0.0,1,0.25,0.0,1.0,0,1.0,0.6666667,1,0.0,0.0,0,0.35555556
0.5813953,0.175,0.0,0.5,1,0.6666667,0.42,0.5,1,0.25,1.0,0.5,0,-1.0,0.5,0,0.0,0.0,1,0.22222222
0.44186047,0.725,0.0,0.5,1,0.33333334,0.82,1.0,1,0.0,0.5,0.5,0,1.0,0.6666667,0,0.5,0.0,1,0.33333334
0.6976744,0.625,0.5,0.5,1,0.8333333,0.42,0.0,1,0.0,0.5,1.0,1,-1.0,0.33333334,1,0.5,0.5,0,0.31111112
0.4651163,0.675,0.5,0.5,0,0.33333334,0.8,1.0,1,0.375,1.0,0.5,1,-1.0,0.6666667,0,0.0,0.0,1,0.35555556
0.39534885,0.35,0.5,1.0,1,0.6666667,0.82,0.5,1,0.0,0.5,1.0,0,1.0,0.33333334,0,0.0,0.0,0,0.26666668
0.20930232,0.325,0.5,0.5,1,0.6666667,0.86,1.0,1,0.375,0.0,0.5,1,1.0,0.33333334,1,0.0,0.5,1,0.2
0.39534885,0.675,0.0,0.0,0,0.6666667,0.58,1.0,1,0.125,0.0,1.0,1,-1.0,0.6666667,0,0.5,0.0,1,0.6
0.39534885,0.225,0.5,1.0,1,1.0,0.7,0.5,1,0.25,1.0,0.5,0,1.0,0.0,0,0.5,0.5,0,0.24444444
0.5813953,0.425,0.0,0.5,1,0.33333334,0.26,0.0,1,0.125,0.0,1.0,1,-1.0,0.6666667,0,0.0,0.0,1,0.24444444
0.5116279,0.2,1.0,0.5,1,0.8333333,0.1,0.5,1,0.125,0.5,0.5,1,1.0,0.5,0,0.0,0.5,1,0.22222222
0.27906978,0.0,0.5,0.5,0,0.8333333,0.54,0.0,1,0.25,0.5,1.0,0,1.0,0.8333333,1,0.0,0.0,1,0.13333334
0.4651163,0.975,0.5,1.0,0,0.5,0.02,1.0,1,0.25,0.5,0.0,0,0.0,0.33333334,0,1.0,0.0,0,0.37777779
0.53488374,0.425,1.0,0.5,1,1.0,0.46,0.5,1,0.375,0.5,0.5,1,1.0,0.5,0,0.0,0.0,1,0.33333334
0.6511628,0.975,0.5,0.5,1,0.5,0.1,0.0,1,0.0,0.5,0.5,0,1.0,0.5,0,0.0,0.5,1,0.35555556
0.55813956,0.15,1.0,0.5,1,0.5,0.1,0.5,1,0.5,0.5,0.5,1,0.0,0.33333334,1,0.0,0.5,0,0.64444447
0.55813956,0.575,1.0,1.0,1,0.5,0.88,0.0,1,0.25,0.0,1.0,1,1.0,0.5,1,0.5,0.5,1,0.37777779
0.44186047,0.2,0.5,1.0,1,0.16666667,0.64,0.5,0,0.125,0.0,1.0,1,1.0,0.5,0,1.0,0.0,0,0.26666668
0.4883721,0.8,1.0,0.0,0,0.6666667,0.64,0.5,1,0.25,0.5,0.5,0,0.0,0.8333333,0,1.0,0.0,1,0.37777779
0.60465115,0.775,0.0,1.0,1,0.6666667,0.4,0.0,1,0.125,0.5,0.0,1,0.0,1.0,0,0.0,0.5,0,0.33333334
0.25581396,0.125,0.5,1.0,0,0.5,0.42,0.5,1,0.125,0.0,1.0,1,0.0,0.6666667,0,0.0,0.5,1,0.15555556
0.39534885,0.9,1.0,0.5,1,1.0,0.3,0.0,1,0.375,0.5,0.5,1,1.0,0.33333334,0,0.5,0.5,0,0.35555556
0.3255814,0.2,0.0,0.5,0,0.33333334,0.44,0.0,1,0.375,1.0,0.0,1,0.0,0.5,0,0.0,0.0,0,0.15555556
0.4883721,0.625,0.5,0.5,1,0.0,0.58,0.0,1,0.125,0.0,0.0,1,1.0,0.5,0,0.0,0.0,0,0.2888889
0.60465115,0.975,1.0,0.5,0,1.0,0.18,1.0,1,0.25,0.0,0.5,1,1.0,0.5,0,0.0,0.0,1,0.42222223
0.3488372,0.875,1.0,1.0,0,0.8333333,0.26,0.5,0,0.0,0.5,0.0,0,1.0,0.5,0,0.0,0.0,1,0.2888889
0.11627907,0.95,0.5,0.0,0,0.6666667,0.5,0.5,1,0.125,1.0,0.5,1,0.0,0.5,1,1.0,1.0,0,0.2
0.39534885,0.35,1.0,0.5,1,0.33333334,0.38,0.5,1,0.0,0.0,0.5,1,1.0,0.6666667,0,0.0,0.5,1,0.22222222
0.55813956,0.1,0.5,0.0,1,0.6666667,0.82,0.5,1,0.125,0.0,0.0,1,1.0,0.8333333,0,0.5,0.0,1,0.24444444
0.5116279,0.2,0.5,1.0,0,0.16666667,0.82,0.0,1,0.625,0.0,0.5,1,0.0,0.16666667,0,0.5,0.0,0,0.2888889
0.5116279,0.5,0.5,0.5,0,0.5,0.34,0.0,1,0.25,0.0,1.0,1,0.0,0.6666667,0,0.0,0.0,1,0.26666668
0.39534885,0.8,0.5,0.5,1,0.33333334,0.46,0.0,1,0.125,0.5,1.0,1,0.0,0.8333333,1,0.0,0.5,0,0.26666668
0.25581396,0.15,0.5,1.0,1,0.5,0.98,0.0,1,0.25,0.5,0.0,1,0.0,0.5,0,0.0,0.5,1,0.17777778
0.5116279,0.65,0.5,1.0,1,0.6666667,0.82,0.5,1,0.25,0.0,0.5,1,-1.0,0.16666667,0,0.5,0.0,0,0.35555556
0.3255814,0.325,0.5,1.0,0,0.16666667,0.22,0.0,0,0.125,0.0,1.0,0,1.0,0.33333334,0,1.0,0.5,1,0.17777778
0.74418604,0.35,0.5,0.0,0,0.6666667,0.28,0.5,1,0.0,0.5,0.5,1,-1.0,0.5,1,0.0,0.0,1,0.24444444
0.5116279,0.65,1.0,0.5,0,0.5,0.08,0.0,1,0.25,0.5,0.5,1,-1.0,0.33333334,1,0.0,0.0,0,0.26666668
0.37209302,0.475,0.5,1.0,1,0.6666667,0.68,0.5,1,0.0,0.5,0.5,1,0.0,0.33333334,0,0.0,0.5,1,0.24444444
0.3488372,0.8,0.5,0.5,1,0.5,0.32,1.0,1,0.25,0.5,0.5,1,1.0,0.6666667,0,1.0,0.5,0,0.33333334
0.41860464,0.15,1.0,0.5,0,0.6666667,0.54,0.0,0,0.375,0.5,0.5,1,-1.0,0.6666667,0,0.5,0.5,0,0.2
0.41860464,0.8,0.5,0.5,1,0.33333334,0.76,0.0,1,0.125,1.0,0.5,1,1.0,0.33333334,0,1.0,0.0,1,0.35555556
0.60465115,0.075,1.0,1.0,1,0.0,0.84,0.5,1,0.0,0.0,0.5,1,0.0,0.5,0,0.5,0.0,0,0.2888889
0.4651163,0.2,0.0,0.5,1,0.16666667,0.32,0.0,1,0.25,1.0,0.5,0,0.0,0.5,0,0.0,0.0,1,0.2
0.3488372,0.65,0.5,0.5,1,0.33333334,0.24,0.0,1,0.125,0.0,1.0,1,1.0,0.6666667,0,0.0,0.0,0,0.24444444
0.6976744,0.85,0.0,0.5,0,0.16666667,0.84,0.0,1,0.125,1.0,0.0,0,0.0,0.6666667,0,0.0,0.0,1,0.37777779
0.44186047,0.25,0.0,0.5,1,0.8333333,0.38,1.0,1,0.25,0.5,1.0,1,0.0,0.5,0,1.0,0.0,0,0.24444444
0.55813956,0.325,0.5,1.0,1,0.5,0.82,0.5,1,0.0,0.5,1.0,1,0.0,0.6666667,0,0.0,0.0,0,0.33333334
0.3488372,0.525,0.5,0.5,1,0.6666667,0.14,1.0,1,0.125,0.5,0.5,0,1.0,0.33333334,0,0.0,0.0,1,0.24444444
0.4883721,0.2,1.0,0.5,0,0.6666667,0.92,0.5,1,0.125,0.5,0.5,1,1.0,0.5,0,1.0,0.5,0,0.2888889
0.4883721,0.8,0.5,0.0,1,0.5,0.48,1.0,1,0.25,0.5,0.0,1,1.0,0.6666667,0,0.5,0.5,1,0.33333334
0.18604651,0.775,0.5,0.5,0,1.0,0.18,1.0,1,0.0,0.0,0.5,0,1.0,0.33333334,0,0.5,0.5,1,0.2
0.7209302,0.15,1.0,1.0,1,1.0,0.54,1.0,1,0.375,0.5,0.5,1,0.0,0.16666667,0,0.5,0.0,1,0.35555556
0.627907,0.475,0.5,1.0,1,0.8333333,0.88,0.0,1,0.25,0.0,0.5,0,1.0,0.8333333,0,0.5,0.0,1,0.37777779
0.39534885,0.775,1.0,0.5,1,0.33333334,0.38,0.5,1,0.625,0.0,1.0,1,1.0,0.33333334,0,0.0,0.0,1,0.35555556
0.27906978,0.325,0.5,0.0,0,0.8333333,0.18,0.5,1,0.0,0.5,1.0,1,0.0,0.6666667,0,1.0,0.0,1,0.17777778
0.4883721,0.625,0.0,0.5,1,0.0,0.58,0.5,1,0.125,1.0,0.0,1,1.0,0.33333334,0,0.5,0.0,1,0.2888889
0.4651163,0.05,0.5,0.5,0,0.8333333,0.84,0.5,1,0.125,0.5,0.5,0,1.0,0.6666667,1,0.0,0.0,1,0.17777778
0.4883721,0.6,0.5,0.5,0,0.0,0.12,0.5,1,0.0,1.0,0.0,0,1.0,0.33333334,0,0.0,0.5,1,0.24444444
0.4651163,0.15,0.5,0.5,1,0.5,0.04,1.0,1,0.125,0.5,0.5,1,0.0,0.5,0,0.0,1.0,0,0.17777778
0.5116279,0.825,1.0,1.0,0,0.8333333,0.06,1.0,1,0.125,0.0,0.5,0,0.0,0.6666667,0,0.5,0.0,0,0.37777779
0.6511628,0.35,0.5,1.0,1,0.6666667,0.24,1.0,1,0.375,0.0,1.0,1,1.0,0.5,1,1.0,0.5,1,0.33333334
0.5116279,0.275,0.5,0.5,1,0.16666667,0.0,0.5,1,0.125,0.0,1.0,1,1.0,0.16666667,0,0.5,0.0,0,0.22222222
0.30232558,0.85,0.5,1.0,1,0.5,0.42,0.5,1,0.0,0.5,0.5,0,-1.0,0.5,1,0.5,0.5,0,0.26666668
0.627907,0.05,0.0,1.0,0,0.6666667,0.7,0.5,1,0.25,0.0,1.0,1,1.0,0.5,0,0.0,0.5,0,0.24444444
0.6744186,0.4,0.5,0.5,1,0.5,0.72,0.5,1,0.125,0.5,1.0,1,0.0,0.33333334,1,1.0,1.0,1,0.31111112
0.88372093,0.375,0.5,1.0,1,0.33333334,0.64,1.0,1,0.125,1.0,0.0,1,-1.0,0.5,0,0.5,0.0,1,0.4
0.27906978,0.275,0.5,1.0,1,0.6666667,0.3,1.0,1,0.25,0.5,0.5,1,0.0,0.6666667,0,1.0,0.0,0,0.24444444
0.4651163,0.9,0.5,0.5,1,0.8333333,0.74,0.5,1,0.0,0.5,0.5,1,0.0,1.0,1,0.0,0.0,0,0.33333334
0.1627907,0.75,1.0,1.0,0,0.5,0.58,1.0,1,0.25,0.0,0.5,1,-1.0,0.6666667,0,0.5,0.0,1,0.2888889
0.5116279,0.075,0.0,0.5,1,0.8333333,0.86,0.5,1,0.25,0.5,1.0,0,1.0,0.33333334,0,0.0,1.0,1,0.22222222
0.37209302,0.725,0.5,0.5,0,0.5,0.48,0.5,1,0.125,0.0,0.5,0,1.0,0.33333334,0,1.0,0.5,0,0.26666668
0.7209302,0.525,1.0,0.5,0,0.33333334,0.18,1.0,1,0.25,1.0,0.5,1,0.0,0.33333334,0,0.0,0.5,0,0.35555556
0.3255814,0.9,1.0,1.0,0,0.8333333,0.64,0.5,1,0.25,0.0,0.0,0,0.0,0.5,0,0.0,0.0,0,0.33333334
0.20930232,0.325,0.5,0.0,1,0.8333333,0.16,0.0,1,0.625,0.0,0.5,0,-1.0,0.5,0,0.0,0.5,1,0.13333334
0.37209302,0.575,1.0,0.5,1,0.33333334,0.96,0.5,1,0.0,0.5,0.5,1,1.0,0.5,0,0.0,0.0,1,0.31111112
0.1627907,0.5,0.0,0.5,1,0.33333334,0.7,0.5,1,0.125,0.0,1.0,1,-1.0,0.5,0,1.0,0.0,1,0.17777778
0.55813956,0.5,0.5,0.5,1,1.0,0.76,0.0,1,0.0,0.0,1.0,0,-1.0,0.33333334,0,0.5,0.5,1,0.26666668
0.1627907,0.45,1.0,0.5,1,0.5,0.68,0.5,1,0.0,0.5,0.5,1,1.0,0.33333334,0,0.5,0.0,1,0.22222222
0.44186047,0.2,1.0,0.5,1,0.5,0.1,1.0,1,0.0,0.0,0.0,1,1.0,0.5,1,0.0,0.0,0,0.17777778
0.1627907,0.75,0.5,0.5,0,0.5,0.46,1.0,1,0.375,1.0,0.0,0,-1.0,0.6666667,0,1.0,0.0,1,0.26666668
0.39534885,0.45,0.0,1.0,1,0.8333333,0.66,0.5,1,0.25,0.0,0.5,0,-1.0,0.33333334,0,1.0,0.5,0,0.24444444
0.6744186,0.95,0.0,0.5,1,1.0,0.22,0.5,1,0.0,0.0,0.5,1,1.0,0.5,0,1.0,0.5,1,0.37777779
0.4883721,0.25,0.5,1.0,0,0.5,0.68,0.0,1,0.375,0.0,1.0,1,1.0,0.8333333,0,0.0,0.0,1,0.2888889
0.3255814,0.675,1.0,0.5,1,1.0,0.82,0.5,1,0.125,0.0,0.0,1,0.0,0.6666667,0,0.0,0.5,1,0.26666668
0.44186047,0.95,0.5,0.5,1,0.33333334,0.28,0.5,1,0.125,1.0,1.0,0,1.0,0.5,0,1.0,0.5,1,0.37777779
0.44186047,0.675,0.5,1.0,1,0.5,0.2,0.5,1,0.0,0.0,0.5,1,1.0,0.33333334,1,0.0,1.0,0,0.24444444
0.5116279,0.875,0.5,0.5,1,0.6666667,0.88,0.5,1,0.125,0.5,0.5,1,1.0,0.6666667,0,0.0,0.0,1,0.4
0.25581396,0.825,1.0,1.0,1,0.33333334,0.0,0.0,1,0.5,1.0,1.0,1,1.0,0.5,0,1.0,0.5,1,0.35555556
0.53488374,0.35,0.0,0.0,1,0.6666667,0.26,1.0,1,0.125,0.0,1.0,1,1.0,0.5,0,0.0,0.5,1,0.22222222
0.069767445,0.6,0.5,0.5,1,0.33333334,0.4,0.5,1,0.625,0.5,1.0,0,0.0,0.6666667,0,0.0,0.0,1,0.22222222
0.3488372,0.15,1.0,0.5,1,0.16666667,0.68,0.5,1,0.25,0.5,0.5,0,0.0,0.5,0,0.0,0.0,0,0.22222222
0.37209302,0.525,0.5,0.5,1,0.0,1.0,0.0,1,0.25,0.5,1.0,0,0.0,0.33333334,0,0.5,0.0,1,0.2888889
0.53488374,0.225,1.0,0.5,0,0.5,0.38,0.5,0,0.875,1.0,0.5,1,1.0,0.5,0,0.5,0.0,0,0.33333334
0.44186047,0.75,0.5,0.0,1,0.6666667,0.94,0.0,1,0.125,0.5,0.0,0,0.0,0.33333334,0,0.0,0.0,0,0.2888889
0.25581396,0.525,0.0,0.5,1,0.16666667,0.36,1.0,1,0.0,0.0,1.0,0,-1.0,0.33333334,0,0.0,0.0,1,0.15555556
0.30232558,0.4,0.5,0.5,0,0.5,0.7,1.0,1,0.375,0.0,0.5,0,0.0,0.5,0,0.5,0.0,1,0.24444444
0.4651163,0.275,0.5,0.5,0,0.5,0.16,0.0,1,0.375,0.0,0.5,1,-1.0,0.8333333,0,0.5,0.0,0,0.22222222
0.44186047,1.0,0.5,0.5,1,0.5,0.46,0.5,1,0.125,0.0,0.5,1,0.0,0.6666667,0,0.5,0.0,0,0.35555556
0.37209302,0.075,0.5,0.5,0,0.33333334,0.88,0.0,1,0.0,0.5,0.5,1,-1.0,0.33333334,0,0.0,0.5,1,0.13333334
0.37209302,0.05,0.5,0.5,0,0.5,0.32,1.0,1,0.25,1.0,0.5,1,0.0,0.6666667,0,0.0,0.5,1,0.17777778
0.53488374,0.225,0.5,1.0,1,0.5,0.1,0.0,1,0.375,0.5,1.0,1,0.0,0.6666667,0,0.0,0.0,1,0.26666668
0.37209302,0.975,0.5,0.5,0,0.6666667,0.52,0.0,0,0.25,1.0,0.5,1,1.0,0.6666667,0,1.0,0.0,1,0.33333334
0.41860464,0.975,0.5,0.5,1,0.16666667,0.44,0.0,1,0.375,0.5,1.0,0,0.0,0.6666667,0,1.0,0.0,1,0.4
0.74418604,0.65,0.5,0.5,0,0.5,0.22,0.5,1,0.125,1.0,0.5,1,1.0,0.5,0,0.0,0.0,1,0.37777779
0.23255815,0.875,0.5,0.5,1,0.16666667,0.9,0.0,1,0.125,0.0,1.0,1,1.0,0.5,0,1.0,0.0,1,0.31111112
0.18604651,0.225,0.0,0.5,1,0.5,0.6,0.5,1,0.125,0.5,0.5,0,0.0,0.5,0,0.5,0.5,1,0.13333334
0.55813956,0.975,0.5,0.5,0,0.16666667,0.34,0.5,1,0.125,0.0,1.0,1,0.0,0.5,0,0.0,0.0,1,0.35555556
0.3488372,0.15,0.5,0.5,1,0.33333334,1.0,0.5,1,0.125,0.5,0.5,1,0.0,0.5,0,0.0,0.5,0,0.2
0.39534885,0.1,0.0,0.5,1,0.5,0.14,0.5,1,0.125,1.0,0.5,1,0.0,0.5,0,0.0,0.5,1,0.13333334
0.3255814,0.1,0.5,0.5,0,0.33333334,0.84,0.0,1,0.375,0.0,0.5,1,-1.0,0.6666667,0,0.5,0.0,0,0.17777778
0.39534885,0.575,0.5,0.0,1,0.8333333,0.24,1.0,1,0.25,0.0,0.5,1,-1.0,0.33333334,0,0.0,0.0,1,0.22222222
0.6744186,0.775,1.0,0.5,0,0.8333333,0.24,0.0,1,0.375,0.0,1.0,1,-1.0,0.6666667,0,1.0,0.0,0,0.4
0.55813956,0.375,0.5,0.0,1,0.6666667,0.5,1.0,1,0.25,1.0,1.0,0,-1.0,0.6666667,1,1.0,0.0,1,0.2888889
0.55813956,0.975,0.5,0.5,0,0.6666667,0.66,0.5,1,0.125,0.5,0.5,1,0.0,0.33333334,0,0.5,0.0,0,0.37777779
0.25581396,0.425,0.0,0.0,1,0.5,0.7,0.5,1,0.125,0.5,0.5,1,1.0,0.5,0,0.5,1.0,1,0.15555556
0.27906978,0.15,1.0,0.5,1,0.8333333,0.02,0.0,1,0.375,0.5,0.5,0,1.0,0.33333334,0,1.0,0.5,1,0.17777778
0.046511628,0.475,0.0,0.5,1,0.5,0.28,0.0,1,0.0,0.5,0.5,1,-1.0,0.5,0,1.0,1.0,0,0.06666667
0.3255814,0.675,0.5,0.5,0,1.0,0.66,0.5,1,0.125,1.0,1.0,0,1.0,0.5,0,0.0,0.0,1,0.2888889
0.5813953,0.825,1.0,1.0,1,0.33333334,0.88,0.0,1,0.125,0.5,1.0,1,-1.0,0.33333334,0,0.0,0.0,0,0.42222223
0.5116279,0.45,0.5,0.5,1,0.16666667,0.66,0.5,1,0.125,0.5,0.5,1,1.0,0.5,0,0.0,0.0,1,0.2888889
0.41860464,0.6,0.5,0.5,1,0.16666667,0.26,0.5,1,0.125,1.0,0.5,0,1.0,0.33333334,0,0.0,0.0,1,0.26666668
0.44186047,0.275,0.5,0.5,1,0.16666667,0.5,0.0,1,0.0,0.5,0.5,0,1.0,0.6666667,0,0.0,0.0,1,0.22222222
0.3488372,0.65,0.0,0.0,1,0.16666667,0.64,0.0,1,0.0,0.0,0.5,1,0.0,0.6666667,0,0.0,0.5,0,0.17777778
0.4651163,0.975,0.5,0.0,0,0.5,0.14,1.0,1,0.25,0.5,0.5,1,0.0,0.33333334,0,1.0,0.0,1,0.35555556
0.55813956,0.05,0.5,0.0,1,0.6666667,0.54,0.5,1,0.0,0.5,0.0,1,-1.0,0.6666667,0,0.5,1.0,0,0.15555556
0.20930232,0.875,1.0,0.0,1,0.5,0.48,1.0,1,0.25,0.0,0.5,1,-1.0,0.5,0,0.0,1.0,1,0.24444444
0.4883721,0.55,0.0,0.5,0,0.16666667,0.34,0.0,1,0.125,0.0,1.0,0,0.0,0.16666667,1,1.0,0.0,0,0.22222222
0.5813953,0.25,1.0,0.5,0,0.33333334,0.62,0.0,1,0.0,0.0,1.0,1,0.0,0.5,0,0.0,0.5,1,0.24444444
0.39534885,0.95,1.0,0.0,0,0.6666667,0.64,0.5,1,0.375,0.5,1.0,1,-1.0,0.5,0,0.5,0.0,1,0.35555556
0.53488374,0.475,0.0,1.0,0,0.33333334,0.98,1.0,0,0.25,0.0,1.0,1,-1.0,0.5,0,0.0,0.0,1,0.2888889
0.8372093,0.325,0.5,1.0,1,0.33333334,0.42,0.5,1,0.0,1.0,1.0,1,1.0,0.8333333,0,0.0,0.5,1,0.37777779
0.41860464,0.175,0.5,1.0,0,0.16666667,0.54,0.5,1,0.125,0.5,1.0,0,-1.0,0.6666667,0,1.0,0.0,1,0.24444444
0.4883721,0.25,0.5,0.0,1,0.33333334,0.16,0.0,1,0.5,1.0,0.5,1,1.0,0.33333334,0,1.0,0.5,1,0.24444444
0.3488372,0.825,0.0,1.0,0,0.33333334,0.54,1.0,1,0.25,0.0,0.5,1,-1.0,0.16666667,0,0.0,0.5,1,0.26666668
0.4651163,0.625,0.0,1.0,1,0.5,0.04,0.5,1,0.625,1.0,1.0,1,1.0,0.5,0,1.0,0.5,1,0.35555556
0.5116279,0.925,1.0,1.0,1,0.6666667,0.14,0.0,0,0.25,1.0,0.5,1,1.0,0.16666667,0,1.0,1.0,1,0.37777779
0.4651163,0.225,0.0,0.5,0,0.5,0.18,0.5,1,0.375,0.0,0.5,1,0.0,0.5,0,1.0,0.0,1,0.2
0.30232558,0.125,0.0,1.0,0,0.5,0.64,0.0,1,0.125,0.0,0.0,1,-1.0,0.5,0,0.0,0.0,1,0.11111111
0.4651163,0.0,1.0,0.0,0,0.6666667,0.56,0.5,1,0.25,0.5,1.0,1,1.0,0.33333334,0,0.0,0.0,0,0.2
0.6511628,0.5,0.5,0.0,1,0.16666667,0.8,0.5,1,0.25,0.5,0.0,1,1.0,0.16666667,0,0.5,0.0,0,0.33333334
0.5116279,1.0,0.5,0.0,1,1.0,0.46,0.5,1,0.375,0.5,0.5,0,0.0,0.33333334,0,0.5,0.0,1,0.37777779
0.5813953,0.7,0.5,1.0,0,0.33333334,0.48,0.5,1,0.0,0.0,0.5,1,-1.0,0.33333334,0,0.0,0.5,0,0.2888889
0.41860464,0.3,0.5,0.0,1,0.6666667,0.16,0.5,1,0.0,0.5,0.0,1,0.0,0.5,0,0.0,0.0,0,0.15555556
0.53488374,0.875,0.5,0.0,0,0.16666667,0.74,0.5,1,0.0,0.0,0.5,1,0.0,0.33333334,0,0.0,1.0,1,0.2888889
0.4883721,0.775,1.0,1.0,1,0.5,0.0,0.5,1,0.25,0.0,0.5,1,1.0,0.8333333,0,1.0,0.5,1,0.37777779
0.30232558,0.025,0.5,0.0,1,0.5,0.42,0.5,1,0.0,0.5,0.0,0,0.0,0.16666667,0,1.0,0.0,0,0.11111111
0.4883721,0.825,0.5,1.0,0,0.8333333,0.18,0.0,1,0.375,0.0,1.0,1,1.0,0.6666667,0,1.0,0.0,0,0.37777779
0.30232558,0.3,0.0,1.0,0,0.5,0.78,0.5,1,0.25,0.5,0.5,1,1.0,0.5,0,0.0,0.0,0,0.22222222
0.3488372,0.15,0.5,0.0,0,0.8333333,0.68,1.0,1,0.375,0.0,0.0,1,1.0,0.6666667,0,0.0,0.0,0,0.17777778
0.4651163,0.225,0.5,0.0,1,0.5,0.7,0.5,1,0.25,0.5,0.5,0,1.0,0.0,0,1.0,0.0,1,0.24444444
0.4883721,0.475,0.0,0.5,0,1.0,0.14,0.0,1,0.125,0.5,1.0,1,1.0,0.33333334,0,0.0,0.0,1,0.22222222
0.27906978,0.425,0.5,1.0,0,0.0,0.66,0.5,1,0.125,0.5,1.0,1,-1.0,0.33333334,0,1.0,0.5,1,0.22222222
0.5813953,0.3,0.0,1.0,0,0.6666667,0.7,0.5,1,0.25,0.0,0.5,1,-1.0,0.5,0,0.0,0.0,1,0.26666668
0.5116279,0.175,0.5,0.5,0,0.0,0.0,0.0,1,0.5,0.0,0.5,0,1.0,0.5,0,0.5,0.5,1,0.22222222
0.3488372,0.75,1.0,0.5,0,0.5,0.32,0.5,1,0.0,1.0,1.0,1,-1.0,0.5,0,0.0,0.5,1,0.26666668
0.23255815,1.0,0.5,0.5,1,0.8333333,0.08,0.0,1,0.125,0.0,0.5,1,-1.0,0.5,0,1.0,0.0,1,0.24444444
0.41860464,0.775,0.0,1.0,1,0.8333333,0.68,1.0,1,0.25,1.0,1.0,1,1.0,0.5,1,0.0,0.0,1,0.35555556
0.37209302,0.3,0.5,0.5,0,0.6666667,0.22,0.5,1,0.125,0.5,0.5,1,0.0,0.6666667,0,1.0,0.5,1,0.2
0.4651163,0.25,0.0,0.0,0,0.5,0.26,0.5,1,0.0,0.5,0.5,1,1.0,0.33333334,0,0.0,1.0,1,0.13333334
0.39534885,0.225,1.0,1.0,1,0.6666667,0.08,0.0,1,0.125,1.0,1.0,0,0.0,0.33333334,0,0.0,0.0,1,0.22222222
0.1627907,0.125,0.5,0.5,0,1.0,0.48,0.5,1,0.125,0.5,1.0,0,1.0,0.8333333,0,0.0,0.0,1,0.13333334
0.39534885,0.55,1.0,0.0,0,0.5,0.04,0.0,1,0.125,0.0,0.5,1,-1.0,0.6666667,0,0.0,0.0,0,0.2
0.39534885,0.6,1.0,1.0,1,0.6666667,0.84,0.0,1,0.0,0.0,1.0,1,-1.0,0.5,0,0.5,0.0,0,0.31111112
0.53488374,0.7,0.5,0.5,1,0.33333334,0.02,1.0,1,0.5,0.5,0.0,1,1.0,0.6666667,0,0.0,0.0,1,0.35555556
0.3488372,0.675,1.0,0.5,0,0.8333333,0.06,1.0,1,0.375,0.5,1.0,0,0.0,0.8333333,0,0.5,0.0,1,0.33333334
0.6744186,0.3,1.0,0.5,1,0.6666667,0.64,1.0,1,0.125,0.0,0.5,1,1.0,0.16666667,0,0.5,0.5,0,0.33333334
0.18604651,0.325,0.5,0.5,1,0.33333334,0.92,0.0,1,0.0,0.0,1.0,1,1.0,0.33333334,0,0.0,0.0,1,0.15555556
0.627907,0.675,0.5,0.5,0,0.6666667,0.9,0.5,1,0.25,0.5,0.0,0,1.0,0.5,0,1.0,0.0,0,0.4
0.41860464,0.35,0.5,1.0,0,0.6666667,0.08,1.0,1,0.0,0.5,0.5,1,1.0,0.5,0,0.5,0.0,1,0.24444444
0.55813956,0.225,0.5,0.5,1,0.6666667,0.28,0.5,1,0.125,1.0,0.0,1,-1.0,0.5,0,1.0,0.5,0,0.24444444
0.44186047,0.375,0.0,0.5,0,0.5,0.52,0.5,1,0.375,1.0,1.0,0,-1.0,0.5,0,0.5,0.0,0,0.24444444
0.60465115,0.275,0.5,0.5,1,0.8333333,0.02,0.5,0,0.375,1.0,0.5,1,0.0,0.16666667,0,0.5,1.0,0,0.24444444
0.39534885,0.1,0.5,0.5,1,0.33333334,0.52,0.5,1,0.25,0.5,1.0,1,1.0,0.6666667,0,0.0,0.0,1,0.22222222
0.27906978,0.825,0.0,0.0,0,0.5,0.44,1.0,1,0.25,0.5,0.5,0,1.0,0.33333334,0,1.0,0.0,0,0.26666668
0.6511628,0.85,1.0,0.5,0,0.5,0.58,0.5,1,0.75,0.0,1.0,0,0.0,0.6666667,0,0.5,0.0,0,0.46666667
0.41860464,0.225,0.5,0.5,1,0.8333333,0.92,0.5,1,0.0,1.0,1.0,0,1.0,0.5,0,0.0,0.5,0,0.24444444
0.4651163,0.075,0.5,0.5,1,0.33333334,0.28,0.0,1,0.125,1.0,1.0,1,-1.0,0.5,0,0.0,0.0,1,0.17777778
0.60465115,0.75,0.5,0.5,0,0.5,0.64,0.5,1,0.0,0.5,0.5,1,1.0,0.5,0,0.5,0.5,0,0.35555556
0.30232558,0.2,0.5,1.0,0,0.33333334,0.42,0.0,1,0.125,0.5,0.5,1,1.0,0.5,0,0.5,0.5,1,0.17777778
0.53488374,0.4,1.0,0.0,1,0.5,0.44,0.0,1,0.125,1.0,0.5,1,1.0,0.33333334,0,0.5,0.5,1,0.26666668
0.3488372,0.075,0.5,0.5,1,0.6666667,0.64,0.5,1,0.0,1.0,0.5,1,0.0,0.5,0,0.0,0.0,1,0.17777778
0.41860464,0.225,1.0,0.5,1,0.16666667,0.96,0.5,1,0.0,1.0,0.5,1,0.0,0.6666667,0,0.0,0.5,1,0.24444444
0.44186047,0.8,0.5,0.5,1,0.8333333,0.86,0.0,1,0.375,1.0,0.5,1,1.0,0.33333334,0,0.5,0.0,0,0.37777779
0.23255815,0.8,1.0,0.5,1,0.6666667,0.64,1.0,1,0.5,0.5,0.5,0,-1.0,0.33333334,0,1.0,0.0,0,0.33333334
0.3255814,0.2,1.0,0.0,1,0.33333334,0.46,0.5,0,0.0,0.5,0.5,1,1.0,0.5,0,0.5,0.0,1,0.15555556
0.627907,0.325,1.0,0.5,1,0.33333334,0.42,0.5,1,0.0,0.5,1.0,0,1.0,0.33333334,0,0.5,0.5,0,0.31111112
0.55813956,0.125,0.0,0.5,1,0.8333333,0.78,0.5,1,0.25,0.5,1.0,1,0.0,0.5,0,0.0,0.0,0,0.24444444
0.44186047,0.075,0.5,0.5,1,0.6666667,0.22,0.5,1,0.25,1.0,0.5,1,0.0,0.5,0,0.0,0.0,1,0.2
0.4651163,1.0,0.0,0.5,1,0.33333334,0.58,0.5,1,0.25,0.0,0.5,1,0.0,0.16666667,0,0.0,0.0,0,0.33333334
0.39534885,0.65,0.5,0.5,0,0.33333334,0.5,1.0,1,0.0,0.0,1.0,1,0.0,0.6666667,0,0.0,0.0,1,0.26666668
0.627907,0.55,0.5,1.0,1,0.6666667,0.64,0.0,1,0.125,0.5,0.5,0,-1.0,0.33333334,0,1.0,0.0,1,0.35555556
0.41860464,0.775,0.5,0.5,0,0.6666667,0.18,1.0,1,0.125,1.0,0.5,1,0.0,0.33333334,0,1.0,0.0,1,0.31111112
0.4651163,0.85,1.0,0.0,0,0.6666667,0.7,0.5,1,0.125,0.5,0.5,1,-1.0,0.6666667,0,0.5,0.0,1,0.33333334
0.60465115,0.8,0.5,0.5,1,0.5,0.62,0.5,1,0.0,0.0,0.5,1,-1.0,0.16666667,0,0.5,0.0,1,0.33333334
0.3255814,0.025,1.0,0.0,1,0.6666667,0.18,0.5,1,0.125,0.5,0.5,1,0.0,0.33333334,0,1.0,0.5,0,0.13333334
0.6511628,0.175,0.0,1.0,0,0.5,0.44,0.5,0,0.0,0.5,1.0,1,0.0,0.5,0,0.0,0.0,0,0.22222222
0.23255815,0.65,0.5,1.0,1,0.33333334,0.68,0.5,1,0.0,1.0,1.0,0,0.0,0.5,0,0.0,0.0,1,0.26666668
0.6744186,0.375,0.5,0.0,1,0.8333333,0.9,0.0,1,0.125,1.0,0.5,1,-1.0,0.8333333,0,1.0,0.0,1,0.33333334
0.39534885,0.975,0.5,0.5,0,0.6666667,0.12,0.5,0,0.25,0.0,1.0,0,-1.0,0.5,0,0.0,0.0,1,0.26666668
0.41860464,0.675,0.0,1.0,1,0.33333334,0.0,0.5,1,0.375,0.0,0.5,1,0.0,0.33333334,0,1.0,0.0,1,0.2888889
0.18604651,0.95,1.0,1.0,0,0.5,0.16,0.5,1,0.25,0.5,0.5,1,-1.0,0.6666667,0,0.5,0.0,1,0.31111112
0.37209302,0.2,0.5,0.5,0,0.5,0.98,0.5,1,0.125,0.5,0.0,0,0.0,0.16666667,0,1.0,0.0,1,0.22222222
0.30232558,0.875,1.0,0.5,1,0.33333334,0.76,0.5,1,0.25,0.0,0.0,1,0.0,0.33333334,0,0.0,1.0,1,0.2888889
0.3488372,0.325,1.0,0.5,1,0.5,0.62,0.5,1,0.125,1.0,1.0,1,-1.0,0.6666667,0,1.0,0.0,1,0.26666668
0.41860464,1.0,0.5,1.0,1,0.33333334,0.14,0.5,1,0.125,1.0,0.5,0,1.0,0.33333334,1,0.0,0.0,1,0.33333334
0.5813953,0.15,1.0,1.0,0,0.6666667,0.42,1.0,1,0.25,0.5,0.5,1,0.0,0.5,0,0.0,0.0,0,0.2888889
0.4651163,0.525,1.0,0.5,1,0.5,0.72,0.5,1,0.125,0.0,0.5,1,0.0,0.6666667,0,0.5,0.0,1,0.31111112
0.4883721,0.8,1.0,0.0,1,0.16666667,0.9,0.0,1,0.0,0.0,0.0,1,1.0,0.5,0,1.0,0.0,1,0.33333334
0.27906978,0.425,1.0,1.0,1,0.5,0.38,0.5,1,0.25,0.0,1.0,0,0.0,0.8333333,0,0.5,0.5,1,0.26666668
0.3255814,0.475,1.0,1.0,1,0.33333334,1.0,0.5,1,0.5,0.0,0.5,1,0.0,0.5,0,0.5,0.0,0,0.33333334
0.6976744,0.975,0.5,0.0,1,0.0,0.14,1.0,1,0.125,1.0,1.0,1,0.0,0.33333334,0,1.0,0.5,0,0.42222223
0.3488372,0.425,0.5,0.0,1,0.5,0.38,0.0,1,0.125,0.0,1.0,1,0.0,0.6666667,0,0.0,0.0,0,0.17777778
0.6744186,0.6,1.0,0.5,1,0.8333333,0.88,0.5,1,0.125,0.0,1.0,0,1.0,0.33333334,1,0.0,0.0,0,0.37777779
0.41860464,0.05,1.0,0.5,0,0.5,0.64,0.0,1,0.0,0.0,0.0,0,0.0,0.8333333,1,1.0,0.0,1,0.15555556
0.44186047,0.85,0.5,0.5,0,0.6666667,0.82,0.5,1,0.125,0.0,0.5,1,1.0,0.33333334,0,1.0,0.0,0,0.35555556
0.5813953,0.65,0.5,0.0,0,0.5,0.9,0.5,1,0.0,0.0,1.0,1,-1.0,0.8333333,0,0.0,0.5,1,0.2888889
0.627907,0.4,0.5,1.0,1,0.33333334,0.5,1.0,1,0.375,1.0,0.5,1,1.0,0.5,0,0.0,0.0,1,0.37777779
0.41860464,0.025,0.5,1.0,1,0.33333334,0.24,1.0,1,0.125,1.0,0.5,1,0.0,0.33333334,0,1.0,0.5,0,0.2
0.39534885,0.6,0.0,0.0,0,0.16666667,0.7,0.5,1,0.0,0.5,0.5,1,0.0,0.6666667,0,0.0,0.5,1,0.2
0.44186047,0.025,0.0,1.0,1,0.6666667,0.56,0.5,1,0.0,0.0,0.5,0,1.0,0.8333333,0,0.0,0.0,0,0.17777778
0.4883721,0.0,1.0,0.5,1,0.6666667,0.78,0.5,1,0.25,0.5,1.0,0,0.0,0.6666667,0,0.5,0.5,1,0.24444444
0.55813956,0.625,0.5,0.5,1,0.5,0.52,0.5,1,0.25,1.0,0.5,1,1.0,0.33333334,0,0.5,0.0,0,0.35555556
0.44186047,0.2,0.5,1.0,1,0.0,0.82,1.0,1,0.5,1.0,0.5,0,1.0,0.6666667,0,0.5,0.0,1,0.33333334
0.53488374,0.2,1.0,0.5,1,0.6666667,0.9,0.0,1,0.375,0.5,0.5,1,1.0,0.0,0,0.0,0.5,1,0.26666668
0.6744186,0.65,1.0,1.0,1,0.33333334,0.74,0.5,1,0.0,0.0,0.0,0,1.0,0.6666667,0,0.5,0.0,0,0.4
0.4883721,0.05,0.0,0.5,1,0.5,0.74,0.5,1,0.25,1.0,0.0,1,0.0,0.5,0,0.0,0.0,0,0.2
0.4883721,0.325,0.0,0.5,0,0.16666667,0.58,0.5,1,0.5,0.5,0.0,1,-1.0,0.16666667,0,1.0,0.5,0,0.22222222
0.23255815,0.15,0.5,0.5,1,0.5,0.48,0.5,1,0.375,0.5,1.0,0,0.0,0.5,0,0.0,1.0,0,0.15555556
0.069767445,0.575,1.0,0.5,0,0.5,0.98,0.0,1,0.125,0.0,0.0,0,0.0,0.5,0,0.5,0.0,0,0.2
0.4883721,0.65,0.0,0.5,0,0.0,0.64,0.0,1,0.125,0.0,0.0,0,1.0,0.8333333,0,0.5,0.5,1,0.26666668
0.41860464,0.725,0.5,1.0,0,0.8333333,0.84,1.0,1,0.625,0.5,0.5,0,1.0,0.5,0,1.0,0.0,1,0.42222223
0.37209302,0.25,1.0,0.5,0,0.5,0.5,0.5,1,0.125,0.0,0.5,0,0.0,0.6666667,1,0.5,1.0,1,0.17777778
0.4651163,0.1,1.0,0.0,1,0.5,0.56,0.0,1,0.125,0.5,0.5,1,1.0,0.6666667,0,0.0,0.0,1,0.2
0.44186047,0.075,0.5,0.0,0,0.6666667,0.66,0.0,1,0.5,0.5,0.5,1,0.0,0.5,0,1.0,0.5,0,0.2
0.60465115,0.425,0.0,1.0,0,0.5,0.72,1.0,1,0.125,1.0,1.0,1,-1.0,0.5,0,0.5,0.0,1,0.33333334
0.4651163,0.95,0.5,0.5,1,0.6666667,0.44,0.5,1,0.375,0.0,0.0,1,1.0,0.5,0,0.0,0.5,0,0.35555556
0.3488372,0.225,0.5,0.5,1,0.16666667,0.36,0.5,1,0.0,0.5,1.0,1,0.0,0.6666667,0,0.5,0.5,1,0.17777778
0.5813953,0.25,0.5,1.0,1,0.5,0.24,0.5,1,0.0,0.0,0.5,0,-1.0,0.16666667,0,0.5,0.0,0,0.24444444
0.41860464,0.1,0.5,1.0,1,0.0,0.42,0.5,1,0.125,1.0,0.5,1,0.0,0.5,0,0.0,0.0,1,0.22222222
0.5116279,0.6,0.5,1.0,0,0.5,0.22,0.5,1,0.25,0.5,1.0,1,0.0,0.8333333,0,0.5,0.5,1,0.33333334
0.37209302,0.675,0.0,0.0,1,0.8333333,0.42,0.5,1,0.25,0.0,0.5,1,0.0,0.5,0,0.5,0.5,0,0.22222222
0.3488372,0.65,1.0,0.5,1,0.16666667,0.88,1.0,1,0.0,0.5,0.5,1,-1.0,0.33333334,0,0.0,0.0,1,0.2888889
0.4651163,0.85,0.5,1.0,0,0.33333334,0.98,0.5,1,0.125,0.5,1.0,0,0.0,0.33333334,0,0.0,0.0,1,0.37777779
0.44186047,0.475,0.5,1.0,1,0.0,0.58,0.0,1,0.0,0.5,1.0,0,0.0,0.6666667,0,0.0,0.5,1,0.26666668
0.5116279,0.125,1.0,1.0,0,0.5,0.14,0.0,0,0.125,1.0,0.5,1,0.0,0.6666667,0,0.0,0.0,1,0.22222222
0.39534885,0.3,0.5,0.5,0,0.6666667,0.42,0.0,1,0.25,1.0,0.5,1,1.0,0.6666667,0,1.0,0.0,1,0.24444444
0.18604651,0.65,1.0,1.0,0,0.6666667,0.6,0.5,1,0.125,0.0,0.5,1,1.0,0.8333333,0,0.5,1.0,0,0.26666668
0.37209302,0.625,0.5,0.0,0,0.33333334,0.38,0.5,1,0.125,0.5,0.5,0,0.0,0.5,1,1.0,0.0,1,0.22222222
0.55813956,0.525,0.5,0.5,0,0.0,0.2,0.5,1,0.25,0.5,0.5,0,0.0,0.5,0,0.0,0.0,1,0.2888889
0.39534885,0.675,0.5,0.5,0,0.16666667,0.22,1.0,1,0.25,0.5,0.5,1,1.0,0.16666667,0,0.0,0.0,1,0.2888889
0.41860464,0.625,0.5,1.0,1,0.8333333,0.48,0.5,1,0.125,1.0,0.5,1,0.0,0.5,0,0.5,0.5,0,0.31111112
0.5813953,0.875,0.5,0.0,1,0.6666667,0.22,0.5,1,0.25,0.5,0.5,0,0.0,0.33333334,0,1.0,0.0,0,0.35555556
0.3488372,0.575,0.5,0.5,1,0.5,0.24,0.5,1,0.0,0.0,0.5,0,0.0,0.16666667,1,1.0,0.5,1,0.2
0.23255815,0.775,0.0,1.0,0,0.5,0.88,0.5,1,0.125,0.5,0.5,1,0.0,0.5,1,0.0,0.5,1,0.22222222
0.41860464,0.25,0.5,0.5,0,0.16666667,0.78,0.5,1,0.125,0.0,1.0,0,0.0,0.33333334,0,0.0,0.0,1,0.2
0.37209302,0.675,0.5,0.5,1,0.8333333,0.06,0.0,1,0.375,0.0,0.5,1,1.0,0.5,0,1.0,0.5,0,0.26666668
0.30232558,0.9,0.5,1.0,0,0.33333334,0.32,0.5,1,0.375,0.5,0.5,1,1.0,0.33333334,0,0.5,0.0,0,0.33333334
0.41860464,0.375,0.5,1.0,0,0.6666667,0.54,0.5,1,0.125,0.0,0.0,1,1.0,0.6666667,0,0.0,0.5,0,0.24444444
0.5116279,0.775,1.0,0.5,0,0.16666667,0.06,0.0,1,0.375,0.5,1.0,0,-1.0,0.5,0,0.0,0.0,1,0.33333334
0.44186047,0.725,0.5,1.0,1,0.5,0.68,0.0,1,0.125,1.0,1.0,1,0.0,0.6666667,0,0.0,0.5,1,0.33333334
0.4883721,0.05,1.0,0.5,1,0.8333333,0.38,0.0,1,0.125,1.0,0.0,0,-1.0,0.5,0,0.5,0.0,1,0.2
0.6976744,0.575,0.0,1.0,1,0.33333334,0.4,0.5,1,0.375,0.0,0.5,0,-1.0,0.5,0,0.5,0.0,1,0.35555556
0.39534885,0.125,0.5,1.0,1,0.6666667,0.26,0.5,1,0.125,0.5,0.5,1,1.0,0.5,0,0.0,1.0,1,0.17777778
0.4883721,0.975,0.5,0.5,1,0.16666667,0.34,1.0,1,0.125,0.5,1.0,0,-1.0,0.5,0,0.5,0.0,1,0.37777779
0.37209302,0.8,1.0,1.0,0,0.33333334,0.86,0.5,1,0.5,0.5,0.0,0,0.0,0.6666667,0,0.5,0.5,0,0.37777779
0.3255814,0.1,1.0,0.0,1,0.5,0.78,0.0,1,0.0,0.0,0.5,1,-1.0,0.33333334,0,0.0,0.0,1,0.13333334
0.3488372,0.125,1.0,0.0,1,0.6666667,0.94,1.0,1,0.25,0.0,0.5,1,-1.0,0.6666667,1,0.0,0.0,0,0.17777778
0.37209302,0.6,0.0,1.0,0,0.5,0.7,1.0,1,0.0,0.5,0.5,0,1.0,0.33333334,0,0.5,0.5,1,0.26666668
0.4883721,0.35,1.0,0.0,1,0.6666667,0.58,0.0,1,0.375,0.5,0.5,1,0.0,0.16666667,0,0.0,0.0,0,0.26666668
0.76744187,0.025,0.5,0.0,0,0.8333333,0.26,0.0,1,0.25,0.5,0.5,1,0.0,0.8333333,0,0.0,0.5,0,0.22222222
0.3488372,0.55,0.0,0.5,0,0.33333334,0.66,0.5,1,0.0,0.5,0.5,1,-1.0,0.33333334,0,0.0,0.0,0,0.2
0.39534885,0.4,0.5,0.0,0,0.16666667,0.9,1.0,1,0.25,1.0,1.0,1,1.0,1.0,0,1.0,0.0,0,0.31111112
0.44186047,0.1,0.5,1.0,0,0.33333334,0.06,1.0,0,0.5,1.0,0.5,0,0.0,0.6666667,0,0.5,0.5,0,0.22222222
0.4883721,0.8,1.0,1.0,0,0.8333333,0.44,0.0,1,0.125,0.0,1.0,1,0.0,0.6666667,1,1.0,0.0,1,0.35555556
0.4883721,0.925,0.5,0.5,1,0.33333334,0.14,0.5,1,0.0,0.5,1.0,0,1.0,0.33333334,0,0.0,0.0,1,0.33333334
0.627907,0.75,0.0,0.5,1,0.8333333,0.82,0.5,1,0.0,0.5,0.5,1,1.0,0.33333334,0,0.5,0.5,0,0.95555556
0.093023255,0.825,0.5,0.5,1,0.5,0.62,0.5,0,0.125,0.0,1.0,1,0.0,0.33333334,0,0.5,0.0,0,0.22222222
0.11627907,0.225,1.0,0.5,1,1.0,0.88,0.5,0,0.125,0.5,0.5,0,0.0,0.6666667,0,1.0,0.0,0,0.17777778
0.37209302,0.275,0.5,0.5,1,1.0,0.06,0.0,1,0.0,0.0,0.0,1,1.0,0.5,0,0.0,0.5,1,0.13333334
0.60465115,0.2,0.5,0.0,1,0.8333333,0.9,0.5,1,0.125,0.0,0.5,1,1.0,0.5,0,0.5,0.5,1,0.26666668
0.23255815,0.775,0.5,0.5,0,0.16666667,0.06,0.5,1,0.0,0.0,0.5,0,0.0,0.33333334,0,1.0,0.0,0,0.2
0.023255814,0.95,1.0,0.5,0,0.0,0.28,0.5,1,0.125,0.0,1.0,0,0.0,0.33333334,0,0.0,0.0,0,0.22222222
0.5116279,0.725,1.0,1.0,1,0.5,0.16,0.5,1,0.25,0.5,1.0,0,1.0,0.5,0,1.0,0.5,1,0.4
0.4651163,0.875,0.5,1.0,1,0.6666667,0.14,0.0,0,0.125,0.0,0.5,1,1.0,0.5,0,0.0,0.0,1,0.31111112
0.27906978,0.65,0.5,1.0,0,0.6666667,0.18,0.5,1,0.375,0.5,0.5,1,0.0,0.5,0,0.0,0.0,1,0.26666668
0.30232558,0.4,1.0,0.5,0,0.33333334,0.48,0.0,1,0.0,1.0,0.5,0,1.0,0.33333334,1,0.5,1.0,1,0.17777778
0.30232558,0.425,1.0,1.0,1,0.16666667,0.78,0.0,1,0.0,0.5,0.5,0,1.0,0.33333334,0,0.5,0.0,1,0.26666668
0.4651163,0.075,0.0,1.0,1,0.6666667,0.9,0.5,1,0.25,1.0,0.5,1,0.0,0.8333333,0,0.0,0.0,1,0.24444444
0.3488372,0.025,0.5,1.0,1,1.0,0.56,0.5,1,0.25,0.0,1.0,1,1.0,0.33333334,0,0.5,0.5,0,0.2
0.5116279,0.7,1.0,0.0,1,0.33333334,0.16,0.5,1,0.25,0.0,0.5,1,0.0,0.33333334,0,0.0,0.5,1,0.2888889
0.046511628,0.45,0.5,0.5,0,0.6666667,0.08,1.0,1,0.25,1.0,0.5,1,1.0,0.6666667,0,0.0,0.5,1,0.13333334
0.3255814,0.55,0.5,0.5,1,1.0,0.5,0.5,1,0.125,1.0,0.5,1,-1.0,0.16666667,0,0.5,0.0,0,0.24444444
0.27906978,0.55,0.5,0.5,1,0.5,0.76,0.5,1,0.0,0.0,0.5,1,0.0,0.33333334,0,0.0,0.0,0,0.22222222
0.39534885,0.275,0.5,1.0,1,0.5,0.62,0.5,1,0.0,0.5,0.5,1,-1.0,0.6666667,0,0.5,0.5,0,0.22222222
0.37209302,0.475,0.5,0.5,0,0.6666667,0.58,0.5,1,0.375,0.5,1.0,0,0.0,0.8333333,1,1.0,0.0,1,0.26666668
0.55813956,0.475,1.0,0.5,1,0.5,0.04,0.5,1,0.125,0.5,0.5,1,-1.0,0.33333334,0,1.0,0.5,0,0.2888889
0.18604651,0.4,0.5,0.5,1,0.8333333,0.42,0.5,1,0.125,0.5,1.0,1,0.0,0.5,0,0.5,0.0,1,0.17777778
0.44186047,0.825,1.0,0.5,0,0.33333334,0.56,0.0,1,0.125,0.0,0.5,1,1.0,0.5,0,0.5,0.5,0,0.33333334
0.5116279,0.45,1.0,1.0,0,0.5,0.6,0.5,1,0.0,0.0,0.5,0,0.0,0.33333334,0,0.0,0.0,0,0.2888889
0.6976744,0.6,0.5,0.5,0,0.16666667,0.0,0.5,0,0.25,0.0,1.0,0,1.0,0.5,0,0.0,0.0,1,0.31111112
0.37209302,0.9,1.0,0.5,1,0.5,0.2,0.0,1,0.0,0.0,0.5,0,0.0,0.33333334,1,0.5,0.0,1,0.26666668
0.4883721,0.875,0.5,0.5,0,0.16666667,0.94,0.5,1,0.0,0.0,0.0,1,0.0,0.5,0,0.0,0.5,1,0.31111112
0.18604651,0.9,0.5,0.0,1,0.6666667,0.5,0.0,1,0.125,0.0,1.0,0,1.0,0.6666667,1,0.0,0.0,0,0.22222222
0.11627907,0.275,0.5,1.0,1,0.16666667,0.7,0.5,1,0.125,0.0,0.5,1,1.0,0.33333334,0,0.0,0.5,1,0.13333334
0.55813956,0.025,0.5,1.0,1,0.6666667,0.3,0.0,1,0.375,0.0,0.0,1,0.0,0.5,0,0.5,0.0,0,0.22222222
0.44186047,0.25,0.0,0.5,1,0.33333334,0.58,0.0,1,0.5,0.5,0.5,1,1.0,0.6666667,0,1.0,0.0,1,0.26666668
0.60465115,0.275,0.5,1.0,1,1.0,0.36,0.5,1,0.125,0.0,0.5,1,-1.0,0.33333334,0,0.0,0.5,1,0.24444444
0.25581396,0.9,0.5,0.5,0,0.8333333,0.3,0.5,1,0.25,1.0,1.0,0,0.0,0.6666667,1,1.0,0.0,0,0.31111112
0.5116279,0.65,0.5,0.5,1,0.6666667,0.42,1.0,1,0.375,0.5,0.5,1,0.0,0.6666667,0,0.5,0.0,0,0.35555556
0.6976744,0.075,1.0,1.0,0,0.16666667,0.46,0.5,1,0.125,1.0,0.0,1,1.0,0.33333334,0,0.0,0.0,0,0.2888889
0.5116279,0.125,1.0,0.5,0,0.33333334,0.34,1.0,0,0.375,0.5,0.5,0,-1.0,0.8333333,0,0.0,0.5,1,0.22222222
0.4883721,0.15,0.5,0.5,0,0.33333334,0.26,1.0,1,0.125,0.0,0.5,0,0.0,0.8333333,0,1.0,1.0,1,0.2
0.44186047,0.625,0.5,0.0,0,0.33333334,0.62,0.0,1,0.125,1.0,1.0,0,1.0,0.5,0,0.5,0.0,1,0.2888889
0.23255815,0.725,0.0,1.0,0,0.8333333,0.38,0.0,1,0.125,0.0,0.0,1,0.0,0.5,0,0.0,0.0,1,0.2
0.627907,0.85,0.5,1.0,0,0.5,0.2,0.0,1,0.125,0.0,0.5,1,1.0,0.5,0,0.0,0.0,1,0.35555556
0.3488372,0.95,1.0,0.5,0,0.33333334,0.76,0.5,1,0.125,0.0,0.5,1,0.0,0.5,0,1.0,0.5,0,0.33333334
0.5116279,0.2,1.0,0.5,1,0.33333334,0.72,0.5,1,0.0,0.5,0.5,1,1.0,0.33333334,0,1.0,0.0,1,0.2888889
0.23255815,0.3,0.5,0.5,1,0.33333334,0.88,0.0,1,0.25,0.5,0.5,1,1.0,0.5,0,0.0,0.5,1,0.17777778
0.27906978,0.25,0.5,1.0,1,0.6666667,0.56,0.5,1,0.0,0.0,0.5,0,-1.0,0.5,1,0.0,0.0,1,0.13333334
0.6511628,0.35,0.5,0.0,0,0.16666667,0.28,0.5,1,0.25,0.5,0.5,1,0.0,0.16666667,0,0.5,0.5,1,0.24444444
0.39534885,0.925,0.5,1.0,1,0.5,0.86,0.5,1,0.625,1.0,0.5,1,1.0,0.6666667,0,0.5,0.0,0,0.44444445
0.6511628,0.575,1.0,1.0,1,0.6666667,0.28,0.5,1,0.25,0.5,1.0,1,0.0,0.16666667,0,0.0,1.0,1,0.35555556
0.44186047,0.75,0.5,0.5,1,0.0,0.66,1.0,1,0.125,0.0,0.0,1,1.0,0.5,0,0.5,0.0,1,0.31111112
0.18604651,0.5,1.0,0.0,0,0.16666667,0.2,0.5,1,0.25,0.0,0.5,0,0.0,0.5,0,0.0,0.0,1,0.15555556
0.55813956,0.025,0.5,0.5,0,0.5,0.62,1.0,1,0.0,0.5,0.5,1,1.0,0.6666667,0,0.0,0.5,0,0.22222222
0.3488372,0.075,0.5,0.0,0,0.8333333,0.84,0.5,1,0.0,0.0,0.5,0,1.0,0.5,0,0.5,0.5,0,0.13333334
0.53488374,0.55,0.5,0.5,0,0.8333333,0.54,0.5,1,0.375,0.5,0.5,1,1.0,0.33333334,0,0.0,0.0,0,0.31111112
0.44186047,0.725,0.0,0.0,1,0.33333334,0.48,0.0,1,0.125,0.5,0.0,0,1.0,0.5,0,1.0,1.0,1,0.24444444
0.23255815,0.225,1.0,0.5,1,0.8333333,1.0,0.0,1,0.125,0.0,0.5,1,0.0,0.8333333,0,0.0,0.0,1,0.2
0.4651163,0.725,1.0,0.5,1,0.5,0.02,0.0,1,0.125,0.5,0.5,1,1.0,0.6666667,0,0.0,0.0,0,0.31111112
0.74418604,0.8,1.0,1.0,1,0.5,0.34,0.0,1,0.75,1.0,0.5,1,1.0,0.8333333,0,0.0,0.0,0,0.51111114
0.5116279,0.4,0.0,1.0,1,0.5,0.92,0.0,1,0.25,0.5,0.5,0,0.0,0.6666667,0,0.0,0.0,0,0.2888889
0.44186047,0.75,1.0,1.0,0,0.6666667,0.64,0.5,1,0.25,1.0,0.5,0,-1.0,0.6666667,1,0.0,0.5,0,0.33333334
0.5813953,0.4,0.0,0.5,1,0.33333334,0.54,0.5,1,0.125,0.5,0.5,0,0.0,0.8333333,0,0.0,0.0,1,0.2888889
0.4651163,0.675,0.0,0.0,1,0.33333334,0.64,0.5,1,0.0,0.5,1.0,1,0.0,0.8333333,0,1.0,0.0,0,0.2888889
0.4651163,0.775,0.5,0.5,0,0.16666667,0.32,0.0,1,0.125,1.0,0.5,1,1.0,0.5,0,0.5,0.0,0,0.31111112
0.27906978,1.0,0.5,0.0,1,0.6666667,0.08,0.5,1,0.0,0.5,1.0,1,1.0,0.5,0,0.5,0.0,0,0.2888889
0.4651163,0.35,1.0,0.0,1,0.6666667,0.28,0.5,1,0.375,0.0,0.0,1,0.0,0.16666667,0,0.5,1.0,1,0.5555556
0.5813953,0.4,0.5,0.5,1,0.6666667,0.34,1.0,1,0.125,0.0,0.5,1,-1.0,0.5,0,0.0,0.5,1,0.26666668
0.3255814,0.175,0.0,0.5,1,0.16666667,0.48,0.5,1,0.125,1.0,1.0,1,1.0,0.33333334,0,1.0,0.0,1,0.2
0.6511628,0.2,0.5,0.0,0,0.33333334,0.4,0.0,1,0.0,0.5,0.5,1,-1.0,0.33333334,0,1.0,0.0,1,0.2
0.41860464,0.7,0.5,0.5,1,0.8333333,0.52,0.0,1,0.125,0.5,1.0,1,1.0,0.5,0,0.0,1.0,1,0.2888889
0.3255814,0.925,0.0,0.5,0,0.5,0.2,0.0,1,0.5,0.5,0.5,1,-1.0,0.5,0,0.0,0.0,0,0.26666668
0.5813953,0.4,0.5,0.5,0,0.5,0.18,0.0,1,0.0,0.5,0.5,1,0.0,0.16666667,1,1.0,0.0,1,0.22222222
0.39534885,0.175,1.0,1.0,1,0.5,0.36,0.5,1,0.0,0.5,0.5,1,1.0,0.6666667,0,0.0,0.0,1,0.24444444
0.55813956,0.275,0.5,0.0,1,0.6666667,0.48,0.0,1,0.5,0.5,0.5,1,1.0,0.6666667,1,1.0,0.0,1,0.26666668
0.39534885,0.45,1.0,0.5,0,0.5,0.34,0.0,0,0.0,1.0,0.5,1,-1.0,0.5,0,0.5,0.5,1,0.2
0.44186047,0.3,0.5,0.0,1,0.33333334,0.58,0.5,1,0.125,0.0,0.5,0,1.0,0.6666667,0,1.0,0.0,0,0.24444444
0.5116279,0.225,0.5,0.0,1,0.6666667,0.32,0.0,0,0.125,0.5,0.5,1,1.0,0.5,0,0.5,1.0,1,0.17777778
0.4883721,0.725,0.5,1.0,0,0.16666667,0.18,1.0,1,0.625,0.5,0.5,0,1.0,0.6666667,1,0.0,0.0,1,0.35555556
0.1627907,0.0,1.0,0.5,1,0.8333333,0.86,1.0,1,0.0,0.0,1.0,1,0.0,0.5,0,1.0,0.0,0,0.15555556
0.27906978,0.55,0.5,1.0,0,0.33333334,0.2,0.5,1,0.125,0.0,0.0,1,1.0,0.6666667,0,0.5,1.0,0,0.2
0.5813953,0.8,0.0,0.5,1,0.6666667,0.96,0.5,1,0.25,0.5,0.5,1,0.0,0.5,0,1.0,0.5,1,0.37777779
0.41860464,0.275,1.0,0.5,1,0.5,0.98,0.0,1,0.0,0.0,1.0,1,-1.0,0.6666667,0,0.0,0.5,0,0.22222222
0.37209302,0.6,0.0,1.0,0,0.33333334,0.7,0.5,1,0.125,0.5,0.0,1,1.0,0.33333334,0,0.5,0.0,0,0.26666668
0.25581396,0.675,1.0,1.0,1,0.8333333,0.5,0.5,0,0.125,0.0,0.5,0,0.0,0.5,1,0.5,0.5,0,0.22222222
0.30232558,0.65,0.0,0.0,1,0.6666667,0.8,0.0,1,0.0,0.0,0.5,0,0.0,0.16666667,0,0.0,0.0,1,0.17777778
0.1627907,0.45,1.0,1.0,0,0.5,0.88,0.0,1,0.125,1.0,1.0,1,0.0,0.5,1,0.0,0.0,0,0.22222222
0.41860464,0.35,0.5,0.5,1,1.0,0.7,0.5,1,0.125,0.0,0.5,1,1.0,0.8333333,0,1.0,0.5,1,0.26666668
0.3488372,0.825,0.5,0.5,1,0.6666667,0.1,0.0,1,0.0,1.0,0.5,1,0.0,0.6666667,0,0.0,0.5,1,0.26666668
0.30232558,0.75,0.0,0.5,1,0.33333334,0.0,0.5,1,0.0,0.5,1.0,0,1.0,0.5,0,0.5,0.5,1,0.22222222
0.44186047,0.325,0.5,1.0,1,0.0,0.2,0.5,1,0.125,0.0,0.5,0,1.0,0.5,1,0.0,0.5,1,0.2
0.4883721,0.1,1.0,0.0,0,0.5,0.18,1.0,1,0.0,0.5,1.0,0,1.0,0.8333333,1,0.0,0.0,0,0.2
0.74418604,0.075,1.0,1.0,1,0.8333333,0.18,0.5,1,0.125,0.5,0.5,1,1.0,0.6666667,0,0.0,0.0,1,0.31111112
0.23255815,0.1,0.5,0.5,0,0.6666667,0.5,0.0,1,0.125,1.0,0.5,0,1.0,0.5,0,0.0,0.5,1,0.11111111
0.60465115,0.575,0.5,0.5,1,0.8333333,0.52,0.5,1,0.125,0.0,1.0,1,1.0,0.6666667,0,0.0,0.0,1,0.33333334
0.5813953,0.05,0.0,1.0,0,0.33333334,0.72,0.5,1,0.25,0.5,0.5,1,1.0,0.5,0,0.0,0.0,1,0.24444444
0.3255814,0.325,0.5,0.5,1,0.5,0.2,1.0,1,0.375,0.5,0.5,1,0.0,0.6666667,0,0.5,0.0,0,0.24444444
0.4651163,0.75,0.5,0.0,0,0.5,0.1,0.5,1,0.25,0.5,0.5,1,0.0,0.33333334,0,0.5,0.0,0,0.2888889
0.37209302,0.3,0.0,0.5,0,0.5,0.66,0.0,1,0.375,0.5,1.0,1,-1.0,0.5,1,0.0,1.0,0,0.15555556
0.4651163,0.775,0.5,1.0,1,0.6666667,0.48,0.0,1,0.0,0.5,0.5,1,-1.0,0.33333334,0,1.0,0.0,0,0.33333334
0.6511628,0.75,0.5,0.5,1,0.8333333,0.66,0.5,1,0.0,0.5,1.0,0,1.0,0.5,0,0.0,0.0,0,0.37777779
0.53488374,0.25,0.0,0.0,1,1.0,0.38,1.0,1,0.125,1.0,0.5,1,-1.0,0.33333334,0,0.0,0.5,0,0.2
0.5116279,0.725,0.0,0.5,0,0.8333333,0.76,1.0,1,0.125,1.0,0.5,1,0.0,0.8333333,0,1.0,0.0,1,0.35555556
0.37209302,0.75,0.5,1.0,0,0.6666667,0.68,0.5,1,0.125,0.0,0.0,1,-1.0,0.6666667,0,0.0,1.0,0,0.26666668
0.23255815,0.4,0.0,0.5,0,0.33333334,0.66,1.0,1,0.375,0.5,0.5,1,1.0,0.16666667,0,0.0,0.0,0,0.2
0.41860464,0.2,1.0,1.0,0,0.5,0.02,0.5,0,0.125,1.0,0.5,1,1.0,0.16666667,0,0.0,0.5,0,0.2
0.60465115,0.525,0.5,1.0,1,0.6666667,0.86,0.5,1,0.0,1.0,1.0,1,0.0,0.5,0,0.5,0.0,0,0.37777779
0.23255815,0.925,0.0,0.0,1,0.5,0.38,0.5,1,0.375,0.0,0.5,1,1.0,0.33333334,0,0.0,0.0,0,0.24444444
0.30232558,0.65,1.0,0.5,0,0.33333334,0.14,0.5,1,0.375,1.0,1.0,0,0.0,0.33333334,0,0.5,0.0,0,0.2888889
0.4651163,0.175,0.5,0.5,1,0.33333334,0.76,0.5,1,0.125,0.0,0.5,0,1.0,0.8333333,0,1.0,0.0,0,0.8888889
0.30232558,0.675,0.5,0.0,1,0.6666667,0.48,0.5,1,0.0,0.5,1.0,1,0.0,0.5,1,0.5,0.5,1,0.2
0.3255814,0.425,0.5,0.5,1,0.5,0.04,0.5,1,0.125,0.5,0.5,1,0.0,0.33333334,0,0.5,0.0,1,0.2
0.37209302,0.6,0.0,1.0,1,0.5,0.78,0.5,1,0.25,1.0,0.5,1,1.0,0.33333334,0,0.0,0.5,1,0.2888889
0.25581396,0.725,0.5,0.0,1,0.5,0.44,0.5,1,0.125,1.0,1.0,1,0.0,0.8333333,0,0.5,0.0,1,0.26666668
0.30232558,0.525,0.5,0.5,0,0.33333334,0.76,0.5,1,0.125,1.0,0.5,1,1.0,0.5,0,1.0,0.5,0,0.26666668
0.53488374,0.825,1.0,0.5,1,0.5,0.76,0.0,1,0.125,0.5,1.0,1,-1.0,0.5,0,0.0,0.5,0,0.35555556
0.25581396,0.725,0.5,0.0,1,0.33333334,0.1,0.0,1,0.125,0.0,1.0,1,-1.0,0.5,0,0.0,0.0,0,0.17777778
0.20930232,0.625,0.5,0.5,1,0.33333334,0.62,0.5,1,0.375,0.0,0.5,1,0.0,0.5,0,0.0,0.0,0,0.24444444
0.3488372,0.15,1.0,1.0,0,0.16666667,0.36,1.0,0,0.25,0.0,0.5,1,1.0,0.8333333,0,1.0,0.5,1,0.22222222
0.53488374,0.825,0.5,0.0,1,0.5,0.54,0.5,1,0.0,0.0,0.5,0,-1.0,0.5,0,0.0,0.0,0,0.2888889
0.41860464,0.925,0.5,0.0,1,0.6666667,0.08,0.5,1,0.0,1.0,0.5,1,0.0,0.33333334,0,0.0,0.0,1,0.2888889
0.37209302,0.125,0.5,1.0,0,0.8333333,0.58,0.5,1,0.0,0.5,0.5,1,1.0,0.33333334,1,0.0,0.5,1,0.15555556
0.44186047,0.5,0.0,0.5,1,0.16666667,0.78,0.5,1,0.0,1.0,1.0,1,0.0,0.5,0,1.0,1.0,1,0.26666668
0.20930232,0.25,1.0,1.0,1,0.8333333,0.98,0.5,1,0.125,0.5,0.5,1,0.0,0.6666667,0,0.0,0.5,0,0.22222222
0.5116279,0.75,1.0,0.5,1,0.5,0.32,0.0,1,0.25,1.0,1.0,1,0.0,0.5,0,0.0,0.0,0,0.35555556
0.4883721,0.725,0.5,1.0,1,0.16666667,0.16,0.5,1,0.5,1.0,1.0,1,0.0,0.33333334,1,0.5,0.0,0,0.35555556
0.39534885,0.15,1.0,0.5,1,0.33333334,0.36,0.0,0,0.125,0.5,1.0,1,1.0,0.5,1,0.0,1.0,1,0.13333334
0.5813953,0.875,0.5,0.5,0,0.0,0.02,0.5,1,0.125,0.0,0.5,1,1.0,0.33333334,0,0.0,0.0,1,0.33333334
0.27906978,0.175,0.5,0.0,1,0.16666667,0.4,0.5,1,0.0,0.0,1.0,0,-1.0,0.33333334,0,0.0,0.0,1,0.11111111
0.60465115,0.8,0.0,0.5,0,1.0,0.92,0.5,1,0.0,0.0,0.5,1,0.0,0.33333334,0,1.0,1.0,1,0.33333334
0.4651163,0.45,0.5,1.0,0,0.33333334,0.2,1.0,1,0.125,0.0,1.0,0,0.0,0.33333334,0,0.5,0.0,0,0.26666668
0.39534885,0.325,0.5,0.5,1,0.6666667,0.48,0.0,0,0.375,0.5,1.0,0,0.0,0.33333334,0,1.0,0.0,1,0.24444444
0.44186047,0.15,0.0,0.0,1,0.5,0.58,0.5,1,0.25,0.5,0.5,0,1.0,0.33333334,0,0.0,0.5,0,0.17777778
0.41860464,0.175,0.5,0.5,0,0.5,0.18,0.0,1,0.375,0.0,1.0,0,1.0,0.5,0,1.0,0.0,0,0.22222222
0.60465115,0.65,1.0,0.5,1,0.6666667,0.34,1.0,1,0.625,1.0,1.0,1,1.0,0.33333334,1,1.0,0.0,0,0.44444445
0.30232558,0.55,1.0,0.5,0,0.0,0.92,0.0,1,0.25,1.0,0.5,0,-1.0,0.6666667,1,0.0,0.0,1,0.24444444
0.3255814,0.125,0.5,0.5,0,0.8333333,0.3,0.5,1,0.125,0.0,0.5,1,0.0,0.33333334,0,0.5,0.0,0,0.13333334
0.5813953,0.125,0.5,0.5,1,0.5,0.64,0.0,1,0.125,0.0,0.5,1,1.0,0.16666667,0,1.0,1.0,1,0.22222222
0.3488372,0.075,0.0,0.5,1,0.33333334,0.14,0.5,1,0.25,0.0,0.0,1,0.0,0.5,0,1.0,0.0,1,0.13333334
0.55813956,0.75,1.0,1.0,1,0.6666667,0.66,0.5,1,0.25,0.5,0.5,1,-1.0,0.5,0,0.5,0.0,1,0.4
0.6744186,0.7,1.0,0.5,1,0.33333334,0.28,0.5,1,0.125,1.0,0.5,1,0.0,0.33333334,0,0.5,0.0,0,0.4
0.39534885,0.05,0.5,0.5,1,0.5,0.24,0.5,1,0.125,0.5,0.5,1,1.0,0.8333333,0,0.5,0.5,1,0.17777778
0.53488374,0.55,0.0,0.5,0,0.5,0.12,0.5,1,0.125,0.5,0.5,1,1.0,0.5,0,1.0,0.5,1,0.26666668
0.27906978,0.075,0.5,1.0,1,0.6666667,0.04,0.5,1,0.25,0.0,0.5,1,1.0,0.6666667,0,0.0,0.0,1,0.15555556
0.55813956,0.9,0.0,0.0,0,0.5,0.96,0.5,1,0.125,0.5,0.5,0,0.0,0.5,0,0.5,0.0,1,0.35555556
0.4651163,0.9,0.5,0.5,1,0.16666667,0.42,0.5,1,0.25,0.0,1.0,1,-1.0,0.6666667,0,0.0,0.5,1,0.33333334
0.5116279,0.7,0.5,0.5,0,0.6666667,0.78,0.5,1,0.0,0.5,1.0,0,1.0,0.8333333,0,0.0,0.0,0,0.33333334
0.3488372,0.925,0.5,0.5,0,0.5,0.92,0.0,0,0.5,0.0,1.0,0,0.0,0.33333334,0,0.0,0.0,0,0.31111112
0.20930232,0.8,0.5,0.5,0,0.0,0.2,1.0,1,0.375,0.0,0.0,1,1.0,0.33333334,0,0.5,0.0,0,0.24444444
0.5116279,0.825,0.0,1.0,1,0.5,0.86,1.0,1,0.125,0.5,1.0,1,-1.0,0.5,0,0.0,0.0,0,0.37777779
0.1627907,0.575,1.0,0.0,1,0.33333334,0.7,0.0,1,0.125,0.0,1.0,1,0.0,0.5,0,0.0,1.0,0,0.17777778
0.39534885,0.3,0.0,0.5,1,0.6666667,0.58,0.5,1,0.125,0.5,1.0,1,1.0,0.6666667,0,0.0,0.5,1,0.22222222
0.5813953,0.225,1.0,1.0,1,0.33333334,0.8,0.5,1,0.375,0.5,0.5,1,1.0,0.5,0,0.5,0.5,0,0.35555556
0.4651163,0.325,0.5,0.5,0,0.16666667,0.12,0.5,1,0.625,1.0,0.5,0,0.0,0.5,0,0.0,0.5,1,0.24444444
0.7209302,0.625,0.5,0.0,1,0.8333333,0.26,0.0,0,0.25,1.0,0.5,1,0.0,0.5,0,0.0,0.5,1,0.31111112
0.5813953,0.175,0.0,0.5,0,0.6666667,0.14,0.5,1,0.0,0.5,0.5,1,-1.0,0.6666667,0,0.5,1.0,0,0.15555556
0.3488372,0.25,1.0,1.0,0,0.5,0.9,1.0,0,0.125,0.5,0.5,1,0.0,0.5,0,0.0,0.0,0,0.24444444
0.44186047,0.475,0.5,0.0,1,0.6666667,0.1,0.0,1,0.375,0.0,0.5,0,1.0,0.6666667,0,0.0,0.0,0,0.24444444
0.44186047,0.225,0.5,0.0,1,0.6666667,0.98,1.0,1,0.125,0.5,1.0,1,-1.0,0.5,1,0.0,0.5,0,0.2
0.23255815,0.6,0.0,0.5,1,0.5,0.1,1.0,1,0.0,0.5,1.0,1,-1.0,0.5,0,0.0,0.0,1,0.17777778
0.30232558,0.925,0.5,0.5,1,0.16666667,0.66,0.5,1,0.0,0.0,0.5,1,1.0,0.33333334,0,0.0,0.0,0,0.2888889
0.37209302,0.75,0.5,0.5,0,0.5,0.66,0.0,1,0.625,0.5,1.0,1,-1.0,0.5,1,0.0,0.0,1,0.2888889
0.1627907,0.675,1.0,1.0,0,0.8333333,0.94,0.0,1,0.25,0.0,0.5,1,1.0,0.5,0,0.0,0.0,1,0.26666668
0.44186047,0.575,1.0,0.0,1,0.6666667,0.32,0.5,1,0.125,1.0,0.5,0,0.0,0.5,1,0.5,0.0,0,0.26666668
0.41860464,0.5,1.0,1.0,1,0.5,0.34,0.5,1,0.25,0.0,1.0,1,0.0,0.33333334,1,1.0,0.0,0,0.2888889
0.20930232,0.175,1.0,0.5,1,0.6666667,0.84,0.5,1,0.125,0.5,1.0,1,-1.0,0.6666667,0,1.0,0.0,1,0.22222222
0.4883721,0.9,0.0,1.0,1,0.5,0.98,1.0,1,0.5,0.0,0.5,1,1.0,0.6666667,0,0.5,0.5,1,0.42222223
0.53488374,0.25,0.5,1.0,1,0.8333333,0.04,1.0,1,0.125,0.0,0.5,1,1.0,0.33333334,0,1.0,0.5,1,0.6666667
0.4651163,0.1,0.5,0.5,0,0.8333333,0.64,0.5,1,0.25,0.0,0.5,1,0.0,0.5,0,0.5,0.5,1,0.2
0.39534885,0.75,0.0,0.5,1,0.16666667,0.24,1.0,1,0.375,0.5,0.5,0,0.0,0.33333334,0,0.0,0.5,0,0.26666668
0.53488374,0.175,1.0,1.0,1,0.8333333,0.72,0.5,1,0.25,0.5,0.5,1,-1.0,0.33333334,0,0.5,0.0,0,0.2888889
0.53488374,0.375,0.0,0.5,1,1.0,0.78,0.0,1,0.0,0.5,1.0,0,1.0,0.5,0,0.5,0.0,0,0.26666668
0.4883721,0.025,1.0,0.5,0,0.6666667,0.76,0.0,1,0.125,0.5,1.0,1,0.0,0.6666667,0,0.0,0.0,0,0.22222222
0.3255814,0.125,1.0,1.0,1,0.6666667,0.44,0.0,1,0.25,0.0,0.5,0,0.0,0.33333334,1,1.0,1.0,1,0.17777778
0.4883721,0.175,0.5,0.5,1,0.33333334,0.16,0.5,1,0.125,0.0,0.5,1,0.0,0.33333334,0,1.0,0.0,1,0.2
0.60465115,0.05,0.0,0.0,1,0.33333334,0.58,0.5,1,0.0,0.0,0.5,0,-1.0,0.5,0,0.5,0.5,1,0.15555556
0.3488372,0.65,0.0,1.0,1,0.5,0.78,0.0,1,0.125,0.5,0.0,1,1.0,0.33333334,0,1.0,0.0,0,0.2888889
0.74418604,0.825,0.5,0.5,1,0.33333334,0.92,1.0,1,0.0,0.0,0.5,0,1.0,0.6666667,0,1.0,1.0,0,0.44444445
0.37209302,0.375,0.5,0.0,0,0.16666667,0.46,1.0,1,0.0,0.0,0.5,0,0.0,0.6666667,0,0.0,0.0,0,0.17777778
0.44186047,0.875,0.5,0.0,1,0.5,0.24,0.0,1,0.25,0.0,0.5,1,0.0,0.6666667,0,0.5,0.5,1,0.2888889
0.3488372,0.225,0.5,0.5,0,0.6666667,0.12,0.0,1,0.25,0.5,0.5,0,0.0,0.5,0,1.0,0.0,1,0.17777778
0.4651163,0.325,1.0,1.0,0,0.16666667,0.8,0.5,1,0.0,0.5,0.5,1,0.0,0.33333334,0,0.5,0.0,0,0.2888889
0.20930232,0.15,0.5,1.0,0,0.5,0.54,0.5,1,0.0,0.5,1.0,1,1.0,0.33333334,0,0.0,0.0,1,0.15555556
0.37209302,0.625,0.0,0.5,1,0.5,0.68,0.5,1,0.375,0.5,0.5,1,1.0,0.33333334,0,0.5,1.0,0,0.26666668
0.27906978,0.425,1.0,1.0,0,0.5,0.16,0.5,1,0.25,0.0,0.5,1,1.0,0.5,0,0.0,0.0,1,0.24444444
0.4651163,0.625,0.5,0.5,0,0.6666667,0.0,0.0,1,0.125,0.5,1.0,0,0.0,0.33333334,0,0.0,1.0,1,0.22222222
0.5813953,0.75,0.5,0.5,1,0.6666667,0.96,0.5,1,0.0,0.0,0.0,0,-1.0,0.5,1,1.0,0.5,0,0.31111112
0.53488374,0.55,1.0,0.5,0,0.33333334,0.82,0.5,1,0.25,1.0,0.5,1,1.0,0.16666667,0,0.0,0.0,1,0.33333334
0.11627907,0.625,1.0,0.5,1,0.8333333,0.4,1.0,1,0.0,0.0,0.5,1,1.0,0.5,1,1.0,0.0,0,0.2
0.7209302,0.925,1.0,0.5,1,0.6666667,0.46,0.5,1,0.0,1.0,0.5,1,-1.0,0.5,0,0.5,0.0,0,0.44444445
0.4883721,0.3,0.0,0.0,1,0.8333333,0.92,1.0,1,0.125,0.0,0.5,0,1.0,0.5,0,0.5,0.0,1,0.24444444
0.3255814,0.35,0.5,0.0,0,0.5,0.2,0.0,1,0.25,0.5,0.5,1,1.0,0.5,0,0.0,1.0,0,0.15555556
0.4651163,0.725,0.0,0.5,0,0.5,0.8,0.0,1,0.5,1.0,0.5,1,0.0,0.8333333,0,1.0,1.0,1,0.33333334
0.4651163,0.6,1.0,1.0,0,0.5,0.02,0.5,1,0.0,0.5,0.5,1,1.0,0.5,0,0.0,0.5,1,0.2888889
0.3488372,0.175,0.5,1.0,1,0.8333333,0.88,1.0,1,0.125,0.5,0.5,0,0.0,0.33333334,0,1.0,0.0,0,0.24444444
0.4651163,0.375,0.0,1.0,1,0.5,0.58,0.5,1,0.0,0.0,0.5,1,0.0,0.33333334,0,0.0,0.0,1,0.22222222
0.3488372,0.475,1.0,0.5,1,0.5,0.48,1.0,1,0.375,0.5,0.5,0,1.0,0.33333334,0,1.0,1.0,1,0.2888889
0.39534885,0.425,1.0,0.5,0,1.0,0.7,0.0,1,0.25,0.5,0.5,1,1.0,0.5,0,1.0,0.0,0,0.2888889
0.3488372,0.175,0.5,0.5,1,0.16666667,0.06,0.0,1,0.25,0.5,0.5,0,1.0,0.5,0,0.0,0.5,1,0.15555556
0.23255815,0.925,0.0,0.5,1,0.6666667,0.2,0.0,1,0.25,0.0,0.5,1,1.0,0.5,0,0.5,0.0,0,0.24444444
0.4651163,0.75,0.5,0.0,0,0.5,0.4,0.5,1,0.25,0.0,0.5,1,-1.0,0.33333334,0,1.0,0.0,0,0.2888889
0.53488374,0.475,1.0,0.5,0,0.5,0.62,1.0,1,0.0,1.0,0.5,1,1.0,0.33333334,0,0.0,0.5,1,0.31111112
0.5116279,0.675,0.5,0.0,0,0.33333334,0.14,0.5,1,0.25,1.0,0.5,1,1.0,0.5,1,0.0,0.0,1,0.26666668
0.55813956,0.9,0.0,1.0,1,0.33333334,0.38,0.0,1,0.375,1.0,0.5,1,1.0,0.33333334,0,1.0,0.0,1,0.42222223
0.4883721,0.125,0.0,0.5,0,0.33333334,0.26,0.5,0,0.25,0.5,0.5,1,0.0,0.5,0,0.0,1.0,1,0.13333334
0.37209302,0.25,1.0,0.5,0,0.6666667,0.64,0.0,1,0.25,1.0,1.0,1,-1.0,0.33333334,1,0.0,0.5,0,0.2
0.55813956,0.55,0.5,0.5,0,0.6666667,0.92,0.5,1,0.125,0.0,0.5,0,1.0,0.33333334,0,0.0,0.5,0,0.31111112
0.25581396,0.8,1.0,0.5,0,0.0,0.16,0.0,1,0.25,0.5,0.5,1,1.0,0.33333334,1,0.5,0.5,1,0.24444444
0.3255814,0.025,0.5,0.5,0,0.16666667,0.18,1.0,1,0.0,0.0,1.0,1,0.0,0.6666667,0,0.0,0.0,0,0.13333334
0.30232558,0.975,0.5,0.5,1,0.6666667,0.6,1.0,1,0.375,0.5,0.0,0,0.0,0.6666667,0,0.5,0.0,0,0.35555556
0.5813953,0.45,1.0,1.0,1,0.6666667,0.46,0.5,0,0.25,0.0,0.5,0,1.0,0.6666667,0,0.5,0.0,0,0.35555556
0.5813953,0.35,0.5,0.5,0,0.16666667,0.72,0.0,1,0.25,0.0,1.0,1,1.0,0.6666667,0,0.5,0.0,0,0.31111112
0.5116279,0.3,0.5,0.5,1,0.6666667,0.28,0.0,1,0.125,0.0,0.5,1,0.0,0.6666667,0,1.0,0.0,0,0.24444444
0.5813953,0.175,0.0,0.5,1,0.5,0.54,0.0,1,0.25,0.0,1.0,0,0.0,0.5,1,0.0,0.5,1,0.2
0.3255814,0.8,0.0,0.5,0,0.6666667,0.38,0.5,1,0.125,1.0,0.5,0,0.0,0.6666667,0,1.0,0.0,1,0.2888889
0.4883721,0.95,1.0,0.5,1,0.33333334,0.28,0.0,1,0.0,0.5,1.0,1,1.0,0.5,0,0.0,0.5,0,0.35555556
0.41860464,0.425,1.0,0.5,1,0.16666667,0.72,1.0,1,0.0,0.5,0.0,1,-1.0,0.6666667,1,0.0,0.0,1,0.24444444
0.55813956,0.95,0.5,0.5,1,0.5,0.8,1.0,1,0.125,1.0,0.0,1,0.0,0.6666667,0,1.0,0.0,1,0.8666667
0.41860464,0.825,0.0,1.0,1,0.5,0.32,0.0,1,0.125,0.5,0.5,0,0.0,0.5,0,0.0,0.0,0,0.2888889
0.39534885,0.475,0.5,0.5,0,0.5,0.62,0.5,0,0.125,0.5,1.0,0,1.0,0.6666667,0,0.5,0.5,0,0.24444444
0.5116279,0.675,1.0,0.0,0,0.33333334,0.18,0.5,1,0.5,0.5,1.0,1,0.0,0.33333334,0,0.0,0.0,1,0.33333334
0.55813956,0.425,0.5,0.5,0,1.0,0.8,0.5,1,0.125,0.0,0.5,1,0.0,0.5,0,0.0,0.0,1,0.2888889
0.3488372,0.55,1.0,0.0,0,0.0,0.28,0.0,1,0.125,0.5,0.5,0,0.0,0.33333334,0,1.0,0.5,1,0.22222222
0.44186047,0.05,0.5,0.5,1,0.33333334,0.18,0.0,1,0.375,0.5,0.5,1,1.0,0.6666667,0,0.0,0.0,1,0.2
0.30232558,0.7,1.0,0.5,1,0.33333334,0.94,0.5,1,0.0,0.0,0.5,1,1.0,0.5,0,0.5,0.0,1,0.31111112
0.093023255,0.05,1.0,1.0,0,0.5,0.42,0.0,1,0.125,0.0,0.5,0,1.0,0.6666667,0,0.5,1.0,1,0.08888889
0.4651163,0.825,0.0,0.5,0,0.6666667,0.64,0.5,1,0.25,0.5,1.0,0,0.0,0.6666667,0,0.5,0.0,1,0.33333334
0.53488374,0.825,1.0,0.0,1,0.6666667,0.8,1.0,1,0.0,1.0,0.5,0,-1.0,0.33333334,0,0.5,0.0,1,0.37777779
0.4883721,0.225,0.0,0.5,0,0.8333333,0.68,0.5,1,0.0,0.5,0.5,1,0.0,0.5,0,0.5,0.5,1,0.2
0.1627907,0.325,0.5,1.0,0,0.6666667,0.56,1.0,1,0.0,0.5,1.0,0,-1.0,0.5,0,0.0,0.0,1,0.17777778
0.39534885,0.475,0.5,0.5,1,0.0,0.38,0.5,1,0.25,1.0,0.0,0,1.0,0.5,0,0.5,0.0,1,0.26666668
0.13953489,0.6,0.5,0.5,1,0.16666667,0.92,0.5,0,0.125,0.0,0.0,1,1.0,0.5,1,0.0,0.0,1,0.15555556
0.627907,0.275,0.5,0.5,1,0.8333333,0.14,1.0,1,0.125,0.0,1.0,1,0.0,0.6666667,0,1.0,0.0,0,0.31111112
0.27906978,0.6,0.5,0.5,1,0.8333333,0.88,0.5,1,0.375,0.5,0.5,1,-1.0,0.33333334,1,0.0,0.0,1,0.24444444
0.627907,0.3,0.0,0.0,0,0.6666667,0.7,1.0,1,0.5,0.0,0.5,0,-1.0,0.33333334,0,0.0,0.0,0,0.24444444
0.5813953,0.05,0.0,0.5,0,0.33333334,0.58,0.5,1,0.125,0.0,0.5,1,1.0,0.5,1,0.5,0.0,0,0.17777778
0.3255814,0.0,0.5,0.5,0,0.5,0.32,1.0,1,0.25,1.0,0.5,1,0.0,0.6666667,0,0.0,0.0,1,0.15555556
0.27906978,0.1,0.5,1.0,0,0.33333334,0.14,0.0,1,0.125,0.0,0.0,1,0.0,0.5,1,0.0,0.5,0,0.06666667
0.4883721,0.8,0.5,0.0,0,0.16666667,0.44,0.0,1,0.0,0.5,0.5,0,-1.0,0.6666667,0,0.5,0.5,1,0.26666668
0.3255814,0.95,0.5,0.5,1,0.5,0.78,0.0,0,0.25,0.0,0.0,1,0.0,0.5,0,0.5,0.5,1,0.2888889
0.4651163,0.425,1.0,0.5,0,1.0,0.74,0.0,1,0.125,0.0,0.5,1,0.0,0.5,0,0.5,0.0,1,0.26666668
0.37209302,0.525,0.5,0.5,0,0.33333334,0.64,0.5,1,0.375,0.0,0.5,0,0.0,0.6666667,0,0.5,0.0,1,0.26666668
0.18604651,0.15,0.0,0.5,0,0.8333333,1.0,0.0,1,0.375,0.5,0.5,1,0.0,0.5,0,0.5,0.0,1,0.15555556
0.13953489,0.55,0.5,1.0,1,0.33333334,0.98,0.5,1,0.25,0.5,1.0,1,-1.0,0.33333334,0,1.0,0.5,1,0.24444444
0.4651163,0.15,0.5,0.5,1,0.16666667,0.4,0.5,1,0.125,0.0,1.0,0,1.0,0.8333333,0,0.0,0.0,0,0.22222222
0.37209302,0.6,0.5,1.0,1,0.6666667,0.2,0.5,1,0.0,0.0,0.0,0,1.0,0.8333333,0,0.5,0.0,0,0.26666668
0.37209302,0.925,0.5,0.0,0,0.5,0.46,1.0,0,0.125,0.5,1.0,0,0.0,0.6666667,0,0.5,0.0,1,0.31111112
0.53488374,0.2,0.5,1.0,1,0.8333333,0.84,0.0,1,0.125,0.0,1.0,1,1.0,0.33333334,0,0.0,0.0,1,0.26666668
0.60465115,0.775,0.0,0.5,1,0.8333333,0.46,0.0,1,0.0,0.0,0.5,0,0.0,0.5,0,0.5,0.0,1,0.31111112
0.39534885,0.025,0.5,0.0,0,0.5,0.34,0.0,1,0.25,1.0,0.5,1,1.0,0.6666667,0,0.0,0.0,1,0.15555556
0.39534885,0.375,0.5,0.5,1,0.8333333,0.74,0.0,1,0.375,0.0,0.5,1,-1.0,0.5,0,1.0,0.0,0,0.26666668
0.5116279,0.1,0.5,0.0,1,0.33333334,0.66,0.5,1,0.0,0.5,0.5,1,0.0,0.5,0,0.0,0.5,1,0.17777778
0.25581396,0.35,0.5,0.5,0,0.33333334,0.96,1.0,1,0.25,0.0,0.5,1,0.0,0.5,0,0.5,0.0,1,0.22222222
0.4651163,0.175,0.5,0.5,1,0.8333333,0.54,0.5,1,0.375,1.0,0.0,1,0.0,0.5,0,0.5,0.5,0,0.24444444
0.5116279,0.375,0.5,1.0,1,0.16666667,0.96,0.5,1,0.375,0.5,1.0,1,1.0,0.16666667,0,0.5,0.0,0,0.35555556
0.53488374,0.425,0.0,1.0,1,0.5,0.3,1.0,1,0.125,0.5,1.0,0,1.0,0.6666667,0,1.0,0.0,1,0.33333334
0.1627907,0.3,1.0,1.0,1,0.8333333,0.86,1.0,1,0.5,0.5,0.5,1,1.0,0.6666667,0,0.0,0.0,1,0.2888889
0.3255814,0.65,1.0,0.5,1,0.8333333,0.36,1.0,1,0.0,0.5,0.0,1,0.0,0.5,0,0.0,0.0,1,0.26666668
0.3255814,0.925,0.5,1.0,0,0.33333334,0.8,1.0,1,0.25,1.0,1.0,0,0.0,0.0,0,0.0,0.0,1,0.35555556
0.4651163,0.4,0.0,0.5,1,0.8333333,0.92,0.5,1,0.125,0.0,0.0,1,-1.0,0.8333333,0,0.0,0.0,1,0.22222222
0.5116279,0.2,0.0,0.5,1,0.16666667,0.62,0.0,1,0.125,0.0,0.0,1,0.0,0.33333334,0,1.0,0.0,1,0.2
0.6511628,0.275,0.5,0.5,1,0.33333334,0.72,0.5,1,0.125,0.0,0.5,1,1.0,0.33333334,0,0.5,0.0,0,0.31111112
0.37209302,0.85,0.5,0.0,1,0.5,0.96,0.0,1,0.125,0.5,1.0,1,-1.0,0.33333334,0,0.0,0.0,1,0.2888889
0.37209302,0.575,0.5,0.0,1,0.6666667,0.38,0.0,1,0.5,0.0,1.0,1,0.0,0.5,0,0.5,0.0,1,0.26666668
0.60465115,0.45,0.5,0.5,1,0.16666667,0.52,1.0,1,0.125,0.5,0.5,0,1.0,0.6666667,0,1.0,0.0,1,0.35555556
0.4883721,0.15,0.5,0.0,1,1.0,0.9,0.5,1,0.125,0.5,0.5,0,-1.0,0.5,0,0.0,0.0,1,0.2
0.627907,0.45,0.5,1.0,1,0.0,0.68,0.5,1,0.25,0.0,0.0,1,-1.0,0.5,0,0.5,1.0,0,0.31111112
0.4883721,0.275,0.5,1.0,1,0.5,0.88,0.5,1,0.125,0.5,0.5,1,0.0,0.6666667,0,0.0,0.0,1,0.2888889
0.27906978,0.95,1.0,0.0,1,0.5,0.62,0.5,1,0.125,0.5,0.0,0,-1.0,0.5,0,1.0,0.0,1,0.31111112
0.25581396,0.875,0.5,0.5,0,0.0,0.74,0.5,1,0.0,0.0,0.5,1,1.0,0.5,0,0.0,0.5,1,0.26666668
0.23255815,0.075,0.5,1.0,1,0.8333333,0.02,1.0,1,0.0,0.0,0.0,1,-1.0,0.5,1,0.5,0.5,1,0.06666667
0.53488374,0.525,0.0,0.5,1,0.33333334,0.34,1.0,1,0.0,0.5,1.0,1,-1.0,0.33333334,0,0.0,1.0,1,0.24444444
0.60465115,0.225,0.5,1.0,1,0.5,0.78,0.0,1,0.25,1.0,1.0,0,0.0,0.16666667,0,0.0,0.5,1,0.31111112
0.6976744,0.4,0.5,1.0,1,0.5,0.4,0.0,1,0.375,0.0,0.5,1,0.0,0.5,0,0.5,0.5,1,0.33333334
0.55813956,0.875,0.5,0.0,1,0.16666667,0.36,0.5,1,0.125,0.5,1.0,1,1.0,0.5,0,0.0,1.0,1,0.33333334
0.60465115,0.525,0.5,0.0,1,0.16666667,0.96,0.5,1,0.0,1.0,0.5,1,1.0,0.5,0,0.0,0.0,1,0.33333334
0.37209302,0.325,1.0,1.0,0,0.8333333,0.56,0.5,1,0.0,0.0,1.0,1,-1.0,0.5,0,1.0,0.5,0,0.24444444
0.27906978,0.2,0.0,1.0,0,0.5,0.2,0.5,1,0.125,0.5,0.0,0,1.0,0.5,0,0.5,0.5,0,0.13333334
0.55813956,0.8,0.5,0.5,1,0.0,0.48,0.5,1,0.375,0.0,1.0,1,1.0,0.33333334,1,0.0,0.5,0,0.35555556
0.5116279,0.625,1.0,0.0,1,0.5,0.52,1.0,1,0.25,0.0,0.5,1,0.0,0.5,0,0.5,0.0,0,0.31111112
0.4651163,0.475,0.5,0.5,1,0.5,0.98,0.5,1,0.25,0.0,0.5,1,1.0,0.33333334,0,1.0,0.0,1,0.31111112
0.4883721,0.225,1.0,0.5,0,0.5,0.72,0.0,1,0.0,0.5,0.5,1,0.0,0.16666667,0,0.0,0.0,0,0.22222222
0.4883721,0.325,1.0,1.0,1,0.0,0.52,1.0,1,0.375,0.5,0.5,1,-1.0,0.6666667,0,0.5,1.0,1,0.31111112
0.627907,0.95,0.5,1.0,1,0.5,0.44,0.5,1,0.125,0.0,1.0,0,1.0,0.33333334,0,0.5,0.0,1,0.42222223
0.627907,0.525,0.5,0.5,1,0.33333334,0.92,1.0,1,0.25,0.0,0.5,0,1.0,0.8333333,0,0.0,0.5,1,0.35555556
0.5116279,0.4,1.0,0.5,0,0.5,0.64,1.0,1,0.0,0.5,1.0,0,0.0,0.16666667,0,0.5,0.0,1,0.2888889
0.55813956,0.525,1.0,1.0,1,0.6666667,0.36,0.0,1,0.0,0.0,1.0,1,0.0,0.5,0,0.5,0.5,0,0.31111112
0.5116279,0.775,0.0,0.5,1,0.6666667,0.46,0.5,0,0.375,0.5,0.5,1,-1.0,0.8333333,0,0.0,1.0,1,0.2888889
0.37209302,0.35,0.5,0.0,0,0.8333333,0.28,0.5,1,0.25,0.5,0.5,1,0.0,0.5,0,0.0,0.0,1,0.17777778
0.55813956,0.175,0.5,0.5,1,1.0,0.96,1.0,1,0.0,1.0,0.5,1,1.0,0.33333334,0,0.0,0.0,1,0.2888889
0.25581396,0.575,1.0,0.5,1,0.16666667,0.7,0.5,1,0.25,0.0,1.0,0,-1.0,0.33333334,0,0.5,0.0,1,0.26666668
0.5813953,0.675,0.5,1.0,0,0.33333334,0.4,0.0,1,0.375,0.5,0.5,1,0.0,0.5,0,0.5,0.5,1,0.35555556
0.27906978,0.725,1.0,1.0,0,0.6666667,0.18,0.0,1,0.0,0.0,1.0,1,0.0,0.33333334,0,1.0,0.5,1,0.24444444
0.4883721,0.875,1.0,0.5,0,0.5,0.18,0.5,1,0.25,0.0,0.5,1,-1.0,0.5,1,0.0,0.0,1,0.31111112
0.3255814,0.375,1.0,0.5,1,0.0,0.48,0.5,1,0.375,0.5,1.0,1,1.0,0.6666667,0,0.5,0.0,0,0.2888889
0.5116279,0.075,0.5,0.5,0,0.5,0.46,0.0,1,0.125,0.0,0.5,1,0.0,0.5,0,0.5,0.5,1,0.17777778
0.44186047,0.95,0.5,0.5,0,0.8333333,0.42,0.5,1,0.0,0.0,0.5,1,-1.0,0.6666667,0,0.5,0.5,1,0.31111112
0.20930232,0.425,0.0,1.0,1,0.16666667,0.86,0.5,1,0.375,0.0,0.5,1,1.0,0.5,0,0.5,0.0,0,0.24444444
0.5116279,0.625,0.5,0.5,1,0.5,0.98,1.0,1,0.125,0.0,1.0,1,0.0,0.8333333,0,0.5,0.0,0,0.35555556
0.37209302,0.675,0.5,1.0,0,0.0,0.36,0.5,1,0.25,0.0,0.0,1,1.0,0.6666667,0,1.0,0.5,1,0.2888889
0.55813956,0.55,0.5,0.5,1,0.6666667,0.3,0.5,1,0.0,1.0,0.5,0,0.0,0.6666667,0,0.0,0.0,1,0.31111112
0.44186047,0.2,0.5,0.5,1,0.5,0.78,0.5,1,0.0,0.5,1.0,0,1.0,0.5,0,0.0,1.0,0,0.22222222
0.4883721,0.75,0.5,0.0,1,0.33333334,0.44,0.5,1,0.0,0.0,0.5,1,0.0,0.6666667,0,0.5,0.0,1,0.2888889
0.30232558,0.8,1.0,0.5,1,0.33333334,0.22,1.0,1,0.0,0.0,0.5,0,0.0,0.33333334,0,0.5,0.5,1,0.26666668
0.3488372,0.55,0.5,0.5,0,0.16666667,0.18,0.5,1,0.125,0.5,0.5,1,1.0,0.5,0,0.0,0.0,1,0.22222222
0.37209302,0.5,0.0,0.5,1,0.8333333,0.28,0.5,1,0.125,0.0,0.5,0,1.0,0.6666667,0,1.0,1.0,0,0.22222222
0.55813956,0.125,0.5,0.0,1,0.33333334,0.0,0.5,1,0.25,0.0,0.5,1,1.0,0.33333334,0,0.5,0.0,0,0.2
0.6744186,0.075,1.0,1.0,0,0.6666667,0.94,0.5,1,0.125,0.0,1.0,1,0.0,0.5,0,0.0,0.0,0,0.31111112
0.3255814,0.35,1.0,0.0,0,0.33333334,0.44,0.0,1,0.25,0.0,0.5,1,1.0,0.5,0,0.0,0.0,1,0.2
0.5813953,0.3,0.5,0.5,0,1.0,0.08,0.5,0,0.25,1.0,1.0,1,0.0,0.33333334,0,0.5,0.5,1,0.24444444
0.13953489,0.95,0.5,0.0,1,0.8333333,0.16,0.5,1,0.25,0.5,0.5,0,0.0,0.8333333,1,0.5,0.0,1,0.22222222
0.27906978,0.775,1.0,0.5,1,1.0,0.32,0.5,1,0.25,0.5,0.5,1,1.0,0.6666667,0,0.0,0.0,0,0.31111112
0.30232558,0.65,0.0,0.5,1,1.0,0.56,0.5,1,0.375,0.5,1.0,0,-1.0,0.6666667,1,0.0,0.0,0,0.24444444
0.25581396,0.525,0.5,0.5,1,0.33333334,0.7,1.0,1,0.0,0.0,0.5,0,1.0,0.33333334,1,0.0,0.0,1,0.2
0.20930232,0.175,0.5,0.5,1,0.33333334,0.3,0.5,1,0.125,0.5,1.0,1,-1.0,0.6666667,0,0.0,0.0,0,0.13333334
0.4883721,0.975,0.5,0.5,0,1.0,0.96,0.0,1,0.125,0.5,0.5,0,0.0,0.16666667,0,0.5,0.0,1,0.37777779
0.41860464,0.375,0.5,0.5,1,0.5,0.76,0.0,1,0.125,0.5,0.5,0,1.0,0.5,0,1.0,0.5,1,0.26666668
0.4883721,0.1,0.0,0.5,1,0.6666667,0.82,0.0,1,0.0,0.0,0.5,1,0.0,0.6666667,0,0.5,0.5,0,0.17777778
0.53488374,0.5,0.5,1.0,0,0.33333334,0.32,1.0,1,0.125,0.5,0.5,1,0.0,0.5,0,0.5,0.5,1,0.31111112
0.4883721,0.875,0.0,1.0,1,0.33333334,0.38,1.0,1,0.375,0.5,0.5,1,0.0,0.33333334,1,1.0,1.0,1,0.33333334
0.53488374,0.875,0.5,1.0,1,0.6666667,0.54,0.0,1,0.125,0.0,0.5,1,1.0,0.5,1,0.0,0.0,1,0.35555556
0.44186047,0.0,0.5,0.0,1,0.0,0.46,0.5,1,0.0,0.0,0.0,1,0.0,0.16666667,0,1.0,0.5,0,0.11111111
0.27906978,0.875,0.5,1.0,1,0.6666667,0.26,0.5,1,0.375,0.5,0.5,0,0.0,0.33333334,0,1.0,0.0,0,0.33333334
0.5813953,0.275,0.0,1.0,0,0.6666667,1.0,0.0,1,0.125,0.0,1.0,0,1.0,0.6666667,0,0.5,0.0,0,0.31111112
0.3488372,0.05,0.5,1.0,0,0.33333334,0.84,0.5,0,0.0,0.5,0.5,0,1.0,0.6666667,0,0.0,0.0,0,0.17777778
0.30232558,0.85,0.5,0.5,1,0.5,0.24,1.0,1,0.25,0.5,1.0,0,-1.0,0.16666667,0,1.0,0.0,1,0.31111112
0.41860464,0.875,0.5,0.5,1,0.5,0.9,1.0,1,0.0,0.5,1.0,0,-1.0,0.33333334,0,0.5,0.0,1,0.35555556
0.3255814,0.6,0.5,1.0,1,0.5,0.58,0.5,1,0.125,0.5,1.0,1,0.0,0.6666667,0,0.0,0.0,0,0.2888889
0.37209302,0.575,0.5,1.0,0,0.6666667,0.02,0.0,1,0.0,0.0,0.5,1,-1.0,0.6666667,0,0.0,0.5,1,0.2
0.4883721,0.825,0.0,0.5,0,0.33333334,0.34,0.5,1,0.0,0.5,0.5,1,0.0,0.5,0,0.5,0.0,0,0.2888889
0.4883721,0.775,0.0,0.5,1,1.0,0.02,1.0,1,0.25,1.0,0.5,1,0.0,0.5,0,0.0,0.0,0,0.31111112
0.3255814,0.9,0.5,0.0,0,0.5,0.08,0.0,1,0.0,0.0,0.5,1,0.0,0.5,0,0.5,0.0,0,0.22222222
0.37209302,0.55,0.5,0.5,1,0.5,0.18,0.5,1,0.375,0.5,0.5,1,1.0,0.6666667,0,0.5,0.0,1,0.2888889
0.5813953,0.975,0.5,1.0,1,1.0,0.48,0.5,1,0.125,0.5,0.5,0,0.0,0.33333334,0,0.5,0.0,1,0.42222223
0.5116279,1.0,1.0,0.0,1,0.0,0.38,0.0,1,0.0,0.0,1.0,1,1.0,0.6666667,0,1.0,0.0,0,0.37777779
0.7209302,0.125,1.0,0.5,0,1.0,0.14,0.5,1,0.125,1.0,0.5,0,-1.0,0.33333334,0,0.0,0.0,0,0.26666668
0.60465115,0.85,1.0,1.0,1,0.5,0.4,0.0,1,0.125,0.5,1.0,1,0.0,0.33333334,0,0.0,0.5,0,0.4
0.60465115,0.5,0.5,0.5,0,0.33333334,0.3,1.0,0,0.125,1.0,0.5,0,0.0,0.6666667,0,0.5,0.5,1,0.2888889
0.25581396,0.4,0.5,0.0,1,0.16666667,0.42,0.0,1,0.0,0.5,0.5,1,-1.0,0.6666667,0,0.0,0.0,1,0.13333334
0.55813956,0.625,1.0,1.0,0,0.16666667,0.18,0.5,1,0.375,0.0,0.5,1,0.0,0.6666667,0,0.0,0.0,0,0.33333334
0.44186047,0.05,0.5,0.0,1,0.33333334,0.6,1.0,0,0.125,0.5,1.0,1,0.0,0.5,0,0.5,0.5,0,0.15555556
0.37209302,0.5,0.5,0.5,1,0.5,0.04,1.0,1,0.25,0.5,0.5,0,0.0,0.5,0,1.0,0.0,0,0.26666668
0.4651163,0.875,0.0,1.0,1,0.6666667,0.38,0.5,0,0.0,0.0,1.0,1,-1.0,0.5,0,1.0,0.0,1,0.31111112
0.5813953,0.225,1.0,1.0,0,0.5,0.9,0.0,0,0.0,0.5,0.5,1,-1.0,0.5,0,1.0,0.0,0,0.84444445
0.5116279,0.425,0.5,1.0,0,0.33333334,0.42,0.0,1,0.375,0.5,0.0,0,1.0,0.6666667,0,0.0,0.5,1,0.2888889
0.3255814,0.95,0.5,0.5,1,0.8333333,0.44,0.5,1,0.125,0.0,1.0,1,0.0,0.33333334,0,0.5,0.0,0,0.31111112
0.53488374,0.425,0.5,0.5,1,1.0,0.06,1.0,1,0.25,1.0,0.5,1,0.0,0.6666667,0,0.5,0.5,1,0.2888889
0.3488372,0.35,0.5,1.0,0,0.8333333,0.6,0.0,1,0.0,0.5,0.5,1,-1.0,0.8333333,0,0.0,0.0,1,0.2
0.4651163,0.45,1.0,0.5,1,0.33333334,0.94,0.5,1,0.0,0.5,0.5,1,1.0,0.33333334,0,0.0,0.0,0,0.31111112
0.39534885,0.525,0.5,0.5,0,0.6666667,0.3,0.0,1,0.25,0.0,0.5,1,0.0,0.6666667,0,1.0,0.0,1,0.24444444
0.41860464,0.625,0.5,0.5,0,0.6666667,0.4,0.0,1,0.5,1.0,0.5,1,0.0,0.5,0,0.0,0.5,1,0.2888889
0.55813956,0.8,0.5,0.5,1,0.8333333,0.58,0.5,1,0.375,0.5,1.0,1,-1.0,0.6666667,0,0.5,0.5,1,0.37777779
0.30232558,0.45,1.0,0.5,0,0.33333334,0.1,0.0,1,0.25,0.0,0.5,0,0.0,0.33333334,0,0.0,0.0,0,0.17777778
0.7209302,0.825,1.0,0.5,0,0.33333334,0.96,0.5,1,0.0,0.5,0.5,1,0.0,0.6666667,1,0.0,0.0,1,0.4
0.18604651,0.525,1.0,0.5,1,0.8333333,0.46,0.5,1,0.125,0.5,0.5,1,-1.0,0.16666667,0,1.0,0.0,1,0.22222222
0.3488372,0.35,1.0,1.0,1,0.6666667,0.12,0.0,1,0.125,0.0,0.5,0,1.0,0.33333334,0,0.0,0.0,0,0.22222222
0.4883721,0.65,0.0,0.5,1,0.16666667,0.34,0.5,1,0.0,1.0,0.5,1,1.0,0.33333334,0,0.5,0.0,1,0.2888889
0.53488374,0.725,1.0,0.5,0,0.6666667,0.38,0.0,0,0.375,1.0,0.5,1,0.0,0.33333334,0,0.5,0.0,1,0.33333334
0.41860464,0.55,0.5,0.5,0,1.0,0.34,0.5,1,0.0,0.0,0.0,1,1.0,0.33333334,0,1.0,1.0,1,0.22222222
0.44186047,0.05,1.0,0.5,1,0.33333334,0.7,0.5,1,0.25,0.5,0.5,1,0.0,0.5,0,0.5,0.0,0,0.24444444
0.4883721,0.175,0.5,1.0,1,0.33333334,0.34,1.0,1,0.125,0.0,0.5,0,0.0,0.16666667,0,0.5,0.0,1,0.24444444
0.41860464,0.275,0.5,1.0,1,0.5,0.32,0.0,1,0.25,0.0,0.5,1,0.0,0.5,0,0.0,0.0,0,0.22222222
0.627907,0.275,0.5,1.0,0,0.6666667,0.32,0.5,1,0.25,0.0,0.5,0,1.0,0.5,0,0.5,0.0,1,0.31111112
0.55813956,0.675,0.0,1.0,1,0.5,0.78,0.5,1,0.125,0.0,0.5,1,0.0,0.6666667,1,0.0,0.0,0,0.31111112
0.55813956,0.025,0.5,1.0,0,0.8333333,0.3,0.5,1,0.25,0.5,0.5,0,0.0,0.6666667,1,0.0,0.5,0,0.2
0.30232558,0.75,0.5,0.5,1,0.5,0.02,0.5,1,0.125,0.5,0.5,1,1.0,0.6666667,1,0.0,0.0,0,0.24444444
0.44186047,0.275,0.0,0.5,1,0.8333333,0.36,0.5,1,0.125,0.0,0.5,0,1.0,0.5,0,0.0,1.0,1,0.17777778
0.39534885,0.3,1.0,0.5,1,0.33333334,0.28,0.5,1,0.5,0.0,0.5,1,1.0,0.5,0,1.0,0.0,0,0.2888889
0.30232558,0.525,1.0,0.5,1,0.16666667,0.9,0.0,1,0.25,0.0,1.0,1,1.0,0.5,0,0.0,0.0,1,0.2888889
0.4883721,0.225,1.0,0.5,0,0.33333334,0.48,1.0,1,0.125,0.5,0.0,1,-1.0,0.5,1,0.5,0.0,0,0.22222222
0.37209302,0.875,1.0,0.5,0,0.16666667,0.24,1.0,1,0.125,0.5,0.5,0,1.0,0.5,0,0.0,0.5,1,0.31111112
0.53488374,0.075,0.5,0.5,0,0.6666667,0.98,0.0,1,0.25,0.0,1.0,1,0.0,0.16666667,0,1.0,0.0,0,0.24444444
0.30232558,0.45,0.5,0.5,0,0.0,0.24,0.5,1,0.125,0.0,0.5,1,0.0,0.6666667,0,0.5,0.0,1,0.17777778
0.6744186,0.85,0.0,0.5,1,0.33333334,0.76,0.0,1,0.25,0.0,0.5,0,0.0,0.5,1,0.5,0.0,0,0.37777779
0.3255814,0.625,1.0,0.5,0,0.5,0.64,1.0,1,0.25,0.5,0.5,1,-1.0,0.6666667,0,0.0,1.0,1,0.26666668
0.4651163,0.3,1.0,1.0,0,0.16666667,0.46,0.5,1,0.125,0.5,0.5,1,0.0,0.5,0,0.0,0.0,1,0.26666668
0.55813956,0.425,1.0,0.5,1,0.5,0.4,0.5,1,0.0,0.5,0.5,1,0.0,0.8333333,0,0.0,0.0,1,0.2888889
0.37209302,0.7,1.0,1.0,1,0.5,0.88,0.5,0,0.25,0.5,1.0,1,1.0,0.5,0,0.0,0.0,1,0.35555556
0.55813956,0.975,0.5,1.0,0,0.8333333,0.48,0.5,1,0.125,0.5,1.0,0,-1.0,0.5,0,0.0,0.0,1,0.4
0.27906978,0.9,0.5,0.5,0,0.16666667,0.38,0.5,1,0.25,0.5,0.0,1,1.0,0.5,0,0.0,0.0,1,0.2888889
0.6511628,0.35,1.0,0.5,0,0.6666667,0.36,0.5,1,0.0,0.5,1.0,1,1.0,0.6666667,0,0.0,0.0,0,0.31111112
0.44186047,1.0,0.5,0.5,1,0.6666667,0.28,0.5,1,0.0,0.0,0.5,1,0.0,0.33333334,0,0.0,0.5,1,0.31111112
0.3488372,0.0,0.5,1.0,0,0.5,0.4,0.0,1,0.375,1.0,1.0,0,-1.0,0.6666667,0,0.0,0.0,0,0.17777778
0.39534885,0.025,0.5,0.5,1,0.33333334,0.12,0.5,1,0.375,0.0,0.5,1,0.0,0.5,0,0.0,0.5,1,0.15555556
0.55813956,0.825,0.5,0.5,1,0.16666667,0.06,0.5,1,0.0,1.0,0.5,0,0.0,0.8333333,0,0.5,0.5,0,0.33333334
0.3488372,0.2,1.0,0.5,0,1.0,0.54,0.5,1,0.125,1.0,0.5,1,1.0,0.5,0,1.0,0.0,1,0.24444444
0.3488372,0.05,0.5,0.5,0,0.5,0.46,0.0,1,0.375,1.0,0.5,1,-1.0,0.5,0,0.0,0.0,0,0.15555556
0.41860464,0.225,0.5,1.0,1,0.5,0.18,0.0,1,0.25,0.0,0.0,0,0.0,0.33333334,0,1.0,0.5,0,0.2
0.27906978,0.425,0.5,0.5,1,1.0,0.1,0.0,1,0.25,0.0,0.5,0,1.0,0.5,0,0.5,0.5,1,0.17777778
0.6976744,0.725,0.5,0.5,1,0.5,0.14,0.5,1,0.125,1.0,0.0,1,1.0,0.33333334,0,0.5,0.5,0,0.35555556
0.37209302,0.625,1.0,0.5,1,1.0,0.32,0.5,1,0.125,1.0,0.5,1,0.0,0.16666667,1,1.0,0.5,1,0.26666668
0.55813956,0.25,0.0,1.0,1,0.16666667,0.46,0.5,1,0.25,0.5,0.5,0,0.0,0.16666667,0,1.0,0.0,1,0.26666668
0.4651163,0.5,0.0,1.0,1,0.5,0.2,0.5,1,0.125,0.5,1.0,1,1.0,0.33333334,0,0.5,0.5,1,0.26666668
0.30232558,0.925,0.0,0.5,1,0.16666667,0.76,0.5,1,0.25,1.0,0.5,1,1.0,0.5,0,1.0,0.0,1,0.35555556
0.44186047,0.825,1.0,0.5,0,0.5,0.2,1.0,1,0.0,0.0,1.0,1,0.0,0.5,0,0.0,0.0,1,0.31111112
0.55813956,0.325,0.5,0.5,1,0.5,0.12,0.5,1,0.25,1.0,0.5,1,0.0,0.6666667,0,0.0,0.0,0,0.84444445
0.41860464,0.975,1.0,0.5,1,0.33333334,1.0,0.5,1,0.125,0.0,0.5,0,1.0,0.16666667,0,0.0,0.5,1,0.37777779
0.60465115,0.7,0.5,1.0,0,0.5,0.44,0.5,1,0.125,0.0,1.0,1,1.0,0.16666667,0,0.0,0.0,0,0.35555556
0.5813953,0.05,0.5,0.5,0,0.33333334,0.18,0.5,1,0.125,0.5,0.5,1,0.0,0.5,0,0.0,0.5,1,0.17777778
0.5813953,0.025,1.0,0.0,1,0.5,0.9,0.0,0,0.0,0.5,1.0,1,0.0,0.5,0,1.0,0.5,1,0.22222222
0.37209302,0.175,0.0,0.5,1,0.33333334,0.24,0.5,1,0.0,0.5,0.5,1,0.0,0.5,0,0.5,0.5,0,0.13333334
0.30232558,0.725,0.5,0.0,0,0.8333333,0.92,0.0,1,0.25,0.0,1.0,0,0.0,0.5,0,0.5,0.5,0,0.24444444
0.3488372,0.175,0.5,0.5,1,0.16666667,0.12,0.0,1,0.125,0.0,0.5,1,-1.0,0.33333334,0,0.5,0.0,0,0.13333334
0.4651163,0.5,0.5,0.5,0,0.5,0.84,0.0,1,0.125,0.5,0.5,1,1.0,0.5,0,0.0,0.5,1,0.26666668
0.5116279,0.1,0.5,0.0,1,0.16666667,0.18,0.5,1,0.375,0.0,0.5,1,1.0,0.8333333,0,0.0,0.5,0,0.2
0.13953489,0.925,0.0,1.0,0,0.33333334,0.94,0.5,1,0.375,0.5,1.0,0,1.0,0.33333334,0,0.5,0.5,0,0.31111112
0.44186047,0.35,0.0,0.5,0,0.33333334,0.58,0.5,1,0.125,1.0,0.5,1,0.0,0.33333334,1,0.5,1.0,1,0.2
0.4651163,0.9,0.5,0.5,1,0.5,0.18,0.0,1,0.25,1.0,0.5,1,-1.0,0.33333334,0,0.5,0.0,1,0.33333334
0.39534885,0.95,1.0,0.5,1,0.5,0.84,0.5,1,0.25,0.0,1.0,0,0.0,0.6666667,0,0.0,0.0,1,0.4
0.627907,0.0,0.0,0.5,1,0.16666667,0.4,0.0,1,0.0,0.0,0.5,0,0.0,0.8333333,0,0.0,0.0,1,0.17777778
0.5116279,0.475,0.5,0.5,1,0.33333334,0.74,0.5,0,0.25,0.0,1.0,1,0.0,0.6666667,0,0.5,0.5,1,0.2888889
0.627907,0.025,0.0,0.0,1,0.33333334,0.64,0.0,1,0.0,0.5,1.0,1,1.0,0.5,0,0.5,0.0,0,0.2
0.41860464,0.9,0.5,0.0,1,0.16666667,0.72,0.5,0,0.375,0.5,0.5,1,1.0,0.5,0,0.0,0.5,1,0.31111112
0.5813953,0.525,0.5,0.5,1,0.8333333,0.34,0.5,1,0.375,0.0,0.5,1,0.0,0.33333334,0,0.5,0.0,0,0.31111112
0.6744186,0.075,1.0,0.0,0,0.16666667,0.94,1.0,1,0.25,0.0,1.0,1,1.0,0.33333334,1,0.5,0.5,0,0.26666668
0.627907,0.1,1.0,0.0,1,0.5,0.56,0.5,1,0.375,0.5,1.0,0,1.0,0.6666667,0,1.0,0.5,1,0.31111112
0.27906978,0.375,0.5,1.0,0,1.0,0.08,0.5,1,0.125,0.0,0.5,0,-1.0,0.5,1,0.5,0.0,1,0.15555556
0.39534885,0.95,0.0,0.5,0,0.8333333,0.06,0.5,1,0.0,1.0,0.5,1,0.0,0.16666667,0,0.0,0.5,1,0.24444444
0.39534885,0.7,0.0,0.5,0,0.6666667,0.74,0.5,1,0.25,0.5,1.0,1,0.0,0.33333334,0,1.0,0.5,0,0.2888889
0.5116279,0.875,1.0,0.0,0,0.5,0.84,1.0,1,0.125,0.0,0.5,1,1.0,0.16666667,0,0.0,0.0,0,0.35555556
0.53488374,0.375,0.5,0.0,0,0.6666667,0.7,0.5,1,0.125,0.0,0.5,1,1.0,0.33333334,1,1.0,0.0,1,0.24444444
0.3255814,0.05,0.0,1.0,0,0.6666667,0.28,1.0,1,0.25,0.0,0.5,1,0.0,0.6666667,0,0.5,0.0,0,0.15555556
0.44186047,0.975,0.0,0.0,1,0.8333333,0.22,0.0,1,0.125,1.0,0.5,0,0.0,0.6666667,0,0.0,0.5,1,0.2888889
0.1627907,0.025,0.5,0.0,1,0.5,0.56,0.5,1,0.0,0.5,0.5,0,1.0,0.5,0,0.0,0.0,0,0.08888889
0.6511628,0.95,0.5,0.5,1,0.8333333,0.2,0.0,1,0.0,0.0,0.5,0,-1.0,0.6666667,0,0.0,0.0,0,0.33333334
0.37209302,0.375,1.0,0.0,1,0.5,0.38,0.5,1,0.125,1.0,0.5,1,1.0,0.6666667,0,0.0,0.0,1,0.24444444
0.44186047,0.0,0.5,0.5,1,1.0,0.62,0.5,1,0.375,0.0,0.5,1,1.0,0.5,0,0.5,0.0,1,0.22222222
0.39534885,0.7,0.5,0.5,0,0.5,0.28,0.0,1,0.0,0.5,0.0,1,1.0,0.6666667,0,0.5,0.5,1,0.24444444
0.60465115,0.975,0.5,0.5,1,0.16666667,0.38,0.5,1,0.25,0.5,0.0,1,1.0,0.33333334,0,1.0,0.5,1,0.4
0.046511628,0.975,0.5,0.0,1,0.5,0.36,0.5,1,0.25,1.0,0.5,0,0.0,0.5,0,0.0,0.0,0,0.22222222
0.44186047,0.15,0.5,1.0,1,0.6666667,0.46,0.5,1,0.0,1.0,0.0,1,1.0,0.5,0,0.0,0.5,1,0.22222222
0.41860464,0.175,1.0,0.5,0,0.8333333,0.68,0.0,1,0.0,0.5,0.5,1,1.0,0.5,0,0.0,0.5,0,0.2
0.37209302,0.575,0.5,0.5,1,0.33333334,0.78,1.0,1,0.0,0.0,0.5,1,1.0,0.6666667,0,1.0,0.0,1,0.31111112
0.6744186,0.625,0.5,0.5,0,0.0,0.66,0.0,1,0.25,1.0,1.0,1,1.0,0.5,0,1.0,0.0,0,0.42222223
0.3255814,0.75,1.0,1.0,1,0.6666667,0.02,1.0,1,0.25,1.0,0.5,1,-1.0,0.33333334,0,0.0,0.5,0,0.2888889
0.55813956,0.175,0.0,0.5,0,0.6666667,0.9,0.5,1,0.0,0.5,0.5,1,0.0,0.6666667,0,1.0,0.5,0,0.22222222
0.4883721,0.95,0.5,1.0,1,0.16666667,0.58,0.5,0,0.25,1.0,0.5,1,0.0,0.8333333,0,0.0,0.5,1,0.37777779
0.627907,0.65,0.5,0.5,1,0.5,0.92,0.5,1,0.25,0.5,0.0,1,0.0,0.6666667,0,0.0,0.0,1,0.35555556
0.3488372,0.85,1.0,0.5,0,0.5,0.96,0.5,1,0.0,0.0,0.5,1,0.0,0.6666667,0,0.0,0.5,0,0.31111112
0.3488372,0.55,0.0,1.0,1,0.6666667,0.46,0.0,1,0.375,0.0,1.0,1,1.0,0.16666667,0,0.5,0.0,1,0.26666668
0.60465115,0.425,0.5,1.0,1,0.33333334,0.92,0.0,1,0.0,0.5,1.0,1,1.0,0.5,0,1.0,0.5,1,0.35555556
0.5116279,0.975,0.0,0.0,1,0.33333334,0.36,1.0,1,0.125,0.5,0.5,1,0.0,0.5,1,0.5,1.0,1,0.2888889
0.23255815,0.575,0.0,0.5,0,0.5,0.26,1.0,1,0.375,1.0,0.5,1,-1.0,0.33333334,0,0.0,1.0,0,0.17777778
0.37209302,0.875,1.0,0.5,0,0.16666667,0.08,0.0,1,0.25,1.0,1.0,1,0.0,0.33333334,0,0.5,0.5,0,0.31111112
0.4883721,0.95,0.5,0.0,0,1.0,0.46,0.5,1,0.125,0.0,0.0,1,-1.0,0.6666667,1,0.5,0.0,0,0.2888889
0.55813956,0.675,1.0,1.0,1,0.6666667,0.68,0.0,1,0.25,1.0,0.5,1,1.0,0.6666667,0,0.5,0.5,1,0.4
0.3488372,0.55,0.5,0.5,1,0.33333334,0.98,0.5,1,0.375,1.0,0.5,1,1.0,0.33333334,0,0.0,0.0,1,0.31111112
0.046511628,0.0,0.5,0.5,1,0.16666667,0.52,0.5,1,0.0,0.5,1.0,0,0.0,0.6666667,0,0.0,0.5,0,0.06666667
0.5116279,0.05,1.0,0.0,0,0.16666667,0.74,0.5,1,0.125,1.0,0.0,0,1.0,0.5,0,0.0,0.0,1,0.22222222
0.27906978,0.2,0.5,0.5,1,0.6666667,0.9,0.5,1,0.25,0.0,0.0,0,1.0,0.6666667,0,0.0,0.5,1,0.17777778
0.1627907,0.175,0.0,0.0,0,0.16666667,0.54,0.0,1,0.125,0.5,1.0,1,1.0,0.33333334,0,0.5,0.0,1,0.08888889
0.046511628,0.25,0.5,0.5,1,0.5,0.16,0.5,1,0.0,0.5,0.5,0,0.0,0.33333334,0,0.0,0.5,1,0.06666667
0.55813956,0.3,0.5,0.5,1,0.0,0.84,1.0,1,0.125,0.0,0.5,0,-1.0,0.33333334,1,0.0,0.0,1,0.24444444
0.4651163,0.35,0.5,1.0,1,0.6666667,0.58,0.5,1,0.0,0.0,1.0,0,1.0,0.6666667,0,0.0,0.0,1,0.26666668
0.41860464,0.425,1.0,0.5,1,0.6666667,0.76,0.5,0,0.375,0.0,0.5,1,1.0,0.5,0,0.5,0.5,1,0.26666668
0.627907,0.1,1.0,0.5,0,0.5,0.66,0.0,1,0.25,1.0,0.5,0,0.0,0.6666667,0,0.0,0.5,1,0.26666668
0.53488374,0.05,1.0,0.0,1,0.5,0.06,0.5,1,0.0,0.5,0.5,1,1.0,1.0,0,1.0,0.0,0,0.22222222
0.6744186,0.675,1.0,0.5,1,0.6666667,0.16,1.0,1,0.125,0.0,0.5,1,-1.0,0.16666667,0,0.5,0.0,1,0.35555556
0.25581396,0.525,0.5,0.5,1,0.5,0.28,1.0,1,0.25,1.0,0.5,1,0.0,0.5,0,0.0,0.0,1,0.24444444
0.44186047,0.45,0.5,1.0,1,0.6666667,0.28,0.5,1,0.25,1.0,0.5,0,1.0,0.33333334,0,0.0,0.5,0,0.2888889
0.20930232,0.625,0.5,1.0,1,0.16666667,0.84,0.5,1,0.0,0.0,1.0,0,1.0,0.6666667,1,0.0,1.0,0,0.22222222
0.41860464,0.825,1.0,1.0,0,0.6666667,0.6,0.5,1,0.125,0.5,0.5,0,0.0,0.5,0,0.5,0.5,1,0.35555556
0.41860464,0.425,0.5,0.0,1,0.5,0.08,0.0,1,0.25,0.0,0.5,0,1.0,0.6666667,0,0.0,0.0,0,0.2
0.53488374,0.65,0.5,1.0,1,0.8333333,0.38,1.0,1,0.125,0.5,1.0,1,0.0,0.5,0,1.0,0.0,1,0.37777779
0.44186047,0.95,0.0,0.0,0,0.5,0.56,0.0,1,0.5,1.0,1.0,1,0.0,0.33333334,0,0.0,1.0,1,0.31111112
0.53488374,0.85,0.5,0.5,0,0.5,0.26,0.5,1,0.125,0.0,1.0,1,0.0,0.5,0,0.0,0.0,1,0.33333334
0.53488374,0.425,0.5,0.5,1,0.33333334,0.04,0.5,1,0.0,0.5,0.5,0,-1.0,0.6666667,0,0.0,0.0,1,0.24444444
0.74418604,0.65,0.5,0.5,0,0.8333333,0.38,0.5,0,0.0,0.5,0.5,1,0.0,0.5,0,0.5,0.0,0,0.33333334
0.39534885,0.175,1.0,0.0,0,0.0,0.46,0.0,1,0.0,0.5,0.5,0,0.0,0.33333334,0,1.0,0.5,1,0.15555556
0.30232558,0.55,0.0,0.5,1,0.6666667,0.9,0.5,1,0.125,0.0,0.5,0,0.0,0.5,0,1.0,0.5,1,0.24444444
0.4651163,0.975,1.0,0.0,0,0.5,0.9,0.0,1,0.25,0.0,0.5,1,-1.0,0.16666667,0,0.0,0.0,0,0.33333334
0.3255814,0.525,0.0,0.0,1,0.5,0.5,0.0,1,0.125,0.5,1.0,1,-1.0,0.16666667,0,1.0,0.5,1,0.17777778
0.6511628,0.925,1.0,0.5,1,0.5,0.48,0.5,1,0.125,0.5,0.0,1,1.0,0.6666667,1,0.0,0.0,0,0.4
0.39534885,0.4,0.5,1.0,1,0.5,0.64,1.0,1,0.25,0.5,1.0,1,0.0,0.6666667,0,1.0,0.0,0,0.33333334
0.37209302,1.0,1.0,1.0,0,0.6666667,0.26,0.0,1,0.125,0.0,0.5,0,1.0,0.8333333,0,0.0,0.0,1,0.35555556
0.37209302,0.575,0.0,0.5,0,0.33333334,0.28,0.5,1,0.125,0.5,0.5,0,1.0,0.6666667,0,0.0,0.0,0,0.22222222
0.53488374,0.05,0.5,0.0,1,0.5,0.0,0.5,1,0.125,1.0,1.0,0,-1.0,0.33333334,0,1.0,0.0,1,0.2
0.41860464,0.575,1.0,0.0,1,0.6666667,0.08,0.5,1,0.125,0.0,0.5,0,1.0,0.6666667,0,0.0,0.5,1,0.24444444
0.3488372,0.275,0.0,0.0,1,0.33333334,0.18,1.0,1,0.125,0.0,1.0,1,1.0,0.5,0,1.0,0.0,1,0.6
0.6744186,0.025,0.0,1.0,1,0.6666667,0.64,0.0,1,0.25,0.0,1.0,1,0.0,0.5,0,1.0,0.0,0,0.2888889
0.3255814,0.825,0.5,0.5,0,0.6666667,0.22,1.0,1,0.125,0.5,0.5,1,0.0,0.6666667,0,0.0,0.0,0,0.26666668
0.44186047,0.275,0.0,1.0,1,0.33333334,0.12,1.0,1,0.625,0.5,0.5,0,1.0,0.8333333,0,0.5,0.0,1,0.2888889
0.53488374,0.8,0.0,1.0,1,0.16666667,0.62,0.5,1,0.25,0.0,0.5,0,-1.0,0.5,1,0.0,0.0,1,0.31111112
0.20930232,0.3,0.5,0.5,1,0.33333334,0.66,0.5,1,0.0,0.5,0.5,1,1.0,0.6666667,0,0.0,0.0,1,0.17777778
0.5116279,0.2,0.5,1.0,0,0.5,0.06,1.0,1,0.375,1.0,0.5,1,0.0,0.5,0,0.0,0.5,0,0.24444444
0.30232558,0.975,0.5,0.5,0,0.5,0.78,1.0,0,0.0,0.5,0.5,0,1.0,0.33333334,0,1.0,1.0,0,0.2888889
0.55813956,0.35,1.0,0.5,1,0.8333333,0.6,0.5,1,0.5,0.5,0.5,1,1.0,0.5,0,0.5,0.5,0,0.35555556
0.30232558,0.6,0.5,1.0,1,0.33333334,0.4,1.0,1,0.25,1.0,0.5,1,1.0,0.5,0,0.5,0.0,0,0.31111112
0.53488374,0.6,0.0,0.5,1,0.33333334,0.98,0.5,1,0.125,0.5,1.0,1,1.0,0.33333334,0,1.0,1.0,0,0.33333334
0.60465115,0.55,0.5,0.5,0,0.6666667,0.02,1.0,1,0.375,1.0,0.5,1,0.0,0.33333334,0,0.5,0.0,1,0.33333334
0.55813956,0.925,0.5,0.5,1,0.33333334,0.54,0.0,1,0.125,0.0,1.0,0,1.0,0.6666667,0,1.0,0.0,1,0.4
0.4883721,0.675,0.5,1.0,1,0.33333334,0.16,0.5,1,0.0,0.0,0.5,0,0.0,0.6666667,0,0.0,0.0,0,0.2888889
0.41860464,0.4,0.5,0.0,1,0.33333334,0.32,0.5,1,0.125,1.0,0.5,1,1.0,0.5,0,0.0,0.0,1,0.22222222
0.37209302,0.85,1.0,1.0,1,0.0,0.14,0.5,1,0.5,0.5,1.0,1,0.0,0.6666667,0,0.0,0.5,1,0.37777779
0.6511628,0.175,1.0,0.0,1,0.6666667,0.66,0.5,1,0.25,0.0,0.5,0,1.0,0.6666667,1,0.0,0.0,0,0.26666668
0.3488372,0.55,0.0,0.5,1,0.6666667,0.4,1.0,1,0.5,0.0,1.0,1,0.0,0.6666667,0,0.5,0.0,0,0.2888889
0.30232558,0.95,0.5,0.5,1,0.6666667,0.98,0.0,1,0.0,1.0,0.5,1,0.0,0.5,0,0.0,0.0,1,0.31111112
0.53488374,0.625,0.5,0.5,1,1.0,0.66,0.0,1,0.125,0.5,1.0,1,1.0,0.6666667,0,0.5,0.5,0,0.33333334
0.3255814,0.825,1.0,0.5,1,0.8333333,0.92,0.5,1,0.125,0.5,0.5,1,-1.0,0.33333334,0,0.0,0.5,0,0.31111112
0.30232558,0.65,1.0,1.0,1,0.33333334,0.24,0.5,1,0.125,0.5,0.5,0,1.0,0.33333334,0,0.0,0.0,1,0.2888889
0.23255815,0.85,0.5,0.5,0,0.8333333,0.32,0.5,0,0.25,0.0,1.0,0,1.0,0.33333334,0,0.0,0.5,1,0.22222222
0.37209302,0.95,0.5,1.0,1,0.5,0.36,0.5,1,0.125,0.0,0.5,1,1.0,0.6666667,0,0.5,0.5,1,0.33333334
0.44186047,0.275,0.5,0.0,1,0.33333334,0.84,1.0,1,0.125,0.0,0.5,0,-1.0,0.6666667,0,0.5,0.0,1,0.22222222
0.4651163,0.175,0.5,0.0,0,0.33333334,0.22,0.5,1,0.0,0.0,0.5,0,1.0,0.5,0,0.0,0.5,0,0.13333334
0.5813953,0.475,0.5,0.0,0,0.5,0.94,0.5,1,0.125,1.0,0.5,0,1.0,0.33333334,0,0.0,0.0,1,0.31111112
0.5116279,0.7,0.5,0.0,1,0.5,0.04,0.5,1,0.0,0.5,0.0,1,0.0,0.6666667,0,0.0,0.0,1,0.26666668
0.41860464,0.225,0.5,0.5,1,0.8333333,0.88,0.5,1,0.125,0.0,1.0,1,1.0,0.5,0,0.0,0.5,1,0.22222222
0.41860464,0.0,0.5,0.5,0,0.6666667,0.46,1.0,1,0.375,0.5,0.0,0,0.0,0.5,0,0.0,0.0,1,0.17777778
0.5116279,0.35,0.5,1.0,1,0.33333334,0.52,0.5,1,0.0,0.5,1.0,0,-1.0,0.6666667,0,0.0,0.0,1,0.26666668
0.627907,0.975,1.0,0.0,0,0.16666667,1.0,0.5,1,0.75,0.5,0.5,0,0.0,0.8333333,0,0.0,0.5,0,0.46666667
0.4651163,0.7,0.5,0.5,0,0.6666667,0.88,0.5,1,0.0,0.5,1.0,1,0.0,0.5,0,0.5,0.0,1,0.33333334
0.37209302,0.4,0.5,1.0,1,0.6666667,0.9,0.0,1,0.125,0.0,0.5,0,0.0,0.6666667,0,1.0,0.0,0,0.26666668
0.30232558,0.2,1.0,1.0,1,0.8333333,0.58,0.0,1,0.25,0.0,0.5,0,1.0,0.6666667,0,0.5,0.0,0,0.24444444
0.23255815,0.35,0.5,1.0,1,0.5,0.96,0.0,1,0.125,0.0,0.5,1,1.0,0.33333334,0,0.0,0.0,1,0.22222222
0.53488374,0.175,0.0,1.0,0,0.6666667,0.68,1.0,1,0.0,0.0,0.5,1,0.0,0.16666667,0,0.5,0.0,0,0.22222222
0.5116279,0.1,0.0,0.5,0,0.6666667,0.82,0.5,1,0.25,0.0,0.5,1,-1.0,0.5,0,0.0,1.0,0,0.17777778
0.5116279,0.9,0.5,1.0,1,0.16666667,0.72,0.5,1,0.375,0.5,1.0,1,0.0,0.5,1,0.0,0.0,1,0.42222223
0.41860464,1.0,0.0,1.0,1,0.5,0.78,1.0,1,0.25,1.0,0.0,0,0.0,0.5,0,0.5,0.5,1,0.37777779
0.627907,0.175,1.0,1.0,0,0.6666667,0.64,0.0,1,0.125,1.0,0.0,1,0.0,0.6666667,0,0.0,0.0,0,0.2888889
0.37209302,0.05,0.5,0.0,0,0.6666667,0.72,1.0,1,0.25,0.5,0.5,1,0.0,0.6666667,0,0.0,0.5,0,0.15555556
0.5813953,0.325,0.0,1.0,0,0.5,0.44,0.5,1,0.125,0.0,0.0,0,0.0,0.5,0,0.5,1.0,1,0.22222222
0.44186047,0.45,1.0,0.5,1,1.0,0.7,0.5,1,0.125,1.0,1.0,0,-1.0,0.5,0,0.0,0.0,1,0.31111112
0.3488372,0.2,0.5,0.0,1,1.0,0.28,0.5,1,0.25,1.0,0.0,1,-1.0,0.33333334,0,0.0,0.5,1,0.13333334
0.53488374,0.3,0.5,0.5,1,0.5,0.64,1.0,1,0.25,0.5,0.5,0,1.0,0.6666667,0,0.0,1.0,1,0.26666668
0.4883721,0.2,0.5,1.0,0,0.5,0.52,0.5,1,0.125,0.5,0.5,1,1.0,0.6666667,0,0.0,0.0,1,0.24444444
0.4883721,0.775,0.0,0.5,1,0.6666667,0.9,0.5,1,0.125,0.0,1.0,0,0.0,0.33333334,0,0.0,0.0,1,0.33333334
0.44186047,0.725,0.5,1.0,0,0.5,0.68,0.0,1,0.625,1.0,0.5,1,0.0,0.5,0,1.0,0.5,1,0.37777779
0.44186047,0.625,1.0,0.0,1,0.8333333,0.6,0.5,1,0.375,0.0,0.5,0,0.0,0.5,0,1.0,0.5,1,0.31111112
0.76744187,0.375,0.0,0.5,1,0.16666667,0.32,0.5,1,0.0,0.0,0.5,0,1.0,0.5,0,0.0,0.0,1,0.2888889
0.60465115,0.9,0.5,0.5,0,0.5,0.86,0.5,1,0.25,0.5,0.5,1,0.0,0.33333334,0,0.5,0.0,1,0.42222223
0.53488374,0.975,1.0,0.5,0,0.6666667,0.06,1.0,1,0.125,0.0,0.5,0,0.0,0.5,1,0.0,0.0,1,0.33333334
0.4651163,0.175,0.5,0.5,1,0.8333333,0.9,1.0,1,0.125,0.5,0.5,0,1.0,0.6666667,0,0.0,0.0,1,0.26666668
0.5813953,0.225,0.5,0.5,1,0.16666667,0.66,0.5,1,0.5,0.5,1.0,0,0.0,0.33333334,0,0.0,0.5,0,0.2888889
0.5116279,0.525,1.0,0.0,0,0.33333334,0.18,0.5,1,0.25,1.0,1.0,0,0.0,0.16666667,0,1.0,0.0,0,0.31111112
0.44186047,0.1,1.0,0.0,0,0.0,0.9,0.5,1,0.5,0.5,0.5,1,0.0,0.6666667,0,0.0,0.0,1,0.24444444
0.39534885,0.425,0.5,0.0,0,0.33333334,0.32,1.0,1,0.375,0.5,1.0,1,1.0,0.5,0,0.5,0.5,1,0.24444444
0.44186047,0.575,1.0,1.0,1,0.16666667,0.16,0.5,1,0.125,0.5,0.5,1,0.0,0.5,0,0.0,0.0,1,0.2888889
0.0,0.525,0.5,0.5,1,0.6666667,0.32,0.5,1,0.125,0.0,0.5,1,-1.0,0.33333334,0,0.5,0.0,1,0.11111111
0.4651163,0.325,1.0,0.5,0,0.5,0.96,1.0,1,0.0,1.0,1.0,1,1.0,0.6666667,1,1.0,0.0,1,0.31111112
0.37209302,0.55,1.0,0.5,0,0.5,0.76,0.5,1,0.125,0.5,0.5,1,-1.0,0.16666667,1,0.0,0.0,1,0.24444444
0.6744186,0.95,0.5,1.0,1,0.5,0.92,0.5,1,0.125,0.5,0.5,0,0.0,0.5,0,1.0,0.0,0,0.4888889
0.44186047,0.2,0.5,0.0,0,0.8333333,0.3,0.0,1,0.125,1.0,0.5,1,-1.0,0.8333333,0,0.5,0.0,1,0.17777778
0.27906978,0.65,0.5,0.0,1,0.16666667,0.08,0.5,1,0.375,1.0,1.0,1,0.0,0.5,1,0.5,0.0,1,0.24444444
0.44186047,0.05,1.0,0.5,1,0.0,0.56,0.5,0,0.125,1.0,0.5,0,1.0,0.6666667,0,0.0,0.5,0,0.2
0.30232558,0.075,1.0,1.0,0,0.6666667,0.48,0.5,1,0.125,0.0,0.5,0,0.0,0.6666667,0,1.0,0.5,0,0.17777778
0.5116279,0.55,0.0,0.5,1,0.33333334,0.72,0.5,1,0.0,1.0,0.5,1,0.0,0.6666667,0,0.0,0.0,1,0.2888889
0.4883721,0.1,1.0,0.5,0,0.16666667,0.54,0.5,1,0.125,1.0,0.5,0,-1.0,0.33333334,0,0.5,0.0,1,0.22222222
0.5813953,0.025,1.0,0.5,1,0.6666667,0.4,0.0,1,0.125,0.5,0.5,0,0.0,0.6666667,1,1.0,0.5,1,0.22222222
0.3255814,0.175,1.0,1.0,1,0.0,0.0,0.0,1,0.0,0.5,0.5,1,1.0,0.16666667,0,0.5,0.0,1,0.2
0.44186047,0.575,1.0,0.5,1,0.33333334,0.46,0.5,1,0.0,1.0,0.5,1,1.0,0.5,0,0.5,1.0,1,0.2888889
0.25581396,0.7,0.0,0.5,1,0.0,0.12,0.5,1,0.0,0.0,1.0,0,0.0,0.33333334,0,0.0,1.0,1,0.15555556
0.53488374,0.2,0.5,0.5,1,0.5,0.92,0.5,1,0.125,0.0,1.0,1,1.0,0.5,0,0.0,0.0,1,0.26666668
0.5116279,0.675,1.0,1.0,1,0.8333333,0.92,1.0,1,0.125,0.5,0.5,0,1.0,0.16666667,0,0.5,0.0,0,0.4
0.5116279,0.175,1.0,1.0,1,0.33333334,0.8,0.5,1,0.25,1.0,0.5,0,1.0,0.5,0,0.0,0.0,0,0.31111112
0.44186047,0.625,0.5,0.5,0,0.33333334,0.16,0.0,1,0.0,0.0,0.5,0,-1.0,0.33333334,0,1.0,0.0,1,0.22222222
0.4883721,0.4,0.5,0.5,1,1.0,0.14,0.5,1,0.125,0.5,1.0,0,0.0,0.5,0,0.0,1.0,1,0.24444444
0.6744186,0.65,1.0,0.5,0,0.6666667,0.56,0.5,1,0.5,0.5,0.0,1,1.0,0.33333334,0,0.5,1.0,1,0.4
0.39534885,1.0,1.0,0.5,1,1.0,0.72,0.5,1,0.125,0.5,0.5,1,0.0,0.5,0,0.0,0.0,1,0.37777779
0.4651163,0.95,0.5,0.5,1,0.5,0.9,0.0,1,0.375,1.0,0.0,1,0.0,0.16666667,0,0.0,0.0,1,0.37777779
0.27906978,0.0,0.0,1.0,1,0.5,0.9,0.5,1,0.125,0.0,0.5,0,1.0,0.16666667,0,0.0,0.0,0,0.13333334
0.3255814,0.875,1.0,0.5,1,0.8333333,0.16,0.0,1,0.25,0.0,1.0,0,0.0,0.5,0,0.0,0.0,0,0.31111112
0.4651163,0.075,1.0,0.5,0,0.5,1.0,0.5,1,0.125,1.0,0.5,0,0.0,0.33333334,0,1.0,0.5,0,0.24444444
0.60465115,0.95,1.0,1.0,0,0.5,0.16,0.5,1,0.125,1.0,0.5,1,1.0,0.5,0,1.0,1.0,0,0.42222223
0.39534885,0.275,1.0,0.0,1,0.0,0.84,0.5,1,0.125,0.0,0.5,1,-1.0,0.6666667,1,0.5,0.0,0,0.2
0.41860464,0.375,0.5,1.0,1,1.0,0.58,0.5,1,0.125,0.5,0.5,1,0.0,0.33333334,0,0.0,0.0,0,0.24444444
0.39534885,0.1,1.0,0.5,1,0.6666667,0.68,0.5,0,0.25,0.5,0.5,1,0.0,0.5,0,0.5,0.0,0,0.2
0.37209302,0.1,1.0,1.0,0,0.5,0.6,0.0,1,0.375,0.5,0.5,0,1.0,0.6666667,0,0.0,0.0,1,0.24444444
0.4883721,0.725,0.5,1.0,0,0.6666667,0.86,0.5,1,0.25,1.0,0.0,0,0.0,0.8333333,0,0.0,0.0,1,0.37777779
0.23255815,0.95,1.0,1.0,1,0.16666667,0.64,1.0,1,0.125,0.5,0.5,0,0.0,0.33333334,0,1.0,0.0,1,0.35555556
0.627907,0.6,1.0,0.5,1,0.33333334,0.84,0.5,1,0.125,0.5,0.5,1,-1.0,0.5,1,0.0,0.0,0,0.33333334
0.3488372,0.725,1.0,0.5,1,0.6666667,0.16,0.0,1,0.25,0.0,0.5,1,0.0,0.5,0,0.5,0.5,1,0.26666668
0.53488374,0.75,0.5,1.0,0,0.5,0.86,0.0,1,0.125,0.0,1.0,1,0.0,0.33333334,1,1.0,0.0,1,0.35555556
0.25581396,0.275,0.5,0.0,0,0.6666667,1.0,0.5,1,0.25,1.0,0.5,1,0.0,0.5,1,0.5,0.0,1,0.17777778
0.53488374,0.05,0.5,1.0,0,0.5,0.66,0.0,1,0.125,0.5,0.0,1,0.0,0.33333334,0,0.5,0.5,0,0.2
0.53488374,0.0,0.5,0.5,1,0.6666667,0.98,0.5,1,0.25,0.0,0.0,1,0.0,0.16666667,0,0.0,0.5,1,0.2
0.4883721,0.35,0.5,0.0,0,0.16666667,0.22,0.5,1,0.125,0.0,0.5,1,1.0,0.5,0,1.0,0.0,0,0.22222222
0.30232558,0.25,0.5,0.5,1,0.8333333,0.82,1.0,1,0.25,0.5,0.5,1,0.0,0.6666667,0,0.0,0.0,0,0.22222222
0.4651163,0.05,0.5,0.0,0,0.33333334,0.16,0.5,1,0.25,0.0,1.0,0,0.0,0.5,0,0.5,0.5,0,0.15555556
0.27906978,0.175,1.0,1.0,1,0.5,0.52,0.5,1,0.25,0.0,0.5,0,0.0,0.8333333,0,0.0,0.0,1,0.22222222
0.39534885,0.125,0.5,1.0,0,0.33333334,0.66,0.0,1,0.125,0.5,1.0,0,0.0,0.33333334,0,0.0,0.0,1,0.2
0.5813953,0.925,0.5,0.5,1,0.5,0.66,0.0,1,0.25,0.0,0.5,1,1.0,0.5,0,1.0,0.0,1,0.42222223
0.55813956,0.15,0.5,1.0,1,0.5,0.68,0.0,1,0.25,1.0,0.5,1,1.0,0.16666667,0,0.0,0.0,1,0.26666668
0.44186047,0.55,0.0,0.5,0,0.6666667,0.32,0.0,1,0.0,1.0,0.5,1,1.0,0.33333334,0,1.0,0.0,1,0.24444444
0.30232558,0.6,1.0,1.0,0,0.6666667,0.98,0.5,0,0.375,0.5,1.0,1,0.0,0.6666667,0,1.0,0.0,0,0.33333334
0.53488374,0.55,0.5,1.0,0,0.6666667,0.0,0.5,1,0.0,0.5,0.5,1,1.0,0.33333334,0,1.0,0.5,1,0.2888889
0.44186047,0.1,0.5,0.5,0,0.33333334,0.62,0.5,1,0.0,1.0,1.0,1,1.0,0.16666667,0,0.0,0.5,0,0.2
0.11627907,0.325,0.5,0.5,0,0.6666667,0.86,0.0,1,0.0,0.0,0.5,0,0.0,0.16666667,1,0.0,1.0,0,0.06666667
0.55813956,0.05,0.5,0.5,1,0.5,0.9,0.0,1,0.125,1.0,0.5,1,0.0,0.6666667,1,0.5,0.0,1,0.22222222
0.44186047,0.4,0.5,1.0,1,0.5,0.72,0.5,1,0.25,0.5,0.5,1,-1.0,0.8333333,0,0.0,0.0,0,0.2888889
0.60465115,0.2,0.0,0.5,0,0.6666667,0.58,0.5,1,0.25,0.0,1.0,0,-1.0,0.16666667,1,1.0,0.5,0,0.2
0.27906978,0.55,0.5,1.0,0,0.16666667,0.46,0.0,1,0.5,0.0,0.5,1,-1.0,0.6666667,0,0.0,0.0,1,0.24444444
0.0,0.7,0.5,1.0,1,0.0,0.44,1.0,1,0.375,0.5,0.5,0,-1.0,0.33333334,0,0.5,0.0,1,0.82222223
0.4883721,0.525,1.0,0.5,1,0.8333333,0.42,0.5,1,0.25,1.0,0.0,1,-1.0,0.6666667,0,0.0,0.0,1,0.31111112
0.4883721,0.425,0.5,1.0,0,0.5,0.7,0.0,1,0.25,0.0,0.5,1,0.0,0.33333334,0,0.5,0.0,1,0.2888889
0.20930232,0.375,0.5,0.5,0,0.6666667,0.74,0.0,1,0.25,0.5,0.5,1,1.0,0.6666667,1,0.0,0.0,0,0.17777778
0.30232558,0.85,0.0,0.5,1,0.33333334,0.52,0.5,0,0.0,0.0,0.0,1,0.0,0.5,0,0.0,0.0,1,0.2
0.8372093,0.225,0.5,1.0,1,0.8333333,0.74,0.5,0,0.125,0.0,0.5,1,-1.0,0.33333334,0,0.5,1.0,0,0.2888889
0.39534885,0.725,0.5,0.0,0,0.6666667,0.52,1.0,1,0.0,0.0,0.5,1,1.0,0.33333334,0,0.0,0.0,1,0.26666668
0.53488374,0.75,0.0,0.5,1,0.5,0.1,0.5,1,0.125,1.0,0.5,1,-1.0,0.33333334,0,1.0,1.0,1,0.2888889
0.3488372,0.425,0.5,0.5,1,0.5,0.86,0.5,1,0.125,0.0,0.5,1,1.0,0.33333334,0,0.0,0.5,1,0.24444444
0.13953489,0.3,0.5,0.5,1,0.0,0.88,0.5,1,0.5,0.5,0.5,0,1.0,0.6666667,0,1.0,0.0,1,0.24444444
0.41860464,0.475,0.5,1.0,1,0.6666667,0.26,0.5,1,0.5,0.0,1.0,1,0.0,0.33333334,0,0.0,0.5,1,0.2888889
0.39534885,0.1,0.5,1.0,1,0.8333333,0.78,0.0,1,0.125,0.5,1.0,0,0.0,0.5,0,0.0,0.5,1,0.2
0.39534885,0.05,1.0,0.5,1,0.5,0.52,0.5,1,0.25,0.5,0.5,0,-1.0,0.5,1,0.5,0.0,0,0.17777778
0.41860464,0.1,0.5,0.5,1,0.5,0.12,0.5,1,0.0,0.0,0.5,0,0.0,0.6666667,0,0.0,0.0,0,0.15555556
0.4883721,0.175,0.5,1.0,0,0.5,0.4,1.0,1,0.25,0.0,0.5,0,1.0,0.33333334,0,0.0,0.0,1,0.24444444
0.41860464,0.5,1.0,0.5,1,0.8333333,0.08,0.5,1,0.0,0.0,0.5,1,-1.0,0.33333334,0,1.0,0.5,1,0.22222222
0.25581396,0.85,0.5,0.0,1,0.8333333,0.78,0.5,1,0.125,0.0,0.0,0,-1.0,0.5,0,0.0,0.0,1,0.24444444
0.5116279,0.225,0.5,1.0,1,0.33333334,0.2,0.5,1,0.25,0.0,1.0,0,-1.0,0.6666667,0,0.0,0.0,1,0.24444444
0.1627907,0.925,0.5,1.0,1,0.6666667,0.16,1.0,1,0.25,1.0,0.5,1,0.0,0.33333334,0,0.5,0.0,0,0.31111112
0.1627907,0.95,0.0,0.5,1,0.5,0.2,0.5,1,0.125,1.0,1.0,0,-1.0,0.5,0,1.0,0.0,0,0.26666668
0.53488374,0.95,0.5,1.0,0,0.6666667,0.22,0.5,1,0.75,0.5,1.0,0,1.0,0.5,0,0.0,0.0,0,0.44444445
0.5116279,0.85,1.0,0.5,1,0.33333334,0.68,1.0,1,0.0,0.0,1.0,1,0.0,0.5,0,1.0,0.0,1,0.4
0.44186047,0.375,0.5,0.5,1,0.8333333,0.64,1.0,1,0.0,0.0,0.0,1,1.0,0.8333333,0,0.5,0.5,0,0.24444444
0.25581396,0.075,0.5,0.5,0,0.6666667,0.12,0.0,1,0.5,0.5,0.5,1,1.0,0.6666667,0,0.5,0.5,1,0.13333334
0.3488372,0.575,0.5,0.5,1,0.8333333,0.72,0.5,1,0.625,0.0,1.0,0,-1.0,0.6666667,0,0.0,0.5,0,0.2888889
0.39534885,0.55,0.5,0.5,1,0.16666667,0.34,1.0,0,0.125,0.5,1.0,1,0.0,0.6666667,0,0.5,0.0,1,0.26666668
0.20930232,0.85,0.5,1.0,0,0.16666667,0.46,0.5,1,0.125,0.5,0.5,1,-1.0,0.5,0,0.0,0.5,1,0.24444444
0.3488372,1.0,0.5,1.0,0,1.0,0.12,0.5,1,0.125,1.0,0.5,1,0.0,0.33333334,0,0.0,0.0,0,0.31111112
0.53488374,0.5,0.5,0.5,0,0.8333333,0.7,0.0,1,0.375,0.0,0.5,1,1.0,0.6666667,0,0.0,0.0,1,0.31111112
0.6511628,0.35,0.5,1.0,1,0.33333334,0.38,0.5,1,0.125,0.0,1.0,0,-1.0,0.16666667,0,0.5,1.0,0,0.26666668
0.37209302,0.175,1.0,0.5,0,0.6666667,0.64,0.5,1,0.0,0.5,0.5,1,1.0,0.6666667,0,0.0,0.0,0,0.22222222
0.55813956,0.0,0.5,0.0,0,0.33333334,0.42,0.0,1,0.25,1.0,0.5,1,1.0,0.33333334,0,0.0,0.0,1,0.17777778
0.18604651,0.5,0.5,0.0,1,0.0,0.04,0.0,1,0.125,1.0,0.5,1,1.0,0.33333334,0,1.0,0.0,0,0.17777778
0.53488374,0.55,0.5,0.5,0,0.0,0.7,0.0,0,0.125,0.0,0.5,1,-1.0,0.33333334,0,0.0,0.0,1,0.24444444
0.3255814,0.825,0.5,0.5,1,0.5,0.56,0.0,1,0.0,0.5,0.5,1,-1.0,0.6666667,0,0.0,0.5,1,0.24444444
0.4883721,0.5,0.5,1.0,1,0.8333333,0.44,0.0,1,0.25,0.5,0.5,1,0.0,0.6666667,0,0.5,0.0,0,0.31111112
0.41860464,0.925,1.0,0.5,1,0.8333333,0.2,1.0,1,0.375,0.5,0.5,1,-1.0,0.6666667,0,1.0,0.5,0,0.37777779
0.627907,0.625,0.5,0.5,1,0.8333333,0.62,0.0,1,0.25,0.0,0.5,1,0.0,0.5,0,0.0,0.0,1,0.33333334
0.3255814,0.85,0.5,1.0,1,0.6666667,0.28,0.5,1,0.25,0.0,0.5,1,-1.0,0.16666667,0,0.5,0.0,1,0.2888889
0.53488374,0.15,1.0,0.5,1,0.5,0.42,0.0,1,0.125,0.0,1.0,1,0.0,0.5,0,0.0,0.0,1,0.24444444
0.39534885,0.85,0.0,0.5,1,0.8333333,0.06,0.5,1,0.375,0.0,0.5,1,-1.0,0.5,0,0.5,0.5,0,0.26666668
0.41860464,0.675,1.0,0.5,0,0.0,0.78,0.5,1,0.0,0.0,0.0,1,1.0,0.8333333,1,1.0,0.5,0,0.2888889
0.41860464,0.175,0.5,0.0,1,0.6666667,0.1,0.5,0,0.0,0.5,1.0,0,1.0,0.6666667,0,0.0,0.0,1,0.15555556
0.3255814,0.2,0.5,1.0,0,0.16666667,0.9,1.0,1,0.125,0.5,0.5,0,1.0,0.33333334,1,0.5,0.0,0,0.2
0.44186047,0.925,1.0,0.0,1,0.33333334,0.86,0.0,1,0.125,1.0,1.0,1,1.0,0.16666667,0,0.5,1.0,1,0.35555556
0.44186047,0.025,1.0,0.5,0,0.6666667,0.98,0.5,1,0.0,0.5,1.0,1,0.0,0.6666667,0,0.5,0.0,1,0.22222222
0.4651163,0.475,0.5,0.5,1,0.6666667,0.9,1.0,1,0.0,0.5,0.5,1,0.0,0.33333334,0,1.0,0.0,0,0.31111112
0.4651163,0.325,0.5,0.5,0,0.33333334,0.98,0.5,0,0.125,0.0,0.5,1,0.0,0.8333333,0,0.0,0.0,1,0.22222222
0.55813956,0.675,0.5,0.5,0,0.6666667,0.88,1.0,1,0.0,0.5,1.0,1,1.0,0.6666667,0,0.0,0.0,1,0.35555556
0.5813953,0.85,0.0,0.5,0,0.6666667,0.12,0.0,1,0.125,1.0,0.5,1,-1.0,0.33333334,0,0.5,0.0,0,0.31111112
0.30232558,0.35,1.0,0.5,1,0.5,0.44,1.0,0,0.25,0.5,0.5,0,-1.0,0.5,0,0.5,0.0,1,0.22222222
0.55813956,0.425,0.0,0.5,1,0.5,0.08,0.5,1,0.25,0.5,0.5,1,0.0,0.16666667,0,0.5,0.5,1,0.24444444
0.27906978,0.975,0.5,0.5,1,1.0,0.54,0.0,1,0.0,0.5,1.0,0,-1.0,0.5,0,0.5,0.5,0,0.2888889
0.53488374,0.775,1.0,1.0,1,0.5,0.52,0.5,1,0.0,0.5,0.5,0,1.0,0.33333334,0,0.0,0.5,0,0.37777779
0.53488374,0.9,1.0,1.0,1,0.5,0.92,0.5,1,0.125,0.5,0.5,1,-1.0,0.5,0,0.0,0.0,0,0.42222223
0.18604651,0.45,0.5,0.5,0,0.5,0.96,0.0,1,0.375,0.0,0.5,1,1.0,0.33333334,0,0.0,0.0,1,0.2
0.4651163,0.225,1.0,0.0,1,0.5,0.26,0.5,1,0.0,0.5,0.5,1,1.0,0.5,0,0.0,0.5,1,0.2
0.37209302,0.4,0.5,0.5,1,0.6666667,0.58,0.0,0,0.125,0.0,0.5,1,0.0,0.6666667,1,1.0,1.0,0,0.17777778
0.3255814,0.725,1.0,0.0,0,0.8333333,0.46,1.0,1,0.25,0.0,0.0,0,0.0,0.33333334,0,0.0,0.0,1,0.24444444
0.627907,0.1,0.5,0.5,1,0.5,0.54,0.5,1,0.125,1.0,0.5,1,1.0,0.33333334,0,0.0,0.0,1,0.26666668
0.3488372,0.275,1.0,0.0,1,0.33333334,0.54,0.0,1,0.5,0.5,0.5,1,0.0,0.8333333,1,0.5,0.5,1,0.2
0.3255814,0.05,0.0,1.0,0,1.0,0.92,0.0,1,0.0,0.5,1.0,0,1.0,0.6666667,0,0.0,1.0,1,0.15555556
0.44186047,0.425,0.5,0.0,1,0.5,0.9,1.0,1,0.0,0.5,0.5,1,1.0,0.16666667,0,0.0,1.0,1,0.24444444
0.53488374,0.825,0.5,1.0,0,0.0,0.12,0.0,1,0.5,0.0,1.0,1,-1.0,0.33333334,0,1.0,0.5,0,0.35555556
0.41860464,0.025,1.0,0.0,1,1.0,0.34,0.0,0,0.125,0.5,0.5,1,1.0,1.0,0,1.0,0.0,0,0.17777778
0.60465115,0.675,1.0,0.5,1,0.8333333,0.76,0.5,1,0.125,0.0,1.0,1,1.0,0.6666667,1,0.5,0.0,1,0.37777779
0.5116279,0.925,0.5,1.0,0,0.8333333,0.68,0.0,1,0.125,1.0,0.5,1,1.0,0.5,1,0.0,1.0,0,0.35555556
0.13953489,0.225,0.0,0.5,0,0.8333333,0.64,0.0,1,0.125,0.5,1.0,0,1.0,0.5,0,1.0,0.0,0,0.13333334
0.37209302,0.7,0.5,1.0,1,1.0,1.0,0.5,1,0.125,0.0,1.0,1,1.0,0.33333334,0,1.0,0.0,0,0.35555556
0.37209302,0.975,0.5,0.5,0,0.16666667,0.34,0.0,1,0.25,0.5,0.5,0,0.0,0.6666667,0,1.0,1.0,1,0.31111112
0.5116279,0.95,0.5,1.0,1,0.33333334,0.52,0.0,1,0.375,0.0,1.0,1,1.0,0.5,0,0.0,0.0,1,0.42222223
0.069767445,0.225,0.5,1.0,1,0.33333334,0.98,0.5,1,0.0,0.5,1.0,1,0.0,0.33333334,0,0.0,0.5,1,0.13333334
0.7906977,0.1,0.5,0.0,0,0.33333334,0.7,1.0,1,0.25,0.5,1.0,0,0.0,0.33333334,0,0.0,0.5,1,0.2888889
0.5116279,0.15,0.5,1.0,1,0.5,0.64,1.0,1,0.125,0.5,0.5,1,1.0,0.33333334,0,0.0,0.0,1,0.26666668
0.4651163,0.7,1.0,0.0,0,0.33333334,0.16,0.5,1,0.375,1.0,0.5,0,0.0,0.6666667,0,0.5,0.0,1,0.33333334
0.60465115,0.725,0.5,0.5,0,0.16666667,0.24,0.5,1,0.0,0.0,0.5,1,0.0,0.5,0,0.0,0.0,1,0.31111112
0.76744187,0.675,0.5,0.0,0,0.33333334,0.38,1.0,1,0.375,0.0,0.5,0,0.0,0.33333334,0,0.5,0.5,1,0.37777779
0.55813956,0.325,0.5,0.0,1,0.5,0.46,0.5,1,0.125,0.5,0.5,1,1.0,0.33333334,0,0.0,0.0,1,0.24444444
0.5813953,0.175,0.5,0.5,0,0.8333333,0.5,0.5,1,0.25,0.5,0.5,1,1.0,0.5,0,0.0,0.0,1,0.26666668
0.4651163,0.575,0.5,0.5,0,0.33333334,0.9,1.0,1,0.5,1.0,1.0,1,0.0,0.33333334,0,0.0,1.0,0,0.33333334
0.41860464,0.475,0.5,1.0,1,0.6666667,0.1,0.5,1,0.375,0.5,0.5,0,0.0,0.6666667,1,1.0,0.0,1,0.2888889
0.37209302,0.725,0.0,0.5,1,0.16666667,0.24,1.0,1,0.25,0.5,0.5,0,1.0,0.33333334,0,0.5,0.0,0,0.2888889
0.3255814,0.45,0.5,1.0,0,0.0,0.14,1.0,1,0.25,0.5,1.0,1,-1.0,0.33333334,0,0.0,0.0,0,0.22222222
0.3488372,0.35,0.5,0.0,1,0.5,0.74,0.5,1,0.0,0.0,0.0,1,1.0,0.5,0,0.5,0.0,0,0.17777778
0.25581396,0.3,0.0,0.0,1,0.33333334,0.98,1.0,1,0.0,0.0,0.5,1,1.0,0.6666667,0,0.5,1.0,0,0.15555556
0.44186047,0.2,0.5,1.0,1,0.33333334,0.9,0.5,1,0.0,0.0,0.5,1,1.0,0.6666667,0,0.0,0.0,0,0.24444444
0.20930232,0.275,0.5,1.0,1,0.33333334,0.72,0.5,1,0.125,0.5,0.0,1,-1.0,0.33333334,1,1.0,0.0,1,0.15555556
0.4651163,0.1,0.0,1.0,1,0.33333334,0.02,0.0,1,0.0,1.0,0.0,1,-1.0,0.5,0,0.5,0.5,0,0.13333334
0.44186047,0.35,0.0,0.5,1,0.33333334,0.34,1.0,1,0.0,0.5,0.5,0,-1.0,0.6666667,1,0.5,0.5,0,0.17777778
0.4651163,0.025,0.5,0.5,1,0.33333334,0.86,0.0,1,0.375,0.5,1.0,0,0.0,0.5,0,0.0,0.0,0,0.22222222
0.37209302,0.175,1.0,0.0,0,0.16666667,0.66,1.0,1,0.375,0.0,0.5,1,1.0,0.5,0,0.0,0.5,1,0.2
0.8604651,0.75,1.0,0.5,1,0.0,0.2,0.0,1,0.25,0.0,0.5,1,0.0,0.6666667,0,0.5,0.5,1,0.42222223
0.627907,0.325,0.0,0.5,1,0.0,0.46,0.5,1,0.25,1.0,1.0,1,1.0,0.33333334,0,1.0,0.0,0,0.33333334
0.27906978,0.675,0.0,0.5,0,1.0,0.08,0.0,1,0.25,0.0,0.5,1,1.0,0.33333334,0,0.0,0.5,0,0.17777778
0.4651163,0.725,0.0,0.5,0,0.5,0.52,0.5,1,0.375,1.0,0.5,1,1.0,0.33333334,0,0.0,1.0,0,0.2888889
0.3488372,0.575,0.5,1.0,1,0.8333333,0.9,0.5,1,0.25,0.0,1.0,1,0.0,0.33333334,0,0.5,0.0,1,0.31111112
0.30232558,0.95,0.5,1.0,1,0.5,0.04,1.0,1,0.125,0.5,1.0,0,-1.0,0.6666667,0,0.0,0.5,1,0.33333334
0.25581396,0.025,0.5,0.5,1,0.5,0.62,0.5,1,0.25,1.0,0.5,1,0.0,0.5,0,0.5,1.0,1,0.15555556
0.5116279,0.75,1.0,0.5,1,0.5,0.24,0.5,1,0.375,0.5,0.0,0,1.0,0.33333334,0,1.0,0.5,1,0.35555556
0.3488372,0.95,0.5,0.0,0,0.6666667,1.0,0.0,1,0.25,0.0,0.5,1,0.0,0.16666667,0,0.0,0.0,1,0.31111112
0.5813953,0.85,1.0,0.0,1,0.16666667,0.06,0.0,1,0.0,0.0,1.0,1,0.0,0.33333334,0,0.0,0.0,1,0.31111112
0.5813953,0.175,0.0,1.0,1,0.33333334,0.62,1.0,1,0.5,0.0,1.0,1,0.0,0.5,1,0.5,0.0,1,0.2888889
0.627907,0.325,0.0,0.5,1,0.5,0.26,0.0,1,0.0,0.0,0.5,1,1.0,0.33333334,0,0.0,0.0,1,0.22222222
0.3255814,0.175,0.5,1.0,1,0.0,0.88,1.0,1,0.125,0.5,0.5,0,1.0,0.8333333,0,0.0,1.0,1,0.22222222
0.5116279,0.6,0.0,0.0,1,0.8333333,0.12,0.0,0,0.125,0.5,1.0,1,1.0,0.6666667,0,0.0,0.0,0,0.22222222
0.53488374,0.7,1.0,1.0,0,0.8333333,0.42,0.5,1,0.25,1.0,1.0,1,-1.0,0.5,0,0.0,0.0,0,0.37777779
0.37209302,0.325,0.5,0.0,0,0.0,0.18,1.0,1,0.25,0.0,1.0,0,-1.0,0.6666667,0,0.0,0.5,0,0.17777778
0.3255814,0.55,0.5,1.0,1,0.33333334,0.8,1.0,0,0.25,1.0,0.5,1,1.0,0.33333334,0,0.0,0.0,1,0.2888889
0.6744186,0.7,0.5,0.5,1,0.5,0.36,0.0,1,0.125,0.5,1.0,1,1.0,0.5,0,0.5,0.0,0,0.37777779
0.4651163,0.425,0.5,0.0,1,0.6666667,0.18,0.5,1,0.375,0.0,0.5,0,1.0,0.33333334,0,0.0,0.0,1,0.24444444
0.53488374,0.85,0.0,0.5,0,0.8333333,0.72,1.0,1,0.25,0.0,0.5,1,0.0,0.5,0,0.5,0.0,0,0.35555556
0.3255814,0.775,0.5,0.0,1,0.33333334,0.82,0.0,1,0.0,0.5,0.5,1,1.0,0.5,0,0.5,0.5,0,0.26666668
0.27906978,0.075,0.5,0.5,0,1.0,0.46,0.0,1,0.25,0.0,1.0,1,-1.0,0.5,0,1.0,0.5,1,0.13333334
0.37209302,0.625,1.0,1.0,1,0.5,0.38,0.5,1,0.5,0.0,1.0,0,0.0,0.33333334,0,0.0,0.0,0,0.33333334
0.41860464,0.225,0.5,0.5,1,0.5,0.64,0.0,0,0.25,0.0,0.5,1,0.0,0.5,0,0.5,0.0,1,0.2
0.30232558,0.55,0.5,0.5,1,0.6666667,0.66,0.5,1,0.0,0.5,0.5,1,-1.0,0.33333334,0,0.0,0.5,1,0.2
0.44186047,0.95,0.0,1.0,1,0.5,0.66,0.5,0,0.0,0.0,0.5,1,0.0,0.5,0,0.0,1.0,0,0.2888889
0.20930232,0.875,1.0,0.5,0,0.5,0.28,1.0,1,0.5,0.0,0.5,0,1.0,0.5,0,1.0,0.0,1,0.33333334
0.27906978,0.4,0.0,0.5,1,1.0,0.94,1.0,1,0.5,0.0,0.0,1,0.0,0.5,0,0.5,0.5,1,0.22222222
0.53488374,0.3,1.0,1.0,0,0.5,0.22,0.5,1,0.375,0.0,0.5,0,0.0,0.33333334,0,0.0,0.0,0,0.26666668
0.53488374,0.225,0.5,0.0,1,0.33333334,0.38,0.5,1,0.0,0.0,1.0,0,0.0,0.6666667,0,0.5,0.0,1,0.22222222
0.39534885,0.525,0.0,0.5,1,0.33333334,0.28,0.5,1,0.125,0.5,0.5,1,1.0,0.6666667,0,0.0,0.5,0,0.22222222
0.30232558,0.125,0.5,1.0,1,0.8333333,0.94,0.0,1,0.375,0.0,1.0,1,1.0,0.6666667,0,0.0,0.0,0,0.22222222
0.30232558,0.55,1.0,0.0,1,0.6666667,0.82,1.0,1,0.125,0.0,0.5,1,-1.0,0.33333334,0,0.0,0.0,1,0.24444444
0.39534885,0.0,0.5,1.0,0,0.16666667,0.82,0.0,1,0.25,0.0,0.5,1,-1.0,0.6666667,1,0.0,0.0,1,0.15555556
0.53488374,0.325,0.5,0.5,1,0.16666667,0.0,0.0,1,0.125,0.0,0.5,1,-1.0,0.33333334,0,0.0,0.0,1,0.17777778
0.5813953,0.225,0.0,0.0,1,0.5,0.68,0.5,1,0.0,0.5,0.5,0,0.0,0.5,1,0.0,0.5,1,0.17777778
0.37209302,0.975,0.5,0.5,1,0.6666667,0.24,0.5,1,0.375,0.5,0.5,0,0.0,0.5,0,0.0,0.0,1,0.33333334
0.27906978,0.725,0.0,1.0,1,0.33333334,0.96,0.5,1,0.0,0.5,0.5,0,-1.0,0.6666667,0,0.0,0.0,1,0.26666668
0.4883721,0.35,1.0,1.0,0,0.0,0.54,0.0,1,0.0,1.0,0.5,0,-1.0,0.5,1,0.0,0.0,1,0.24444444
0.3255814,0.1,1.0,0.5,0,0.16666667,0.56,0.5,1,0.25,0.0,0.5,1,1.0,0.33333334,0,0.0,0.5,1,0.17777778
0.37209302,0.525,1.0,0.0,1,0.8333333,0.36,1.0,1,0.125,0.0,0.0,0,1.0,0.5,0,0.5,0.0,0,0.24444444
0.627907,0.225,0.0,0.5,0,0.6666667,0.54,0.5,1,0.375,0.5,0.5,1,0.0,0.6666667,0,0.5,0.5,0,0.26666668
0.55813956,0.525,0.5,0.5,0,0.8333333,0.74,0.0,1,0.125,0.0,1.0,0,-1.0,0.16666667,0,1.0,0.5,0,0.2888889
0.4651163,0.825,0.0,1.0,1,0.8333333,0.56,0.0,1,0.125,0.5,0.0,1,0.0,0.33333334,1,0.0,1.0,1,0.26666668
0.25581396,0.625,0.5,1.0,1,0.33333334,0.64,0.5,1,0.125,1.0,0.5,1,0.0,0.33333334,0,0.0,1.0,1,0.24444444
0.4651163,0.625,1.0,1.0,1,0.33333334,0.48,0.5,1,0.25,0.5,0.5,1,0.0,0.6666667,0,0.0,0.0,0,0.35555556
0.5813953,0.55,0.5,0.5,1,0.5,0.72,0.5,1,0.0,0.0,1.0,1,0.0,0.33333334,1,1.0,0.0,1,0.31111112
0.39534885,0.925,1.0,0.0,1,0.6666667,0.9,1.0,1,0.125,0.5,0.5,1,1.0,0.33333334,0,1.0,0.5,1,0.37777779
0.627907,0.925,1.0,0.0,1,0.8333333,0.06,0.0,1,0.0,0.0,0.5,0,-1.0,0.5,0,0.5,0.5,0,0.33333334
0.627907,0.525,0.5,0.5,1,1.0,0.1,0.5,1,0.25,0.5,0.0,0,0.0,0.5,0,0.0,0.0,1,0.2888889
0.6744186,0.3,0.5,0.5,0,0.6666667,0.68,0.5,1,0.125,0.0,1.0,0,1.0,0.16666667,0,0.0,0.0,1,0.2888889
0.4883721,0.45,0.0,1.0,1,0.6666667,0.38,1.0,1,0.25,0.0,0.5,1,-1.0,0.33333334,0,0.0,0.0,0,0.26666668
0.53488374,0.175,0.5,0.5,0,1.0,0.28,0.0,1,0.125,0.0,0.5,1,1.0,0.33333334,1,0.5,1.0,0,0.15555556
0.627907,0.625,0.5,0.0,0,0.5,0.18,0.0,1,0.125,0.0,0.5,1,0.0,0.5,0,1.0,1.0,1,0.26666668
0.5116279,0.5,1.0,0.5,0,0.8333333,0.58,0.5,1,0.125,0.5,1.0,1,-1.0,0.33333334,0,1.0,0.0,1,0.31111112
0.37209302,0.1,0.5,1.0,1,0.6666667,0.34,0.5,1,0.375,0.0,0.5,1,-1.0,0.5,0,0.5,0.0,1,0.2
0.37209302,0.2,0.5,1.0,1,0.6666667,0.5,0.5,1,0.25,0.0,1.0,0,1.0,0.5,0,0.5,0.0,0,0.24444444
0.4651163,0.475,1.0,0.0,1,0.5,0.96,1.0,1,0.25,0.0,0.5,1,1.0,0.16666667,0,0.0,0.0,1,0.31111112
0.25581396,0.9,1.0,1.0,0,0.16666667,0.76,1.0,1,0.0,0.5,0.5,0,1.0,0.33333334,0,0.5,0.5,0,0.33333334
0.41860464,0.575,1.0,0.5,0,0.6666667,0.8,0.0,1,0.375,0.0,0.5,1,1.0,0.5,0,0.5,0.5,0,0.31111112
0.60465115,0.675,0.5,0.5,1,0.6666667,0.12,0.5,1,0.375,0.5,1.0,1,0.0,0.5,0,1.0,0.0,1,0.37777779
0.13953489,0.35,0.5,0.5,1,0.33333334,0.32,0.0,1,0.125,0.0,1.0,0,1.0,0.33333334,0,0.0,0.0,0,0.13333334
0.6511628,0.575,0.5,0.5,0,0.5,0.1,1.0,1,0.25,0.0,0.0,0,-1.0,0.6666667,0,0.0,0.0,0,0.2888889
0.60465115,0.45,0.5,0.5,0,0.33333334,0.96,0.0,1,0.125,0.5,0.5,1,1.0,0.5,0,0.0,1.0,1,0.2888889
0.37209302,0.65,0.0,0.5,0,0.33333334,0.68,1.0,1,0.0,0.5,0.5,0,0.0,0.5,0,0.0,0.0,0,0.24444444
0.5116279,0.05,0.5,0.5,0,0.33333334,0.02,0.5,1,0.625,1.0,0.5,1,-1.0,0.33333334,0,0.5,0.0,1,0.22222222
0.44186047,0.5,1.0,0.0,1,0.16666667,0.48,0.5,1,0.25,0.0,0.0,1,-1.0,0.6666667,0,0.5,0.5,0,0.24444444
0.60465115,0.3,0.5,0.5,0,0.33333334,0.26,0.5,1,0.125,1.0,0.5,0,-1.0,0.8333333,0,0.5,0.5,0,0.26666668
0.5813953,0.325,0.5,1.0,0,0.6666667,0.54,0.5,1,0.0,0.5,1.0,0,1.0,0.33333334,0,0.5,1.0,1,0.2888889
0.25581396,0.95,0.0,0.5,0,0.8333333,0.18,0.0,1,0.125,1.0,0.5,1,0.0,0.33333334,0,1.0,0.0,0,0.26666668
0.53488374,0.175,0.0,0.5,1,1.0,0.06,0.5,1,0.0,0.5,0.5,1,1.0,0.5,1,0.5,0.0,0,0.17777778
0.41860464,0.3,0.5,0.0,0,0.33333334,0.32,0.5,1,0.0,0.5,1.0,0,0.0,0.33333334,0,1.0,0.0,1,0.2
0.44186047,0.5,0.5,0.0,0,0.8333333,0.3,1.0,1,0.125,0.5,0.5,0,1.0,0.5,0,0.5,1.0,1,0.24444444
0.3488372,0.875,1.0,0.5,1,0.6666667,0.72,0.5,1,0.0,0.0,0.0,1,1.0,0.6666667,0,0.0,0.5,1,0.31111112
0.6744186,0.425,0.5,0.0,1,0.5,0.48,0.5,1,0.375,1.0,0.5,0,0.0,0.5,0,1.0,0.5,1,0.33333334
0.5813953,0.75,0.5,0.5,0,0.6666667,0.3,1.0,1,0.375,0.5,1.0,0,1.0,0.33333334,0,0.0,0.0,0,0.37777779
0.3488372,0.85,0.5,1.0,0,0.8333333,0.58,1.0,1,0.25,1.0,0.5,1,1.0,0.8333333,0,0.0,0.5,0,0.35555556
0.25581396,0.3,0.5,0.5,1,0.33333334,0.08,0.0,1,0.375,0.0,0.5,1,1.0,0.33333334,0,1.0,0.0,1,0.17777778
0.39534885,0.4,1.0,1.0,0,0.33333334,0.66,0.5,1,0.125,1.0,0.5,1,0.0,0.6666667,0,0.0,0.0,1,0.2888889
0.5116279,0.35,0.5,1.0,1,0.33333334,0.14,0.0,0,0.125,1.0,1.0,0,0.0,0.5,0,0.5,0.0,1,0.26666668
0.4651163,0.825,0.5,0.0,0,0.33333334,0.28,0.5,1,0.25,0.0,0.5,1,1.0,0.6666667,0,1.0,0.5,1,0.31111112
0.627907,0.05,0.5,0.5,0,0.8333333,0.28,1.0,1,0.125,0.0,0.5,0,-1.0,0.33333334,0,1.0,0.0,1,0.22222222
0.55813956,0.3,1.0,0.0,1,0.33333334,0.46,1.0,1,0.5,0.5,1.0,1,0.0,0.6666667,0,0.5,0.5,1,0.31111112
0.5813953,0.675,0.5,0.5,0,0.33333334,0.96,1.0,1,0.0,0.5,1.0,1,-1.0,0.6666667,0,0.5,0.5,1,0.35555556
0.4883721,0.575,0.5,0.0,1,0.5,0.32,0.5,1,0.25,0.5,0.5,0,0.0,0.5,0,0.0,0.0,0,0.26666668
0.25581396,0.425,0.0,0.5,0,0.5,0.28,0.0,1,0.25,1.0,1.0,1,1.0,0.6666667,0,0.5,0.5,0,0.2
0.41860464,0.55,1.0,0.5,1,0.33333334,0.16,0.0,1,0.25,0.5,1.0,0,1.0,0.5,0,0.5,0.0,0,0.2888889
0.5813953,0.2,1.0,0.0,1,1.0,0.4,0.5,1,0.125,0.0,0.5,1,1.0,0.5,0,0.5,0.0,1,0.26666668
0.44186047,0.425,0.0,0.0,0,0.33333334,0.18,0.0,1,0.125,1.0,0.5,1,-1.0,0.33333334,0,0.0,0.5,0,0.15555556
0.5116279,0.5,1.0,0.5,0,0.5,0.14,0.0,1,0.25,0.5,1.0,1,-1.0,0.33333334,0,1.0,0.5,0,0.2888889
0.39534885,0.9,0.5,0.5,1,0.0,0.86,0.5,1,0.0,0.5,1.0,1,1.0,0.6666667,0,0.5,0.0,0,0.37777779
0.30232558,0.25,0.5,1.0,1,0.5,0.06,0.0,1,0.0,0.5,0.5,1,-1.0,0.5,0,0.0,0.5,1,0.13333334
0.41860464,0.875,0.0,0.0,1,0.16666667,0.72,0.5,1,0.0,1.0,0.5,1,-1.0,0.6666667,0,0.0,0.5,1,0.26666668
0.4883721,0.65,1.0,0.5,0,0.33333334,0.2,1.0,1,0.0,1.0,1.0,1,0.0,0.5,0,1.0,0.0,1,0.33333334
0.3488372,0.025,0.0,0.5,1,0.0,0.02,0.0,1,0.125,0.0,0.5,1,0.0,0.5,0,0.0,0.0,1,0.08888889
0.41860464,0.725,1.0,0.5,1,0.33333334,0.8,1.0,1,0.0,0.0,1.0,0,-1.0,0.6666667,0,0.5,0.5,0,0.33333334
0.30232558,0.025,0.0,0.5,0,0.5,0.7,1.0,1,0.125,0.0,0.5,1,0.0,0.16666667,0,0.0,0.0,0,0.11111111
0.60465115,1.0,1.0,0.5,0,0.5,0.34,0.5,1,0.125,1.0,1.0,1,0.0,0.5,0,0.5,0.5,1,0.42222223
0.39534885,0.875,0.0,1.0,1,0.33333334,0.08,1.0,1,0.0,0.5,1.0,0,-1.0,0.5,0,0.5,0.5,1,0.2888889
0.6511628,0.3,0.5,0.5,0,0.5,0.36,0.0,1,0.0,0.0,0.5,1,1.0,0.5,0,0.5,0.0,0,0.26666668
0.6511628,0.25,0.5,0.0,0,0.33333334,0.18,1.0,1,0.25,0.5,0.5,0,0.0,0.6666667,0,1.0,1.0,1,0.26666668
0.44186047,0.375,0.0,0.5,1,0.5,0.94,1.0,1,0.0,0.5,0.5,1,0.0,0.33333334,0,0.5,0.0,0,0.24444444
0.30232558,0.35,0.5,0.5,0,0.5,0.52,1.0,1,0.125,0.0,1.0,1,0.0,0.33333334,0,0.0,1.0,0,0.17777778
0.13953489,0.375,0.5,0.5,0,0.5,0.96,0.0,0,0.125,0.0,1.0,1,1.0,0.5,0,0.5,0.0,1,0.15555556
0.23255815,0.325,1.0,0.0,1,0.5,0.36,1.0,1,0.375,0.0,1.0,0,0.0,0.5,0,0.5,0.5,0,0.2
0.25581396,0.625,0.5,0.5,1,0.33333334,0.56,1.0,1,0.375,0.5,0.5,1,0.0,0.6666667,0,0.5,0.0,1,0.2888889
0.627907,0.175,0.5,0.5,0,0.6666667,0.2,1.0,1,0.0,0.5,0.5,1,1.0,0.5,0,0.0,0.5,0,0.22222222
0.4651163,0.85,0.5,0.0,1,0.6666667,0.8,0.0,1,0.125,0.5,0.5,1,1.0,0.6666667,0,1.0,0.0,0,0.35555556
0.4883721,0.8,0.5,0.5,1,0.5,0.04,0.0,0,0.125,0.5,0.5,0,-1.0,0.5,0,1.0,0.0,0,0.2888889
0.13953489,0.475,0.0,1.0,1,0.8333333,0.7,0.5,1,0.0,0.5,0.5,1,-1.0,0.33333334,0,0.0,0.0,1,0.15555556
0.27906978,0.85,1.0,1.0,1,0.5,0.4,0.5,1,0.125,0.5,0.5,0,-1.0,0.5,0,0.0,0.5,1,0.2888889
0.55813956,0.25,0.5,0.5,1,0.5,0.58,0.0,1,0.375,1.0,0.5,1,0.0,0.5,0,0.0,0.0,1,0.2888889
0.4883721,0.025,1.0,0.5,1,0.5,0.6,1.0,1,0.375,0.5,1.0,1,0.0,0.5,0,1.0,0.5,1,0.26666668
0.41860464,0.625,0.5,0.5,1,0.5,0.72,0.5,1,0.0,0.0,0.5,1,1.0,0.33333334,0,0.5,0.5,0,0.26666668
0.5116279,0.45,1.0,1.0,1,0.33333334,0.2,0.5,1,0.25,1.0,1.0,1,1.0,0.6666667,0,0.0,1.0,1,0.33333334
0.6744186,0.575,0.0,0.5,1,0.0,0.54,0.5,1,0.0,0.0,0.5,1,0.0,0.6666667,0,0.0,0.0,0,0.31111112
0.41860464,0.9,0.0,0.5,0,0.5,0.42,0.5,1,0.25,0.0,1.0,0,1.0,0.5,0,1.0,0.5,1,0.33333334
0.44186047,0.975,0.5,0.0,0,0.6666667,0.28,0.0,1,0.125,1.0,0.5,1,1.0,0.33333334,0,0.0,0.0,1,0.31111112
0.4651163,0.625,1.0,0.5,1,0.16666667,0.5,0.0,1,0.125,1.0,1.0,1,1.0,0.33333334,0,0.0,0.5,0,0.33333334
0.76744187,0.775,0.5,0.0,0,0.8333333,0.96,0.5,1,0.0,0.5,0.5,1,0.0,0.6666667,0,0.0,0.5,1,0.37777779
0.13953489,0.075,0.0,0.5,0,0.16666667,0.94,0.5,1,0.125,0.0,0.5,1,0.0,0.33333334,0,0.0,0.0,0,0.08888889
0.53488374,0.15,0.5,0.5,0,0.33333334,0.28,0.5,0,0.0,0.5,1.0,1,0.0,0.6666667,0,0.0,0.0,1,0.2
0.41860464,0.725,1.0,1.0,1,1.0,0.88,0.5,1,0.0,1.0,0.5,0,0.0,0.16666667,0,0.5,0.0,0,0.37777779
0.5116279,0.425,0.0,1.0,1,0.6666667,0.88,0.5,1,0.0,1.0,0.5,0,1.0,0.5,0,1.0,0.0,1,0.33333334
0.3488372,0.45,0.0,1.0,0,0.5,0.24,0.5,1,0.0,1.0,1.0,1,-1.0,0.16666667,0,0.0,1.0,0,0.17777778
0.44186047,0.3,1.0,0.5,1,0.5,0.6,0.5,1,0.125,0.0,1.0,0,-1.0,0.5,0,0.5,0.0,1,0.24444444
0.53488374,0.6,1.0,1.0,0,0.8333333,0.86,0.5,1,0.375,1.0,0.5,1,0.0,0.6666667,0,0.0,1.0,1,0.37777779
0.88372093,0.175,1.0,1.0,1,0.16666667,0.52,0.5,0,0.25,0.5,0.5,0,-1.0,0.6666667,0,0.0,0.0,0,0.35555556
0.55813956,0.625,1.0,1.0,0,0.8333333,0.36,0.5,1,0.125,1.0,0.5,1,-1.0,0.5,0,1.0,1.0,0,0.35555556
0.3255814,0.175,0.0,0.5,1,0.33333334,0.66,0.0,1,0.375,0.5,0.0,1,1.0,0.5,0,0.0,0.5,1,0.15555556
0.37209302,0.075,0.5,0.5,1,0.6666667,0.18,0.5,1,0.125,0.0,1.0,1,1.0,0.16666667,0,1.0,0.5,1,0.15555556
0.37209302,0.325,0.5,0.0,0,0.33333334,0.16,0.5,1,0.5,0.5,0.5,1,1.0,0.16666667,0,0.5,0.0,1,0.2
0.18604651,0.225,1.0,1.0,1,1.0,0.84,0.5,1,0.25,0.0,0.5,0,0.0,0.5,0,1.0,0.0,1,0.22222222
0.39534885,0.9,1.0,0.0,1,0.5,0.04,0.0,1,0.125,0.0,0.5,0,0.0,0.6666667,0,0.5,0.0,0,0.2888889
0.53488374,0.05,1.0,0.5,1,0.16666667,0.8,0.0,1,0.0,1.0,0.5,0,1.0,0.5,0,0.5,0.0,1,0.26666668
0.25581396,0.175,0.5,0.5,1,0.6666667,0.3,0.0,1,0.125,1.0,0.5,1,0.0,0.5,0,0.0,0.5,1,0.13333334
0.5813953,0.55,0.0,0.0,1,0.8333333,0.48,1.0,1,0.25,0.5,0.5,1,-1.0,0.8333333,0,0.0,0.5,0,0.2888889
0.5116279,0.475,0.5,1.0,0,0.8333333,0.54,0.5,1,0.125,0.0,1.0,1,0.0,0.5,0,0.0,0.0,1,0.2888889
0.3488372,0.05,0.5,0.5,0,0.5,0.76,0.5,1,0.125,0.0,1.0,1,0.0,0.16666667,0,0.0,0.0,0,0.15555556
0.41860464,0.0,0.5,0.0,0,0.6666667,0.88,1.0,1,0.125,0.0,0.0,0,0.0,0.5,0,0.0,0.0,0,0.15555556
0.6744186,1.0,1.0,1.0,1,0.33333334,0.8,0.0,1,0.0,0.5,0.0,1,1.0,0.33333334,1,0.0,0.0,1,0.42222223
0.53488374,0.65,0.5,0.5,1,0.6666667,0.58,0.5,0,0.0,0.0,0.5,1,0.0,0.6666667,0,0.0,0.0,0,0.2888889
0.44186047,0.375,0.0,1.0,0,0.6666667,0.34,0.5,1,0.125,1.0,0.0,1,1.0,0.6666667,0,0.5,0.5,1,0.24444444
0.41860464,0.475,0.5,0.5,0,0.0,0.52,1.0,1,0.125,0.5,0.5,0,0.0,0.5,0,0.0,0.0,1,0.26666668
0.44186047,0.275,1.0,0.5,0,0.16666667,0.04,1.0,1,0.125,0.5,1.0,1,0.0,0.5,0,0.0,0.5,1,0.22222222
0.37209302,0.35,0.5,0.5,1,0.5,0.24,0.5,1,0.25,1.0,0.5,1,1.0,0.6666667,0,0.0,0.0,1,0.24444444
0.13953489,0.65,1.0,0.5,0,0.5,0.36,0.5,1,0.625,0.0,0.5,1,1.0,0.6666667,0,1.0,0.5,1,0.26666668
0.7209302,0.875,0.5,0.5,1,0.5,0.32,1.0,1,0.625,1.0,0.5,0,-1.0,0.5,0,0.5,0.0,1,0.46666667
0.4651163,0.175,0.0,1.0,1,0.5,0.1,1.0,1,0.25,1.0,1.0,0,1.0,0.5,0,0.0,0.5,0,0.24444444
0.4883721,0.85,0.0,0.0,0,0.8333333,0.06,1.0,1,0.125,0.5,1.0,1,0.0,0.5,0,0.5,0.0,0,0.2888889
0.44186047,0.125,1.0,0.5,1,0.6666667,0.42,0.0,1,0.25,0.0,0.5,0,0.0,0.5,1,0.5,0.0,0,0.17777778
0.3488372,0.225,0.5,1.0,1,0.0,0.08,0.5,1,0.5,0.0,0.0,1,1.0,0.6666667,0,0.5,0.0,0,0.22222222
0.41860464,0.025,1.0,0.5,0,1.0,0.28,0.5,1,0.375,0.0,0.5,1,1.0,0.5,0,0.0,0.5,1,0.17777778
0.20930232,0.15,0.5,0.5,0,0.0,0.48,0.0,1,0.25,0.0,0.5,1,-1.0,0.33333334,0,0.0,0.5,1,0.08888889
0.76744187,0.925,0.5,0.5,0,0.6666667,0.2,0.5,1,0.25,0.5,0.5,0,0.0,0.6666667,0,0.0,0.0,1,0.42222223
0.27906978,0.45,0.5,0.0,1,0.16666667,0.08,0.0,1,0.25,0.0,1.0,1,1.0,0.5,1,0.5,0.0,1,0.15555556
0.30232558,0.075,0.0,0.0,1,0.8333333,0.44,0.5,1,0.375,0.0,0.0,1,1.0,0.6666667,1,0.0,0.0,0,0.08888889
0.37209302,0.95,0.5,1.0,1,0.5,0.44,1.0,1,0.0,0.0,0.5,1,1.0,0.5,0,0.0,0.0,1,0.35555556
0.627907,0.875,0.5,0.5,0,0.6666667,0.92,0.5,1,0.125,0.5,0.5,1,0.0,0.5,0,1.0,0.5,1,0.4
0.44186047,0.75,1.0,0.5,1,0.0,0.12,0.5,1,0.0,0.0,1.0,0,1.0,0.16666667,0,0.0,0.5,1,0.2888889
0.27906978,0.925,0.5,0.5,1,0.6666667,0.62,0.5,1,0.375,0.0,0.5,1,0.0,0.16666667,0,0.0,1.0,1,0.2888889
0.627907,0.225,0.5,0.5,1,0.6666667,0.32,0.5,1,0.0,0.0,0.5,1,1.0,1.0,0,0.5,1.0,1,0.24444444
0.53488374,0.825,0.0,1.0,1,0.6666667,0.12,0.5,1,0.125,0.0,0.5,1,0.0,0.5,0,0.5,0.5,1,0.31111112
0.5116279,0.7,0.5,0.5,0,0.6666667,0.4,0.5,1,0.25,0.5,1.0,1,0.0,0.6666667,0,0.0,0.0,0,0.33333334
0.53488374,0.875,0.5,1.0,1,0.5,0.42,1.0,1,0.125,0.5,1.0,1,1.0,0.5,0,0.0,0.0,1,0.42222223
0.76744187,0.8,1.0,0.5,0,0.5,0.36,0.0,1,0.0,0.5,1.0,1,1.0,0.8333333,0,0.5,0.0,0,0.44444445
0.74418604,0.35,0.5,0.5,1,0.33333334,0.76,0.5,1,0.25,0.5,0.5,0,0.0,0.5,0,0.5,0.0,1,0.35555556
0.3488372,0.775,1.0,1.0,1,0.33333334,0.84,0.0,1,0.25,0.0,1.0,0,1.0,0.5,0,0.0,0.5,1,0.35555556
0.6744186,0.25,0.5,0.5,0,0.8333333,0.14,0.5,1,0.125,0.0,0.5,1,-1.0,0.6666667,0,0.5,1.0,0,0.22222222
0.4883721,0.325,0.0,0.5,0,0.33333334,0.16,1.0,1,0.125,0.5,0.5,0,1.0,0.5,0,1.0,0.5,1,0.22222222
0.5116279,0.1,0.5,1.0,0,0.0,0.42,0.0,1,0.25,0.5,0.5,1,-1.0,0.16666667,0,1.0,0.0,1,0.22222222
0.20930232,0.925,0.5,0.5,0,0.33333334,0.32,0.5,1,0.25,0.0,0.5,1,0.0,0.33333334,0,1.0,0.0,0,0.26666668
0.41860464,0.3,0.5,0.5,1,0.6666667,0.82,1.0,1,0.125,0.0,0.5,0,1.0,0.6666667,0,0.0,0.5,1,0.26666668
0.3255814,0.525,0.5,0.5,1,0.5,1.0,0.5,1,0.125,0.0,0.5,1,0.0,0.5,0,1.0,0.5,1,0.26666668
0.55813956,0.4,1.0,1.0,1,0.6666667,0.18,0.5,1,0.5,0.5,0.5,0,0.0,0.6666667,0,0.5,0.0,0,0.35555556
0.5813953,0.95,1.0,0.0,0,0.0,0.76,0.0,1,0.125,0.5,1.0,1,0.0,0.16666667,0,0.5,0.5,0,0.37777779
0.1627907,0.325,0.5,1.0,1,0.0,0.6,0.0,1,0.0,0.0,1.0,1,0.0,0.6666667,0,0.5,0.5,1,0.15555556
0.44186047,0.775,1.0,0.0,1,0.5,0.64,0.5,1,0.0,0.5,0.5,1,0.0,0.6666667,0,0.5,0.0,1,0.33333334
0.60465115,0.85,0.5,1.0,0,0.8333333,0.26,1.0,1,0.0,0.0,0.5,1,0.0,0.6666667,0,0.5,0.0,0,0.37777779
0.41860464,0.425,0.0,0.5,1,0.0,0.1,0.5,1,0.0,0.5,0.0,1,1.0,0.6666667,0,0.5,0.5,1,0.2
0.53488374,0.375,1.0,0.0,1,0.6666667,0.54,1.0,1,0.125,0.0,0.5,0,-1.0,0.16666667,0,0.5,0.5,1,0.24444444
0.4883721,0.75,0.0,0.5,1,0.8333333,0.62,0.5,1,0.0,0.5,0.5,1,0.0,0.6666667,0,0.0,0.0,1,0.31111112
0.4883721,0.925,1.0,0.5,0,0.5,0.96,1.0,1,0.0,0.5,0.5,1,-1.0,0.0,0,0.5,0.5,0,0.35555556
0.39534885,0.75,0.5,0.0,0,0.6666667,0.68,1.0,1,0.25,0.0,1.0,0,1.0,0.5,0,0.0,0.5,1,0.2888889
0.27906978,0.225,0.5,0.5,1,0.5,0.44,0.0,1,0.25,1.0,0.5,1,1.0,0.33333334,0,0.0,0.5,0,0.17777778
0.27906978,0.9,0.5,1.0,1,0.5,1.0,0.5,0,0.5,0.5,1.0,1,-1.0,0.5,0,0.0,0.0,1,0.35555556
0.53488374,0.4,1.0,0.0,1,0.6666667,0.38,0.0,1,0.375,0.0,0.5,0,-1.0,0.16666667,0,0.0,0.0,1,0.22222222
0.44186047,0.575,0.0,1.0,1,1.0,0.16,0.5,1,0.0,0.0,1.0,1,0.0,0.16666667,0,0.0,0.0,0,0.24444444
0.41860464,0.825,0.0,0.0,1,0.33333334,0.62,0.5,1,0.25,1.0,0.5,0,1.0,0.5,1,0.5,0.5,0,0.2888889
0.37209302,0.2,0.5,0.5,1,0.5,0.26,0.5,0,0.0,0.0,0.5,1,0.0,0.5,0,0.0,0.5,1,0.13333334
0.39534885,0.775,0.0,1.0,0,0.33333334,0.92,0.5,1,0.25,0.0,0.5,0,1.0,0.5,0,1.0,0.0,1,0.35555556
0.5813953,0.6,0.5,1.0,1,0.5,0.42,0.5,1,0.0,0.5,0.5,1,0.0,0.33333334,0,0.0,0.0,0,0.33333334
0.39534885,0.9,1.0,0.0,0,0.5,0.14,0.0,1,0.125,0.0,0.5,1,-1.0,0.5,0,0.0,0.5,0,0.24444444
0.25581396,0.175,1.0,0.5,1,0.8333333,0.14,0.0,1,0.0,0.0,0.5,0,1.0,0.33333334,0,0.5,0.5,1,0.13333334
0.53488374,0.425,1.0,0.0,1,0.8333333,0.64,0.0,1,0.125,0.5,0.5,0,0.0,0.33333334,0,0.0,0.0,1,0.26666668
0.41860464,0.825,1.0,0.5,1,0.6666667,0.36,0.5,1,0.125,1.0,1.0,1,1.0,0.5,0,1.0,0.0,0,0.37777779
0.44186047,0.025,1.0,1.0,0,0.8333333,0.36,0.5,1,0.125,1.0,0.0,0,1.0,0.5,0,0.0,0.0,0,0.22222222
0.6744186,0.1,1.0,0.5,0,0.33333334,0.62,0.0,1,0.375,0.5,0.5,1,-1.0,0.33333334,0,0.5,0.0,0,0.2888889
0.44186047,1.0,0.0,0.5,1,0.33333334,0.22,1.0,0,0.375,0.5,0.5,1,1.0,0.6666667,0,0.5,1.0,1,0.33333334
0.4883721,0.275,0.5,0.0,1,0.6666667,0.14,0.5,1,0.125,0.0,1.0,1,-1.0,0.6666667,0,0.0,0.5,1,0.17777778
0.27906978,0.975,1.0,0.0,0,0.5,0.66,0.5,1,0.125,0.5,0.5,1,0.0,0.6666667,0,1.0,1.0,0,0.31111112
0.41860464,0.175,0.5,0.0,0,1.0,0.0,0.5,1,0.0,1.0,0.5,1,1.0,0.5,0,0.0,0.0,1,0.15555556
0.53488374,0.35,1.0,1.0,0,0.0,0.9,1.0,1,0.125,1.0,0.5,1,0.0,0.6666667,0,1.0,0.5,0,0.35555556
0.23255815,0.75,0.0,0.0,1,0.6666667,0.18,0.0,1,0.125,0.0,1.0,1,1.0,0.6666667,0,0.0,0.0,1,0.2
0.4651163,0.65,1.0,0.5,0,0.6666667,0.44,0.5,1,0.0,1.0,1.0,1,1.0,0.5,0,0.0,0.5,1,0.31111112
0.4651163,0.575,0.5,1.0,1,0.33333334,0.22,1.0,1,0.25,0.0,1.0,1,1.0,0.5,0,1.0,0.0,1,0.35555556
0.44186047,0.525,0.0,0.5,1,0.33333334,0.22,0.0,0,0.0,0.0,0.5,1,1.0,0.6666667,1,0.0,0.0,0,0.17777778
0.5813953,0.85,0.0,1.0,1,0.33333334,0.84,0.0,1,0.125,0.0,1.0,1,0.0,0.5,0,0.0,0.0,0,0.37777779
0.4883721,0.225,0.5,0.5,1,0.16666667,0.58,0.5,1,0.125,0.0,0.0,1,1.0,0.5,0,0.5,0.0,1,0.24444444
0.6511628,0.45,1.0,0.5,1,0.8333333,0.32,0.5,1,0.25,0.0,0.5,1,0.0,0.6666667,0,0.0,0.5,1,0.31111112
0.30232558,0.15,0.5,0.5,1,1.0,0.26,0.0,1,0.0,0.0,0.5,1,1.0,0.5,0,0.0,0.5,1,0.11111111
0.4651163,0.6,1.0,1.0,1,0.33333334,0.22,0.0,1,0.125,0.5,1.0,0,-1.0,0.6666667,0,0.0,0.5,0,0.2888889
0.4651163,0.25,0.5,1.0,0,0.33333334,0.56,0.5,1,0.375,0.5,0.0,1,0.0,0.33333334,0,0.5,1.0,1,0.22222222
0.30232558,0.325,1.0,0.5,0,0.16666667,0.74,1.0,1,0.25,0.5,0.5,1,1.0,0.6666667,0,0.5,0.0,0,0.26666668
0.5813953,0.475,0.5,0.0,1,0.16666667,0.26,0.5,1,0.0,0.0,0.5,1,1.0,0.33333334,0,0.0,0.0,1,0.24444444
0.76744187,0.025,0.5,0.5,1,0.33333334,0.34,1.0,1,0.125,1.0,0.5,0,0.0,0.33333334,0,1.0,0.5,1,0.2888889
0.44186047,0.1,0.0,0.5,1,0.8333333,0.72,0.5,1,0.0,0.0,1.0,0,-1.0,0.6666667,0,0.0,0.0,0,0.17777778
0.5116279,0.675,1.0,1.0,1,1.0,0.74,0.5,1,0.125,0.5,0.5,0,1.0,0.5,0,0.5,0.0,1,0.4
0.4651163,0.425,0.5,0.5,1,0.33333334,0.2,0.5,1,0.125,0.5,0.5,0,0.0,0.5,0,0.5,0.5,1,0.24444444
0.3488372,0.875,0.0,0.5,1,0.33333334,0.38,0.0,1,0.25,0.0,1.0,1,0.0,0.5,1,0.5,0.0,1,0.26666668
0.18604651,0.7,0.0,0.5,1,0.16666667,0.86,0.0,1,0.25,0.5,0.5,1,0.0,0.6666667,0,1.0,0.0,1,0.24444444
0.3488372,0.0,0.5,0.0,0,0.6666667,0.74,0.0,1,0.0,0.0,0.0,1,1.0,0.8333333,0,0.0,0.0,1,0.11111111
0.25581396,0.625,1.0,1.0,0,0.6666667,0.16,0.0,1,0.125,0.0,1.0,1,1.0,0.5,0,1.0,0.0,1,0.26666668
0.6744186,0.1,0.5,0.5,0,0.5,0.38,0.5,1,0.375,1.0,0.0,1,-1.0,0.6666667,0,0.0,0.0,0,0.26666668
0.41860464,0.775,0.5,0.5,1,0.33333334,0.98,1.0,1,0.0,0.5,0.5,1,0.0,0.33333334,0,0.0,0.0,0,0.33333334
0.39534885,1.0,1.0,0.0,0,0.8333333,0.52,0.0,1,0.125,0.0,0.5,1,1.0,0.33333334,0,0.0,0.0,0,0.31111112
0.55813956,0.525,0.5,0.0,1,0.6666667,0.72,0.5,1,0.125,0.0,0.5,1,-1.0,0.5,0,1.0,0.0,1,0.2888889
0.27906978,0.675,1.0,0.0,1,0.6666667,0.1,1.0,1,0.125,1.0,1.0,0,1.0,0.5,0,0.0,0.0,0,0.26666668
0.3255814,0.225,0.5,1.0,0,0.6666667,0.84,0.0,1,0.0,0.0,0.5,1,0.0,0.16666667,0,0.5,0.5,1,0.17777778
0.44186047,0.45,1.0,0.5,0,0.5,0.6,1.0,1,0.25,1.0,0.5,1,1.0,0.5,0,0.5,0.0,1,0.33333334
0.5813953,0.85,0.0,0.5,0,0.33333334,0.18,1.0,1,0.5,0.0,0.5,1,0.0,0.5,0,0.0,0.0,0,0.35555556
0.5116279,0.175,1.0,1.0,1,0.6666667,0.38,0.0,1,0.125,1.0,0.5,1,0.0,0.33333334,0,0.0,0.0,0,0.26666668
0.4651163,0.275,0.5,0.5,0,0.6666667,0.08,1.0,1,0.125,0.5,0.5,0,0.0,0.5,0,0.0,0.0,1,0.2
0.44186047,0.45,0.0,0.5,0,0.6666667,0.78,1.0,0,0.0,0.5,0.5,0,0.0,0.6666667,0,0.5,0.0,0,0.24444444
0.4883721,0.7,0.5,0.5,1,0.16666667,0.74,0.0,1,0.125,0.0,1.0,1,0.0,0.5,0,1.0,0.0,1,0.33333334
0.4651163,0.375,0.5,0.0,1,0.6666667,0.5,1.0,1,0.125,0.5,0.5,0,-1.0,0.33333334,0,0.0,0.5,1,0.22222222
0.30232558,0.925,0.0,0.5,1,0.5,0.46,0.5,1,0.25,0.5,0.0,1,1.0,0.5,0,0.5,0.5,1,0.2888889
0.44186047,0.1,0.5,0.0,1,0.33333334,0.46,1.0,1,0.375,0.5,1.0,1,-1.0,0.8333333,0,1.0,1.0,0,0.22222222
0.30232558,0.375,1.0,0.5,0,0.6666667,0.04,0.5,1,0.375,0.5,0.5,1,0.0,0.16666667,0,1.0,0.0,1,0.22222222
0.44186047,0.7,0.5,0.5,1,0.5,0.36,0.5,1,0.0,0.0,1.0,1,1.0,0.6666667,0,0.5,0.0,0,0.31111112
0.37209302,0.225,0.5,0.5,0,1.0,0.12,0.5,1,0.125,0.5,0.5,1,0.0,0.6666667,0,0.0,0.0,0,0.17777778
0.7906977,0.65,0.0,0.5,0,0.6666667,0.18,0.5,1,0.25,0.0,0.0,1,1.0,0.33333334,0,0.5,0.5,0,0.33333334
0.44186047,0.175,0.0,0.0,1,0.5,0.96,0.5,1,0.125,0.5,0.5,1,0.0,0.6666667,0,0.5,0.0,1,0.2
0.25581396,0.05,0.5,1.0,1,0.5,0.26,1.0,1,0.125,1.0,0.5,1,0.0,0.6666667,0,0.0,0.0,0,0.15555556
0.41860464,0.125,1.0,1.0,1,0.16666667,0.48,0.5,1,0.125,0.0,0.5,0,1.0,0.5,0,0.0,0.0,0,0.24444444
0.5116279,0.925,1.0,0.0,1,0.8333333,0.88,1.0,1,0.25,0.0,0.5,1,1.0,0.5,0,0.0,0.5,1,0.4
0.6744186,0.55,0.5,1.0,1,0.5,0.42,0.5,1,0.375,0.0,1.0,1,0.0,0.5,0,1.0,1.0,0,0.37777779
0.3488372,0.8,0.5,0.5,1,0.5,0.52,1.0,0,0.0,1.0,0.5,0,0.0,0.33333334,0,1.0,1.0,1,0.2888889
0.23255815,0.325,0.5,1.0,0,0.16666667,0.16,0.5,0,0.0,0.5,0.5,0,1.0,0.6666667,0,0.5,0.0,1,0.15555556
0.55813956,0.6,0.5,0.0,0,0.6666667,0.28,0.5,1,0.25,0.0,0.5,0,0.0,0.6666667,0,0.0,0.0,1,0.26666668
0.25581396,0.5,0.5,0.0,0,0.33333334,0.5,0.5,1,0.125,0.0,1.0,1,-1.0,0.6666667,0,0.0,0.5,1,0.15555556
0.37209302,0.95,1.0,1.0,0,0.33333334,0.36,0.5,1,0.25,0.5,0.5,1,1.0,0.5,0,0.0,0.0,1,0.37777779
0.39534885,0.75,0.0,1.0,0,0.5,0.04,1.0,1,0.25,0.5,1.0,1,-1.0,0.33333334,0,0.0,0.0,1,0.26666668
0.44186047,0.725,1.0,0.5,1,0.33333334,0.4,0.0,1,0.125,0.0,0.5,0,1.0,0.5,0,0.0,0.5,0,0.2888889
0.53488374,0.05,0.0,1.0,1,0.33333334,0.82,0.5,1,0.25,0.5,0.5,1,0.0,0.5,0,0.0,0.5,0,0.22222222
0.3488372,0.55,0.5,0.5,0,0.5,0.12,0.0,1,0.0,1.0,1.0,0,-1.0,0.16666667,1,0.0,1.0,0,0.53333336
0.39534885,0.475,1.0,0.0,0,0.8333333,0.02,1.0,1,0.25,0.5,0.5,0,1.0,0.5,0,0.0,0.0,1,0.24444444
0.44186047,0.925,0.5,0.5,1,0.6666667,0.12,0.0,1,0.125,0.0,0.5,0,0.0,0.33333334,0,0.0,0.0,0,0.2888889
0.4651163,0.25,0.0,0.0,1,0.6666667,0.68,0.5,1,0.125,1.0,1.0,1,1.0,0.5,1,1.0,0.0,1,0.22222222
0.4651163,0.275,0.5,1.0,1,0.6666667,0.8,0.5,1,0.375,0.0,0.5,1,0.0,0.6666667,0,0.0,0.5,0,0.26666668
0.5116279,0.4,0.5,1.0,1,0.33333334,0.04,0.0,1,0.375,0.5,0.5,1,0.0,0.6666667,0,0.5,0.5,1,0.26666668
0.55813956,0.25,0.0,0.5,1,0.8333333,0.88,0.5,1,0.125,0.5,0.5,1,0.0,0.6666667,0,0.0,0.5,1,0.26666668
0.4883721,0.125,0.5,0.5,1,0.0,0.62,1.0,1,0.625,0.5,0.5,1,1.0,0.6666667,0,0.5,1.0,0,0.2888889
0.5116279,0.85,0.5,1.0,0,0.6666667,0.52,0.0,1,0.375,0.5,0.5,1,1.0,0.5,0,0.0,0.5,1,0.37777779
0.23255815,0.55,1.0,0.5,0,0.6666667,0.26,1.0,1,0.125,0.5,0.5,1,0.0,0.8333333,0,0.0,0.0,1,0.22222222
0.44186047,0.85,0.0,0.5,0,0.5,0.38,0.0,1,0.0,0.0,0.5,1,1.0,0.5,1,0.0,0.5,0,0.22222222
0.5116279,0.825,0.5,0.5,1,0.33333334,0.94,0.0,0,0.125,0.5,0.5,1,1.0,0.33333334,0,0.5,0.5,1,0.33333334
0.53488374,0.275,0.5,0.5,1,0.5,0.92,0.5,1,0.25,0.0,0.5,1,-1.0,0.33333334,0,0.0,0.0,1,0.26666668
0.3488372,0.55,0.5,1.0,1,0.33333334,0.62,0.5,1,0.125,0.5,0.5,0,0.0,0.6666667,0,0.5,0.0,1,0.2888889
0.3488372,0.075,0.5,0.5,0,0.6666667,0.58,0.5,1,0.25,0.0,1.0,1,1.0,0.5,0,0.5,0.5,1,0.17777778
0.37209302,0.925,0.5,0.5,1,0.6666667,0.22,0.0,1,0.25,0.0,0.5,1,0.0,0.33333334,0,0.0,0.0,1,0.2888889
0.5116279,0.4,0.5,1.0,1,0.6666667,0.96,0.5,1,0.0,0.5,0.0,1,0.0,0.33333334,0,1.0,0.5,0,0.31111112
0.5813953,0.4,0.0,0.0,1,0.6666667,0.76,0.0,1,0.25,0.0,0.0,1,1.0,0.6666667,0,0.0,0.0,1,0.24444444
0.39534885,0.3,1.0,0.5,1,0.6666667,0.38,1.0,0,0.25,1.0,0.5,1,0.0,0.6666667,1,0.0,1.0,0,0.2
0.55813956,0.45,1.0,0.0,1,0.6666667,0.82,0.5,1,0.375,0.0,0.5,1,-1.0,0.6666667,0,0.0,0.0,1,0.31111112
0.4651163,0.25,0.0,0.5,0,0.33333334,0.22,0.5,1,0.125,0.0,0.5,1,0.0,0.5,0,0.0,0.0,1,0.15555556
0.41860464,0.375,0.5,1.0,1,0.16666667,0.22,1.0,1,0.0,0.5,0.5,1,-1.0,0.5,0,0.0,0.0,0,0.22222222
0.41860464,0.8,0.5,0.5,1,0.5,0.8,0.5,1,0.125,0.0,1.0,1,1.0,0.33333334,0,0.0,0.0,0,0.33333334
0.53488374,0.825,0.0,1.0,1,0.6666667,0.56,0.5,1,0.125,1.0,0.5,1,0.0,0.6666667,0,0.0,0.0,0,0.37777779
0.4883721,0.3,0.5,0.5,0,0.16666667,0.56,1.0,1,0.125,0.0,1.0,1,1.0,0.5,0,0.0,0.0,0,0.24444444
0.76744187,0.475,1.0,0.0,1,0.5,0.58,0.0,1,0.375,0.5,1.0,0,-1.0,0.33333334,1,0.0,0.5,1,0.33333334
0.3255814,0.875,0.5,0.5,0,0.8333333,0.12,0.5,0,0.375,0.0,1.0,1,1.0,0.16666667,0,0.0,0.0,1,0.26666668
0.5116279,0.05,1.0,1.0,1,0.5,0.34,0.0,1,0.125,0.0,0.5,1,-1.0,0.6666667,0,1.0,0.5,0,0.22222222
0.37209302,0.9,0.5,0.0,1,0.8333333,0.58,0.0,0,0.375,0.5,0.5,0,0.0,0.33333334,0,1.0,0.5,1,0.2888889
0.3255814,0.225,0.0,0.5,1,0.8333333,0.24,0.0,1,0.25,0.5,1.0,1,0.0,0.5,0,0.0,0.5,1,0.15555556
0.44186047,0.675,0.0,0.5,1,0.5,0.5,1.0,1,0.125,0.0,0.5,1,-1.0,0.5,0,1.0,0.0,1,0.2888889
0.4651163,0.575,1.0,0.5,0,0.33333334,0.56,0.5,1,0.25,1.0,1.0,1,1.0,0.5,1,0.0,0.0,0,0.31111112
0.8604651,0.55,0.5,0.0,0,0.33333334,0.94,0.0,1,0.25,0.0,0.5,0,-1.0,0.5,0,0.5,0.0,1,0.37777779
0.41860464,0.85,0.0,0.5,0,0.5,0.24,0.5,1,0.0,0.5,0.5,1,-1.0,0.5,1,0.0,0.5,1,0.22222222
0.27906978,0.1,0.5,1.0,1,0.16666667,0.44,0.5,1,0.25,0.5,0.5,0,0.0,0.33333334,0,1.0,0.5,1,0.17777778
0.4883721,0.35,1.0,1.0,1,0.16666667,0.98,0.5,1,0.0,0.0,0.5,1,0.0,0.33333334,0,0.5,0.0,0,0.2888889
0.1627907,0.55,1.0,0.0,0,0.0,0.18,0.5,1,0.125,0.5,0.5,1,0.0,0.33333334,0,0.5,0.0,1,0.15555556
0.41860464,0.8,0.5,0.5,1,0.5,0.78,0.5,0,0.0,0.0,1.0,0,0.0,0.33333334,0,1.0,0.0,1,0.31111112
0.44186047,0.225,0.5,0.0,0,1.0,0.18,0.5,1,0.25,1.0,1.0,1,1.0,0.6666667,0,0.0,0.0,0,0.22222222
0.55813956,0.8,1.0,0.5,0,0.0,0.86,1.0,1,0.375,1.0,0.5,1,0.0,0.33333334,0,0.0,0.0,0,0.42222223
0.5813953,0.4,1.0,0.0,1,0.5,0.48,0.5,1,0.5,0.5,1.0,1,1.0,0.5,0,0.0,0.5,0,0.33333334
0.37209302,0.2,0.5,0.0,1,0.5,0.98,1.0,1,0.25,0.5,0.5,1,1.0,0.5,0,0.0,0.0,0,0.22222222
0.41860464,0.75,1.0,1.0,0,0.5,0.18,0.0,1,0.375,1.0,0.5,1,0.0,0.5,0,0.5,0.5,1,0.33333334
0.3255814,0.1,0.0,0.0,1,0.8333333,0.68,0.0,1,0.0,0.5,0.5,1,0.0,0.5,0,0.5,1.0,1,0.08888889
0.27906978,0.525,0.0,0.5,1,0.33333334,0.7,0.0,1,0.125,0.0,0.5,0,0.0,0.5,0,0.0,0.5,1,0.17777778
0.4883721,0.075,0.0,1.0,1,0.0,0.72,0.0,1,0.0,0.0,1.0,1,0.0,0.6666667,0,0.5,0.0,0,0.2
0.25581396,0.35,0.0,1.0,1,0.33333334,0.1,1.0,1,0.0,0.5,0.0,1,1.0,0.5,0,1.0,0.0,1,0.17777778
0.39534885,0.6,1.0,0.0,0,0.33333334,0.28,0.5,1,0.25,0.0,1.0,1,1.0,0.33333334,0,0.0,0.0,0,0.26666668
0.30232558,0.55,0.5,0.5,1,0.0,0.34,0.5,1,0.125,1.0,0.5,1,0.0,0.6666667,0,0.0,0.5,0,0.22222222
0.5116279,0.4,0.5,0.5,0,0.5,0.32,0.5,1,0.25,0.5,0.5,1,0.0,0.5,0,0.5,0.0,1,0.26666668
0.6976744,0.425,1.0,0.5,0,0.16666667,0.68,0.5,1,0.25,1.0,1.0,1,1.0,0.8333333,0,0.0,0.0,1,0.4
0.25581396,0.225,1.0,1.0,1,0.5,0.06,0.0,1,0.25,0.0,1.0,1,0.0,0.5,0,0.5,0.0,1,0.2
0.18604651,0.45,0.0,1.0,0,0.33333334,0.74,0.5,1,0.0,0.5,1.0,0,1.0,0.5,0,1.0,0.0,1,0.22222222
0.41860464,0.95,0.5,1.0,1,0.16666667,0.52,0.5,1,0.25,0.5,0.5,0,1.0,0.5,0,0.0,0.5,1,0.37777779
0.44186047,0.85,1.0,0.5,0,0.6666667,0.18,1.0,1,0.375,0.5,0.5,1,1.0,0.6666667,0,0.0,0.0,0,0.37777779
0.4651163,0.15,1.0,0.5,0,0.5,0.22,0.5,1,0.25,1.0,1.0,1,0.0,0.33333334,0,0.5,0.0,1,0.24444444
0.37209302,0.025,1.0,0.5,1,0.5,0.1,1.0,1,0.125,0.5,0.5,0,-1.0,0.33333334,1,0.5,0.0,1,0.15555556
0.41860464,0.925,0.0,0.5,0,0.6666667,0.46,0.5,1,0.25,0.5,0.5,0,-1.0,0.16666667,0,0.5,0.0,1,0.2888889
0.4883721,0.525,0.5,0.0,1,0.5,0.6,0.0,1,0.125,0.5,0.5,1,1.0,0.5,0,0.5,0.5,0,0.26666668
0.5813953,0.55,1.0,0.0,0,0.5,0.58,0.5,1,0.125,0.5,0.5,1,1.0,0.33333334,1,1.0,0.0,0,0.31111112
0.1627907,0.775,1.0,0.0,0,0.33333334,0.96,0.5,1,0.125,0.5,0.5,0,1.0,0.5,0,0.0,0.0,0,0.26666668
0.39534885,0.325,0.5,0.5,0,0.16666667,0.3,0.5,1,0.125,0.0,1.0,1,-1.0,0.5,0,0.5,0.5,0,0.17777778
0.4651163,0.475,0.0,0.5,1,0.5,0.76,0.0,1,0.0,0.0,0.5,0,-1.0,0.6666667,0,0.0,0.5,1,0.22222222
0.30232558,0.975,1.0,0.5,0,0.33333334,0.72,0.0,1,0.25,1.0,1.0,0,-1.0,0.6666667,0,0.5,0.0,1,0.35555556
0.6744186,0.675,0.5,0.5,0,0.6666667,0.06,0.0,1,0.125,0.0,1.0,0,0.0,0.16666667,0,1.0,0.0,1,0.33333334
0.3488372,0.15,0.5,0.5,1,0.5,0.94,0.5,1,0.625,0.0,1.0,1,1.0,0.5,0,1.0,0.0,1,0.2888889
0.44186047,0.125,0.5,0.5,1,0.6666667,0.94,1.0,1,0.0,0.0,0.5,1,-1.0,0.5,0,0.5,0.0,0,0.22222222
0.5116279,0.2,0.5,1.0,1,0.33333334,0.4,0.5,1,0.5,0.5,0.5,1,1.0,0.33333334,0,0.0,0.0,1,0.2888889
0.3488372,0.775,0.5,0.5,1,0.16666667,0.42,0.5,1,0.25,1.0,0.5,1,-1.0,0.5,0,0.5,0.0,1,0.31111112
0.18604651,0.3,0.5,1.0,1,1.0,0.82,0.5,0,0.125,1.0,0.5,1,0.0,0.33333334,0,0.0,1.0,0,0.15555556
0.37209302,0.025,0.0,1.0,1,0.5,0.5,0.5,0,0.25,0.5,1.0,1,-1.0,0.6666667,0,0.5,0.0,0,0.15555556
0.5813953,0.95,1.0,0.0,0,0.6666667,0.8,0.0,1,0.125,1.0,0.0,1,1.0,0.33333334,1,1.0,0.5,0,0.37777779
0.39534885,0.175,1.0,0.5,0,0.16666667,0.04,1.0,1,0.0,0.5,0.5,0,0.0,0.6666667,0,1.0,0.5,1,0.2
0.3255814,0.0,1.0,0.5,0,0.5,0.26,0.0,1,0.0,0.0,1.0,1,1.0,0.16666667,1,0.0,1.0,0,0.06666667
0.5813953,0.225,1.0,0.5,0,0.8333333,0.1,0.0,1,0.125,0.0,0.5,1,0.0,0.5,0,0.5,0.0,1,0.24444444
0.39534885,0.225,0.5,0.0,1,0.16666667,0.46,0.0,1,0.125,0.0,1.0,1,1.0,0.6666667,0,1.0,0.5,1,0.2
0.37209302,0.425,0.5,1.0,1,1.0,0.86,0.0,1,0.375,1.0,1.0,0,1.0,0.16666667,0,0.5,1.0,0,0.2888889
0.4651163,0.925,0.0,0.0,0,0.5,0.56,0.5,1,0.0,1.0,0.5,1,0.0,0.5,0,1.0,0.0,0,0.31111112
0.55813956,0.875,0.0,1.0,0,0.33333334,0.52,0.5,1,0.125,0.0,0.5,1,1.0,0.8333333,0,0.0,0.0,1,0.35555556
0.76744187,0.45,0.5,1.0,1,0.6666667,0.36,0.5,1,0.125,0.5,0.5,1,-1.0,0.33333334,0,0.5,0.0,1,0.35555556
0.55813956,0.4,0.5,0.5,1,0.8333333,0.06,0.5,1,0.0,1.0,1.0,0,1.0,0.5,0,0.0,0.5,1,0.26666668
0.60465115,0.55,1.0,0.0,1,0.33333334,0.76,0.5,1,0.25,1.0,1.0,0,0.0,0.5,0,0.0,0.0,1,0.35555556
0.37209302,0.25,0.5,0.5,1,0.33333334,0.58,0.0,1,0.25,0.5,0.5,1,1.0,0.5,0,0.0,0.0,0,0.2
0.30232558,0.05,0.5,0.5,1,0.5,0.94,1.0,1,0.0,0.5,0.5,1,1.0,0.16666667,0,0.0,0.5,1,0.15555556
0.44186047,0.95,0.5,0.5,0,0.6666667,0.44,0.5,1,0.125,1.0,0.5,1,-1.0,0.6666667,0,0.0,0.0,0,0.33333334
0.4651163,0.175,0.0,1.0,0,0.5,0.4,0.0,1,0.25,0.0,0.5,0,-1.0,0.33333334,0,1.0,0.5,0,0.17777778
0.30232558,0.2,1.0,0.5,1,0.6666667,0.98,1.0,1,0.0,1.0,0.5,1,1.0,0.5,0,0.0,0.0,0,0.24444444
0.41860464,0.475,0.5,0.5,1,0.6666667,0.14,0.0,1,0.25,0.0,0.0,1,1.0,0.5,0,0.0,0.5,1,0.22222222
0.4883721,0.5,0.5,1.0,0,0.5,0.26,0.5,1,0.125,1.0,0.5,1,1.0,0.5,0,0.5,0.0,1,0.31111112
0.4883721,0.025,1.0,0.0,1,0.33333334,0.48,0.5,1,0.125,0.0,0.5,1,-1.0,0.5,0,0.0,0.0,1,0.17777778
0.5116279,0.15,0.5,0.5,0,0.5,0.52,0.0,1,0.125,1.0,0.5,1,0.0,0.33333334,0,0.5,0.5,1,0.2
0.4883721,0.375,0.5,0.5,1,1.0,0.54,1.0,1,0.25,0.0,0.0,1,0.0,0.33333334,0,0.0,0.0,1,0.24444444
0.37209302,0.675,0.5,0.5,1,0.5,0.22,0.5,1,0.5,1.0,0.5,1,-1.0,0.5,1,0.0,0.0,0,0.26666668
0.37209302,0.225,1.0,1.0,1,0.8333333,0.92,0.5,1,0.25,0.0,0.5,1,-1.0,0.5,0,0.5,1.0,1,0.24444444
0.27906978,0.425,0.0,1.0,0,0.33333334,0.7,0.0,1,0.25,0.0,0.5,1,0.0,0.6666667,0,1.0,0.0,0,0.22222222
0.6976744,0.55,1.0,0.5,1,0.5,0.26,0.5,0,0.25,1.0,0.5,0,1.0,0.33333334,0,1.0,0.5,1,0.37777779
0.44186047,0.9,1.0,0.5,1,0.6666667,0.3,1.0,1,0.0,0.5,0.0,1,0.0,0.33333334,0,0.0,0.0,0,0.33333334
0.41860464,0.325,0.5,0.5,1,0.8333333,0.88,0.5,1,0.125,1.0,0.0,1,1.0,0.16666667,0,0.5,0.0,0,0.26666668
0.30232558,0.125,0.5,1.0,0,0.8333333,0.38,0.0,1,0.5,0.5,0.5,1,0.0,0.5,0,0.5,0.0,1,0.2
0.8604651,0.5,1.0,0.5,0,0.16666667,0.56,0.5,1,0.125,0.0,0.5,1,1.0,0.6666667,0,0.5,1.0,0,0.37777779
0.30232558,0.75,0.5,0.5,1,0.8333333,0.12,0.5,1,0.0,0.0,0.5,1,0.0,0.6666667,0,0.0,0.0,0,0.22222222
0.37209302,0.1,1.0,0.0,1,1.0,0.26,0.5,1,0.0,1.0,0.5,1,1.0,0.5,0,0.0,0.5,0,0.15555556
0.4883721,0.425,0.5,1.0,0,0.33333334,0.42,1.0,1,0.375,0.0,0.5,1,-1.0,0.6666667,0,0.0,1.0,0,0.26666668
0.53488374,0.025,0.5,0.5,0,0.33333334,0.66,1.0,1,0.0,0.5,0.5,1,1.0,0.5,1,0.0,0.0,1,0.2
0.5813953,0.025,0.5,0.5,0,0.5,0.28,0.0,1,0.0,0.5,0.5,0,-1.0,0.5,0,1.0,0.0,1,0.17777778
0.6976744,0.475,0.5,1.0,0,0.5,0.96,0.5,1,0.125,0.5,1.0,1,0.0,0.33333334,0,0.5,0.5,1,0.37777779
0.5116279,0.3,0.0,0.5,0,0.33333334,0.22,1.0,1,0.125,1.0,0.5,1,1.0,0.8333333,0,0.0,0.0,1,0.24444444
0.30232558,0.85,1.0,0.5,1,0.16666667,0.78,0.5,1,0.0,0.5,0.5,1,1.0,0.16666667,0,1.0,0.0,0,0.33333334
0.39534885,0.6,0.5,0.0,1,0.8333333,0.36,0.0,1,0.0,0.5,1.0,0,-1.0,0.33333334,0,1.0,0.0,0,0.24444444
0.4883721,0.45,1.0,1.0,0,0.33333334,0.84,0.0,1,0.125,1.0,1.0,1,1.0,0.5,0,0.0,0.5,1,0.33333334
0.7209302,0.4,0.0,0.0,1,0.33333334,0.92,0.0,1,0.0,0.0,1.0,1,0.0,0.33333334,0,0.0,0.5,0,0.26666668
0.25581396,0.5,0.5,0.5,1,0.5,0.18,1.0,1,0.125,0.0,1.0,1,1.0,0.33333334,0,0.0,0.0,0,0.2
0.60465115,0.05,1.0,0.5,0,0.16666667,0.5,0.5,1,0.25,0.5,1.0,1,1.0,0.33333334,0,0.0,0.0,1,0.26666668
0.4651163,0.9,1.0,1.0,1,0.16666667,0.16,0.5,1,0.0,1.0,1.0,1,0.0,0.6666667,0,0.5,1.0,1,0.37777779
0.55813956,1.0,1.0,0.0,0,0.33333334,0.7,0.0,1,0.125,0.5,0.5,1,1.0,0.5,0,0.0,0.0,1,0.37777779
0.41860464,0.175,1.0,0.5,1,0.6666667,0.84,0.0,1,0.25,1.0,0.5,1,0.0,0.8333333,0,1.0,0.5,0,0.2888889
0.3255814,0.125,0.5,0.5,1,0.5,0.38,0.5,1,0.125,1.0,0.5,1,0.0,0.5,0,1.0,0.0,0,0.2
0.55813956,0.15,1.0,0.5,1,0.0,0.4,0.5,0,0.125,1.0,0.5,1,1.0,0.5,0,0.0,0.5,1,0.24444444
0.53488374,0.65,0.0,1.0,0,0.8333333,0.2,0.5,1,0.0,0.0,1.0,0,1.0,0.5,0,0.5,1.0,1,0.2888889
0.5813953,0.65,0.0,0.0,0,0.6666667,0.3,0.0,1,0.0,0.0,1.0,1,0.0,0.6666667,0,0.0,0.0,0,0.24444444
0.44186047,0.85,0.0,1.0,1,0.5,0.32,1.0,1,0.125,0.0,1.0,0,1.0,0.16666667,0,0.0,0.0,0,0.33333334
0.3488372,0.75,1.0,1.0,1,0.5,0.16,1.0,1,0.125,0.0,0.5,1,0.0,0.6666667,0,1.0,0.0,0,0.33333334
0.23255815,0.45,0.0,1.0,1,0.6666667,0.3,0.5,1,0.0,0.5,0.5,0,0.0,0.33333334,0,0.0,0.0,0,0.15555556
0.55813956,0.625,0.0,0.5,1,1.0,0.9,0.5,1,0.0,0.5,0.0,1,1.0,0.16666667,0,0.5,0.0,1,0.31111112
0.5116279,0.7,0.5,0.5,1,0.6666667,0.32,0.0,1,0.25,0.5,1.0,0,1.0,0.33333334,0,0.5,0.5,1,0.31111112
0.30232558,0.525,0.5,0.5,1,0.5,0.28,0.5,1,0.25,0.5,0.5,1,1.0,0.6666667,1,0.5,0.0,1,0.24444444
0.37209302,0.475,1.0,1.0,0,0.16666667,0.38,0.5,1,0.5,0.0,0.5,1,-1.0,0.5,0,1.0,0.0,0,0.2888889
0.37209302,0.65,0.5,1.0,0,0.5,0.96,0.5,1,0.25,0.0,1.0,1,1.0,0.8333333,0,1.0,0.5,1,0.35555556
0.23255815,0.55,0.5,0.5,1,0.6666667,0.76,0.5,0,0.125,0.0,0.5,0,-1.0,0.33333334,0,1.0,0.5,0,0.2
0.3255814,0.65,0.0,1.0,0,0.5,0.2,0.5,1,0.25,0.5,0.5,1,1.0,0.5,0,0.5,0.0,1,0.26666668
0.27906978,0.625,0.5,1.0,1,0.33333334,0.76,0.5,1,0.25,0.5,1.0,1,1.0,0.5,0,0.0,0.5,0,0.2888889
0.39534885,0.725,0.0,1.0,1,0.6666667,0.76,0.0,1,0.0,1.0,0.5,1,-1.0,0.16666667,0,0.0,0.5,1,0.26666668
0.3488372,0.65,0.5,0.5,0,0.33333334,0.96,1.0,1,0.125,0.0,0.5,1,0.0,0.5,0,1.0,0.0,1,0.2888889
0.20930232,0.525,0.5,1.0,1,0.6666667,0.9,0.5,1,0.625,0.0,1.0,1,1.0,0.5,0,0.0,0.0,0,0.31111112
0.7209302,0.675,0.5,1.0,1,0.33333334,0.1,0.5,1,0.0,0.0,1.0,1,0.0,0.5,0,0.0,0.0,1,0.35555556
0.627907,0.45,1.0,0.0,1,0.0,0.46,0.0,0,0.375,0.0,0.5,0,1.0,0.6666667,0,0.0,0.5,0,0.2888889
0.3255814,0.25,1.0,1.0,0,0.33333334,0.7,1.0,1,0.0,0.0,0.5,0,1.0,0.33333334,0,0.5,0.5,1,0.22222222
0.4883721,0.0,0.0,0.5,0,0.5,0.98,0.5,1,0.125,0.0,1.0,1,0.0,0.5,0,0.5,0.5,1,0.17777778
0.5116279,0.55,0.0,0.5,1,0.6666667,0.08,0.5,1,0.0,0.5,1.0,1,-1.0,0.16666667,0,0.0,0.0,0,0.22222222
0.60465115,0.6,1.0,1.0,0,0.6666667,0.36,0.0,1,0.375,0.0,1.0,0,1.0,0.33333334,1,1.0,0.0,0,0.37777779
0.3255814,0.975,0.0,0.5,1,0.16666667,0.5,0.0,1,0.25,0.5,0.0,1,0.0,0.16666667,0,0.5,0.5,1,0.26666668
0.60465115,0.35,0.5,1.0,0,0.5,0.42,0.5,1,0.125,0.5,0.5,1,1.0,0.5,0,0.0,0.0,0,0.31111112
0.37209302,0.4,0.5,0.5,0,0.33333334,0.46,0.5,1,0.375,0.0,1.0,0,0.0,0.5,0,1.0,0.0,1,0.26666668
0.25581396,0.2,1.0,0.5,1,0.33333334,0.36,0.0,1,0.25,0.5,0.5,1,1.0,0.6666667,0,0.5,0.0,1,0.2
0.53488374,0.075,0.5,0.0,0,0.33333334,0.98,0.0,0,0.0,0.0,0.5,1,1.0,0.5,0,0.0,0.5,0,0.15555556
0.627907,0.775,0.0,0.5,0,0.5,0.8,0.5,1,0.25,1.0,0.0,0,0.0,0.5,0,0.0,0.0,1,0.35555556
0.81395346,0.25,0.0,1.0,0,1.0,0.74,0.5,1,0.25,0.0,0.5,1,1.0,0.5,0,0.0,0.0,1,0.33333334
0.27906978,0.6,0.0,0.5,0,1.0,0.42,0.0,1,0.125,0.5,1.0,1,0.0,0.5,0,0.5,0.5,1,0.2
0.53488374,0.7,0.5,0.5,1,0.33333334,0.88,0.5,1,0.0,0.0,0.5,0,-1.0,0.33333334,0,1.0,0.5,1,0.31111112
0.39534885,0.475,0.5,0.5,1,0.5,0.1,0.5,1,0.125,0.0,1.0,1,1.0,0.5,0,0.0,0.5,0,0.22222222
0.55813956,0.875,1.0,1.0,1,0.5,0.14,0.5,1,0.25,1.0,0.5,0,-1.0,0.33333334,0,0.5,0.5,0,0.4
0.23255815,0.45,0.5,0.0,1,0.5,0.96,0.0,1,0.25,0.5,0.5,1,0.0,0.5,0,0.0,0.0,0,0.2
0.25581396,0.275,0.5,1.0,1,0.6666667,0.56,0.0,1,0.25,0.5,0.5,1,-1.0,0.33333334,0,1.0,0.0,0,0.2
0.3255814,0.9,0.5,0.5,1,0.5,0.16,0.5,1,0.375,0.5,0.5,1,0.0,0.6666667,0,1.0,0.5,1,0.33333334
0.44186047,0.85,0.0,0.0,1,0.33333334,0.94,0.0,1,0.25,0.5,0.5,1,1.0,0.8333333,0,0.5,0.0,1,0.33333334
0.3488372,0.175,1.0,1.0,0,0.8333333,0.98,0.5,1,0.25,0.5,0.5,1,0.0,0.33333334,1,0.0,0.5,1,0.2
0.53488374,0.025,0.0,0.5,0,0.16666667,0.88,0.5,1,0.375,0.5,1.0,0,0.0,0.33333334,1,0.5,0.5,0,0.2
0.5813953,0.1,0.5,0.5,1,0.5,0.24,1.0,1,0.375,0.5,1.0,0,-1.0,0.33333334,0,0.0,0.0,1,0.24444444
0.53488374,0.275,0.0,1.0,1,0.16666667,0.28,0.5,1,0.125,0.5,0.5,1,0.0,0.5,0,0.5,0.0,1,0.24444444
0.6744186,0.975,0.5,0.5,1,0.16666667,0.4,0.0,1,0.25,0.5,0.5,1,0.0,0.6666667,0,0.0,0.0,0,0.42222223
0.4883721,0.55,1.0,1.0,0,0.6666667,0.58,0.5,0,0.25,0.5,0.5,1,-1.0,0.16666667,0,0.5,0.0,0,0.31111112
0.27906978,0.375,0.0,1.0,1,0.33333334,1.0,1.0,1,0.125,0.5,0.5,1,1.0,0.5,0,1.0,0.0,1,0.26666668
0.627907,0.9,0.5,0.5,0,0.0,0.96,1.0,1,0.625,0.0,0.5,1,0.0,0.8333333,1,0.0,1.0,1,0.4
0.3488372,0.45,0.0,0.5,0,0.33333334,0.92,1.0,1,0.0,0.5,0.5,1,1.0,0.16666667,0,1.0,0.0,0,0.24444444
0.55813956,0.325,1.0,0.5,0,0.33333334,0.08,1.0,1,0.25,0.5,0.5,1,0.0,0.6666667,0,0.0,0.5,0,0.26666668
0.6511628,0.95,0.5,1.0,1,0.16666667,0.76,0.0,1,0.375,0.0,0.5,1,0.0,0.33333334,0,0.5,0.0,1,0.44444445
0.5116279,0.85,0.5,1.0,1,0.6666667,0.88,0.0,1,0.25,0.5,1.0,1,1.0,0.33333334,0,0.0,0.0,1,0.4
0.23255815,0.85,0.5,0.5,0,0.16666667,0.34,0.5,1,0.25,1.0,0.5,1,0.0,0.8333333,0,0.0,0.0,0,0.26666668
0.30232558,0.5,1.0,0.0,1,0.33333334,0.22,0.5,1,0.0,0.5,1.0,1,0.0,0.6666667,0,0.5,0.5,0,0.22222222
0.627907,0.8,0.5,0.5,1,0.5,0.74,0.0,1,0.125,0.0,0.0,1,1.0,0.16666667,0,0.0,0.0,0,0.35555556
0.41860464,0.175,0.5,0.5,1,0.33333334,0.1,0.0,1,0.125,0.5,0.5,1,0.0,0.6666667,0,0.0,0.0,1,0.17777778
0.44186047,0.575,0.5,0.0,1,0.33333334,0.94,1.0,1,0.25,0.0,1.0,1,0.0,0.6666667,0,0.0,0.5,0,0.2888889
0.55813956,0.975,0.5,1.0,0,0.33333334,0.16,1.0,1,0.0,0.5,0.5,0,1.0,0.6666667,0,0.0,0.0,1,0.37777779
0.53488374,0.3,0.0,1.0,1,0.16666667,0.46,0.0,1,0.25,0.5,1.0,1,1.0,0.33333334,0,0.0,0.0,1,0.26666668
0.4883721,0.8,0.5,1.0,0,0.33333334,0.98,0.0,1,0.125,0.5,0.5,1,-1.0,0.6666667,0,0.5,0.0,0,0.35555556
0.41860464,0.5,0.0,0.0,0,0.6666667,0.98,1.0,1,0.125,0.0,0.5,1,1.0,0.6666667,0,1.0,0.0,1,0.26666668
0.39534885,0.05,0.5,1.0,1,0.33333334,0.78,0.5,1,0.0,1.0,1.0,0,1.0,0.5,0,1.0,0.0,0,0.24444444
0.55813956,0.775,0.5,1.0,0,0.5,0.84,0.5,1,0.375,0.0,0.5,1,-1.0,0.8333333,0,0.0,0.0,1,0.37777779
0.5116279,0.175,0.0,0.0,0,0.8333333,0.96,0.5,1,0.25,0.0,1.0,1,-1.0,0.0,0,0.5,0.0,0,0.2
0.39534885,0.625,0.5,0.5,0,0.6666667,0.92,0.5,1,0.0,1.0,1.0,1,-1.0,0.5,0,0.5,0.5,1,0.2888889
0.5813953,0.075,1.0,1.0,0,0.16666667,0.62,0.5,1,0.0,0.0,0.5,1,-1.0,0.33333334,0,0.0,0.5,0,0.22222222
0.41860464,0.95,0.5,1.0,1,0.6666667,0.74,1.0,1,0.125,0.5,0.5,0,1.0,0.6666667,0,1.0,0.5,1,0.42222223
0.3255814,0.3,0.5,0.0,1,0.8333333,0.6,0.5,1,0.5,0.5,1.0,0,0.0,0.6666667,0,0.5,0.5,0,0.22222222
0.3255814,0.225,1.0,0.0,1,0.33333334,0.5,0.5,0,0.25,0.0,1.0,1,1.0,0.33333334,0,0.0,0.0,0,0.17777778
0.30232558,0.125,0.5,0.5,1,0.16666667,0.88,0.5,1,0.625,0.0,0.5,0,-1.0,0.5,0,1.0,0.5,1,0.22222222
0.39534885,0.95,0.0,1.0,1,0.33333334,0.74,0.5,1,0.0,0.5,0.5,1,0.0,0.16666667,0,0.0,0.0,1,0.33333334
0.60465115,0.7,0.5,1.0,1,0.5,0.86,0.5,1,0.0,0.0,0.5,1,0.0,0.6666667,0,0.0,0.5,1,0.35555556
0.3255814,0.75,0.5,0.5,1,0.6666667,0.1,0.5,1,0.125,0.0,0.5,1,0.0,0.16666667,0,0.5,0.0,0,0.24444444
0.4651163,0.5,0.5,0.5,1,0.33333334,0.58,0.0,1,0.25,0.5,1.0,1,1.0,0.5,0,0.5,0.0,1,0.31111112
0.3488372,0.475,0.5,1.0,1,0.0,0.32,1.0,1,0.25,0.5,0.5,1,0.0,0.33333334,0,0.5,0.5,1,0.26666668
0.39534885,0.1,0.5,1.0,1,0.16666667,0.52,0.0,1,0.125,0.0,0.5,1,1.0,0.6666667,0,0.0,0.5,1,0.2
0.23255815,0.55,1.0,1.0,0,0.6666667,0.62,1.0,1,0.25,0.0,1.0,1,1.0,0.33333334,0,0.0,0.5,0,0.26666668
0.41860464,0.25,0.5,1.0,1,1.0,0.84,0.5,1,0.125,0.0,1.0,1,1.0,0.6666667,0,0.0,0.0,1,0.26666668
0.41860464,0.975,1.0,0.5,0,0.5,0.04,0.5,1,0.125,0.5,0.5,1,0.0,0.6666667,0,0.0,0.0,1,0.33333334
0.5116279,0.8,1.0,1.0,0,0.8333333,0.16,0.5,1,0.25,0.0,0.5,0,0.0,0.16666667,0,1.0,0.0,0,0.35555556
0.4651163,0.425,0.5,0.0,1,0.16666667,0.92,1.0,1,0.25,0.0,1.0,0,0.0,0.8333333,0,0.0,0.0,0,0.2888889
0.27906978,0.15,1.0,1.0,0,0.33333334,0.96,0.0,1,0.125,1.0,1.0,1,1.0,0.33333334,0,0.0,0.0,1,0.22222222
0.60465115,0.775,0.5,0.5,0,0.0,0.06,0.5,1,0.125,0.0,0.5,0,1.0,0.5,0,1.0,0.0,0,0.33333334
0.4651163,0.125,0.5,1.0,1,0.6666667,0.34,0.0,0,0.125,0.0,0.5,1,1.0,0.6666667,0,0.0,0.0,0,0.2
0.4651163,0.2,1.0,1.0,1,0.33333334,0.0,1.0,1,0.375,0.5,0.0,0,0.0,0.6666667,0,0.0,0.0,1,0.26666668
0.44186047,0.2,0.0,0.0,0,0.6666667,0.76,0.5,1,0.625,0.0,0.0,0,0.0,0.5,0,0.0,0.5,1,0.17777778
0.37209302,0.55,0.5,0.0,1,0.33333334,0.68,1.0,1,0.25,0.0,0.0,1,-1.0,0.5,0,0.0,0.5,0,0.22222222
0.4651163,0.775,0.5,0.5,1,1.0,0.56,1.0,1,0.25,0.0,1.0,1,-1.0,0.33333334,0,0.0,0.0,1,0.33333334
0.5116279,0.325,0.5,1.0,0,1.0,0.7,0.5,1,0.125,0.0,0.5,1,0.0,0.5,0,0.5,0.0,1,0.26666668
0.20930232,0.075,0.5,1.0,0,0.0,0.54,0.0,0,0.375,0.0,0.5,0,0.0,0.5,0,0.0,0.0,1,0.11111111
0.37209302,0.475,0.0,1.0,0,0.6666667,0.24,0.0,1,0.125,0.0,0.5,1,0.0,0.5,0,0.0,0.0,0,0.2
0.39534885,0.75,0.0,0.5,0,0.33333334,0.76,0.0,1,0.125,0.5,0.5,0,-1.0,0.16666667,0,0.0,0.5,0,0.22222222
0.4883721,0.225,0.5,0.5,0,0.6666667,0.78,0.0,0,0.0,0.0,1.0,1,1.0,0.8333333,0,0.0,0.5,0,0.2
0.60465115,0.225,0.5,0.0,1,0.16666667,0.86,0.5,1,0.125,0.5,0.5,1,1.0,0.6666667,0,0.5,0.5,1,0.26666668
0.3255814,0.95,0.5,0.5,1,0.8333333,0.96,1.0,1,0.0,0.5,0.5,0,1.0,0.5,0,0.0,0.0,0,0.35555556
0.37209302,0.95,0.5,0.5,0,0.8333333,0.74,0.0,1,0.0,1.0,0.5,0,1.0,0.5,0,0.0,0.5,0,0.31111112
0.37209302,1.0,0.5,1.0,1,0.16666667,0.06,0.0,1,0.125,0.5,1.0,1,1.0,0.6666667,0,0.0,0.0,1,0.33333334
0.3255814,0.8,0.5,0.5,1,0.5,0.02,0.5,1,0.125,1.0,1.0,1,1.0,0.5,0,0.5,0.0,0,0.31111112
0.39534885,0.2,1.0,1.0,1,0.5,0.74,1.0,1,0.375,0.5,0.5,1,1.0,0.6666667,0,0.0,0.0,1,0.31111112
0.55813956,0.2,0.0,0.5,1,0.6666667,0.06,0.0,1,0.25,0.5,0.5,1,0.0,0.5,0,0.5,0.5,0,0.2
0.30232558,0.35,0.0,0.5,1,0.5,0.32,0.5,1,0.0,0.5,1.0,0,-1.0,0.5,0,1.0,0.0,1,0.17777778
0.5116279,0.325,1.0,0.5,0,0.6666667,0.14,0.5,1,0.375,0.5,0.5,1,1.0,0.33333334,0,0.5,0.0,1,0.26666668
0.20930232,0.95,0.5,0.5,0,0.5,0.96,0.0,0,0.0,0.5,0.5,1,0.0,0.5,0,0.5,0.5,0,0.24444444
0.37209302,0.8,0.5,1.0,1,0.6666667,0.32,0.5,1,0.25,0.0,0.5,1,1.0,0.5,0,0.0,0.0,0,0.31111112
0.39534885,0.725,0.5,0.5,0,0.16666667,0.06,0.5,1,0.625,0.0,1.0,0,0.0,0.6666667,0,0.5,0.0,1,0.31111112
0.6744186,0.175,0.5,0.5,0,0.5,0.94,1.0,1,0.25,1.0,0.5,1,0.0,0.5,1,0.0,0.0,1,0.31111112
0.39534885,0.9,0.5,1.0,1,0.8333333,0.6,1.0,1,0.125,0.0,0.5,1,1.0,0.5,0,0.5,0.0,1,0.37777779
0.13953489,0.825,1.0,1.0,1,0.8333333,0.04,1.0,1,0.125,0.5,0.0,0,-1.0,0.5,0,0.0,0.5,0,0.22222222
0.1627907,0.175,0.5,0.5,1,0.5,0.84,0.5,1,0.0,1.0,1.0,0,1.0,0.33333334,0,0.5,0.0,1,0.17777778
0.44186047,0.875,0.5,0.5,0,0.5,0.16,0.0,1,0.125,0.0,1.0,1,0.0,0.6666667,0,0.5,0.0,1,0.31111112
0.53488374,0.275,1.0,0.5,1,0.8333333,0.8,0.0,1,0.375,0.5,1.0,0,0.0,0.5,0,0.5,0.0,1,0.31111112
0.4883721,0.075,0.5,0.0,1,0.5,0.6,0.5,1,0.25,1.0,1.0,0,-1.0,0.33333334,0,0.5,0.5,0,0.2
0.4651163,0.65,0.5,0.0,1,0.8333333,0.18,1.0,1,0.25,0.5,1.0,0,1.0,0.5,0,0.5,0.0,1,0.31111112
0.60465115,0.65,0.5,1.0,0,0.5,0.76,0.5,1,0.125,0.5,0.5,0,0.0,0.5,0,1.0,0.5,1,0.37777779
0.37209302,0.1,0.5,0.0,0,0.5,0.46,1.0,1,0.125,0.0,0.5,1,0.0,0.6666667,0,0.5,0.0,1,0.15555556
0.55813956,0.325,1.0,0.5,1,0.16666667,0.64,0.0,0,0.125,0.5,0.5,0,1.0,0.5,1,0.0,0.0,1,0.24444444
0.20930232,1.0,0.0,0.5,0,0.16666667,0.86,0.0,1,0.25,0.5,0.0,1,0.0,0.16666667,0,0.0,1.0,0,0.22222222
0.3255814,0.675,1.0,1.0,1,0.6666667,0.26,0.5,1,0.0,1.0,0.5,1,0.0,0.5,0,0.5,0.0,0,0.31111112
0.18604651,0.725,0.5,0.0,0,1.0,0.36,1.0,1,0.125,1.0,1.0,1,-1.0,0.5,0,0.0,0.0,0,0.22222222
0.39534885,0.225,1.0,0.5,1,0.5,1.0,0.5,1,0.375,0.5,1.0,1,-1.0,0.33333334,0,0.0,0.0,1,0.26666668
0.44186047,0.075,0.0,0.5,1,0.5,0.5,0.0,1,0.25,0.5,1.0,1,0.0,0.33333334,0,0.0,0.0,0,0.17777778
0.4651163,0.275,1.0,0.5,0,0.8333333,0.56,0.0,1,0.25,0.5,0.5,1,0.0,0.6666667,0,0.0,0.0,1,0.24444444
0.44186047,0.25,0.0,0.5,0,0.6666667,0.28,0.0,1,0.0,0.0,0.0,0,1.0,0.5,0,0.0,1.0,1,0.13333334
0.30232558,0.225,1.0,0.5,1,0.0,0.42,0.5,1,0.125,0.5,0.5,1,1.0,0.6666667,0,0.0,0.0,0,0.2
0.41860464,0.2,0.5,0.0,1,0.6666667,0.5,0.0,1,0.125,0.5,0.5,0,0.0,0.6666667,0,1.0,0.0,1,0.2
0.23255815,0.575,0.5,0.5,1,0.16666667,0.26,0.5,1,0.25,0.0,0.5,1,0.0,0.5,0,0.5,0.0,1,0.22222222
0.627907,0.325,0.5,0.0,0,0.5,0.24,0.5,1,0.375,1.0,0.5,1,0.0,0.5,0,1.0,0.5,0,0.2888889
0.39534885,0.825,0.0,1.0,1,0.33333334,0.6,0.5,1,0.125,0.5,0.5,0,-1.0,0.5,0,0.0,0.0,1,0.31111112
0.37209302,0.175,0.5,0.5,0,0.33333334,0.18,0.5,1,0.0,0.5,0.5,1,-1.0,0.5,0,0.0,0.0,0,0.13333334
0.6744186,0.475,0.5,1.0,0,0.5,0.56,0.5,0,0.375,1.0,1.0,0,1.0,0.33333334,0,1.0,0.5,0,0.37777779
0.27906978,0.025,0.5,0.0,1,0.6666667,0.7,0.5,1,0.5,0.0,0.5,0,0.0,0.5,0,0.5,0.5,1,0.13333334
0.27906978,0.475,1.0,1.0,0,0.5,0.2,0.5,1,0.125,0.0,1.0,0,0.0,0.6666667,0,0.5,0.5,1,0.24444444
0.27906978,0.05,0.0,0.5,1,0.8333333,0.74,0.5,1,0.125,0.0,0.5,1,-1.0,0.16666667,0,0.5,0.5,1,0.11111111
0.44186047,0.975,0.5,0.0,0,0.8333333,0.36,0.0,1,0.125,0.0,1.0,1,1.0,0.5,0,1.0,1.0,1,0.31111112
0.5116279,0.8,0.5,1.0,0,0.8333333,1.0,0.5,1,0.125,1.0,1.0,1,0.0,0.33333334,1,0.5,0.0,1,0.37777779
0.53488374,0.5,0.5,1.0,1,0.5,0.98,0.0,1,0.25,0.5,0.5,1,-1.0,0.33333334,0,0.0,0.5,0,0.31111112
0.7906977,0.075,1.0,1.0,1,0.33333334,0.8,0.0,1,0.0,0.5,0.5,1,1.0,0.5,0,0.5,0.0,1,0.35555556
0.13953489,0.6,0.5,1.0,0,0.5,0.34,0.5,1,0.125,0.5,0.5,0,0.0,0.5,0,0.5,0.0,1,0.2
0.53488374,0.75,0.0,0.0,1,0.8333333,0.94,1.0,1,0.375,0.0,0.5,1,1.0,0.6666667,0,0.0,0.0,1,0.35555556
0.37209302,0.2,0.0,0.5,1,0.8333333,1.0,1.0,1,0.125,0.5,1.0,1,-1.0,0.5,0,0.0,0.5,1,0.2
0.3488372,0.575,0.5,0.5,1,0.0,0.46,1.0,1,0.375,0.0,0.0,1,-1.0,0.5,0,0.5,0.0,0,0.26666668
0.3488372,0.825,0.5,0.0,1,0.5,0.62,0.5,1,0.25,0.0,0.5,0,-1.0,0.5,1,1.0,0.5,1,0.26666668
0.3255814,0.775,0.0,1.0,1,0.0,0.0,1.0,1,0.125,0.5,0.5,1,0.0,0.5,0,0.0,0.5,0,0.24444444
0.6744186,0.8,0.0,0.5,1,0.5,0.04,0.5,1,0.375,1.0,0.5,0,1.0,0.6666667,0,0.5,0.0,1,0.4
0.55813956,0.875,0.5,1.0,1,0.33333334,0.5,0.5,1,0.125,0.5,0.5,0,1.0,0.6666667,0,0.0,0.5,1,0.4
0.44186047,0.95,0.5,0.5,0,0.33333334,0.6,0.5,1,0.0,0.5,0.5,1,1.0,0.33333334,0,0.5,0.5,1,0.33333334
0.627907,0.4,0.0,0.5,1,0.6666667,0.32,0.5,1,0.625,1.0,0.0,1,1.0,0.6666667,0,0.5,0.5,1,0.33333334
0.23255815,0.575,0.5,0.0,1,0.33333334,0.1,0.0,1,0.0,0.0,0.5,1,1.0,0.6666667,1,1.0,0.0,0,0.15555556
0.25581396,0.8,1.0,0.0,1,0.5,0.78,0.5,1,0.125,0.5,1.0,0,0.0,0.33333334,0,1.0,0.5,1,0.2888889
0.13953489,0.7,1.0,1.0,1,0.33333334,0.42,0.5,1,0.0,0.0,0.5,1,1.0,0.5,0,0.0,0.5,0,0.22222222
0.3488372,1.0,1.0,1.0,1,0.5,0.64,0.5,1,0.25,1.0,0.5,1,1.0,0.33333334,0,0.0,0.0,1,0.4
0.4651163,0.025,1.0,0.5,1,0.6666667,0.66,1.0,0,0.125,0.0,0.5,0,0.0,0.5,0,0.5,0.0,0,0.22222222
0.4651163,0.35,0.5,1.0,1,0.33333334,0.54,1.0,0,0.0,0.5,0.5,1,0.0,0.5,0,0.5,0.0,1,0.24444444
0.4651163,0.275,0.0,0.5,1,0.6666667,0.18,0.5,1,0.375,0.0,0.5,1,0.0,0.5,0,0.5,0.5,1,0.2
0.25581396,0.25,0.5,1.0,0,0.5,0.62,1.0,1,0.0,0.0,0.5,1,1.0,0.5,0,0.0,0.0,1,0.17777778
0.55813956,0.225,0.5,0.5,0,0.5,0.32,0.5,0,0.0,0.0,0.0,1,0.0,0.5,1,0.5,0.0,1,0.15555556
0.4651163,0.7,1.0,0.5,1,0.33333334,0.82,0.0,1,0.0,0.0,0.5,0,0.0,0.6666667,0,1.0,0.5,0,0.33333334
0.53488374,0.075,0.5,0.5,0,0.6666667,0.2,0.5,1,0.375,1.0,0.5,1,0.0,0.5,0,0.0,0.0,1,0.22222222
0.18604651,0.75,0.5,0.5,1,0.6666667,0.3,0.5,1,0.0,0.5,0.5,0,0.0,0.8333333,0,0.0,1.0,1,0.2
0.4883721,0.7,0.5,0.5,0,0.5,0.44,0.0,1,0.5,1.0,0.5,1,-1.0,0.33333334,0,1.0,0.0,1,0.33333334
0.27906978,0.25,0.5,0.5,0,0.5,0.74,0.5,1,0.125,0.0,0.0,1,0.0,0.8333333,0,0.0,0.0,1,0.15555556
0.39534885,0.25,0.5,0.5,0,0.6666667,0.72,0.5,1,0.625,1.0,0.5,1,1.0,0.33333334,0,0.0,0.0,0,0.26666668
0.5116279,0.625,0.5,0.0,0,0.6666667,0.34,0.0,1,0.125,0.5,0.5,0,0.0,0.5,0,1.0,1.0,0,0.24444444
0.4651163,0.75,1.0,1.0,1,0.5,0.52,1.0,1,0.25,1.0,1.0,1,1.0,0.5,0,0.5,0.5,0,0.42222223
0.3255814,0.875,0.5,1.0,1,0.8333333,0.24,0.5,1,0.25,0.5,0.5,1,1.0,0.5,0,0.0,1.0,1,0.31111112
0.44186047,0.85,0.5,1.0,1,0.6666667,0.78,0.0,1,0.0,0.5,0.5,1,1.0,0.6666667,1,0.0,0.5,0,0.33333334
0.23255815,0.975,0.5,0.5,0,1.0,0.2,0.5,1,0.125,1.0,0.5,1,1.0,0.16666667,0,0.5,0.0,0,0.2888889
0.60465115,0.575,0.5,0.0,0,0.16666667,0.82,0.5,1,0.375,0.0,0.5,1,0.0,0.33333334,0,1.0,0.0,1,0.33333334
0.41860464,0.9,0.5,0.5,1,0.6666667,0.94,0.5,1,0.375,0.5,0.5,1,-1.0,0.33333334,0,0.0,0.0,1,0.35555556
0.60465115,0.8,0.5,0.0,1,0.8333333,1.0,1.0,1,0.25,0.5,1.0,1,1.0,0.0,0,1.0,0.5,0,0.4
0.37209302,0.9,0.5,0.5,0,0.8333333,0.86,0.0,1,0.375,0.5,0.5,0,0.0,0.33333334,0,0.0,1.0,1,0.31111112
0.37209302,0.0,0.0,0.0,1,0.5,0.22,0.5,1,0.125,0.0,0.5,1,1.0,0.6666667,0,1.0,0.0,0,0.13333334
0.3255814,0.975,0.5,0.5,1,0.16666667,0.42,0.5,1,0.0,0.5,0.5,1,0.0,0.33333334,0,0.5,0.5,1,0.2888889
0.55813956,0.475,0.5,0.0,1,0.8333333,0.08,0.5,1,0.125,0.0,0.5,0,1.0,0.33333334,0,1.0,1.0,1,0.24444444
0.3488372,0.8,1.0,0.0,1,0.33333334,0.16,0.0,1,0.0,1.0,0.5,0,1.0,0.6666667,0,0.0,0.0,0,0.26666668
0.53488374,0.125,0.0,1.0,1,0.5,0.04,0.5,1,0.125,1.0,0.5,1,0.0,0.16666667,0,1.0,0.5,0,0.2
0.39534885,0.4,0.0,1.0,1,1.0,0.64,1.0,1,0.125,0.5,0.5,0,-1.0,0.6666667,0,0.5,0.0,1,0.26666668
0.1627907,0.275,1.0,0.5,1,0.16666667,0.54,0.5,0,0.0,1.0,0.5,1,0.0,0.6666667,0,0.0,0.5,0,0.13333334
0.37209302,0.3,0.0,0.5,0,0.6666667,0.92,1.0,1,0.25,0.0,1.0,1,0.0,0.5,0,0.0,0.0,1,0.22222222
0.27906978,0.125,0.0,1.0,1,0.33333334,0.46,0.5,1,0.0,0.0,0.5,0,1.0,0.5,0,1.0,0.0,0,0.15555556
0.44186047,0.8,0.0,1.0,0,0.33333334,0.64,0.5,1,0.0,0.5,0.5,1,0.0,0.8333333,0,0.0,0.0,0,0.31111112
0.27906978,0.0,1.0,1.0,0,0.5,0.4,0.5,1,0.125,0.5,0.5,1,-1.0,0.5,0,0.5,1.0,0,0.13333334
0.5813953,0.325,1.0,0.5,0,0.6666667,0.82,0.5,1,0.5,0.0,0.0,1,0.0,0.8333333,0,0.0,0.5,1,0.31111112
0.41860464,0.175,0.5,0.0,0,0.6666667,0.92,1.0,0,0.125,1.0,0.0,1,1.0,0.5,0,0.5,0.0,1,0.2
0.41860464,0.6,0.5,0.0,0,0.8333333,0.44,1.0,1,0.125,0.0,0.5,1,1.0,0.5,0,0.0,1.0,0,0.22222222
0.53488374,0.25,0.5,1.0,0,0.33333334,0.08,0.0,1,0.125,1.0,0.5,1,0.0,0.16666667,0,0.0,0.5,0,0.2
0.5813953,0.25,1.0,1.0,1,0.16666667,0.16,0.5,1,0.125,0.0,0.0,0,1.0,0.5,0,1.0,0.5,1,0.2888889
0.44186047,0.5,0.0,0.5,1,0.33333334,0.72,1.0,1,0.125,0.0,0.5,0,1.0,0.5,0,0.0,0.0,0,0.26666668
0.3255814,0.65,1.0,0.5,1,0.6666667,0.32,0.0,1,0.0,0.5,1.0,0,1.0,0.8333333,0,0.5,0.0,1,0.2888889
0.18604651,0.125,0.0,0.5,1,0.5,0.78,0.5,1,0.25,0.0,0.5,1,1.0,0.6666667,0,0.0,0.5,1,0.13333334
0.3488372,0.175,0.5,1.0,1,0.0,0.74,1.0,1,0.625,1.0,1.0,1,1.0,0.6666667,0,0.5,0.0,1,0.31111112
0.3488372,0.25,0.0,1.0,1,0.0,0.7,1.0,1,0.0,0.5,0.5,0,0.0,0.5,0,0.0,0.0,1,0.2
0.4651163,0.975,1.0,0.5,1,0.5,0.82,0.5,0,0.375,0.5,0.5,1,1.0,0.6666667,0,0.5,0.0,1,0.42222223
0.39534885,0.4,0.5,0.5,0,0.6666667,0.76,0.0,1,0.125,0.5,0.5,1,0.0,0.6666667,0,0.5,0.0,0,0.24444444
0.53488374,0.6,0.5,0.5,0,0.33333334,0.64,0.5,1,0.125,0.5,0.5,1,-1.0,0.33333334,0,0.0,0.0,1,0.2888889
0.3488372,0.25,0.5,1.0,1,0.6666667,0.0,1.0,1,0.375,1.0,0.5,0,0.0,0.5,0,1.0,1.0,1,0.22222222
0.44186047,0.5,0.5,1.0,1,0.16666667,0.52,0.5,0,0.0,0.0,0.5,0,-1.0,0.5,0,0.5,0.0,0,0.24444444
0.60465115,0.075,1.0,0.0,0,0.5,0.6,0.5,0,0.25,0.5,1.0,1,1.0,0.33333334,0,0.0,0.0,0,0.24444444
0.4883721,0.025,0.5,0.0,0,0.5,0.96,1.0,1,0.375,1.0,0.0,0,0.0,0.33333334,0,0.5,0.0,0,0.22222222
0.44186047,0.475,0.5,0.5,0,0.6666667,0.66,0.5,1,0.375,0.0,0.5,0,0.0,0.6666667,0,0.5,0.5,1,0.26666668
0.3488372,0.4,0.0,0.5,1,0.16666667,0.58,0.5,1,0.0,0.0,1.0,1,1.0,0.6666667,0,1.0,0.5,0,0.22222222
0.3488372,0.125,0.5,0.5,0,0.16666667,0.54,0.5,1,0.125,1.0,1.0,1,1.0,0.5,0,0.0,0.5,1,0.17777778
0.3255814,0.7,1.0,0.5,0,0.6666667,0.1,0.5,1,0.125,1.0,1.0,0,0.0,0.33333334,0,0.0,0.0,1,0.26666668
0.37209302,1.0,0.5,1.0,1,0.16666667,0.42,0.0,1,0.25,0.0,0.5,1,0.0,0.6666667,0,0.0,0.0,1,0.33333334
0.55813956,0.4,1.0,1.0,1,0.33333334,0.14,0.0,0,0.0,0.5,0.5,1,1.0,0.5,0,1.0,0.5,1,0.2888889
0.41860464,0.625,0.5,0.5,1,0.8333333,0.06,1.0,1,0.125,0.5,0.5,1,0.0,0.5,0,0.5,1.0,1,0.24444444
0.25581396,0.975,0.5,0.5,1,0.5,0.32,0.0,1,0.375,0.5,0.0,0,-1.0,0.16666667,0,1.0,0.5,0,0.26666668
0.6976744,0.825,0.5,0.0,0,0.6666667,0.64,0.0,1,0.25,1.0,1.0,0,0.0,0.16666667,0,0.0,0.0,1,0.37777779
0.4883721,0.475,1.0,1.0,1,0.6666667,0.86,0.5,1,0.0,0.5,0.5,0,-1.0,0.33333334,1,0.0,0.0,0,0.2888889
0.25581396,0.725,0.5,1.0,0,0.6666667,0.82,0.5,0,0.125,0.0,1.0,1,0.0,0.33333334,0,0.0,0.0,1,0.24444444
0.37209302,0.125,0.5,0.5,0,0.5,0.3,0.5,1,0.0,1.0,0.5,0,0.0,0.6666667,0,0.0,0.5,1,0.15555556
0.4651163,0.5,1.0,0.0,1,0.33333334,0.04,0.5,1,0.125,0.0,0.5,1,-1.0,0.6666667,0,0.0,0.0,1,0.22222222
0.6744186,0.275,1.0,0.0,0,1.0,0.4,0.0,1,0.375,0.5,0.5,1,0.0,0.6666667,1,0.0,0.0,0,0.26666668
0.27906978,0.15,0.5,0.5,1,0.5,0.32,0.0,1,0.375,0.5,0.5,1,-1.0,0.33333334,0,0.5,0.0,0,0.15555556
0.5813953,0.425,0.5,0.0,1,0.5,0.38,0.0,1,0.125,1.0,0.5,1,0.0,0.5,1,0.0,0.0,0,0.24444444
0.627907,0.125,0.5,0.5,0,0.6666667,0.56,1.0,0,0.125,1.0,0.5,0,1.0,0.5,0,0.5,0.0,0,0.26666668
0.3488372,0.7,0.5,0.5,1,0.33333334,0.04,0.5,1,0.25,1.0,1.0,1,1.0,0.5,0,0.0,0.0,0,0.2888889
0.39534885,0.45,0.5,0.5,1,0.33333334,0.38,0.5,1,0.125,0.5,0.5,1,-1.0,0.6666667,0,1.0,0.5,0,0.24444444
0.30232558,0.525,1.0,1.0,0,0.8333333,0.56,0.5,1,0.0,0.5,0.5,0,1.0,0.6666667,0,0.5,0.0,0,0.2888889
0.41860464,0.15,0.0,0.5,0,0.33333334,0.44,0.5,1,0.25,0.0,0.5,1,-1.0,0.8333333,0,0.0,0.0,1,0.15555556
0.44186047,0.15,0.5,1.0,0,0.6666667,0.66,0.5,1,0.125,0.0,0.5,1,0.0,0.33333334,1,0.5,0.0,1,0.2
0.53488374,0.575,1.0,0.0,0,0.6666667,0.18,0.5,1,0.125,0.0,0.5,1,1.0,0.5,0,0.0,0.0,1,0.2888889
0.60465115,0.975,0.0,0.0,1,0.5,0.16,0.0,1,0.25,0.5,0.5,0,1.0,0.33333334,0,1.0,0.5,1,0.35555556
0.3488372,0.1,0.5,0.5,0,0.5,0.3,0.5,1,0.25,0.5,1.0,1,0.0,0.6666667,0,0.0,0.0,1,0.17777778
0.1627907,0.275,1.0,0.5,0,0.6666667,0.1,1.0,1,0.125,0.0,1.0,1,1.0,0.33333334,0,0.5,0.5,1,0.15555556
0.44186047,0.875,1.0,0.0,1,0.5,0.24,0.0,1,0.125,0.0,0.0,0,1.0,0.5,0,0.5,0.0,1,0.31111112
0.4883721,0.075,0.5,0.5,1,0.0,0.08,0.5,1,0.0,0.5,0.5,0,1.0,0.5,0,0.0,0.5,1,0.15555556
0.4651163,0.875,0.0,0.5,1,0.8333333,0.4,0.5,1,0.375,1.0,0.5,1,1.0,0.5,0,0.0,0.0,0,0.35555556
0.39534885,0.525,0.0,1.0,1,0.33333334,0.72,0.5,1,0.375,0.0,0.5,1,1.0,0.6666667,0,0.5,0.0,1,0.31111112
0.4651163,0.4,0.5,0.5,1,0.5,0.28,0.0,1,0.125,0.5,1.0,0,1.0,0.33333334,0,0.0,0.5,1,0.24444444
0.6511628,0.3,0.0,0.5,0,0.16666667,0.0,0.0,1,0.0,0.0,0.5,1,0.0,0.6666667,0,0.0,0.0,0,0.2
0.4883721,0.3,0.0,1.0,0,0.33333334,0.56,0.0,0,0.125,0.0,1.0,1,0.0,0.5,0,1.0,0.0,1,0.22222222
0.39534885,0.3,1.0,1.0,0,0.33333334,0.7,1.0,1,0.125,1.0,1.0,0,1.0,0.16666667,0,0.0,0.5,1,0.2888889
0.37209302,0.875,1.0,0.5,0,0.5,0.4,1.0,1,0.125,0.0,0.5,1,0.0,0.5,0,0.0,0.0,1,0.31111112
0.41860464,0.725,1.0,0.5,1,0.33333334,0.3,0.0,1,0.25,0.0,0.5,1,0.0,0.5,1,1.0,0.0,1,0.2888889
0.6744186,0.675,0.0,0.5,1,1.0,0.5,0.0,1,0.375,0.0,0.0,1,0.0,0.6666667,0,0.5,0.0,1,0.35555556
0.41860464,0.8,0.0,0.5,0,0.5,0.1,0.5,1,0.125,0.5,0.5,1,0.0,0.8333333,0,0.0,1.0,1,0.24444444
0.44186047,0.25,1.0,0.0,0,0.6666667,0.64,0.5,1,0.25,0.0,1.0,0,1.0,0.5,0,0.0,0.5,1,0.22222222
0.37209302,0.625,1.0,0.5,1,0.5,0.74,0.5,1,0.125,0.0,0.5,0,0.0,0.16666667,0,0.0,0.0,0,0.2888889
0.60465115,0.45,1.0,1.0,0,0.6666667,0.7,0.5,1,0.0,1.0,0.5,1,1.0,0.5,0,0.5,0.0,1,0.37777779
0.7209302,0.775,1.0,0.5,1,0.0,0.32,0.5,1,0.375,0.0,1.0,1,0.0,0.33333334,0,1.0,0.0,0,0.44444445
0.5116279,0.3,1.0,0.0,1,0.33333334,0.84,0.0,1,0.25,1.0,0.5,1,-1.0,0.5,0,0.5,0.0,1,0.26666668
0.44186047,0.65,0.5,0.5,0,0.33333334,0.94,0.0,1,0.125,0.0,0.5,0,0.0,0.33333334,0,0.0,0.5,1,0.26666668
0.44186047,0.875,0.5,0.5,0,0.33333334,0.3,1.0,1,0.25,0.0,0.5,1,0.0,0.5,0,0.5,0.0,0,0.33333334
0.11627907,0.4,0.5,0.5,1,0.6666667,0.26,0.5,1,0.625,0.5,0.5,1,0.0,0.5,0,0.5,0.0,1,0.2
0.53488374,0.075,0.5,0.5,1,0.6666667,0.7,1.0,1,0.125,0.0,0.5,0,1.0,0.5,0,0.0,1.0,0,0.22222222
0.4651163,0.525,0.5,0.5,1,0.5,0.7,0.5,1,0.125,0.0,1.0,1,-1.0,0.5,0,1.0,0.5,1,0.2888889
0.5116279,0.35,1.0,1.0,0,0.5,0.52,0.5,1,0.125,0.5,0.0,1,0.0,0.33333334,0,0.5,0.5,0,0.26666668
0.3488372,0.675,0.0,0.5,1,1.0,0.92,0.5,0,0.125,0.0,1.0,1,1.0,0.16666667,0,0.5,0.5,1,0.24444444
0.39534885,0.95,1.0,0.5,0,0.5,0.14,0.0,1,0.0,1.0,0.5,0,0.0,0.16666667,0,1.0,0.5,1,0.31111112
0.39534885,0.475,0.0,1.0,0,0.0,0.48,0.0,1,0.25,0.0,0.5,1,-1.0,0.16666667,0,0.0,0.0,0,0.2
0.5813953,0.475,0.5,1.0,1,0.6666667,0.04,1.0,1,0.125,0.5,0.5,1,-1.0,0.5,1,1.0,0.0,0,0.2888889
0.39534885,0.65,1.0,0.5,0,0.6666667,0.06,0.0,1,0.625,0.0,1.0,0,-1.0,0.5,0,0.0,0.0,1,0.2888889
0.7209302,0.1,0.0,1.0,1,0.8333333,0.06,0.0,0,0.125,0.0,0.5,0,1.0,0.5,0,0.5,0.0,0,0.22222222
0.5116279,0.25,0.5,0.5,1,0.6666667,0.5,0.5,1,0.0,1.0,0.5,1,1.0,0.33333334,0,0.0,0.5,1,0.22222222
0.25581396,0.925,0.0,0.5,1,0.33333334,0.58,0.5,0,0.125,0.5,0.5,1,-1.0,0.33333334,0,0.0,0.0,1,0.22222222
0.41860464,0.675,1.0,0.5,0,0.6666667,0.0,0.0,1,0.0,1.0,1.0,1,0.0,0.33333334,0,0.0,0.0,0,0.26666668
0.3488372,0.025,1.0,0.5,1,0.5,0.64,0.5,1,0.25,0.0,0.5,1,-1.0,0.5,0,0.0,0.0,0,0.17777778
0.13953489,0.2,1.0,0.5,0,0.8333333,0.48,0.5,1,0.125,0.0,1.0,1,1.0,0.5,0,0.0,0.0,0,0.15555556
0.6744186,0.675,1.0,0.5,1,0.8333333,0.22,1.0,1,0.25,0.5,1.0,0,0.0,0.6666667,0,0.0,0.5,1,0.4
0.53488374,0.775,1.0,1.0,1,0.5,0.02,1.0,1,0.25,0.5,0.5,1,0.0,0.5,0,0.0,0.5,1,0.37777779
0.5116279,0.85,0.0,0.5,0,0.6666667,0.16,1.0,1,0.625,0.0,0.0,1,0.0,1.0,0,0.0,0.0,0,0.35555556
0.4651163,0.3,0.5,0.5,0,0.8333333,0.6,1.0,1,0.375,0.0,0.5,1,0.0,0.6666667,0,0.0,0.0,1,0.26666668
0.25581396,0.925,0.5,0.0,1,0.5,0.66,0.5,1,0.0,0.0,0.5,1,0.0,0.33333334,0,0.5,0.5,1,0.24444444
0.37209302,0.55,0.5,1.0,1,1.0,0.64,1.0,1,0.125,0.5,0.5,0,1.0,0.33333334,0,0.0,0.5,1,0.2888889
0.55813956,0.7,1.0,1.0,1,0.8333333,0.16,0.0,1,0.0,0.0,0.5,1,-1.0,0.6666667,0,1.0,0.0,1,0.33333334
0.30232558,0.6,0.5,0.5,1,0.33333334,0.92,0.5,0,0.25,0.0,0.5,0,0.0,0.33333334,0,1.0,1.0,1,0.24444444
0.093023255,0.125,0.0,1.0,0,0.5,0.42,0.5,1,0.0,0.0,0.5,0,-1.0,0.33333334,0,0.5,1.0,1,0.022222223
0.41860464,0.975,0.5,1.0,1,0.6666667,0.76,1.0,0,0.125,0.0,1.0,1,1.0,0.5,0,0.0,1.0,0,0.35555556
0.41860464,0.125,0.0,1.0,0,1.0,0.16,0.5,1,0.25,0.5,1.0,0,1.0,0.5,0,1.0,0.5,0,0.2
0.4651163,0.25,0.5,0.5,0,0.6666667,0.48,0.0,1,0.25,0.5,0.5,1,1.0,0.5,0,1.0,1.0,1,0.22222222
0.53488374,0.825,0.5,0.5,1,0.5,0.52,1.0,1,0.25,0.0,0.5,1,0.0,0.16666667,1,0.0,0.0,1,0.33333334
0.53488374,0.625,1.0,0.0,1,0.8333333,0.78,0.5,1,0.125,0.0,0.5,1,1.0,0.33333334,0,1.0,0.5,1,0.33333334
0.4883721,0.85,0.0,1.0,1,0.5,0.62,0.5,1,0.25,0.5,1.0,1,0.0,0.6666667,0,0.0,1.0,1,0.35555556
0.60465115,0.525,1.0,1.0,1,0.33333334,0.4,0.5,1,0.0,0.0,0.5,1,1.0,0.8333333,0,0.0,1.0,0,0.33333334
0.23255815,0.375,0.0,1.0,0,0.6666667,0.28,0.5,1,0.375,0.0,0.5,1,0.0,0.5,1,0.5,0.5,0,0.15555556
0.5116279,0.925,0.5,0.5,1,0.33333334,0.98,0.0,1,0.125,0.0,0.5,0,1.0,0.5,0,0.0,0.0,0,0.37777779
0.53488374,0.025,0.5,0.5,0,1.0,0.28,0.0,1,0.0,0.0,0.5,0,1.0,0.5,0,0.0,0.0,0,0.15555556
0.27906978,0.85,0.0,0.5,1,0.5,0.12,1.0,1,0.25,0.0,1.0,1,0.0,0.6666667,0,0.5,0.0,1,0.26666668
0.23255815,0.225,0.0,0.5,1,0.6666667,0.3,0.0,1,0.0,0.0,0.5,1,-1.0,0.33333334,0,0.5,0.5,1,0.06666667
0.3488372,0.85,0.0,0.5,1,0.33333334,0.32,0.5,1,0.375,0.5,1.0,1,-1.0,0.6666667,0,0.5,0.0,0,0.31111112
0.3488372,0.15,0.5,0.0,0,0.8333333,0.12,0.5,1,0.0,0.0,1.0,0,1.0,0.6666667,1,0.5,0.0,0,0.11111111
0.55813956,0.575,1.0,1.0,1,0.5,0.7,1.0,1,0.25,0.0,0.5,1,-1.0,0.6666667,0,0.5,0.0,1,0.37777779
0.3488372,0.9,0.5,0.5,0,0.5,0.62,0.5,1,0.0,0.0,0.0,1,-1.0,0.5,0,0.0,0.5,1,0.24444444
0.3255814,0.475,0.5,1.0,1,0.5,0.32,0.5,1,0.25,0.0,0.5,1,1.0,0.5,0,0.5,1.0,0,0.24444444
0.3488372,0.75,0.5,1.0,1,0.16666667,1.0,0.0,1,0.125,1.0,0.5,0,-1.0,0.6666667,0,0.0,0.5,1,0.31111112
0.60465115,0.8,0.0,0.5,1,0.5,0.66,0.0,1,0.25,0.0,0.5,1,1.0,0.6666667,1,0.5,0.5,0,0.33333334
0.44186047,0.725,0.0,0.5,1,0.6666667,0.7,0.5,1,0.25,0.5,1.0,1,1.0,0.16666667,0,1.0,0.0,0,0.33333334
0.41860464,0.925,1.0,1.0,0,0.16666667,0.56,0.0,1,0.0,0.5,0.0,0,-1.0,0.5,0,0.5,0.5,1,0.33333334
0.41860464,0.45,0.0,1.0,1,0.8333333,0.56,0.5,1,0.25,0.0,1.0,1,-1.0,0.33333334,0,0.5,0.0,0,0.26666668
0.627907,0.175,1.0,0.5,1,0.5,0.02,0.5,1,0.25,0.5,0.5,1,0.0,0.5,0,0.0,0.0,0,0.26666668
0.3488372,0.05,0.0,0.0,0,0.5,0.78,1.0,1,0.0,0.5,0.5,1,0.0,0.5,0,0.0,1.0,0,0.08888889
0.627907,0.25,0.5,0.5,1,0.0,0.92,0.0,1,0.125,0.5,0.5,0,1.0,0.33333334,0,0.0,0.5,1,0.26666668
0.4651163,0.15,1.0,0.5,1,0.5,0.12,0.5,1,0.125,0.0,0.5,0,0.0,0.6666667,0,1.0,0.5,1,0.22222222
0.41860464,0.55,0.5,0.5,0,0.16666667,0.8,0.5,1,0.125,1.0,0.5,1,-1.0,0.5,0,0.5,0.0,1,0.2888889
0.7906977,0.175,1.0,1.0,1,0.33333334,0.54,0.0,1,0.125,0.0,0.5,1,1.0,0.5,0,0.5,0.0,1,0.35555556
0.30232558,0.05,0.5,0.5,0,0.16666667,0.28,0.5,1,0.25,0.0,0.5,1,0.0,0.5,0,0.5,0.0,1,0.13333334
0.39534885,0.025,0.5,0.5,1,0.33333334,0.92,0.5,1,0.0,0.5,0.5,1,-1.0,0.5,0,0.0,0.0,1,0.17777778
0.27906978,0.825,0.5,1.0,1,0.5,0.02,0.0,1,0.125,0.0,1.0,0,0.0,0.5,0,0.0,0.0,0,0.26666668
0.5813953,0.6,1.0,0.5,0,0.5,0.28,0.5,0,0.125,0.5,1.0,1,0.0,0.6666667,0,0.5,0.0,1,0.31111112
0.6744186,0.35,0.5,1.0,0,0.6666667,0.88,0.0,1,0.0,0.5,0.5,1,1.0,0.5,0,0.0,0.0,1,0.33333334
0.6744186,0.9,0.5,0.0,1,0.0,0.48,1.0,0,0.0,0.0,0.0,1,-1.0,0.5,0,0.0,0.5,1,0.31111112
0.60465115,0.075,1.0,0.5,1,0.5,0.6,0.5,1,0.125,0.0,1.0,1,0.0,0.6666667,0,0.0,1.0,0,0.24444444
0.41860464,0.975,0.5,0.0,1,0.5,0.74,0.0,1,0.125,0.5,0.5,1,1.0,0.6666667,0,0.0,0.5,0,0.33333334
0.39534885,0.625,0.5,0.5,1,0.33333334,0.14,0.0,1,0.25,0.5,1.0,1,0.0,0.33333334,0,1.0,0.5,1,0.26666668
0.20930232,0.175,1.0,1.0,0,0.33333334,0.22,0.5,1,0.0,0.0,1.0,0,0.0,0.33333334,0,0.0,0.0,0,0.13333334
0.7209302,0.675,0.5,1.0,1,0.8333333,1.0,0.5,1,0.25,0.5,0.0,0,0.0,0.33333334,0,1.0,0.5,1,0.42222223
0.5116279,0.775,0.5,1.0,1,1.0,0.24,0.0,1,0.125,0.5,1.0,0,-1.0,0.5,0,0.5,0.0,1,0.33333334
0.37209302,0.425,1.0,0.5,1,0.0,0.54,0.0,1,0.0,0.5,0.5,0,1.0,0.6666667,0,0.0,0.0,0,0.24444444
0.627907,0.85,0.5,1.0,1,0.33333334,0.3,1.0,1,0.125,0.0,1.0,1,1.0,0.16666667,0,0.0,0.0,0,0.4
0.30232558,0.15,0.5,0.5,1,0.16666667,0.86,0.5,1,0.125,0.5,0.5,0,-1.0,0.33333334,0,0.0,0.0,1,0.15555556
0.4883721,0.275,0.5,0.0,1,0.5,0.96,0.0,1,0.25,0.0,1.0,1,0.0,0.33333334,0,0.0,0.5,0,0.22222222
0.41860464,0.1,1.0,0.5,0,0.8333333,0.14,0.0,1,0.0,0.5,1.0,0,0.0,0.5,0,0.0,0.0,0,0.15555556
0.53488374,0.2,0.0,0.5,1,0.6666667,0.6,0.5,0,0.125,0.0,0.0,1,1.0,0.6666667,0,1.0,0.5,1,0.2
0.44186047,0.25,0.5,0.5,1,0.5,0.82,0.5,1,0.125,0.0,0.5,1,-1.0,0.33333334,0,0.0,1.0,1,0.17777778
0.23255815,0.925,0.5,0.5,0,0.5,0.82,0.5,1,0.125,0.5,0.5,1,1.0,0.6666667,0,0.0,0.0,1,0.31111112
0.44186047,0.075,0.5,0.5,0,0.5,0.44,0.0,1,0.375,0.0,1.0,1,-1.0,0.8333333,1,1.0,0.0,1,0.17777778
0.5813953,0.425,0.5,0.5,1,0.6666667,0.22,0.5,1,0.125,0.0,0.5,1,0.0,0.6666667,0,0.5,0.5,1,0.26666668
0.44186047,0.525,0.5,0.0,0,0.6666667,0.38,0.5,1,0.125,0.5,0.5,0,0.0,0.33333334,0,0.0,0.0,0,0.22222222
0.55813956,0.9,0.5,1.0,0,0.6666667,0.76,0.5,1,0.0,0.0,0.5,0,0.0,0.16666667,0,0.0,0.0,1,0.35555556
0.30232558,1.0,0.5,0.5,1,0.0,1.0,0.5,1,0.375,0.0,0.5,1,0.0,0.5,0,1.0,0.5,0,0.35555556
0.44186047,0.75,0.5,0.5,0,0.5,0.56,1.0,1,0.0,0.5,1.0,1,1.0,0.6666667,1,1.0,1.0,1,0.31111112
0.3488372,0.975,0.5,1.0,1,0.5,0.2,0.5,1,0.25,0.0,1.0,0,0.0,0.5,0,1.0,0.5,1,0.35555556
0.53488374,0.775,0.0,0.5,1,0.6666667,0.04,0.5,1,0.125,0.0,0.5,1,0.0,0.8333333,0,0.0,0.0,1,0.2888889
0.44186047,0.975,0.0,0.5,1,0.5,0.94,0.5,1,0.25,0.0,0.5,1,0.0,0.0,0,0.0,0.0,1,0.33333334
0.53488374,0.7,0.5,1.0,1,0.6666667,0.48,0.5,1,0.0,0.0,1.0,0,0.0,0.5,0,1.0,0.0,1,0.35555556
0.60465115,0.075,0.5,0.5,1,0.33333334,0.72,0.5,1,0.125,0.5,0.5,1,1.0,0.6666667,0,1.0,0.0,0,0.2888889
0.53488374,0.4,0.0,1.0,0,0.6666667,0.66,0.5,1,0.125,1.0,0.5,0,1.0,0.6666667,0,0.0,0.0,0,0.31111112
0.4883721,0.65,0.5,0.5,1,0.8333333,0.9,0.5,1,0.5,0.5,0.0,0,1.0,0.33333334,0,0.5,0.0,1,0.35555556
0.30232558,0.35,1.0,0.5,0,0.16666667,0.26,0.0,0,0.25,0.0,1.0,0,1.0,0.5,0,0.5,1.0,0,0.17777778
0.44186047,0.275,0.0,0.5,0,0.16666667,0.44,0.5,1,0.5,0.5,0.5,1,1.0,0.6666667,0,1.0,0.5,1,0.24444444
0.37209302,0.575,0.5,0.5,0,0.6666667,0.92,0.5,1,0.125,0.0,0.5,1,1.0,0.5,0,0.5,0.5,1,0.26666668
0.39534885,0.925,1.0,0.0,1,0.5,0.58,0.5,1,0.375,1.0,0.5,0,1.0,0.5,0,0.0,1.0,1,0.35555556
0.39534885,0.025,0.0,0.0,0,0.8333333,0.08,0.5,1,0.0,0.5,0.5,1,0.0,0.33333334,0,0.5,0.0,0,0.08888889
0.30232558,0.775,1.0,0.5,1,0.5,0.2,0.5,1,0.0,1.0,0.5,1,0.0,0.33333334,0,0.0,0.0,1,0.26666668
0.1627907,0.725,1.0,1.0,0,0.6666667,0.24,0.5,1,0.25,0.5,0.5,1,1.0,0.6666667,1,0.0,0.5,1,0.24444444
0.3488372,0.975,0.0,1.0,1,0.33333334,1.0,1.0,1,0.125,1.0,1.0,1,1.0,0.5,0,0.0,1.0,0,0.37777779
0.4651163,0.925,1.0,1.0,0,0.6666667,0.22,0.0,1,0.0,0.0,1.0,1,0.0,0.5,1,1.0,0.0,0,0.33333334
0.25581396,0.75,0.5,0.5,1,0.6666667,0.86,0.0,1,0.375,1.0,0.5,1,0.0,0.5,0,0.0,0.0,0,0.2888889
0.44186047,0.525,0.0,0.5,0,0.33333334,0.08,0.0,1,0.0,0.0,0.0,1,1.0,0.33333334,0,0.5,0.5,0,0.17777778
0.6976744,0.2,0.5,0.5,0,0.8333333,0.18,0.5,1,0.375,1.0,1.0,1,0.0,0.33333334,0,1.0,0.0,0,0.31111112
0.5813953,0.55,0.0,0.5,0,0.0,0.88,0.0,1,0.0,0.0,0.0,0,1.0,0.5,0,0.0,0.0,1,0.26666668
0.6744186,0.775,0.5,1.0,1,0.5,0.9,0.0,1,0.125,0.5,1.0,1,1.0,0.5,0,0.5,0.0,0,0.44444445
0.4883721,0.9,0.0,0.0,1,0.16666667,0.18,0.5,1,0.0,0.5,1.0,0,1.0,0.33333334,0,0.0,1.0,0,0.26666668
0.60465115,0.8,1.0,1.0,1,0.16666667,0.22,0.5,1,0.0,0.5,1.0,0,1.0,0.5,0,1.0,0.0,1,0.42222223
0.3488372,0.2,0.5,1.0,1,0.6666667,0.54,0.5,1,0.125,0.5,1.0,1,1.0,0.6666667,0,1.0,0.5,1,0.24444444
0.3488372,0.6,0.5,1.0,1,0.16666667,0.06,0.5,0,0.25,0.0,0.5,1,0.0,0.16666667,0,0.0,0.0,1,0.22222222
0.069767445,0.325,0.0,0.5,1,0.16666667,0.94,1.0,1,0.125,0.0,1.0,1,-1.0,0.16666667,0,0.0,0.0,1,0.11111111
0.60465115,0.0,0.5,1.0,0,0.6666667,0.36,1.0,1,0.125,0.5,0.5,0,-1.0,0.6666667,1,0.0,1.0,0,0.17777778
0.6511628,0.2,0.0,1.0,1,0.16666667,0.48,0.0,1,0.375,1.0,1.0,1,0.0,0.33333334,1,1.0,0.0,1,0.31111112
0.37209302,0.125,1.0,1.0,0,0.8333333,0.1,0.5,1,0.125,0.5,0.5,1,1.0,0.33333334,0,0.0,0.0,1,0.2
0.39534885,0.85,0.0,0.5,1,0.6666667,0.04,0.5,1,0.125,0.5,0.5,0,1.0,0.6666667,0,0.5,0.0,0,0.2888889
0.3255814,0.25,0.5,0.5,0,0.33333334,0.46,0.0,1,0.25,0.5,0.0,1,1.0,0.6666667,0,0.0,0.5,1,0.17777778
0.4883721,0.275,0.5,0.5,1,0.6666667,0.12,0.0,1,0.0,0.5,1.0,1,0.0,0.33333334,0,1.0,0.0,1,0.22222222
0.60465115,0.95,0.5,1.0,0,0.0,0.64,0.5,1,0.0,1.0,0.5,1,1.0,0.5,0,0.0,0.0,0,0.42222223
0.20930232,0.375,0.5,1.0,1,0.6666667,0.8,0.5,1,0.25,0.0,0.5,1,1.0,0.33333334,0,1.0,0.5,1,0.22222222
0.4883721,0.0,0.5,0.5,1,0.16666667,0.04,0.5,1,0.0,0.0,0.5,1,-1.0,0.33333334,0,0.0,0.0,0,0.13333334
0.39534885,0.275,0.5,1.0,1,0.33333334,0.62,0.5,1,0.125,0.0,1.0,1,1.0,0.5,0,0.0,0.0,1,0.24444444
0.4651163,0.125,0.5,1.0,1,0.33333334,0.82,1.0,1,0.125,0.5,1.0,1,1.0,0.5,0,0.0,0.5,1,0.26666668
0.5116279,0.1,1.0,0.5,1,0.8333333,0.44,0.5,1,0.0,0.0,1.0,1,1.0,0.5,0,0.5,0.0,1,0.24444444
0.41860464,0.075,1.0,0.5,0,0.33333334,0.96,1.0,1,0.5,1.0,0.5,0,1.0,0.33333334,0,1.0,0.0,1,0.31111112
0.41860464,0.6,0.5,0.5,1,0.5,0.12,0.0,1,0.25,0.0,0.5,1,0.0,0.5,0,0.0,0.5,0,0.22222222
0.41860464,0.2,1.0,1.0,0,0.33333334,0.32,0.5,1,0.25,0.5,0.5,1,0.0,0.5,0,0.0,1.0,0,0.22222222
0.5813953,0.35,1.0,0.5,0,0.33333334,0.24,0.5,1,0.0,0.0,0.5,0,0.0,0.5,0,0.0,0.0,0,0.24444444
0.5116279,0.85,0.5,1.0,0,0.16666667,1.0,0.0,1,0.25,0.5,1.0,1,0.0,0.33333334,0,1.0,0.0,1,0.4
0.4651163,0.425,0.0,0.5,1,0.5,0.3,0.5,1,0.25,0.0,1.0,1,-1.0,0.33333334,0,0.0,0.5,0,0.2
0.25581396,0.925,0.5,0.0,1,0.5,0.38,0.0,1,0.0,0.0,1.0,1,1.0,0.8333333,0,0.0,0.0,0,0.26666668
0.39534885,0.5,0.5,0.0,1,0.6666667,0.84,1.0,1,0.0,0.5,1.0,0,1.0,0.16666667,0,0.5,0.0,1,0.26666668
0.55813956,0.4,0.5,0.0,1,0.5,0.92,0.5,1,0.375,0.5,0.5,1,1.0,0.6666667,1,0.0,0.0,0,0.2888889
0.44186047,0.75,0.5,0.0,1,0.5,0.94,0.5,1,0.25,1.0,1.0,1,1.0,0.5,0,0.5,0.5,1,0.35555556
0.53488374,0.075,0.5,0.5,1,0.6666667,0.56,0.5,1,0.0,0.0,1.0,0,-1.0,0.5,0,0.0,0.0,1,0.2
0.6976744,0.1,0.5,0.5,1,0.33333334,0.66,0.5,1,0.125,0.5,0.5,1,1.0,0.33333334,0,0.0,0.5,0,0.26666668
0.5813953,0.65,0.5,0.0,0,0.16666667,0.34,0.5,1,0.25,0.0,1.0,0,1.0,0.16666667,0,0.0,0.5,0,0.2888889
0.4651163,0.475,0.0,0.5,1,0.6666667,0.6,1.0,1,0.125,0.0,1.0,0,-1.0,0.5,0,0.5,0.0,1,0.26666668
0.37209302,0.8,0.0,0.5,1,0.33333334,0.3,1.0,1,0.375,0.5,1.0,1,1.0,0.33333334,0,0.5,0.0,1,0.33333334
0.093023255,0.925,0.5,0.0,1,0.5,0.74,0.5,1,0.25,0.5,0.5,0,0.0,0.5,1,0.0,1.0,0,0.2
0.41860464,0.4,0.5,0.5,1,0.33333334,0.3,0.5,1,0.0,0.0,0.5,1,0.0,0.6666667,1,0.0,0.0,0,0.17777778
0.39534885,0.6,1.0,1.0,0,0.33333334,0.88,0.5,1,0.375,1.0,0.5,1,0.0,0.6666667,0,0.0,0.0,1,0.35555556
0.4883721,0.5,0.0,0.0,0,0.0,0.14,0.0,1,0.125,0.0,0.5,1,0.0,0.5,0,1.0,0.5,1,0.2
0.41860464,0.975,0.0,0.0,0,0.6666667,0.58,1.0,1,0.375,0.5,0.5,0,1.0,0.6666667,0,0.0,0.0,1,0.33333334
0.39534885,0.825,0.5,1.0,0,0.0,0.52,1.0,1,0.375,0.0,0.5,1,-1.0,0.5,0,0.5,0.0,0,0.33333334
0.18604651,0.9,0.5,1.0,1,0.8333333,0.26,0.5,1,0.125,1.0,0.5,0,0.0,0.16666667,0,0.0,0.0,1,0.26666668
0.30232558,0.25,0.5,0.5,1,0.8333333,0.02,0.0,1,0.125,0.0,1.0,1,-1.0,0.6666667,0,0.5,0.0,1,0.15555556
0.5116279,0.775,0.5,0.5,0,0.33333334,0.14,0.0,1,0.25,0.0,1.0,0,1.0,0.33333334,0,0.0,0.0,1,0.31111112
0.6744186,0.275,0.0,1.0,0,0.8333333,0.96,0.0,1,0.25,1.0,0.5,1,1.0,0.16666667,0,0.0,0.5,0,0.31111112
0.41860464,0.2,0.0,1.0,0,1.0,0.94,0.0,0,0.0,0.0,0.5,1,1.0,0.5,0,0.5,1.0,0,0.15555556
0.4883721,0.95,0.0,0.5,0,0.5,0.12,1.0,1,0.125,1.0,0.5,0,0.0,0.16666667,0,0.5,0.0,0,0.33333334
0.5813953,0.025,0.5,0.5,1,0.6666667,0.38,1.0,1,0.25,0.5,1.0,1,1.0,0.5,0,0.0,0.0,1,0.24444444
0.3255814,0.975,1.0,0.5,0,0.5,0.46,0.0,1,0.125,0.0,0.5,1,1.0,0.5,0,0.0,0.0,1,0.31111112
0.4883721,0.15,0.5,0.0,1,0.8333333,0.48,0.5,1,0.375,0.0,1.0,1,-1.0,0.5,0,1.0,0.0,0,0.22222222
0.3488372,0.825,0.0,1.0,1,0.16666667,0.3,0.0,1,0.0,0.5,0.5,1,-1.0,0.5,0,0.0,0.0,0,0.24444444
0.55813956,0.275,1.0,0.5,1,0.5,0.92,0.0,1,0.25,0.0,0.5,1,1.0,0.5,0,0.0,0.0,0,0.31111112
0.4651163,0.35,1.0,0.5,1,0.6666667,0.9,0.0,1,0.125,0.5,0.5,0,1.0,0.8333333,1,0.0,1.0,0,0.24444444
0.4883721,0.225,0.0,1.0,1,0.6666667,0.02,0.5,1,0.125,0.0,1.0,1,1.0,0.5,0,0.0,0.0,0,0.22222222
0.3255814,0.575,0.5,0.0,1,0.5,0.66,0.0,1,0.125,1.0,0.5,1,0.0,0.33333334,0,1.0,0.0,0,0.24444444
0.53488374,0.35,0.0,0.0,1,0.8333333,0.08,0.5,1,0.125,0.0,0.5,1,0.0,0.5,0,0.0,0.0,0,0.17777778
0.74418604,0.65,0.0,0.5,1,0.5,0.6,0.5,1,0.0,0.0,1.0,1,0.0,0.5,0,1.0,0.0,0,0.37777779
0.30232558,0.025,0.5,0.5,1,0.5,0.86,0.0,1,0.375,0.5,1.0,1,-1.0,0.33333334,0,0.0,0.5,1,0.15555556
0.39534885,0.075,1.0,1.0,0,0.6666667,0.64,0.5,1,0.125,1.0,0.5,0,-1.0,0.16666667,0,0.0,0.0,1,0.2
0.4651163,0.1,0.5,0.0,0,0.5,0.46,1.0,1,0.25,0.0,0.5,1,-1.0,0.33333334,1,0.5,1.0,0,0.13333334
0.55813956,0.425,1.0,0.5,1,0.5,0.96,0.0,1,0.0,1.0,0.5,1,1.0,0.33333334,0,0.0,0.0,1,0.33333334
0.37209302,0.825,0.5,0.5,0,0.33333334,0.74,0.5,1,0.125,0.0,1.0,0,-1.0,0.33333334,0,0.0,0.5,0,0.26666668
0.046511628,0.9,1.0,1.0,1,1.0,0.24,0.5,1,0.375,0.0,0.5,0,0.0,0.6666667,0,0.0,1.0,1,0.24444444
0.627907,0.25,0.5,0.5,1,0.33333334,0.38,0.5,1,0.25,0.0,0.0,1,1.0,0.6666667,1,0.0,0.0,1,0.24444444
0.55813956,0.575,0.0,0.5,1,0.6666667,0.76,0.0,1,0.125,0.5,1.0,1,0.0,0.5,1,0.5,0.0,1,0.2888889
0.20930232,0.775,1.0,1.0,1,1.0,0.02,0.5,1,0.0,0.0,0.5,1,1.0,0.5,0,1.0,0.5,1,0.26666668
0.3488372,0.3,0.5,1.0,0,0.16666667,0.06,0.5,1,0.125,1.0,1.0,1,1.0,0.5,0,0.5,0.0,1,0.22222222
0.6511628,0.4,0.5,1.0,1,0.6666667,0.86,0.0,0,0.0,0.5,1.0,1,1.0,0.6666667,0,0.5,0.5,1,0.33333334
0.6511628,0.525,0.5,0.5,1,0.5,0.04,0.5,0,0.125,1.0,0.5,1,0.0,0.6666667,0,0.5,0.0,0,0.31111112
0.5813953,0.125,0.5,0.5,1,1.0,0.68,0.5,1,0.125,0.0,1.0,1,1.0,0.6666667,0,1.0,0.0,1,0.2888889
0.41860464,0.025,0.5,0.5,0,0.33333334,0.32,0.5,1,0.0,1.0,0.5,1,0.0,0.16666667,0,0.0,0.0,1,0.13333334
0.44186047,0.15,0.5,1.0,1,0.33333334,0.82,0.0,1,0.0,0.5,1.0,1,-1.0,0.8333333,0,0.0,1.0,1,0.22222222
0.41860464,0.625,1.0,1.0,0,0.5,0.84,0.5,1,0.375,0.5,0.5,1,0.0,0.33333334,0,0.5,0.0,0,0.35555556
0.60465115,0.075,0.5,1.0,0,0.33333334,0.96,0.0,1,0.0,0.5,0.5,0,-1.0,0.5,0,0.0,0.0,0,0.24444444
0.3255814,0.2,0.5,1.0,0,0.33333334,0.1,0.5,0,0.0,1.0,0.5,0,1.0,0.5,0,0.0,0.0,0,0.15555556
0.3255814,0.35,0.0,0.0,0,1.0,0.42,0.5,1,0.0,0.0,1.0,1,-1.0,0.33333334,0,1.0,0.0,1,0.13333334
0.5813953,0.075,1.0,1.0,1,0.5,0.58,0.5,1,0.125,0.0,1.0,1,-1.0,0.33333334,0,0.0,0.0,1,0.26666668
0.44186047,0.2,0.5,1.0,1,0.33333334,0.92,0.5,1,0.0,0.0,1.0,1,0.0,0.5,0,0.0,0.0,0,0.24444444
0.627907,0.9,0.0,1.0,0,0.33333334,0.26,1.0,0,0.125,1.0,0.5,1,1.0,0.33333334,0,0.0,0.5,0,0.35555556
0.3488372,0.025,0.5,1.0,1,0.6666667,0.08,1.0,1,0.0,0.0,1.0,0,1.0,0.5,0,0.5,0.5,1,0.15555556
0.44186047,0.65,0.5,0.5,1,0.6666667,0.2,0.0,1,0.125,1.0,0.5,1,0.0,0.5,1,1.0,0.0,1,0.26666668
0.30232558,0.375,0.5,0.5,1,0.33333334,0.5,0.5,1,0.0,0.0,1.0,1,0.0,0.33333334,0,0.0,0.0,1,0.2
0.44186047,0.675,0.5,0.0,0,0.16666667,0.68,0.5,1,0.25,0.5,0.5,0,0.0,0.5,0,0.0,0.0,1,0.2888889
0.23255815,0.6,0.5,0.5,1,0.5,0.7,1.0,1,0.375,0.5,0.5,1,0.0,0.6666667,0,0.5,0.5,0,0.26666668
0.37209302,0.225,0.5,0.5,1,0.5,0.08,1.0,1,0.125,1.0,0.0,1,0.0,0.33333334,0,0.0,0.0,1,0.17777778
0.23255815,0.85,1.0,1.0,0,0.33333334,0.76,0.5,1,0.25,0.5,0.5,1,1.0,0.6666667,0,0.0,0.0,1,0.33333334
0.53488374,0.5,0.0,1.0,1,0.8333333,0.66,0.5,1,0.125,0.0,0.0,1,-1.0,0.16666667,0,0.0,0.0,1,0.26666668
0.53488374,0.825,0.5,1.0,1,0.6666667,0.4,0.0,1,0.125,0.5,1.0,0,0.0,0.5,0,0.0,0.5,0,0.35555556
0.20930232,0.4,0.5,0.0,1,0.5,0.58,0.0,1,0.375,0.5,0.5,0,0.0,0.6666667,0,0.0,1.0,0,0.15555556
0.627907,0.975,0.5,0.5,1,0.33333334,0.76,0.5,1,0.375,0.0,0.5,1,1.0,0.6666667,0,0.0,0.0,0,0.44444445
0.7906977,0.775,0.0,0.5,1,1.0,0.26,0.0,1,0.125,0.5,0.5,1,0.0,0.8333333,0,0.0,0.0,1,0.37777779
0.44186047,0.975,0.5,0.0,1,0.16666667,0.94,0.0,1,0.5,1.0,0.5,1,0.0,0.5,0,0.5,0.0,0,0.4
0.3488372,0.525,0.0,0.5,0,0.33333334,0.14,1.0,1,0.375,0.0,0.0,0,1.0,0.5,0,0.0,0.0,1,0.2
0.8372093,0.475,0.5,1.0,0,0.33333334,0.9,1.0,1,0.125,1.0,0.5,1,-1.0,0.16666667,0,0.0,0.0,1,0.4
0.25581396,0.75,0.5,0.0,1,0.5,0.74,0.0,1,0.25,0.0,1.0,1,0.0,0.33333334,0,1.0,1.0,1,0.24444444
0.44186047,0.875,0.0,0.0,0,0.6666667,0.66,1.0,1,0.125,0.5,0.5,0,1.0,0.5,0,0.0,0.0,0,0.31111112
0.4651163,0.975,0.5,0.5,1,0.16666667,0.08,1.0,1,0.125,0.0,0.5,1,0.0,0.6666667,0,0.5,0.5,1,0.33333334
0.627907,0.325,0.5,1.0,1,0.33333334,0.92,0.5,1,0.125,0.5,0.5,1,-1.0,0.0,0,1.0,0.0,0,0.33333334
0.4883721,0.8,1.0,1.0,0,0.6666667,0.3,0.5,1,0.0,0.5,1.0,0,1.0,0.33333334,0,0.0,0.5,1,0.35555556
0.37209302,0.2,0.0,1.0,1,0.33333334,0.74,1.0,1,0.0,0.0,0.5,0,1.0,0.6666667,1,0.5,0.0,1,0.2
0.30232558,0.55,0.5,1.0,0,0.33333334,0.88,0.0,1,0.875,0.5,1.0,0,-1.0,0.6666667,0,1.0,0.0,1,0.35555556
0.39534885,0.175,1.0,0.5,1,0.5,0.24,1.0,1,0.125,0.0,0.0,0,1.0,0.33333334,0,0.0,1.0,1,0.17777778
0.30232558,0.35,1.0,1.0,1,0.33333334,0.92,0.0,1,0.25,0.0,1.0,1,0.0,0.6666667,0,0.5,0.0,1,0.2888889
0.44186047,0.925,0.5,0.5,0,0.5,0.62,0.5,1,0.375,0.5,1.0,1,0.0,0.5,1,0.5,0.0,1,0.35555556
0.37209302,0.15,0.5,0.5,1,0.6666667,0.66,0.5,1,0.5,0.5,1.0,0,-1.0,0.8333333,0,0.0,0.5,1,0.22222222
0.23255815,0.625,1.0,0.5,1,0.5,0.92,0.5,0,0.125,0.0,0.5,1,0.0,0.5,0,0.0,0.0,1,0.24444444
0.627907,0.6,1.0,1.0,1,0.8333333,0.52,1.0,1,0.0,1.0,0.5,0,-1.0,0.5,0,0.0,0.0,1,0.37777779
0.37209302,0.125,1.0,1.0,1,0.6666667,0.44,0.0,1,0.125,0.0,0.5,1,1.0,0.6666667,0,0.5,0.5,1,0.22222222
0.25581396,0.325,0.0,0.5,0,0.5,0.64,0.5,0,0.125,0.0,0.5,1,1.0,0.5,0,0.0,1.0,1,0.11111111
0.41860464,0.575,0.0,0.5,0,0.5,0.56,1.0,0,0.25,0.0,1.0,1,1.0,0.6666667,0,1.0,0.5,1,0.26666668
0.44186047,0.175,0.5,1.0,0,1.0,0.06,1.0,1,0.125,0.0,0.5,0,1.0,0.33333334,0,1.0,0.0,1,0.22222222
0.20930232,0.8,1.0,0.0,1,0.33333334,0.18,1.0,1,0.0,0.0,0.5,1,-1.0,0.33333334,0,0.0,0.5,0,0.2
0.4883721,0.975,1.0,1.0,1,0.5,0.02,0.5,1,0.25,1.0,1.0,1,-1.0,0.6666667,1,0.0,0.5,1,0.37777779
0.30232558,0.225,1.0,0.5,0,0.33333334,0.1,0.5,1,0.375,0.0,0.0,0,1.0,0.33333334,0,0.0,0.5,1,0.15555556
0.6744186,0.175,0.5,0.5,1,0.6666667,0.72,0.5,1,0.0,0.0,0.5,1,0.0,0.6666667,0,0.0,0.5,0,0.26666668
0.5116279,0.45,0.5,0.5,1,1.0,0.0,0.5,1,0.125,0.5,0.5,0,1.0,0.5,1,1.0,0.0,0,0.26666668
0.39534885,0.75,0.5,0.5,0,0.5,0.3,0.0,1,0.5,0.5,0.5,1,1.0,0.5,0,0.5,0.0,0,0.31111112
0.3488372,0.275,1.0,1.0,1,0.5,0.44,0.0,1,0.125,0.5,0.0,0,0.0,0.6666667,0,0.5,0.5,0,0.22222222
0.41860464,0.025,0.5,1.0,0,0.5,0.94,0.0,1,0.0,0.5,1.0,1,-1.0,0.5,1,0.5,1.0,1,0.15555556
0.53488374,0.55,1.0,0.5,1,0.16666667,0.32,0.5,1,0.0,0.5,0.5,0,0.0,0.5,0,1.0,0.0,1,0.31111112
0.44186047,0.95,0.5,1.0,0,0.5,0.78,0.5,1,0.125,1.0,0.5,1,1.0,0.5,0,0.5,1.0,0,0.37777779
0.41860464,0.4,0.0,1.0,1,1.0,0.4,0.0,1,0.125,0.0,0.5,1,-1.0,0.5,0,0.5,1.0,0,0.17777778
0.44186047,0.425,1.0,0.5,0,0.6666667,0.1,0.0,1,0.125,0.5,0.5,1,-1.0,0.5,0,0.5,1.0,0,0.2
0.3488372,0.975,0.0,0.5,1,0.8333333,0.1,0.5,1,0.125,1.0,0.5,1,0.0,0.5,1,0.5,1.0,0,0.26666668
0.39534885,0.7,0.5,0.5,0,0.8333333,0.44,1.0,1,0.25,1.0,1.0,1,0.0,0.6666667,0,1.0,0.5,1,0.33333334
0.13953489,0.725,1.0,0.0,1,0.33333334,0.06,0.5,1,0.375,0.0,1.0,0,0.0,0.33333334,0,0.0,0.5,1,0.2
0.5813953,0.575,0.5,0.5,0,1.0,0.58,0.5,1,0.125,1.0,0.5,1,0.0,0.33333334,0,0.0,0.5,0,0.31111112
0.4883721,0.975,1.0,1.0,0,0.0,0.5,0.0,1,0.25,0.5,0.5,0,-1.0,0.6666667,0,0.0,0.0,0,0.37777779
0.3255814,0.7,0.5,0.5,1,0.5,0.7,0.5,1,0.5,0.5,0.5,0,-1.0,0.33333334,0,1.0,0.0,0,0.31111112
0.6976744,0.9,1.0,0.5,1,0.0,0.18,0.5,1,0.375,0.0,0.5,0,0.0,0.8333333,0,0.0,0.0,0,0.44444445
0.4651163,0.7,0.0,0.5,0,0.0,0.6,0.0,1,0.125,0.5,0.5,1,1.0,0.33333334,1,1.0,0.0,1,0.26666668
0.30232558,0.725,0.5,0.5,1,0.6666667,0.18,1.0,1,0.125,0.0,0.5,0,0.0,0.5,0,0.5,0.0,1,0.26666668
0.55813956,0.3,0.5,0.5,0,0.33333334,0.72,1.0,1,0.0,0.5,0.5,1,0.0,0.33333334,0,0.0,1.0,0,0.24444444
0.4883721,0.3,0.5,0.0,1,0.8333333,0.3,1.0,1,0.0,0.5,0.5,1,0.0,0.5,0,0.0,0.5,1,0.2
0.4883721,0.775,0.5,0.0,0,0.0,0.62,0.5,1,0.25,0.0,1.0,0,-1.0,0.5,0,0.0,0.0,1,0.2888889
0.37209302,0.3,1.0,0.5,1,0.5,0.88,1.0,1,0.125,0.0,0.5,1,0.0,0.8333333,0,0.0,0.5,1,0.24444444
0.5116279,0.575,1.0,0.5,0,0.16666667,0.48,0.5,1,0.375,0.0,0.5,1,-1.0,0.33333334,0,1.0,0.0,1,0.31111112
0.39534885,0.25,1.0,0.0,1,0.5,0.2,0.5,1,0.125,0.5,1.0,1,1.0,0.5,0,0.5,0.0,1,0.22222222
0.5116279,0.825,0.5,0.0,1,0.8333333,0.88,1.0,1,0.25,0.5,0.0,0,-1.0,0.5,0,0.0,0.5,0,0.33333334
0.18604651,0.1,0.5,0.0,1,1.0,0.36,0.0,1,0.0,0.5,0.5,0,-1.0,0.5,0,0.0,0.0,1,0.044444446
0.37209302,0.825,0.5,0.5,0,0.6666667,0.74,0.0,1,0.25,1.0,1.0,0,-1.0,0.5,0,0.5,0.5,1,0.31111112
0.6744186,0.6,1.0,0.0,1,0.16666667,0.32,0.0,1,0.0,0.5,0.0,1,1.0,0.33333334,0,1.0,0.0,0,0.33333334
0.3255814,0.175,0.0,0.5,1,0.16666667,0.3,0.5,1,0.5,0.5,0.5,0,-1.0,0.33333334,0,0.5,0.0,1,0.17777778
0.3488372,0.55,0.5,0.5,0,0.5,0.64,0.5,1,0.125,0.5,0.0,1,0.0,0.5,0,1.0,0.5,0,0.24444444
0.37209302,0.275,0.5,0.5,1,0.33333334,0.16,0.5,1,0.375,0.5,0.5,0,1.0,0.5,1,0.0,0.0,1,0.2
0.27906978,0.325,0.5,1.0,0,0.6666667,0.86,0.5,1,0.0,1.0,1.0,1,0.0,0.5,0,1.0,0.0,0,0.22222222
0.13953489,0.35,1.0,0.5,0,1.0,0.38,1.0,1,0.125,1.0,0.5,1,1.0,0.6666667,0,0.0,0.0,1,0.2
0.41860464,0.075,0.5,0.0,1,0.33333334,0.02,1.0,1,0.25,0.5,0.5,1,0.0,0.6666667,0,0.0,0.0,1,0.15555556
0.4651163,0.975,1.0,0.5,1,0.33333334,0.3,0.0,1,0.125,0.5,0.5,0,1.0,0.33333334,0,0.5,1.0,0,0.35555556
0.44186047,0.025,0.5,1.0,0,0.16666667,0.78,0.5,1,0.125,0.5,0.5,1,0.0,0.33333334,0,1.0,1.0,0,0.2
0.41860464,0.65,1.0,1.0,1,0.5,0.86,1.0,1,0.125,0.5,1.0,1,0.0,0.33333334,0,0.0,0.0,1,0.37777779
0.44186047,0.375,0.5,0.5,0,0.5,0.56,0.5,1,0.0,0.0,0.5,1,-1.0,0.33333334,0,0.5,0.0,0,0.2
0.5813953,0.65,0.5,0.0,1,0.5,0.3,0.5,1,0.25,1.0,1.0,0,0.0,0.6666667,0,1.0,0.5,1,0.35555556
0.41860464,0.35,0.5,0.5,1,0.6666667,0.52,1.0,1,0.625,0.5,1.0,1,0.0,0.6666667,1,0.5,0.0,0,0.2888889
0.37209302,0.675,0.5,0.5,1,0.6666667,0.84,0.5,0,0.375,1.0,0.0,1,-1.0,0.33333334,0,0.5,0.0,1,0.2888889
0.39534885,0.725,0.5,0.5,0,0.5,0.32,0.5,1,0.25,0.5,0.5,1,1.0,0.5,0,0.5,0.5,1,0.2888889
0.5116279,0.7,0.5,0.5,0,0.5,0.38,0.5,1,0.375,0.0,1.0,1,-1.0,0.5,0,0.0,0.0,1,0.31111112
0.627907,0.125,0.0,0.5,1,0.5,0.54,1.0,1,0.125,0.0,1.0,1,1.0,0.5,0,0.5,0.0,1,0.26666668
0.3488372,0.65,0.5,0.0,0,0.5,0.88,0.0,1,0.0,0.0,0.5,0,1.0,0.6666667,0,0.0,0.0,1,0.24444444
0.4651163,0.275,0.5,0.5,1,0.33333334,0.58,0.5,1,0.125,0.0,0.5,0,0.0,0.6666667,0,1.0,1.0,1,0.22222222
0.4883721,0.025,0.5,1.0,0,0.16666667,0.2,1.0,1,0.0,1.0,0.0,0,0.0,0.33333334,0,0.0,0.5,1,0.17777778
0.30232558,0.425,1.0,0.0,0,0.5,0.08,0.5,1,0.125,0.5,1.0,1,-1.0,0.33333334,0,0.0,0.5,1,0.15555556
0.44186047,0.425,1.0,1.0,0,0.33333334,0.1,0.5,1,0.125,1.0,0.0,0,0.0,0.16666667,0,0.5,0.0,1,0.26666668
0.23255815,0.475,0.5,0.5,1,0.6666667,0.96,0.5,1,0.25,0.0,0.5,1,0.0,0.6666667,0,0.0,0.0,0,0.22222222
0.18604651,0.7,0.5,0.5,1,0.5,0.82,0.5,1,0.125,0.0,0.5,1,-1.0,0.5,0,0.5,0.0,0,0.24444444
0.4883721,0.3,0.0,1.0,0,0.5,0.76,0.5,0,0.25,0.5,0.5,1,1.0,0.6666667,0,0.0,0.0,0,0.24444444
0.39534885,0.325,0.5,0.5,1,0.6666667,0.5,0.5,1,0.0,1.0,0.5,1,0.0,0.16666667,1,0.5,0.0,0,0.2
0.4651163,0.05,1.0,0.5,1,0.16666667,0.68,0.5,1,0.625,0.0,0.5,1,1.0,0.6666667,0,0.0,0.0,0,0.26666668
0.44186047,0.675,0.5,0.5,0,1.0,0.12,0.5,1,0.25,0.5,0.5,1,0.0,0.33333334,0,0.5,0.5,0,0.26666668
0.30232558,0.575,0.0,0.0,0,0.0,0.62,0.0,1,0.125,0.0,0.5,1,-1.0,0.6666667,1,0.0,0.5,1,0.13333334
0.44186047,0.35,0.5,0.5,1,0.8333333,0.82,0.5,1,0.125,0.0,0.5,1,0.0,0.8333333,0,0.0,0.0,1,0.24444444
0.27906978,0.7,1.0,0.5,1,0.5,0.06,0.5,1,0.25,0.5,0.5,0,-1.0,0.6666667,0,0.5,0.5,1,0.24444444
0.627907,0.525,0.5,0.0,1,0.33333334,0.3,0.5,1,0.125,0.0,0.5,1,1.0,0.33333334,0,0.0,0.5,1,0.26666668
0.25581396,0.475,1.0,0.5,0,0.16666667,0.12,1.0,1,0.125,0.0,0.0,1,1.0,0.8333333,0,0.0,0.0,0,0.2
0.41860464,0.5,1.0,0.0,0,0.33333334,0.26,0.0,1,0.125,0.0,0.5,1,0.0,0.5,0,0.0,0.0,1,0.2
0.30232558,0.625,0.0,0.5,0,0.5,0.78,0.5,1,0.25,0.5,1.0,1,1.0,0.33333334,0,0.5,0.5,1,0.26666668
0.5116279,0.65,0.0,1.0,0,0.5,0.34,0.0,1,0.25,0.5,1.0,0,0.0,0.5,1,0.5,0.0,0,0.2888889
0.39534885,0.3,0.5,0.0,0,0.8333333,0.68,0.5,1,0.25,0.5,0.5,1,0.0,0.6666667,0,0.0,0.0,1,0.2
0.37209302,0.15,0.5,0.5,1,0.5,0.78,0.5,1,0.0,0.5,0.5,0,-1.0,0.5,0,0.5,0.0,1,0.17777778
0.55813956,0.15,0.5,1.0,1,0.5,0.82,0.5,1,0.25,0.0,1.0,1,0.0,0.5,0,0.5,0.0,1,0.2888889
0.44186047,0.65,0.0,0.0,0,0.6666667,0.88,0.0,1,0.25,0.0,0.5,0,-1.0,0.33333334,0,0.0,1.0,0,0.2
0.5116279,0.875,0.0,0.5,1,0.5,0.6,1.0,1,0.25,0.0,0.5,1,0.0,0.6666667,0,0.0,0.5,0,0.33333334
0.30232558,0.4,0.0,0.5,0,0.5,0.28,0.5,1,0.375,0.5,0.5,0,1.0,0.5,0,0.5,0.0,1,0.2
0.25581396,0.175,1.0,0.5,0,0.5,0.16,0.5,1,0.0,1.0,0.5,1,0.0,0.33333334,1,0.0,1.0,1,0.08888889
0.4651163,0.75,1.0,0.5,1,0.6666667,0.5,0.5,1,0.5,0.0,1.0,1,0.0,0.33333334,0,0.0,0.5,1,0.35555556
0.39534885,0.825,0.0,0.5,1,0.33333334,0.1,0.5,1,0.375,0.0,0.5,1,-1.0,0.8333333,0,0.0,0.5,1,0.26666668
0.53488374,0.875,0.5,0.0,1,0.33333334,0.92,1.0,1,0.375,0.0,0.5,0,0.0,0.5,0,1.0,0.0,0,0.4
0.44186047,0.6,0.0,0.0,0,0.6666667,0.44,0.5,1,0.375,1.0,0.5,1,0.0,0.5,0,0.0,0.0,1,0.24444444
0.4651163,0.85,1.0,1.0,0,0.16666667,0.88,0.5,1,0.25,0.0,1.0,0,0.0,0.33333334,0,0.5,0.0,1,0.4
0.20930232,0.025,1.0,0.5,1,0.5,0.7,1.0,1,0.125,0.5,0.5,1,0.0,0.6666667,0,0.0,0.0,0,0.15555556
0.6976744,0.1,0.5,1.0,0,0.33333334,0.86,0.5,1,0.125,0.0,1.0,1,0.0,0.5,0,0.0,0.0,0,0.31111112
0.41860464,0.1,0.5,1.0,0,0.6666667,0.88,0.5,1,0.375,0.5,1.0,0,0.0,0.5,1,1.0,0.0,0,0.24444444
0.53488374,0.725,0.5,0.0,1,0.8333333,0.06,0.5,1,0.125,0.0,1.0,0,0.0,0.5,0,0.0,0.0,1,0.2888889
0.3255814,0.075,0.5,0.5,1,0.33333334,0.72,0.0,1,0.5,1.0,0.5,1,1.0,0.8333333,0,0.0,0.0,1,0.22222222
0.4883721,0.5,0.5,0.5,1,0.6666667,0.22,1.0,1,0.125,0.0,0.5,1,1.0,0.33333334,0,0.5,0.5,1,0.26666668
0.25581396,0.475,0.5,0.5,1,0.5,0.98,0.0,1,0.25,0.5,0.5,1,-1.0,0.33333334,1,0.0,0.0,0,0.2
0.5116279,0.3,1.0,1.0,1,0.33333334,0.78,0.5,0,0.0,0.5,1.0,0,-1.0,0.5,0,0.0,0.5,1,0.26666668
0.39534885,0.875,0.0,0.0,1,0.5,0.0,0.0,1,0.375,0.5,0.5,0,0.0,0.5,0,0.0,0.5,0,0.24444444
0.44186047,0.175,1.0,0.5,0,0.8333333,0.92,1.0,1,0.125,1.0,1.0,1,1.0,0.5,0,0.0,0.0,0,0.2888889
0.53488374,0.35,0.5,0.5,1,0.5,0.3,0.0,1,0.375,0.5,1.0,1,0.0,0.33333334,0,0.5,0.0,1,0.2888889
0.27906978,0.775,0.5,0.0,1,0.8333333,0.42,0.0,1,0.125,0.0,0.5,1,1.0,0.33333334,0,0.5,1.0,1,0.2
0.3488372,0.025,1.0,0.5,1,0.5,0.62,0.0,1,0.25,0.5,0.5,1,0.0,0.16666667,0,0.0,0.0,0,0.17777778
0.5116279,0.675,1.0,0.5,0,0.16666667,0.92,0.5,1,0.25,0.5,0.5,1,1.0,0.5,0,0.5,0.5,0,0.37777779
0.74418604,0.825,1.0,0.5,0,0.5,0.92,0.5,1,0.125,0.0,1.0,1,1.0,0.16666667,0,1.0,0.5,0,0.44444445
0.41860464,0.925,1.0,0.5,0,0.16666667,0.56,0.0,1,0.25,0.0,0.5,1,1.0,0.5,0,0.0,0.0,1,0.35555556
0.53488374,0.875,1.0,0.5,0,0.5,0.32,0.0,1,0.25,1.0,1.0,1,-1.0,0.5,0,0.0,0.0,1,0.35555556
0.41860464,0.325,0.5,0.5,1,0.33333334,0.28,0.0,1,0.5,0.5,0.5,1,1.0,0.8333333,1,0.5,0.0,0,0.24444444
0.7209302,0.575,1.0,0.5,1,1.0,0.36,0.5,0,0.375,0.0,0.5,0,1.0,0.6666667,0,0.0,0.5,0,0.35555556
0.20930232,0.075,1.0,0.5,0,0.8333333,0.18,0.0,1,0.0,0.5,1.0,1,1.0,0.8333333,0,1.0,0.5,1,0.13333334
0.4651163,0.25,0.5,0.5,1,0.5,0.66,0.5,1,0.125,0.5,0.5,1,0.0,0.5,0,0.0,1.0,1,0.22222222
0.20930232,0.1,0.5,0.0,0,0.8333333,0.52,0.0,1,0.125,0.0,0.5,0,1.0,0.16666667,0,0.0,0.0,0,0.06666667
0.093023255,0.325,1.0,0.0,1,0.33333334,0.78,1.0,1,0.125,0.5,0.5,1,0.0,0.33333334,0,0.0,0.0,1,0.15555556
0.4883721,0.875,1.0,0.0,0,0.16666667,0.1,0.5,1,0.25,1.0,1.0,1,0.0,0.0,1,0.5,0.0,0,0.31111112
0.4651163,0.35,0.5,0.0,1,0.6666667,0.4,0.5,1,0.125,0.5,0.5,1,0.0,0.5,0,1.0,1.0,1,0.22222222
0.39534885,0.55,1.0,0.5,1,0.6666667,0.24,1.0,1,0.375,0.0,0.5,0,0.0,0.6666667,0,0.0,0.0,0,0.31111112
0.41860464,0.425,1.0,0.5,1,0.33333334,0.54,1.0,1,0.125,0.0,1.0,0,0.0,0.5,0,0.5,0.0,0,0.2888889
0.88372093,0.45,0.5,0.5,0,0.33333334,0.46,0.5,1,0.0,0.0,0.5,1,1.0,0.33333334,0,0.5,1.0,1,0.33333334
0.39534885,0.975,1.0,0.5,1,0.6666667,0.44,0.5,1,0.5,0.0,0.5,1,0.0,0.6666667,0,0.0,0.0,0,0.37777779
0.5116279,0.3,0.0,0.5,1,0.0,0.32,0.0,0,0.375,0.0,0.5,0,1.0,0.6666667,0,1.0,0.0,0,0.24444444
0.3488372,0.625,0.0,1.0,1,0.6666667,0.72,0.0,1,0.25,1.0,0.5,0,0.0,0.6666667,0,0.0,0.0,0,0.2888889
0.4883721,0.425,0.5,0.5,1,0.5,0.48,1.0,1,0.25,0.0,0.0,0,-1.0,0.6666667,0,0.5,0.0,1,0.26666668
0.41860464,0.05,1.0,0.0,1,0.6666667,0.2,0.5,1,0.125,0.0,0.5,1,1.0,0.33333334,0,0.5,1.0,0,0.13333334
0.39534885,0.5,0.0,0.0,1,0.6666667,0.54,0.5,1,0.125,0.0,1.0,1,-1.0,0.33333334,0,0.5,0.0,0,0.2
0.6976744,0.825,1.0,0.5,0,0.33333334,0.6,0.5,1,0.375,0.5,0.5,1,0.0,0.33333334,0,0.0,0.0,1,0.42222223
0.60465115,0.1,0.5,0.5,0,0.16666667,0.02,1.0,1,0.125,0.0,1.0,1,-1.0,0.5,0,0.0,0.0,0,0.2
0.4651163,0.075,1.0,0.0,1,0.8333333,0.2,0.5,1,0.25,0.5,0.5,1,-1.0,0.33333334,0,1.0,0.0,1,0.2
0.11627907,0.15,1.0,0.5,1,0.5,0.24,0.0,1,0.25,0.0,0.5,1,0.0,0.6666667,0,1.0,0.0,1,0.13333334
0.39534885,0.775,1.0,1.0,1,0.5,0.24,0.5,1,0.375,0.0,0.5,0,1.0,0.5,0,0.0,0.0,1,0.35555556
0.81395346,0.725,1.0,0.0,1,0.6666667,0.24,0.0,1,0.25,0.0,1.0,0,-1.0,0.5,0,0.5,0.5,1,0.37777779
0.41860464,0.575,1.0,1.0,0,0.33333334,0.28,0.5,1,0.0,0.5,0.5,0,-1.0,0.8333333,0,1.0,0.0,0,0.2888889
0.60465115,0.475,0.0,1.0,1,0.6666667,0.26,1.0,1,0.25,0.0,0.5,1,-1.0,0.8333333,0,0.5,0.5,0,0.31111112
0.6511628,0.9,0.5,1.0,0,0.6666667,0.88,1.0,0,0.25,0.0,1.0,1,-1.0,0.6666667,0,0.0,0.0,1,0.42222223
0.4651163,0.775,0.5,1.0,1,0.8333333,0.32,0.0,1,0.375,0.0,0.5,1,0.0,0.6666667,0,0.5,0.5,0,0.33333334
0.3255814,0.8,1.0,0.0,1,0.8333333,0.34,0.0,1,0.125,1.0,1.0,1,1.0,0.33333334,0,1.0,0.0,1,0.31111112
0.093023255,0.825,0.0,0.0,0,0.5,0.26,0.5,1,0.25,0.5,1.0,1,0.0,0.5,0,1.0,0.0,1,0.2
0.53488374,0.65,0.0,0.0,1,0.6666667,0.96,0.5,1,0.25,1.0,0.5,1,1.0,0.8333333,0,1.0,1.0,1,0.35555556
0.3255814,0.45,1.0,0.0,1,0.5,0.54,0.0,1,0.0,1.0,0.5,1,0.0,0.5,0,0.5,0.0,1,0.22222222
0.4651163,0.875,1.0,0.5,1,0.5,0.62,0.5,1,0.0,0.5,0.5,1,0.0,0.5,0,0.0,0.0,1,0.35555556
0.27906978,0.925,1.0,1.0,1,0.16666667,0.74,0.0,1,0.125,0.5,1.0,1,0.0,0.33333334,0,1.0,0.0,0,0.35555556
0.39534885,0.025,0.0,0.5,1,0.5,0.34,0.5,1,0.625,1.0,1.0,1,1.0,0.33333334,0,1.0,0.0,1,0.24444444
0.44186047,0.05,0.5,0.5,0,0.0,0.96,1.0,1,0.125,1.0,0.0,1,-1.0,0.6666667,0,0.0,0.0,1,0.2
0.4883721,0.95,0.5,0.5,0,0.5,0.16,0.5,1,0.0,0.5,0.5,0,0.0,0.5,0,0.0,0.0,1,0.33333334
0.27906978,0.275,0.0,0.0,0,0.8333333,0.46,0.0,1,0.125,1.0,1.0,0,0.0,0.5,0,0.0,0.5,1,0.13333334
0.60465115,0.875,0.5,0.5,1,0.6666667,0.14,1.0,1,0.125,0.5,0.0,0,1.0,0.5,0,0.0,0.5,0,0.35555556
0.3488372,0.4,0.5,0.5,0,0.5,0.8,0.5,1,0.0,0.0,0.5,1,0.0,0.5,0,1.0,0.5,1,0.22222222
0.20930232,0.125,0.0,1.0,0,0.5,0.1,0.5,1,0.0,0.0,1.0,1,0.0,0.5,0,0.0,0.0,0,0.08888889
0.41860464,0.075,0.5,0.5,1,0.33333334,0.56,0.0,1,0.375,0.5,0.5,1,0.0,0.33333334,1,0.5,0.0,1,0.17777778
0.44186047,0.15,0.5,0.5,1,0.33333334,0.1,0.0,1,0.125,1.0,1.0,1,-1.0,0.5,0,1.0,0.5,0,0.2
0.4651163,0.25,0.0,0.0,0,0.6666667,0.46,0.0,1,0.0,1.0,0.5,1,0.0,0.6666667,0,0.5,0.0,1,0.17777778
0.627907,0.5,1.0,1.0,0,0.16666667,0.28,0.5,1,0.125,0.0,0.5,0,0.0,0.33333334,0,1.0,0.5,0,0.33333334
0.41860464,0.7,1.0,0.5,1,0.16666667,0.9,0.5,1,0.125,0.5,1.0,1,0.0,0.5,0,0.0,0.0,1,0.33333334
0.41860464,0.975,1.0,1.0,1,0.6666667,0.06,0.5,1,0.125,0.5,0.5,0,0.0,0.6666667,0,0.5,0.0,1,0.37777779
0.27906978,0.45,0.5,1.0,0,0.5,0.64,1.0,1,0.0,0.0,1.0,1,0.0,0.33333334,0,0.5,0.5,0,0.22222222
0.55813956,0.525,1.0,0.5,1,0.5,0.7,1.0,1,0.375,0.5,0.5,1,-1.0,0.16666667,0,1.0,0.5,0,0.35555556
0.4651163,0.525,1.0,0.5,1,0.5,0.88,0.5,1,0.375,0.5,0.5,1,0.0,0.16666667,0,1.0,0.5,1,0.33333334
0.37209302,0.55,0.5,0.0,0,1.0,0.88,0.5,1,0.125,1.0,1.0,0,0.0,0.5,0,0.0,0.5,0,0.24444444
0.18604651,0.525,0.5,0.5,1,0.5,0.98,0.5,1,0.25,0.0,0.5,1,0.0,0.5,0,0.0,0.5,0,0.2
0.6511628,0.0,0.0,1.0,0,0.5,0.26,0.5,1,0.0,0.0,0.5,1,-1.0,0.6666667,0,1.0,0.0,1,0.2
0.27906978,0.0,1.0,0.0,0,1.0,0.28,0.0,1,0.125,0.5,0.5,1,0.0,0.6666667,0,0.5,1.0,1,0.08888889
0.3488372,0.1,0.5,1.0,1,0.5,0.4,0.5,1,0.625,0.0,0.0,1,1.0,0.6666667,0,0.0,0.5,1,0.22222222
0.4883721,0.1,1.0,0.5,1,1.0,0.54,0.5,1,0.125,0.0,1.0,1,1.0,0.5,0,0.0,0.5,1,0.24444444
0.27906978,0.7,0.5,0.5,1,0.0,0.36,1.0,1,0.125,1.0,0.5,1,1.0,0.33333334,0,0.0,0.0,0,0.26666668
0.23255815,0.2,1.0,0.5,1,0.16666667,0.74,0.5,1,0.125,0.0,0.5,1,1.0,0.6666667,1,0.0,1.0,1,0.15555556
0.13953489,0.9,1.0,0.0,0,0.33333334,0.0,0.5,1,0.125,1.0,0.5,0,-1.0,0.5,0,0.5,0.0,1,0.22222222
0.53488374,0.925,1.0,0.5,1,0.6666667,0.02,0.5,1,0.375,0.0,0.5,1,0.0,0.33333334,0,1.0,0.0,0,0.4
0.37209302,0.975,0.5,0.5,0,1.0,0.72,0.0,1,0.125,0.5,0.5,0,1.0,0.33333334,0,0.5,0.0,1,0.33333334
0.8604651,0.95,0.0,0.5,0,0.33333334,0.88,0.5,1,0.25,0.0,0.0,1,-1.0,0.6666667,0,1.0,0.0,0,0.44444445
0.30232558,0.275,1.0,1.0,1,0.6666667,0.78,0.5,1,0.0,0.5,0.5,1,0.0,0.5,0,1.0,0.0,0,0.24444444
0.30232558,0.5,1.0,0.5,0,1.0,0.12,0.0,1,0.125,0.0,0.5,1,1.0,0.5,0,1.0,0.5,0,0.22222222
0.37209302,0.175,0.5,0.5,0,0.8333333,0.94,0.5,1,0.125,0.5,0.0,1,0.0,0.5,0,1.0,0.5,0,0.2
0.4651163,0.8,1.0,0.0,0,0.33333334,0.52,0.0,1,0.25,0.0,0.5,1,1.0,0.8333333,0,0.5,0.0,1,0.33333334
0.37209302,0.9,0.5,1.0,1,0.6666667,0.74,0.5,1,0.0,0.5,0.5,0,1.0,0.8333333,0,0.0,0.5,1,0.35555556
0.53488374,0.85,0.0,0.5,0,0.6666667,0.2,0.0,1,0.0,0.5,0.5,1,0.0,0.5,0,0.0,0.0,1,0.2888889
0.30232558,0.425,0.5,0.5,1,0.33333334,0.54,0.0,1,0.125,0.0,1.0,0,0.0,0.33333334,0,0.5,0.0,1,0.2
0.25581396,0.75,1.0,1.0,0,0.6666667,0.34,0.0,1,0.25,0.0,0.0,1,0.0,0.5,0,0.0,0.0,0,0.26666668
0.18604651,0.1,0.5,1.0,1,0.33333334,0.98,0.5,1,0.75,0.0,1.0,1,1.0,1.0,1,0.0,0.5,1,0.22222222
0.13953489,0.05,1.0,0.5,1,0.5,0.48,0.5,1,0.375,0.5,0.5,1,0.0,0.5,0,1.0,0.0,0,0.15555556
0.37209302,0.75,0.0,1.0,1,0.16666667,0.76,0.0,1,0.125,0.5,0.5,1,-1.0,0.16666667,0,0.5,0.0,0,0.2888889
0.39534885,0.425,1.0,0.5,1,0.0,0.6,0.5,1,0.125,0.5,0.0,0,-1.0,0.33333334,0,0.5,0.0,1,0.24444444
0.3488372,1.0,1.0,1.0,1,0.5,0.1,1.0,1,0.125,0.0,0.5,1,-1.0,0.33333334,1,0.5,0.5,1,0.31111112
0.60465115,0.1,0.5,0.5,1,0.5,0.54,1.0,1,0.375,1.0,0.5,1,0.0,0.6666667,0,0.0,0.5,1,0.2888889
0.60465115,0.85,0.5,0.0,0,0.16666667,0.54,0.5,1,0.0,0.5,1.0,1,1.0,0.33333334,0,0.5,0.0,0,0.35555556
0.39534885,0.475,0.5,1.0,1,0.6666667,0.72,0.5,1,0.375,0.0,0.0,1,0.0,0.6666667,0,0.5,0.0,0,0.2888889
0.18604651,0.825,1.0,0.0,1,0.5,0.32,0.5,1,0.0,0.0,0.0,0,0.0,0.33333334,0,0.5,0.5,1,0.2
0.37209302,0.825,0.0,0.5,0,0.6666667,0.86,0.0,1,0.0,0.0,0.5,1,-1.0,0.5,0,0.5,0.5,1,0.24444444
0.3488372,0.925,0.5,0.0,1,0.6666667,0.62,1.0,1,0.0,1.0,1.0,0,1.0,0.33333334,0,0.0,0.0,1,0.33333334
0.3488372,0.3,0.0,0.5,0,0.8333333,0.04,0.5,1,0.125,0.5,1.0,1,-1.0,0.16666667,1,0.5,0.5,0,0.11111111
0.3488372,0.95,0.5,0.5,1,0.6666667,0.7,0.0,1,0.0,0.0,1.0,1,1.0,0.33333334,0,0.5,1.0,1,0.31111112
0.3488372,0.15,0.5,0.5,1,0.5,0.9,0.0,1,0.125,0.5,0.5,1,1.0,0.6666667,0,0.5,0.0,1,0.22222222
0.39534885,0.075,1.0,1.0,1,0.5,0.68,0.5,1,0.125,0.5,1.0,1,0.0,0.33333334,0,0.0,0.0,0,0.24444444
0.3488372,0.425,0.5,0.0,0,1.0,0.38,0.5,1,0.125,0.5,0.5,0,0.0,0.5,0,0.0,0.0,0,0.2
0.4651163,0.825,0.5,1.0,0,0.6666667,0.6,0.5,1,0.0,1.0,1.0,1,1.0,0.16666667,0,0.5,0.5,0,0.35555556
0.4883721,0.475,1.0,0.0,0,0.5,0.18,0.5,1,0.0,0.5,0.5,1,1.0,0.5,0,0.5,0.0,1,0.24444444
0.3255814,0.825,0.5,0.0,1,0.5,0.6,0.0,1,0.0,0.0,0.5,1,1.0,0.5,0,0.0,0.0,0,0.24444444
0.627907,0.725,0.5,0.5,0,0.33333334,0.5,0.5,1,0.125,0.0,0.0,0,-1.0,0.5,0,0.0,0.5,1,0.2888889
0.30232558,0.2,1.0,1.0,0,0.16666667,0.02,1.0,1,0.125,1.0,0.5,1,0.0,0.8333333,1,0.0,0.5,1,0.17777778
0.20930232,0.95,0.5,0.0,1,1.0,0.32,0.0,1,0.125,0.0,1.0,1,-1.0,0.33333334,0,0.5,0.0,0,0.24444444
0.4883721,0.05,0.0,0.5,0,0.6666667,0.2,0.0,0,0.0,0.5,1.0,1,1.0,0.33333334,0,0.5,0.0,1,0.13333334
0.3255814,0.9,0.5,0.0,0,0.16666667,0.4,1.0,1,0.5,0.0,1.0,0,1.0,0.5,0,0.5,0.0,1,0.33333334
0.4883721,0.3,0.5,1.0,1,0.5,0.24,0.0,1,0.625,1.0,0.5,0,0.0,0.33333334,0,0.5,0.5,0,0.2888889
0.11627907,0.5,0.5,0.5,1,0.8333333,0.84,0.0,1,0.625,0.0,0.5,1,0.0,0.33333334,0,1.0,0.5,1,0.22222222
0.627907,0.425,1.0,0.5,0,0.33333334,0.7,1.0,1,0.0,0.0,0.5,1,-1.0,0.16666667,0,1.0,0.0,0,0.31111112
0.53488374,0.175,0.5,1.0,1,0.33333334,0.74,0.0,1,0.0,0.5,0.5,1,1.0,0.6666667,0,0.5,0.0,1,0.26666668
0.23255815,0.35,1.0,0.5,0,0.6666667,0.36,0.0,1,0.0,0.5,0.5,1,1.0,0.5,0,0.0,0.5,1,0.15555556
0.23255815,0.2,0.0,1.0,1,0.6666667,0.0,0.0,1,0.25,0.0,1.0,0,1.0,0.6666667,0,0.0,0.0,0,0.13333334
0.6744186,0.2,1.0,1.0,1,0.33333334,0.22,1.0,1,0.125,0.5,0.5,1,1.0,0.5,0,1.0,0.0,0,0.33333334
0.3488372,0.175,1.0,0.5,1,0.33333334,0.76,0.5,1,0.0,1.0,0.0,1,0.0,0.5,0,0.5,0.0,1,0.22222222
0.3255814,0.5,1.0,0.5,0,0.6666667,0.6,0.5,1,0.125,0.0,0.5,1,0.0,0.6666667,0,0.0,0.5,0,0.22222222
0.11627907,0.8,0.5,0.5,1,0.16666667,0.54,0.5,1,0.125,0.0,1.0,1,1.0,0.6666667,0,0.0,0.0,1,0.24444444
0.39534885,0.575,0.5,1.0,1,0.33333334,0.28,0.0,0,0.125,0.5,1.0,0,-1.0,0.5,0,0.0,0.0,0,0.24444444
0.41860464,0.9,0.5,0.5,1,0.5,0.08,1.0,1,0.125,0.0,0.5,1,0.0,0.5,0,0.5,0.0,1,0.31111112
0.53488374,0.625,1.0,1.0,0,0.6666667,0.78,0.5,1,0.125,0.0,0.5,1,0.0,0.5,0,0.0,0.5,0,0.33333334
0.25581396,0.7,1.0,0.5,0,0.33333334,0.04,0.0,0,0.125,0.5,1.0,1,-1.0,0.16666667,0,0.0,0.0,1,0.17777778
0.23255815,0.675,0.0,0.5,0,0.6666667,0.06,1.0,1,0.125,0.5,0.5,1,1.0,0.5,0,0.0,0.0,0,0.2
0.5116279,0.45,1.0,0.0,0,0.8333333,0.3,1.0,1,0.125,0.0,1.0,1,0.0,0.33333334,1,0.5,1.0,0,0.22222222
0.5813953,0.7,1.0,0.5,1,0.33333334,0.58,0.5,1,0.125,0.0,1.0,1,0.0,0.6666667,0,0.0,1.0,1,0.35555556
0.23255815,0.075,0.5,0.5,1,1.0,1.0,1.0,1,0.0,0.5,0.5,1,0.0,0.5,0,0.0,1.0,0,0.13333334
0.5813953,0.85,0.0,0.0,1,0.8333333,0.1,0.0,1,0.25,1.0,0.5,1,0.0,0.5,0,0.0,0.0,1,0.31111112
0.44186047,0.775,1.0,0.5,0,0.5,0.48,0.5,1,0.125,0.5,0.5,1,0.0,0.6666667,0,0.0,0.5,1,0.31111112
0.60465115,0.25,0.5,0.5,0,0.5,0.6,0.0,1,0.125,0.0,0.5,1,0.0,0.5,0,0.0,0.0,0,0.24444444
0.44186047,0.775,1.0,0.5,0,0.33333334,0.82,0.5,1,0.375,1.0,1.0,1,0.0,0.33333334,0,0.0,0.0,1,0.37777779
0.093023255,0.025,1.0,0.5,0,0.8333333,0.68,1.0,1,0.125,0.5,0.5,1,0.0,0.5,0,0.5,0.0,1,0.11111111
0.41860464,0.225,0.0,0.0,0,0.5,0.8,0.5,1,0.0,0.0,0.5,1,0.0,0.16666667,0,0.5,0.0,1,0.15555556
0.5813953,0.075,0.5,0.5,1,0.16666667,0.52,0.5,1,0.375,0.5,1.0,1,0.0,0.8333333,1,0.0,0.0,0,0.24444444
0.3255814,0.775,0.5,1.0,1,0.0,0.44,0.0,1,0.125,1.0,1.0,0,0.0,0.33333334,0,0.0,0.0,1,0.31111112
0.39534885,0.75,1.0,0.5,0,0.5,0.62,0.5,1,0.25,0.5,0.0,1,-1.0,0.5,0,1.0,0.5,1,0.31111112
0.41860464,0.825,0.5,1.0,0,0.5,0.9,0.0,1,0.375,0.5,0.5,0,-1.0,0.5,0,0.0,0.0,0,0.35555556
0.046511628,0.0,0.5,0.0,1,0.33333334,0.56,0.0,1,0.125,0.0,0.5,1,1.0,0.16666667,0,1.0,0.0,0,0.044444446
0.6744186,0.5,1.0,1.0,0,0.16666667,0.6,0.5,1,0.0,0.0,0.5,0,1.0,0.6666667,0,1.0,0.0,0,0.37777779
0.3255814,0.7,0.0,0.5,1,0.0,0.34,0.5,1,0.125,0.5,1.0,0,1.0,0.6666667,0,0.0,1.0,0,0.24444444
0.5116279,0.15,0.5,0.5,1,0.33333334,0.6,0.5,1,0.125,0.5,0.5,1,1.0,0.5,0,0.5,0.0,0,0.24444444
0.41860464,0.65,0.5,0.5,0,0.33333334,0.62,0.5,1,0.375,0.5,1.0,1,0.0,0.5,0,0.5,0.0,1,0.33333334
0.627907,0.075,0.5,0.5,0,0.6666667,0.76,0.5,1,0.25,0.0,1.0,1,1.0,0.33333334,0,0.0,0.0,1,0.26666668
0.4883721,0.175,0.5,0.5,1,0.5,0.58,0.5,1,0.125,0.5,0.0,0,0.0,0.5,0,0.5,0.5,0,0.22222222
0.41860464,0.475,0.5,0.5,1,0.8333333,0.2,0.0,1,0.125,0.0,0.5,1,0.0,0.5,1,0.0,0.0,0,0.17777778
0.3255814,0.65,1.0,0.0,0,0.6666667,0.58,0.5,1,0.375,0.0,0.5,1,1.0,0.5,0,0.5,0.0,0,0.2888889
0.55813956,0.15,0.0,0.5,1,0.6666667,0.3,0.5,1,0.0,0.5,0.5,1,1.0,0.5,1,0.0,0.0,1,0.17777778
0.18604651,0.175,0.5,1.0,1,0.6666667,0.08,0.5,1,0.375,0.5,1.0,0,1.0,0.8333333,0,0.5,0.5,1,0.17777778
0.53488374,0.2,0.5,0.5,1,0.16666667,0.82,1.0,1,0.125,1.0,0.5,1,-1.0,0.6666667,0,0.5,0.0,0,0.2888889
0.27906978,0.25,0.5,0.5,1,0.33333334,0.06,0.5,1,0.25,0.0,0.5,1,-1.0,0.0,1,0.5,0.5,0,0.11111111
0.627907,0.225,0.5,0.5,0,1.0,0.64,1.0,1,0.0,0.5,0.5,0,0.0,0.33333334,0,0.0,0.0,0,0.26666668
0.4651163,0.4,0.0,0.0,1,0.0,0.98,1.0,1,0.0,0.0,0.0,1,1.0,0.5,0,0.5,1.0,1,0.22222222
0.53488374,0.65,1.0,0.0,1,0.5,0.08,0.5,1,0.0,0.0,1.0,1,0.0,0.33333334,0,0.5,0.0,1,0.2888889
0.44186047,0.45,0.5,0.0,0,0.6666667,0.22,0.5,1,0.0,0.5,0.5,1,0.0,0.33333334,1,0.0,0.5,0,0.15555556
0.18604651,0.775,0.5,0.0,0,0.0,0.76,0.0,1,0.25,0.5,0.5,1,0.0,0.6666667,1,1.0,0.0,0,0.22222222
0.3255814,0.725,0.5,0.5,1,0.33333334,0.1,1.0,1,0.125,0.0,0.5,0,1.0,0.5,0,0.0,0.0,1,0.24444444
0.53488374,0.125,0.5,0.5,1,1.0,0.84,0.0,1,0.375,0.5,1.0,1,0.0,0.6666667,0,0.0,0.0,1,0.26666668
0.4651163,0.05,0.0,1.0,1,0.5,0.0,0.0,0,0.125,1.0,0.5,1,-1.0,0.33333334,0,0.0,0.5,0,0.11111111
0.60465115,0.875,0.0,1.0,1,0.33333334,0.88,1.0,1,0.25,0.5,0.5,1,0.0,0.6666667,0,1.0,1.0,0,0.42222223
0.4883721,0.075,0.0,0.0,1,0.5,0.06,0.5,1,0.125,1.0,0.5,1,0.0,0.6666667,0,0.0,0.0,1,0.15555556
0.30232558,0.15,0.0,0.5,1,0.33333334,0.92,0.0,1,0.0,1.0,0.5,1,-1.0,0.5,0,0.5,0.5,1,0.13333334
0.3255814,0.025,0.5,0.5,0,1.0,0.86,1.0,1,0.0,0.5,1.0,1,0.0,0.6666667,0,0.0,0.0,1,0.17777778
0.4651163,0.625,0.5,0.0,0,0.33333334,0.54,0.5,1,0.25,0.0,0.5,1,0.0,0.5,0,0.5,1.0,1,0.24444444
0.11627907,0.575,0.5,0.5,0,0.33333334,0.78,0.5,1,0.125,0.0,0.5,1,1.0,0.6666667,0,1.0,0.0,0,0.22222222
0.6744186,0.975,0.0,0.5,0,0.16666667,0.08,0.5,1,0.0,0.5,0.5,0,1.0,0.5,0,1.0,0.0,1,0.37777779
0.5116279,0.875,1.0,0.5,0,0.5,0.14,0.5,1,0.125,0.0,0.5,0,0.0,0.33333334,0,0.0,0.0,0,0.33333334
0.60465115,0.4,1.0,1.0,1,0.5,0.36,0.5,1,0.125,0.5,0.5,1,0.0,0.5,0,1.0,0.5,0,0.35555556
0.23255815,0.375,1.0,1.0,1,0.8333333,0.54,0.5,0,0.125,1.0,1.0,0,0.0,0.33333334,1,0.5,0.5,1,0.2
0.60465115,0.3,0.5,1.0,0,0.16666667,0.86,0.0,1,0.125,1.0,0.5,1,1.0,0.33333334,0,0.5,0.0,1,0.33333334
0.74418604,0.15,0.5,0.5,0,0.6666667,0.54,0.5,1,0.25,0.5,0.0,1,0.0,0.5,0,0.0,0.0,1,0.2888889
0.25581396,0.15,0.0,1.0,1,0.5,0.66,0.5,0,0.125,0.5,0.5,1,0.0,0.5,0,0.0,0.0,1,0.13333334
0.55813956,0.125,1.0,0.5,1,0.0,0.68,1.0,1,0.125,1.0,0.5,1,1.0,0.33333334,0,0.0,0.0,1,0.2888889
0.44186047,0.125,0.0,0.5,0,0.33333334,0.88,0.5,1,0.125,0.0,1.0,1,1.0,0.33333334,0,1.0,0.0,0,0.2
0.23255815,0.25,0.5,1.0,1,0.33333334,0.78,0.0,1,0.25,0.5,0.5,1,1.0,0.6666667,0,0.0,0.0,0,0.2
0.5116279,0.3,0.5,1.0,1,1.0,0.98,0.5,1,0.25,0.5,1.0,0,0.0,0.6666667,0,1.0,0.0,0,0.35555556
0.55813956,0.95,0.5,1.0,1,0.6666667,0.02,0.5,1,0.0,0.5,0.5,0,1.0,0.33333334,0,0.5,0.5,0,0.37777779
0.3488372,0.575,0.5,0.5,1,0.5,0.2,0.5,1,0.0,1.0,0.5,1,1.0,0.16666667,0,0.5,0.5,0,0.24444444
0.60465115,1.0,0.0,0.5,1,0.0,0.94,0.0,1,0.5,0.0,1.0,1,1.0,0.5,0,0.0,0.0,0,0.42222223
0.20930232,0.375,0.5,0.5,1,0.0,0.8,0.5,1,0.375,0.5,1.0,1,1.0,0.5,1,1.0,0.5,1,0.22222222
0.23255815,0.45,1.0,1.0,0,0.6666667,0.26,0.0,1,0.125,0.0,0.5,1,0.0,0.5,0,0.0,0.0,0,0.2
0.4651163,0.325,1.0,0.5,1,0.6666667,0.98,0.5,1,0.125,0.5,1.0,1,1.0,0.6666667,0,0.5,0.5,1,0.31111112
0.44186047,0.175,0.5,0.5,0,0.33333334,0.86,0.0,0,0.125,0.0,0.5,1,-1.0,0.5,1,0.5,0.0,1,0.15555556
0.3488372,0.15,0.5,0.5,1,0.5,0.06,1.0,1,0.25,0.5,0.5,1,-1.0,0.33333334,0,1.0,0.5,1,0.15555556
0.55813956,0.95,0.0,0.0,1,0.5,0.82,0.5,1,0.25,0.0,0.0,1,1.0,0.5,0,1.0,0.0,0,0.37777779
0.5116279,0.975,0.5,1.0,0,0.5,0.78,1.0,1,0.125,0.5,0.5,1,0.0,0.5,0,0.0,0.0,0,0.4
0.55813956,0.05,0.5,0.0,0,0.33333334,0.22,1.0,1,0.125,0.5,0.5,1,1.0,0.6666667,0,1.0,0.5,0,0.2
0.41860464,0.15,0.5,0.5,0,0.6666667,0.66,0.5,1,0.25,0.5,1.0,1,0.0,0.5,0,0.0,0.0,0,0.22222222
0.53488374,0.425,1.0,1.0,1,0.8333333,0.98,0.5,1,0.125,0.0,0.5,1,1.0,0.16666667,0,0.0,0.0,1,0.33333334
0.37209302,0.175,0.5,0.5,1,0.33333334,0.68,1.0,1,0.125,1.0,1.0,1,0.0,0.5,0,1.0,0.5,0,0.24444444
0.7209302,0.375,0.0,1.0,0,0.16666667,0.82,0.0,1,0.125,1.0,0.5,1,1.0,0.33333334,0,0.5,0.5,0,0.33333334
0.3255814,0.125,0.5,1.0,1,0.33333334,0.1,0.0,1,0.25,0.5,0.5,0,1.0,0.5,0,0.0,0.0,0,0.17777778
0.74418604,0.45,0.0,0.0,0,0.5,0.72,0.5,1,0.125,0.0,1.0,1,1.0,0.6666667,0,0.0,0.0,1,0.31111112
0.44186047,0.275,1.0,0.5,1,0.6666667,0.2,0.0,1,0.0,0.5,0.5,1,0.0,0.33333334,0,0.0,0.0,1,0.2
0.25581396,0.35,0.0,0.5,0,0.6666667,0.08,0.5,1,0.25,0.5,0.5,0,1.0,0.8333333,0,1.0,0.5,0,0.17777778
0.627907,0.1,0.5,0.5,0,0.6666667,0.56,0.0,1,0.25,0.5,0.5,0,-1.0,0.5,0,1.0,0.0,1,0.24444444
0.4651163,0.425,0.5,0.5,1,0.6666667,0.76,0.0,1,0.25,1.0,0.5,0,1.0,0.16666667,0,0.5,0.5,0,0.2888889
0.55813956,0.975,0.5,0.5,1,0.5,0.54,0.5,1,0.0,1.0,1.0,1,0.0,0.5,0,0.0,0.0,1,0.93333334
0.60465115,0.325,0.0,0.0,0,0.8333333,0.94,0.5,1,0.25,0.5,1.0,1,0.0,0.16666667,0,0.0,0.0,0,0.26666668
0.4883721,0.875,0.5,0.5,0,0.5,0.7,0.5,1,0.0,0.5,0.5,0,1.0,0.6666667,0,0.5,0.0,1,0.35555556
0.3488372,0.85,0.0,0.0,1,0.6666667,0.12,0.0,1,0.25,0.0,1.0,1,1.0,0.33333334,0,0.5,0.0,0,0.24444444
0.5813953,0.95,0.5,0.0,1,0.5,0.94,0.5,1,0.25,0.0,0.5,1,0.0,0.33333334,1,1.0,0.5,1,0.37777779
0.44186047,0.8,1.0,0.5,1,0.5,0.16,0.0,1,0.25,0.0,0.0,1,0.0,0.6666667,0,1.0,0.0,0,0.33333334
0.53488374,0.65,0.5,0.5,1,0.5,0.76,0.5,1,0.125,0.0,0.5,1,0.0,0.5,0,0.0,1.0,1,0.31111112
0.13953489,0.85,0.5,0.0,1,0.8333333,0.14,1.0,1,0.25,0.5,0.5,1,-1.0,0.5,0,1.0,0.0,0,0.24444444
0.5116279,0.075,1.0,1.0,0,0.5,1.0,0.0,1,0.25,0.5,1.0,0,1.0,0.5,0,1.0,0.0,0,0.31111112
0.3488372,0.475,0.5,0.5,1,0.33333334,0.34,0.0,0,0.25,0.5,1.0,0,1.0,0.5,0,0.5,0.0,1,0.22222222
0.6744186,1.0,1.0,1.0,0,0.33333334,0.5,0.5,1,0.0,0.0,0.5,1,0.0,0.6666667,0,0.5,0.5,0,0.44444445
0.53488374,0.775,0.0,0.5,0,0.6666667,0.46,0.5,1,0.25,0.0,1.0,0,1.0,0.33333334,0,1.0,0.5,1,0.33333334
0.4651163,0.95,1.0,0.0,1,0.33333334,0.1,0.0,1,0.125,0.5,0.5,1,1.0,0.5,0,0.0,0.0,1,0.33333334
0.5116279,0.775,0.5,1.0,1,0.5,0.5,0.0,1,0.25,0.0,1.0,1,-1.0,0.33333334,0,0.0,1.0,1,0.31111112
0.30232558,0.875,1.0,0.5,0,0.5,0.14,0.5,1,0.25,0.0,0.0,1,0.0,0.33333334,0,0.5,0.0,0,0.2888889
0.6744186,0.7,0.0,0.5,1,0.33333334,0.8,1.0,1,0.5,1.0,0.5,0,-1.0,0.33333334,0,0.5,0.5,1,0.4
0.7209302,0.75,0.5,0.5,1,0.16666667,0.96,1.0,1,0.0,0.5,1.0,1,0.0,0.5,0,0.5,0.5,1,0.42222223
0.4883721,0.525,0.0,0.0,0,0.16666667,0.8,0.5,1,0.0,1.0,0.5,1,1.0,0.33333334,0,0.5,0.5,0,0.24444444
0.6744186,0.925,1.0,0.5,1,0.33333334,0.44,1.0,1,0.125,0.0,1.0,1,1.0,0.33333334,0,0.0,1.0,0,0.42222223
0.37209302,0.825,0.5,0.0,1,0.16666667,0.0,0.0,1,0.375,1.0,0.5,1,1.0,0.33333334,0,0.0,0.5,1,0.26666668
0.3255814,0.85,1.0,0.5,1,0.6666667,0.04,0.0,1,0.125,0.5,0.5,0,1.0,0.33333334,0,0.5,1.0,0,0.26666668
0.44186047,0.675,0.5,1.0,0,1.0,0.5,0.0,1,0.375,0.5,0.5,0,0.0,0.33333334,0,0.5,0.0,0,0.33333334
0.5116279,0.3,0.0,1.0,1,0.33333334,0.68,0.5,1,0.125,1.0,1.0,1,0.0,0.33333334,0,0.0,0.0,1,0.26666668
0.39534885,0.025,0.5,0.0,1,0.33333334,0.82,1.0,1,0.375,0.5,1.0,1,1.0,0.5,0,0.5,0.5,0,0.5555556
0.5116279,0.925,0.5,1.0,1,0.33333334,0.6,0.0,1,0.125,0.0,0.0,1,-1.0,0.33333334,0,0.5,0.5,1,0.33333334
0.4883721,0.575,1.0,0.5,0,0.6666667,0.98,0.0,1,0.5,1.0,1.0,1,-1.0,0.6666667,1,0.0,0.0,0,0.35555556
0.30232558,0.3,0.5,0.0,0,0.6666667,0.5,1.0,1,0.5,1.0,0.5,0,1.0,0.33333334,1,0.5,0.0,1,0.2
0.5116279,0.15,1.0,1.0,1,0.5,0.6,0.5,1,0.125,0.5,0.5,1,1.0,0.5,0,0.5,0.5,0,0.2888889
0.55813956,0.825,0.5,0.5,0,0.16666667,0.24,0.5,1,0.0,0.0,0.5,1,0.0,0.5,0,0.0,1.0,1,0.2888889
0.4651163,0.825,0.5,0.5,1,0.33333334,0.34,0.5,0,0.125,1.0,0.5,1,1.0,0.5,0,0.0,0.0,0,0.31111112
0.60465115,0.825,1.0,0.0,1,0.5,0.68,0.0,1,0.125,0.5,0.5,0,0.0,0.33333334,0,1.0,0.0,1,0.37777779
0.27906978,0.65,0.5,0.5,0,0.5,0.6,0.5,1,0.0,0.0,0.5,0,-1.0,0.8333333,0,0.5,0.0,1,0.22222222
0.5116279,0.375,0.0,0.0,1,0.5,0.36,0.5,1,0.125,1.0,0.0,0,0.0,0.6666667,1,0.0,0.0,1,0.2
0.27906978,0.3,0.5,1.0,0,0.6666667,0.12,0.0,1,0.125,0.0,1.0,1,1.0,0.6666667,0,1.0,0.5,0,0.2
0.27906978,0.0,0.0,0.5,0,0.16666667,0.34,1.0,1,0.125,0.0,0.5,1,1.0,0.6666667,1,0.0,1.0,1,0.06666667
0.3488372,0.825,1.0,0.5,1,0.5,0.04,0.0,1,0.25,0.5,1.0,1,0.0,0.5,0,0.0,0.0,1,0.31111112
0.30232558,0.075,1.0,0.0,0,0.5,0.58,0.5,1,0.125,0.0,0.5,1,0.0,0.5,0,0.0,0.0,1,0.13333334
0.37209302,0.625,1.0,1.0,1,0.33333334,0.32,0.5,1,0.0,0.5,1.0,1,0.0,0.33333334,0,0.5,0.5,0,0.2888889
0.41860464,0.5,1.0,0.5,1,0.33333334,0.38,0.0,1,0.125,0.0,0.0,0,0.0,0.6666667,1,0.5,0.0,1,0.24444444
0.55813956,0.525,0.5,0.5,0,0.6666667,0.58,0.0,1,0.125,0.5,0.5,1,0.0,0.6666667,0,0.5,0.0,0,0.2888889
0.39534885,0.925,0.0,1.0,0,0.16666667,0.58,0.0,1,0.25,0.0,1.0,1,1.0,0.5,0,0.5,0.5,1,0.33333334
0.20930232,0.025,1.0,0.0,1,1.0,0.58,0.5,1,0.5,1.0,1.0,1,1.0,0.33333334,1,0.5,0.5,1,0.15555556
0.60465115,0.775,0.5,0.5,0,0.6666667,0.5,0.0,1,0.25,0.5,1.0,0,0.0,0.5,0,0.0,0.0,1,0.35555556
0.3255814,0.05,0.5,0.5,0,0.5,0.48,1.0,1,0.0,0.0,1.0,1,-1.0,0.5,0,1.0,0.5,0,0.13333334
0.44186047,0.05,1.0,0.5,1,0.5,0.82,0.0,1,0.125,0.5,0.0,1,-1.0,0.5,0,0.5,0.0,1,0.2
0.5116279,0.425,0.5,0.0,0,0.6666667,0.46,0.5,1,0.125,0.0,0.0,1,1.0,0.33333334,0,0.5,0.0,1,0.22222222
0.4651163,0.075,0.0,0.5,1,0.33333334,0.54,0.0,1,0.375,0.5,1.0,1,-1.0,0.16666667,0,0.0,0.0,1,0.17777778
0.60465115,0.8,1.0,0.5,1,0.33333334,0.98,0.0,1,0.5,0.0,0.0,0,1.0,0.5,0,0.0,0.0,0,0.42222223
0.5116279,0.525,0.5,1.0,0,0.8333333,0.18,0.0,1,0.25,0.5,1.0,1,0.0,0.33333334,0,0.5,0.0,1,0.2888889
0.3255814,0.025,1.0,0.5,1,0.33333334,0.72,1.0,1,0.25,1.0,1.0,1,0.0,0.5,0,0.0,0.0,0,0.22222222
0.74418604,0.05,0.5,0.5,0,0.5,0.48,0.0,1,0.25,0.5,0.5,1,0.0,0.33333334,0,0.5,0.5,1,0.24444444
0.4651163,0.625,0.5,1.0,1,0.33333334,0.84,0.5,1,0.125,0.5,1.0,1,0.0,0.33333334,1,0.0,0.5,1,0.31111112
0.41860464,0.8,0.0,0.5,1,0.5,0.4,0.0,1,0.25,1.0,0.5,0,1.0,0.33333334,0,0.5,0.0,1,0.31111112
0.5813953,0.45,1.0,0.5,0,0.6666667,0.3,0.5,1,0.375,0.5,0.5,1,1.0,0.5,0,0.5,0.0,0,0.33333334
0.4651163,0.55,0.5,0.5,1,1.0,0.2,1.0,1,0.375,1.0,1.0,1,1.0,0.6666667,0,0.0,0.0,0,0.33333334
0.4883721,0.8,0.5,0.5,1,0.33333334,0.88,0.5,1,0.125,0.5,0.5,1,1.0,0.5,0,0.0,0.0,1,0.35555556
0.7906977,0.6,0.5,0.5,0,0.16666667,0.72,0.5,1,0.125,0.5,0.5,1,0.0,0.5,0,0.0,0.0,0,0.37777779
0.39534885,0.225,0.5,0.0,0,0.5,0.08,0.5,1,0.125,0.0,1.0,1,0.0,0.6666667,0,0.0,0.5,1,0.13333334
0.39534885,0.625,0.5,1.0,1,0.33333334,0.72,1.0,0,0.125,0.5,0.5,0,0.0,0.5,0,0.0,0.0,0,0.2888889
0.4651163,0.625,0.5,0.0,1,0.5,0.04,0.5,1,0.375,0.0,0.5,0,0.0,0.5,0,0.0,0.0,1,0.24444444
0.5813953,0.725,0.5,0.5,1,0.6666667,0.18,0.0,1,0.125,0.0,1.0,1,0.0,0.6666667,0,0.0,0.0,1,0.33333334
0.23255815,0.625,0.5,0.0,0,1.0,0.6,0.0,0,0.0,0.0,1.0,1,1.0,0.5,0,0.5,0.0,0,0.17777778
0.1627907,0.975,0.5,1.0,1,0.33333334,0.46,0.5,1,0.125,0.5,0.5,1,1.0,0.5,0,0.0,1.0,0,0.2888889
0.3488372,0.2,0.0,0.5,1,0.0,0.84,0.5,0,0.125,0.5,0.5,1,-1.0,0.6666667,0,0.5,0.0,1,0.15555556
0.20930232,0.95,0.5,1.0,0,0.5,0.6,0.0,1,0.375,0.5,0.5,0,0.0,0.5,0,0.5,0.0,1,0.31111112
0.37209302,0.55,0.5,0.5,1,0.6666667,0.96,0.5,1,0.375,0.5,1.0,1,1.0,0.6666667,0,0.0,0.5,1,0.31111112
0.5116279,0.675,0.5,0.0,1,0.33333334,0.86,0.5,1,0.125,1.0,1.0,0,1.0,0.6666667,0,1.0,0.0,0,0.37777779
0.3255814,0.1,1.0,0.5,1,0.5,0.34,0.5,1,0.25,0.0,1.0,1,1.0,0.5,0,0.0,0.0,1,0.2
0.23255815,0.375,0.0,0.5,0,0.5,0.84,0.5,0,0.25,0.0,1.0,1,1.0,0.6666667,0,0.5,0.5,0,0.17777778
0.44186047,0.775,0.5,0.5,1,0.5,0.86,1.0,1,0.125,0.0,0.5,1,-1.0,0.5,0,1.0,0.5,1,0.33333334
0.55813956,0.7,0.0,0.5,1,0.6666667,0.96,0.0,0,0.125,0.0,0.0,0,0.0,0.6666667,0,1.0,0.0,1,0.31111112
0.20930232,0.05,1.0,1.0,0,0.5,0.02,0.5,1,0.125,0.5,1.0,0,1.0,0.33333334,0,0.0,0.0,1,0.13333334
0.55813956,0.55,1.0,1.0,0,0.6666667,0.88,0.0,1,0.25,0.0,0.5,1,0.0,0.5,0,0.0,0.5,1,0.33333334
0.55813956,0.1,0.5,0.5,1,0.0,0.06,0.0,1,0.125,0.5,0.5,1,0.0,0.33333334,0,0.5,0.0,1,0.2
0.5813953,1.0,1.0,1.0,1,0.33333334,0.52,1.0,1,0.0,0.5,1.0,1,-1.0,0.6666667,0,1.0,0.0,1,0.46666667
0.60465115,0.9,0.5,0.5,1,0.33333334,0.42,0.5,1,0.25,0.5,0.5,1,0.0,0.33333334,0,0.5,0.0,0,0.4
0.74418604,0.025,0.0,0.0,1,0.16666667,0.92,0.5,1,0.25,0.5,0.5,1,-1.0,0.5,0,0.0,0.0,1,0.26666668
0.39534885,0.85,0.5,0.5,1,0.5,0.4,0.5,0,0.25,0.5,1.0,1,-1.0,0.5,0,0.5,0.0,0,0.31111112
0.4651163,0.925,0.5,0.5,1,0.33333334,0.6,0.0,1,0.25,0.5,0.5,0,1.0,0.6666667,0,0.5,0.0,1,0.37777779
0.39534885,0.35,0.5,0.5,0,0.33333334,0.7,0.5,1,0.5,0.5,0.5,0,-1.0,0.5,0,0.5,0.5,0,0.24444444
0.44186047,0.725,0.5,0.5,1,0.6666667,0.02,0.5,1,0.375,0.5,1.0,1,1.0,0.5,0,1.0,0.0,0,0.33333334
0.6511628,0.45,0.5,1.0,1,0.5,0.6,0.5,1,0.25,0.5,0.5,1,1.0,0.6666667,0,1.0,0.0,0,0.4
0.25581396,0.65,1.0,0.5,1,0.16666667,0.52,0.0,0,0.25,1.0,0.5,1,1.0,0.5,0,1.0,0.0,0,0.2888889
0.3255814,0.35,0.5,1.0,0,0.33333334,0.6,0.5,1,0.25,1.0,0.5,1,-1.0,0.5,0,1.0,0.5,1,0.24444444
0.627907,0.325,0.0,0.5,1,0.6666667,0.08,0.5,1,0.5,0.5,0.5,0,0.0,0.16666667,0,0.0,0.0,0,0.26666668
0.5813953,0.425,0.5,0.0,0,0.5,0.06,1.0,0,0.375,0.5,1.0,0,1.0,0.5,0,0.0,0.0,0,0.26666668
0.39534885,0.15,0.5,1.0,1,0.8333333,0.18,0.5,0,0.0,0.0,0.5,0,1.0,0.5,0,0.0,0.0,1,0.15555556
0.55813956,0.825,0.0,0.5,0,0.6666667,0.86,0.5,1,0.25,0.5,0.5,1,1.0,0.5,0,0.5,0.0,1,0.37777779
0.4883721,0.35,0.0,1.0,1,0.33333334,0.36,0.5,1,0.0,0.5,0.0,1,1.0,0.6666667,0,0.0,1.0,1,0.22222222
0.6511628,0.4,0.5,0.0,1,0.8333333,0.44,0.5,1,0.125,1.0,0.5,1,1.0,0.5,0,0.0,0.0,1,0.31111112
0.44186047,0.9,0.5,1.0,0,0.8333333,0.4,0.5,1,0.25,0.0,0.0,1,1.0,0.33333334,1,0.0,0.0,1,0.31111112
0.5813953,0.5,1.0,0.5,1,0.0,0.72,0.5,0,0.0,0.0,0.5,1,1.0,0.6666667,0,0.5,0.5,1,0.31111112
0.81395346,0.55,0.0,0.0,1,0.5,0.26,0.5,1,0.0,0.5,0.5,0,1.0,0.5,0,0.0,0.0,1,0.31111112
0.53488374,0.95,0.0,0.5,1,0.33333334,0.06,0.5,1,0.125,0.5,0.0,1,0.0,0.33333334,0,0.0,0.0,0,0.31111112
0.44186047,0.875,0.5,1.0,1,0.5,0.38,0.0,1,0.0,0.5,1.0,1,0.0,0.5,0,0.0,0.0,1,0.33333334
0.53488374,0.175,1.0,0.0,0,0.33333334,0.72,0.5,1,0.75,0.0,0.5,0,1.0,0.5,1,1.0,0.5,0,0.26666668
0.39534885,0.475,0.5,1.0,1,0.33333334,0.92,0.5,1,0.375,0.5,0.0,1,1.0,0.5,1,1.0,0.0,1,0.31111112
0.76744187,0.975,0.5,0.5,1,0.6666667,0.06,0.5,1,0.0,0.5,1.0,1,0.0,0.8333333,0,0.5,0.0,1,0.44444445
0.4651163,0.375,0.0,0.5,1,0.16666667,0.82,0.5,1,0.25,0.0,0.0,1,0.0,0.5,0,0.0,0.0,1,0.24444444
0.39534885,0.375,0.5,0.0,1,0.5,0.06,0.5,1,0.0,1.0,1.0,1,0.0,0.33333334,0,0.0,0.0,1,0.17777778
0.3255814,0.2,0.5,0.5,1,0.16666667,0.34,0.5,1,0.375,0.5,1.0,0,-1.0,0.6666667,0,1.0,0.5,1,0.2
0.60465115,0.125,0.5,0.5,1,0.8333333,0.02,0.5,1,0.25,1.0,0.5,0,1.0,0.33333334,0,1.0,0.5,0,0.24444444
0.55813956,0.75,0.5,0.5,1,0.5,0.92,0.5,1,0.125,0.5,0.5,1,1.0,0.6666667,0,0.5,0.5,1,0.37777779
0.37209302,0.775,0.5,1.0,0,0.6666667,0.7,1.0,1,0.375,0.5,1.0,1,0.0,0.6666667,0,0.5,0.5,0,0.35555556
0.5116279,0.975,0.0,0.5,1,0.5,0.36,0.5,1,0.0,1.0,1.0,0,1.0,0.33333334,0,0.0,1.0,1,0.33333334
0.23255815,0.775,1.0,0.5,0,0.5,0.38,0.5,1,0.25,0.0,0.5,0,1.0,0.33333334,0,0.5,0.0,1,0.26666668
0.4651163,0.25,0.5,0.0,0,0.5,0.64,1.0,1,0.0,1.0,1.0,1,1.0,0.5,0,0.0,0.0,0,0.22222222
0.5116279,0.05,1.0,1.0,1,0.8333333,0.08,0.0,1,0.375,0.0,0.5,0,0.0,0.6666667,0,0.0,0.0,1,0.22222222
0.6744186,0.975,0.5,0.5,1,0.33333334,0.14,0.5,1,0.0,0.0,0.5,1,0.0,0.6666667,0,1.0,0.0,1,0.4
0.3255814,0.35,0.5,0.5,1,0.0,0.84,0.0,1,0.125,0.5,0.5,0,1.0,0.5,0,1.0,0.0,1,0.24444444
0.25581396,0.3,0.0,0.5,1,0.33333334,0.2,1.0,1,0.0,0.0,0.5,1,0.0,0.6666667,0,1.0,0.0,1,0.15555556
0.3255814,0.9,0.5,1.0,0,0.16666667,0.72,0.5,1,0.25,1.0,0.5,0,1.0,0.33333334,0,0.0,0.0,1,0.35555556
0.25581396,0.575,0.5,1.0,0,0.6666667,0.22,0.5,1,0.375,1.0,0.5,1,0.0,0.8333333,1,0.0,0.0,1,0.24444444
0.627907,0.225,1.0,1.0,1,0.5,0.08,0.0,0,0.125,0.0,0.5,1,0.0,0.33333334,0,0.5,1.0,1,0.22222222
0.6511628,0.9,0.5,1.0,1,0.6666667,0.9,0.5,1,0.0,1.0,0.5,0,1.0,0.33333334,0,0.0,0.0,0,0.44444445
0.4883721,1.0,1.0,0.5,0,0.5,0.9,0.5,1,0.25,0.0,0.5,1,1.0,0.6666667,0,0.5,0.0,1,0.42222223
0.60465115,0.075,0.5,0.0,1,0.5,0.6,1.0,1,0.125,0.5,1.0,0,0.0,0.5,0,0.0,0.5,1,0.22222222
0.4651163,0.85,0.5,0.5,0,0.5,0.46,0.0,1,0.25,0.0,0.5,0,1.0,0.5,0,1.0,0.0,0,0.35555556
0.41860464,0.4,1.0,0.0,1,0.8333333,0.56,0.0,1,0.125,0.0,0.5,1,-1.0,0.16666667,0,1.0,0.0,0,0.22222222
0.39534885,0.525,0.5,0.0,1,0.5,0.4,1.0,1,0.0,0.0,0.5,0,0.0,0.33333334,0,0.5,0.0,1,0.22222222
0.39534885,0.925,0.5,0.0,0,0.8333333,0.76,0.5,1,0.0,0.0,0.5,1,0.0,0.6666667,0,0.0,0.5,0,0.26666668
0.23255815,0.975,0.5,0.0,1,0.8333333,0.76,0.5,1,0.25,0.0,0.5,1,0.0,0.33333334,0,0.0,0.5,1,0.26666668
0.4883721,0.25,0.5,0.5,0,0.5,0.82,0.5,1,0.25,0.5,0.5,1,1.0,0.16666667,0,0.0,0.0,1,0.24444444
0.44186047,0.225,1.0,0.5,1,0.5,0.52,1.0,1,0.125,0.5,0.5,1,1.0,0.5,0,0.0,0.0,0,0.26666668
0.53488374,0.075,0.5,0.5,0,0.33333334,0.8,0.5,0,0.25,0.0,0.5,0,0.0,0.8333333,0,1.0,0.0,0,0.24444444
0.4651163,0.55,0.0,1.0,0,0.8333333,0.16,0.5,1,0.0,0.5,0.5,1,-1.0,0.33333334,0,0.0,0.0,1,0.22222222
0.41860464,0.025,1.0,0.5,1,0.33333334,0.04,0.0,0,0.125,0.0,0.5,1,0.0,0.5,0,0.0,1.0,0,0.08888889
0.3255814,0.4,1.0,1.0,1,0.33333334,0.64,0.5,1,0.5,0.0,1.0,0,1.0,0.6666667,0,0.0,0.5,0,0.31111112
0.44186047,0.075,0.5,0.5,0,0.5,0.1,1.0,1,0.25,0.0,1.0,1,-1.0,0.5,0,0.0,0.0,1,0.17777778
0.53488374,0.4,0.0,0.5,0,0.16666667,0.56,1.0,1,0.125,0.5,0.5,0,0.0,0.6666667,1,0.0,0.5,1,0.22222222
0.27906978,0.05,0.5,0.0,0,0.33333334,0.72,1.0,1,0.25,0.0,0.5,1,0.0,0.6666667,0,0.0,0.0,1,0.13333334
0.4651163,0.825,0.0,0.5,0,0.8333333,0.4,0.5,1,0.0,0.5,1.0,1,0.0,0.16666667,0,1.0,1.0,0,0.2888889
0.4651163,0.2,0.5,1.0,1,0.6666667,0.04,0.5,1,0.375,0.0,0.5,1,0.0,0.33333334,0,0.5,0.5,1,0.22222222
0.3488372,0.325,0.0,0.0,0,0.33333334,0.88,0.5,0,0.125,0.0,0.5,0,-1.0,0.33333334,0,0.5,0.0,0,0.13333334
0.3488372,0.875,0.5,1.0,1,0.6666667,0.04,0.5,1,0.0,0.0,0.5,0,1.0,0.5,0,1.0,0.5,1,0.31111112
0.4651163,0.75,0.0,0.5,1,1.0,0.9,1.0,1,0.25,1.0,1.0,0,0.0,0.6666667,0,0.5,0.0,1,0.37777779
0.27906978,0.225,0.5,0.0,1,0.5,0.06,1.0,0,0.25,0.5,0.5,0,-1.0,0.5,1,0.0,0.0,0,0.08888889
0.4883721,0.075,0.5,0.5,0,0.8333333,0.74,0.0,1,0.0,1.0,1.0,1,-1.0,0.33333334,0,0.5,0.5,0,0.17777778
0.3255814,0.725,0.5,0.5,1,0.6666667,0.92,1.0,1,0.375,0.0,1.0,1,-1.0,0.5,0,0.0,0.0,1,0.31111112
0.5813953,0.4,0.0,0.0,0,0.5,0.9,1.0,1,0.125,0.0,1.0,1,0.0,0.16666667,0,1.0,0.0,1,0.26666668
0.76744187,0.775,0.0,0.5,0,0.5,0.9,0.5,0,0.125,0.5,0.5,1,-1.0,0.5,1,0.5,0.5,1,0.33333334
0.3255814,0.45,0.5,1.0,0,0.6666667,0.88,1.0,1,0.0,0.0,0.5,0,1.0,0.6666667,0,1.0,0.5,1,0.26666668
0.5116279,0.35,0.5,0.5,1,0.33333334,0.52,0.5,0,0.125,0.0,0.5,1,1.0,0.33333334,0,0.5,0.0,1,0.24444444
0.3488372,0.45,0.5,0.5,1,0.0,0.56,0.5,1,0.625,1.0,0.5,1,1.0,0.5,0,0.0,0.0,0,0.2888889
0.5813953,0.75,0.0,1.0,1,0.33333334,0.62,0.5,1,0.125,0.0,0.5,0,0.0,0.5,0,1.0,0.0,1,0.35555556
0.25581396,0.9,1.0,0.5,0,0.0,0.9,0.5,1,0.375,0.5,0.5,0,0.0,0.0,1,0.0,0.0,1,0.31111112
0.5116279,0.05,1.0,0.5,1,0.33333334,0.84,0.0,1,0.0,1.0,0.5,1,0.0,0.33333334,0,0.0,0.5,1,0.22222222
0.3255814,0.525,0.5,0.5,0,0.0,0.78,1.0,1,0.0,0.0,0.5,0,-1.0,0.5,0,1.0,0.0,0,0.24444444
0.41860464,0.025,0.5,1.0,1,0.6666667,0.68,1.0,1,0.25,0.5,1.0,1,1.0,0.6666667,0,0.0,0.0,1,0.24444444
0.30232558,0.475,1.0,0.5,0,0.16666667,0.62,1.0,1,0.375,1.0,0.5,1,-1.0,0.5,0,0.0,0.0,0,0.26666668
0.55813956,0.875,1.0,0.5,1,0.6666667,0.92,0.0,1,0.125,0.5,0.5,1,0.0,0.6666667,0,1.0,0.0,1,0.42222223
0.3255814,0.35,1.0,1.0,0,0.6666667,0.2,0.0,1,0.375,0.0,0.5,1,1.0,0.8333333,0,0.0,0.5,1,0.24444444
0.5116279,0.925,0.5,1.0,1,0.6666667,0.2,0.5,1,0.125,0.5,1.0,1,0.0,0.5,0,0.5,0.0,1,0.37777779
0.39534885,0.625,1.0,0.0,1,0.0,0.98,1.0,1,0.0,0.0,0.5,0,0.0,0.6666667,0,0.5,0.0,1,0.31111112
0.41860464,0.925,0.0,1.0,0,0.8333333,0.56,0.5,1,0.0,0.5,0.5,0,-1.0,0.6666667,0,0.0,0.5,0,0.2888889
0.4651163,0.75,0.5,1.0,1,0.6666667,0.48,0.5,1,0.5,0.0,0.5,0,0.0,0.5,0,0.0,0.0,1,0.35555556
0.3255814,0.1,0.5,0.5,0,0.6666667,0.86,0.5,1,0.0,0.0,0.5,1,-1.0,0.33333334,0,0.0,0.0,0,0.13333334
0.4651163,0.225,0.5,0.5,1,1.0,0.84,0.0,1,0.25,0.0,0.5,0,0.0,0.5,0,0.0,0.0,1,0.22222222
0.6511628,0.4,0.5,1.0,1,0.6666667,0.18,0.5,1,0.5,0.0,1.0,1,0.0,0.33333334,0,1.0,0.0,1,0.35555556
0.3255814,0.175,0.0,0.5,1,0.16666667,0.18,0.0,1,0.0,0.0,0.5,0,0.0,0.5,0,0.0,0.0,1,0.08888889
0.60465115,0.5,1.0,0.5,0,0.6666667,0.8,0.0,1,0.125,0.5,1.0,1,0.0,0.5,0,1.0,0.0,0,0.35555556
0.6511628,0.475,0.5,1.0,0,0.16666667,0.78,0.5,1,0.0,1.0,1.0,1,0.0,0.5,0,1.0,0.0,0,0.37777779
0.3255814,0.95,1.0,1.0,1,0.5,0.22,0.5,1,0.125,0.0,1.0,0,1.0,0.5,0,0.5,0.5,0,0.35555556
0.23255815,0.425,0.0,0.0,1,0.33333334,0.84,0.0,1,0.0,0.0,0.5,1,0.0,0.8333333,0,0.0,0.0,1,0.13333334
0.4883721,0.775,0.5,0.5,0,0.5,0.48,0.5,1,0.125,0.5,0.5,0,-1.0,0.33333334,1,0.5,0.5,0,0.26666668
0.37209302,0.95,0.5,0.5,0,0.16666667,0.46,0.0,1,0.0,0.0,1.0,1,-1.0,0.33333334,0,0.5,0.5,1,0.26666668
0.6976744,0.875,0.5,0.5,0,0.16666667,0.98,0.5,1,0.125,0.5,0.5,0,0.0,0.6666667,0,0.0,0.0,0,0.42222223
0.44186047,0.2,1.0,1.0,0,0.33333334,0.52,0.0,1,0.25,0.5,0.5,1,0.0,0.5,0,0.0,0.0,0,0.24444444
0.3255814,0.5,0.5,0.5,1,0.5,0.14,0.0,1,0.125,0.0,0.5,0,-1.0,0.6666667,0,0.0,0.0,1,0.17777778
0.27906978,0.35,0.5,0.5,0,0.33333334,0.28,0.0,1,0.5,1.0,1.0,0,0.0,0.5,1,0.0,0.0,1,0.17777778
0.60465115,0.4,1.0,1.0,0,0.8333333,0.34,0.5,1,0.125,0.0,0.5,1,1.0,0.6666667,0,0.0,1.0,0,0.2888889
0.37209302,0.35,0.5,0.0,1,0.6666667,0.96,0.0,1,0.125,1.0,1.0,1,0.0,0.5,0,0.0,0.0,0,0.22222222
0.44186047,0.825,0.5,0.0,0,0.6666667,0.26,0.5,1,0.0,0.0,1.0,1,-1.0,0.5,0,0.0,0.5,1,0.24444444
0.5813953,0.45,0.5,0.5,0,0.33333334,0.44,0.5,1,0.125,0.0,0.5,0,0.0,0.5,0,0.0,0.5,0,0.26666668
0.37209302,0.525,0.5,0.5,0,0.16666667,0.74,1.0,1,0.0,0.0,1.0,0,0.0,0.33333334,0,0.5,0.0,0,0.26666668
0.44186047,0.975,0.5,0.0,1,0.5,0.28,1.0,1,0.0,0.5,0.5,1,1.0,0.6666667,0,0.0,0.0,1,0.33333334
0.44186047,0.05,0.0,0.5,1,1.0,0.7,1.0,1,0.625,0.0,0.5,0,0.0,0.6666667,0,0.0,0.0,1,0.22222222
0.53488374,0.5,0.5,0.5,1,0.5,0.2,0.5,1,0.125,1.0,1.0,1,1.0,0.5,0,0.0,0.5,0,0.2888889
0.53488374,0.775,0.5,1.0,1,0.8333333,0.24,0.0,1,0.375,0.0,0.5,1,-1.0,0.6666667,0,0.5,0.5,1,0.33333334
0.41860464,0.15,1.0,0.0,0,0.8333333,0.98,0.5,1,0.125,0.5,0.5,1,1.0,0.5,0,0.5,0.0,1,0.24444444
0.44186047,0.6,1.0,0.5,1,0.6666667,0.36,0.5,1,0.0,0.0,0.5,0,1.0,0.6666667,0,1.0,0.0,1,0.31111112
0.39534885,0.25,0.5,0.5,0,0.5,0.72,0.5,1,0.125,1.0,0.5,1,1.0,0.33333334,0,0.0,0.0,0,0.22222222
0.23255815,0.875,0.5,0.5,1,0.33333334,0.84,0.5,0,0.25,0.5,0.0,1,0.0,0.5,0,1.0,0.5,0,0.2888889
0.4883721,0.325,0.0,0.5,1,0.5,0.34,0.5,1,0.375,1.0,0.5,0,1.0,0.33333334,0,0.0,1.0,1,0.22222222
0.6976744,0.325,0.5,1.0,1,0.33333334,0.36,1.0,1,0.125,0.5,0.5,1,1.0,0.5,0,0.0,0.0,0,0.33333334
0.3255814,0.6,0.0,0.0,1,0.5,0.78,1.0,1,0.125,0.0,1.0,1,0.0,0.5,0,0.0,0.0,0,0.22222222
0.3255814,0.175,1.0,0.5,1,0.16666667,0.6,1.0,1,0.375,0.5,1.0,1,0.0,0.6666667,0,0.5,0.0,1,0.26666668
0.3255814,0.275,1.0,0.0,0,0.33333334,0.36,0.0,0,0.625,0.0,0.5,1,1.0,0.6666667,0,0.5,0.0,0,0.2
0.53488374,0.425,0.5,0.5,0,0.6666667,0.74,1.0,1,0.25,0.0,0.5,1,1.0,0.16666667,1,1.0,0.5,0,0.2888889
0.5116279,0.35,0.5,1.0,1,0.33333334,0.86,0.5,1,0.5,1.0,0.5,0,0.0,0.5,0,0.0,0.0,0,0.33333334
0.41860464,0.525,0.0,1.0,1,0.33333334,0.24,0.5,0,0.125,0.5,0.0,1,-1.0,0.5,0,0.0,0.5,0,0.2
0.30232558,0.6,1.0,0.5,0,0.33333334,0.02,0.0,1,0.5,1.0,0.5,1,0.0,0.5,0,0.0,0.0,1,0.26666668
0.4651163,0.575,1.0,1.0,0,0.5,0.28,0.5,1,0.25,0.5,0.0,0,0.0,0.33333334,0,0.0,0.0,1,0.2888889
0.23255815,0.65,0.5,0.5,1,0.0,0.68,0.5,1,0.625,0.0,1.0,1,0.0,0.6666667,1,0.0,0.0,1,0.26666668
0.4651163,0.3,0.5,0.0,1,0.33333334,0.92,0.0,1,0.5,1.0,0.5,1,1.0,0.33333334,1,0.5,0.5,0,0.24444444
0.55813956,0.125,0.5,1.0,1,0.6666667,0.86,0.0,0,0.25,0.5,0.5,1,-1.0,0.5,0,0.5,0.5,0,0.24444444
0.25581396,0.75,0.5,0.0,1,0.5,0.22,0.5,1,0.25,0.0,1.0,0,1.0,0.33333334,0,0.0,0.0,1,0.24444444
0.23255815,0.85,0.0,0.0,1,0.6666667,0.88,0.5,1,0.25,0.0,0.5,1,1.0,0.33333334,0,0.5,0.0,1,0.26666668
0.6511628,0.25,0.5,0.5,1,0.0,0.82,0.0,1,0.25,0.0,0.5,1,1.0,0.5,0,0.5,0.0,1,0.31111112
0.3488372,0.4,0.0,0.5,0,0.33333334,0.74,0.5,1,0.375,0.0,0.5,0,0.0,0.6666667,0,0.5,0.0,0,0.22222222
0.60465115,0.5,0.0,0.0,1,0.5,0.68,0.0,1,0.5,0.0,0.5,1,1.0,0.5,0,0.5,0.5,1,0.2888889
0.41860464,0.525,0.0,1.0,0,0.6666667,0.8,0.5,1,0.25,0.0,0.5,0,0.0,0.5,0,0.0,0.0,0,0.26666668
0.41860464,0.65,0.5,0.5,1,0.8333333,0.86,0.0,1,0.125,0.0,1.0,1,1.0,0.5,0,0.5,0.0,1,0.31111112
0.5116279,0.05,0.5,0.5,0,0.6666667,0.82,1.0,0,0.375,1.0,0.0,1,0.0,0.5,0,0.0,0.5,1,0.2
0.3255814,0.725,0.5,0.5,0,0.33333334,0.12,0.0,1,0.25,0.5,0.5,1,1.0,0.6666667,0,0.5,0.0,1,0.26666668
0.4651163,0.05,1.0,0.5,0,0.33333334,0.72,0.5,1,0.25,0.5,1.0,0,1.0,0.6666667,0,0.0,0.0,0,0.26666668
0.39534885,0.475,0.5,1.0,0,0.8333333,0.84,0.0,1,0.125,0.0,0.5,0,0.0,0.5,0,0.5,0.0,1,0.26666668
0.25581396,0.825,0.5,1.0,0,0.33333334,0.18,0.5,1,0.25,0.0,0.5,0,1.0,0.5,0,0.0,0.5,0,0.26666668
0.4883721,0.45,0.5,1.0,1,0.16666667,0.22,0.0,1,0.25,0.0,0.5,1,0.0,0.6666667,0,0.5,0.0,1,0.2888889
0.39534885,0.15,0.5,0.5,1,0.5,0.78,1.0,1,0.5,0.0,0.5,1,1.0,0.5,1,0.0,0.0,1,0.22222222
0.41860464,0.975,0.0,1.0,0,0.8333333,0.34,0.0,1,0.375,1.0,0.5,1,0.0,0.16666667,0,0.5,0.5,1,0.33333334
0.27906978,0.9,0.5,0.5,0,0.33333334,0.4,0.5,1,0.125,0.0,1.0,1,0.0,0.5,0,0.5,0.0,0,0.2888889
0.6744186,0.775,1.0,0.0,1,0.33333334,0.38,0.5,1,0.25,0.5,1.0,1,-1.0,0.6666667,0,0.0,0.5,0,0.37777779
0.55813956,0.4,0.5,1.0,0,0.33333334,0.22,0.5,1,0.125,0.5,0.5,1,0.0,0.5,0,1.0,1.0,1,0.26666668
0.5813953,0.175,1.0,0.0,1,0.6666667,0.94,0.5,1,0.25,0.5,0.5,1,0.0,0.0,0,0.0,0.5,0,0.24444444
0.39534885,0.95,0.0,0.0,1,0.5,0.8,0.0,1,0.0,1.0,1.0,0,1.0,0.16666667,0,0.0,0.5,1,0.2888889
0.20930232,0.525,0.5,1.0,0,0.6666667,0.26,0.5,1,0.125,0.0,0.0,1,0.0,0.33333334,0,0.0,0.0,1,0.2
0.7209302,0.85,0.5,1.0,1,0.8333333,0.1,1.0,1,0.5,0.5,0.5,0,1.0,0.33333334,1,0.0,0.0,1,0.44444445
0.44186047,0.35,1.0,0.0,1,0.16666667,0.38,1.0,1,0.125,0.5,0.5,1,1.0,0.6666667,0,0.5,0.5,0,0.24444444
0.3488372,0.325,1.0,1.0,1,0.33333334,0.42,0.5,1,0.0,0.0,0.5,1,1.0,0.6666667,0,1.0,0.0,1,0.26666668
0.5116279,0.975,1.0,1.0,0,0.33333334,0.0,0.5,0,0.125,1.0,0.5,0,0.0,0.8333333,1,0.0,0.0,1,0.35555556
0.60465115,0.525,0.0,1.0,0,0.5,0.88,0.0,1,0.0,0.0,0.5,1,0.0,0.6666667,0,0.5,0.5,1,0.2888889
0.44186047,0.15,0.5,0.5,1,0.6666667,0.86,0.5,1,0.25,0.0,1.0,1,0.0,0.5,0,0.0,0.0,1,0.22222222
0.627907,0.225,0.0,1.0,1,0.33333334,0.86,0.0,1,0.0,1.0,0.0,1,-1.0,0.5,0,0.5,0.0,1,0.26666668
0.5813953,0.475,0.0,1.0,1,0.33333334,0.8,0.0,0,0.0,1.0,0.5,0,-1.0,0.33333334,1,0.5,0.5,1,0.24444444
0.30232558,0.05,0.0,0.5,0,0.6666667,0.74,0.5,1,0.125,0.5,0.5,1,1.0,0.16666667,0,0.0,0.5,1,0.11111111
0.3488372,0.475,0.5,0.5,0,0.6666667,0.64,0.0,1,0.25,0.0,0.5,0,0.0,0.5,1,1.0,0.5,0,0.2
0.5813953,0.425,0.5,0.5,1,0.5,0.96,0.0,1,0.0,1.0,0.5,1,0.0,0.16666667,0,1.0,0.0,1,0.31111112
0.069767445,0.775,0.5,0.5,0,0.0,0.72,0.0,1,0.375,0.0,0.5,0,0.0,0.6666667,1,0.5,0.5,1,0.2
0.41860464,0.35,0.5,1.0,0,0.8333333,0.64,1.0,1,0.25,0.0,0.5,0,0.0,0.5,0,0.0,0.5,1,0.24444444
0.23255815,0.975,1.0,0.5,1,0.5,0.78,1.0,1,0.375,0.0,0.5,1,1.0,0.5,0,0.5,0.0,1,0.37777779
0.37209302,0.175,0.0,0.0,1,0.5,0.24,0.5,1,0.0,0.0,0.5,1,1.0,0.6666667,0,0.0,0.5,0,0.11111111
0.39534885,0.6,0.0,1.0,1,0.33333334,0.96,0.0,1,0.375,0.5,0.5,1,1.0,0.5,0,0.0,0.0,1,0.31111112
0.39534885,0.1,0.5,0.5,1,0.33333334,0.02,0.5,1,0.25,0.0,0.5,1,1.0,0.16666667,0,0.0,0.0,0,0.15555556
0.37209302,0.725,0.5,0.5,1,0.33333334,0.64,0.5,1,0.375,0.5,0.5,0,1.0,0.5,0,0.5,0.0,0,0.33333334
0.27906978,1.0,0.0,0.0,1,0.0,0.08,0.0,1,0.375,0.0,0.0,1,1.0,0.33333334,0,0.0,0.0,0,0.22222222
0.76744187,0.825,1.0,0.5,1,0.33333334,0.86,1.0,1,0.25,0.0,1.0,1,0.0,0.6666667,0,0.0,0.0,1,0.4888889
0.6976744,0.55,0.5,1.0,1,0.16666667,0.96,0.5,1,0.0,0.0,0.0,1,0.0,0.5,0,0.0,0.0,1,0.35555556
0.27906978,0.475,0.5,1.0,0,0.5,0.4,1.0,1,0.5,0.0,0.5,1,1.0,0.5,1,0.0,0.0,0,0.24444444
0.6511628,0.825,0.5,0.5,0,0.16666667,0.86,0.5,1,0.25,0.0,0.5,1,1.0,0.5,0,1.0,0.0,0,0.42222223
0.39534885,0.925,0.5,1.0,0,0.6666667,0.34,0.5,1,0.125,0.5,1.0,1,0.0,0.5,0,0.0,0.0,1,0.33333334
0.4651163,1.0,0.5,0.5,0,0.16666667,0.16,0.5,1,0.25,0.5,0.5,0,0.0,0.33333334,0,0.0,0.5,1,0.31111112
0.44186047,0.4,0.5,0.5,0,0.8333333,0.28,0.0,1,0.25,0.0,0.5,1,-1.0,0.33333334,0,0.5,0.5,1,0.2
0.3488372,1.0,0.5,0.5,1,0.6666667,0.3,1.0,1,0.125,1.0,0.5,1,1.0,0.33333334,1,0.5,0.5,0,0.31111112
0.5813953,0.15,1.0,1.0,1,0.16666667,0.64,0.5,1,0.125,0.0,0.5,1,0.0,0.5,0,0.0,0.0,0,0.2888889
0.4651163,0.25,0.5,0.0,1,0.5,0.8,0.5,0,0.125,0.0,0.5,1,0.0,0.6666667,0,0.0,0.5,1,0.17777778
0.37209302,0.1,0.5,0.5,1,0.33333334,0.2,0.5,1,0.125,0.5,0.5,0,1.0,0.33333334,1,0.0,0.0,1,0.13333334
0.25581396,0.275,0.5,0.5,0,0.6666667,0.08,0.5,1,0.0,0.0,0.0,1,1.0,0.8333333,0,0.5,0.0,1,0.13333334
0.3255814,0.775,0.5,0.0,1,1.0,0.22,0.5,1,0.0,0.0,1.0,1,0.0,0.6666667,0,0.0,0.5,1,0.22222222
0.20930232,0.85,0.5,1.0,0,0.8333333,0.3,0.5,1,0.375,0.0,0.0,0,-1.0,0.33333334,0,0.0,0.5,0,0.22222222
0.44186047,0.775,1.0,0.5,1,0.33333334,0.28,1.0,1,0.0,1.0,0.5,0,1.0,0.5,1,0.0,0.5,0,0.31111112
0.27906978,0.625,1.0,1.0,1,0.5,0.22,1.0,1,0.375,0.5,1.0,1,1.0,0.33333334,0,0.0,0.5,0,0.31111112
0.39534885,0.525,0.0,0.5,0,0.8333333,0.46,0.5,1,0.125,1.0,0.5,1,-1.0,0.33333334,0,0.0,0.0,1,0.22222222
0.627907,0.7,0.0,1.0,1,0.6666667,0.86,0.5,1,0.375,0.0,0.5,1,-1.0,0.16666667,0,1.0,0.5,0,0.37777779
0.60465115,0.4,1.0,1.0,1,0.8333333,0.1,0.5,1,0.375,0.0,0.5,0,0.0,0.0,0,0.0,0.5,0,0.31111112
0.44186047,0.85,1.0,0.5,1,0.6666667,0.86,0.0,1,0.125,0.5,0.5,1,0.0,0.5,0,0.5,0.5,0,0.35555556
0.41860464,0.675,0.5,0.5,1,0.5,0.5,0.5,1,0.25,0.0,0.0,1,-1.0,0.5,0,0.0,0.5,0,0.26666668
0.6976744,0.7,0.5,1.0,0,0.5,0.66,0.5,1,0.0,0.0,0.5,0,0.0,0.33333334,0,0.0,0.0,1,0.37777779
0.5116279,0.525,1.0,1.0,0,0.16666667,0.82,0.0,1,0.0,1.0,1.0,1,1.0,0.5,1,0.0,0.0,0,0.33333334
0.39534885,0.875,0.0,0.5,1,0.33333334,0.3,1.0,1,0.125,0.0,1.0,1,-1.0,0.5,0,0.0,0.0,0,0.2888889
0.23255815,0.25,0.5,0.5,0,0.33333334,0.96,0.5,1,0.375,1.0,0.5,0,0.0,0.6666667,0,1.0,0.0,0,0.24444444
0.4883721,0.375,0.5,1.0,0,0.33333334,0.08,0.0,1,0.5,0.0,1.0,1,1.0,0.6666667,0,0.0,0.0,1,0.2888889
0.55813956,0.775,1.0,0.0,1,0.5,0.52,0.0,1,0.125,0.0,1.0,0,1.0,0.5,0,0.5,0.0,0,0.35555556
0.3488372,0.5,0.0,0.5,1,0.5,0.26,1.0,1,0.25,0.0,0.5,0,0.0,0.5,0,0.0,1.0,1,0.17777778
0.4883721,0.9,0.5,1.0,0,0.5,0.4,0.5,0,0.25,0.5,0.5,0,-1.0,0.6666667,0,0.5,0.5,1,0.33333334
0.39534885,0.35,0.5,1.0,0,0.6666667,0.44,1.0,1,0.125,0.0,1.0,1,-1.0,0.33333334,0,0.5,0.5,1,0.22222222
0.41860464,0.375,1.0,1.0,1,0.33333334,0.92,0.5,1,0.25,0.5,0.5,1,1.0,0.6666667,0,0.0,0.0,0,0.33333334
0.093023255,0.9,0.5,0.0,1,0.6666667,0.44,0.0,1,0.375,0.5,0.5,1,-1.0,0.8333333,0,0.0,0.0,1,0.22222222
0.41860464,0.475,1.0,1.0,1,0.8333333,0.7,0.5,1,0.0,0.5,0.5,1,1.0,0.33333334,0,0.0,0.5,1,0.2888889
0.5813953,0.525,1.0,0.5,1,0.6666667,0.96,0.0,1,0.125,0.5,0.0,0,0.0,0.33333334,1,0.0,0.0,0,0.31111112
0.3488372,0.325,0.5,0.5,1,0.33333334,0.5,1.0,1,0.375,0.5,0.5,1,1.0,0.5,0,0.0,0.5,0,0.24444444
0.44186047,0.275,0.0,0.5,0,0.6666667,0.4,0.5,1,0.0,0.5,1.0,0,0.0,0.5,0,0.0,1.0,0,0.15555556
0.3255814,0.65,0.5,1.0,0,0.6666667,0.98,1.0,1,0.25,0.5,0.5,1,0.0,0.8333333,0,0.0,0.0,1,0.33333334
0.4883721,0.125,1.0,0.0,0,0.6666667,0.82,0.5,1,0.25,1.0,0.5,1,-1.0,0.33333334,0,0.5,0.5,0,0.22222222
0.41860464,0.875,0.0,1.0,1,0.8333333,0.94,0.0,1,0.0,0.5,0.5,1,0.0,0.33333334,0,1.0,0.0,1,0.35555556
0.30232558,0.775,0.5,1.0,1,0.6666667,0.4,0.5,1,0.25,0.0,0.5,0,0.0,0.0,0,1.0,0.5,1,0.2888889
0.627907,0.2,0.0,0.0,1,0.8333333,0.7,0.5,1,0.0,0.5,0.5,1,-1.0,0.5,0,1.0,0.0,1,0.22222222
0.5813953,0.7,0.0,1.0,1,0.5,0.24,1.0,0,0.125,1.0,1.0,0,1.0,0.33333334,0,0.0,0.0,0,0.33333334
0.3488372,0.6,0.5,1.0,1,0.33333334,0.86,0.5,1,0.0,1.0,0.5,1,1.0,0.5,0,0.0,0.5,1,0.31111112
0.5116279,0.175,0.5,0.0,1,0.8333333,0.94,0.5,1,0.125,0.5,0.5,0,1.0,0.5,0,0.5,0.5,1,0.24444444
0.5116279,0.275,0.5,0.5,1,0.33333334,0.26,0.0,1,0.125,0.0,1.0,1,1.0,0.8333333,0,0.0,0.5,1,0.24444444
0.53488374,0.4,1.0,0.5,0,1.0,0.1,0.0,1,0.25,0.0,0.5,1,1.0,0.6666667,0,0.0,0.0,1,0.26666668
0.20930232,0.7,0.0,0.5,0,0.8333333,0.2,0.5,1,0.125,0.0,0.5,1,1.0,0.5,0,0.0,0.5,0,0.17777778
0.5813953,0.65,0.0,1.0,1,0.5,0.64,0.5,1,0.25,0.0,0.5,0,1.0,0.5,0,0.0,0.5,0,0.33333334
0.37209302,0.525,1.0,0.5,0,0.8333333,0.28,0.5,1,0.0,1.0,0.5,1,1.0,0.5,1,0.0,1.0,1,0.22222222
0.39534885,0.775,0.5,1.0,0,0.6666667,0.64,0.5,1,0.375,0.5,0.5,0,1.0,0.33333334,0,0.0,0.5,1,0.33333334
0.81395346,0.75,0.5,1.0,1,0.16666667,0.36,0.0,1,0.125,0.0,1.0,1,1.0,0.33333334,0,0.0,0.5,1,0.42222223
0.4883721,0.625,1.0,0.5,1,0.33333334,0.92,0.5,1,0.0,0.0,0.5,1,0.0,0.5,0,0.0,0.5,0,0.31111112
0.39534885,0.775,1.0,0.5,0,0.5,0.46,0.0,1,0.0,0.0,0.5,1,-1.0,0.6666667,0,0.5,0.0,1,0.2888889
0.13953489,0.325,0.5,0.5,1,0.5,0.5,0.5,1,0.125,1.0,1.0,0,1.0,0.5,0,0.5,0.0,1,0.2
0.627907,0.875,1.0,0.5,0,0.8333333,0.34,0.0,1,0.25,0.5,0.5,1,0.0,0.5,0,0.0,0.0,1,0.4
0.25581396,0.625,0.5,0.5,1,0.5,0.08,0.5,1,0.5,0.0,1.0,1,1.0,0.5,0,0.5,0.5,1,0.24444444
0.30232558,0.825,0.5,0.0,1,0.16666667,0.5,0.0,1,0.0,0.5,1.0,1,-1.0,0.5,0,0.0,0.5,1,0.22222222
0.39534885,0.55,1.0,0.0,1,0.33333334,0.78,1.0,1,0.0,0.5,0.5,0,1.0,0.16666667,1,0.5,0.5,1,0.24444444
0.627907,0.225,0.5,0.0,0,0.6666667,0.96,0.5,1,0.0,0.5,0.5,1,1.0,0.8333333,0,0.0,0.0,1,0.26666668
0.55813956,0.55,0.5,1.0,0,0.0,0.08,0.5,1,0.0,0.5,0.5,1,0.0,0.5,0,0.0,0.0,1,0.26666668
0.41860464,0.375,0.5,0.5,1,0.16666667,0.8,1.0,1,0.0,0.5,0.5,0,-1.0,0.5,0,1.0,0.0,0,0.24444444
0.4883721,0.7,0.5,0.0,1,0.33333334,0.26,0.0,1,0.375,0.0,0.5,1,1.0,0.5,0,1.0,0.0,1,0.31111112
0.3488372,0.475,0.5,0.5,1,0.6666667,0.82,0.5,1,0.5,1.0,0.5,0,1.0,0.16666667,0,1.0,0.0,1,0.31111112
0.4651163,0.825,0.5,0.0,0,0.5,0.34,1.0,1,0.25,0.0,0.5,1,0.0,0.5,0,0.5,1.0,0,0.2888889
0.44186047,0.675,0.0,0.0,0,0.6666667,0.12,0.5,0,0.125,1.0,0.5,1,-1.0,0.16666667,0,0.5,0.0,0,0.2
0.5813953,0.675,0.5,0.5,1,0.5,0.62,0.5,1,0.125,1.0,0.5,1,-1.0,0.33333334,0,0.0,0.0,1,0.33333334
0.5813953,0.225,0.5,0.5,0,0.5,0.9,0.5,1,0.125,0.0,0.5,1,-1.0,0.6666667,0,1.0,0.0,0,0.26666668
0.5116279,0.975,0.0,0.0,0,0.33333334,0.18,0.5,1,0.125,0.5,0.5,1,1.0,0.5,0,0.0,1.0,1,0.2888889
0.39534885,0.85,0.5,0.5,1,0.6666667,0.02,0.5,1,0.0,1.0,0.5,1,1.0,0.5,1,0.5,0.5,0,0.26666668
0.53488374,0.8,1.0,0.5,1,0.16666667,0.88,0.0,1,0.125,0.5,0.5,1,0.0,0.33333334,0,1.0,0.0,0,0.4
0.41860464,0.325,0.5,0.5,1,0.5,0.7,0.5,1,0.125,0.5,0.5,1,0.0,0.5,0,0.0,1.0,1,0.22222222
0.30232558,0.525,0.5,1.0,0,0.8333333,0.8,0.5,1,0.375,1.0,1.0,1,0.0,0.5,0,1.0,0.0,1,0.31111112
0.39534885,0.125,0.5,0.5,1,0.33333334,0.06,0.5,1,0.125,0.5,0.5,0,1.0,0.5,1,1.0,0.0,1,0.17777778
0.4651163,0.55,0.5,0.5,0,0.16666667,0.9,0.5,1,0.375,0.0,0.0,1,1.0,0.6666667,0,0.0,0.0,0,0.2888889
0.55813956,0.15,0.5,1.0,0,0.0,0.42,1.0,1,0.0,0.5,0.5,1,-1.0,0.5,1,0.0,0.0,0,0.2
0.41860464,0.55,0.0,1.0,0,0.6666667,0.9,0.5,1,0.25,0.0,1.0,1,0.0,0.6666667,1,1.0,0.5,0,0.2888889
0.27906978,0.65,0.5,1.0,1,0.6666667,0.06,0.5,1,0.25,0.0,1.0,1,1.0,0.6666667,0,0.0,1.0,1,0.24444444
0.44186047,0.4,0.5,0.5,0,0.33333334,0.88,0.0,1,0.25,0.0,1.0,1,0.0,0.5,1,0.0,0.5,1,0.22222222
0.4651163,0.5,0.5,0.5,1,0.16666667,0.68,0.0,1,0.5,0.0,0.5,0,0.0,0.33333334,0,1.0,0.0,0,0.31111112
0.4651163,0.875,0.0,0.5,0,0.5,0.56,1.0,1,0.25,0.0,1.0,1,0.0,0.33333334,1,0.0,0.0,1,0.31111112
0.5813953,0.1,0.0,1.0,1,0.8333333,0.06,0.5,0,0.25,0.0,1.0,1,-1.0,0.6666667,0,0.5,0.0,1,0.2
0.5813953,0.8,1.0,1.0,0,0.16666667,0.68,1.0,1,0.0,0.5,1.0,1,0.0,0.33333334,0,1.0,0.0,1,0.42222223
0.3488372,0.175,1.0,0.5,0,0.8333333,0.6,0.5,1,0.125,0.0,1.0,1,0.0,0.5,0,0.0,0.0,0,0.2
0.3488372,0.025,0.5,0.0,0,0.0,0.72,0.5,1,0.375,0.5,1.0,1,1.0,0.6666667,0,0.0,0.0,0,0.17777778
0.30232558,0.175,1.0,0.5,1,0.16666667,0.72,0.5,0,0.0,1.0,0.5,1,1.0,0.6666667,0,0.5,0.5,0,0.2
0.53488374,0.775,0.5,0.5,1,0.5,0.44,0.5,1,0.375,0.5,1.0,1,0.0,0.5,0,0.0,0.5,1,0.35555556
0.6511628,0.4,0.0,1.0,1,0.6666667,0.2,0.5,1,0.25,0.5,0.5,1,-1.0,0.5,0,0.0,0.0,0,0.2888889
0.39534885,0.875,0.5,0.5,1,0.8333333,0.92,0.0,1,0.5,0.5,0.5,1,-1.0,0.6666667,0,0.5,0.0,0,0.37777779
0.41860464,0.525,0.5,0.0,1,0.6666667,0.92,1.0,1,0.125,0.0,0.5,0,-1.0,0.6666667,0,1.0,0.0,1,0.26666668
0.6511628,0.025,0.5,1.0,0,0.8333333,0.22,0.5,1,0.0,0.0,0.5,0,-1.0,0.5,0,0.0,0.0,1,0.2
0.5116279,0.725,0.5,0.0,0,0.5,0.64,0.5,1,0.25,1.0,1.0,1,1.0,0.16666667,0,0.5,0.0,1,0.33333334
0.5116279,0.1,1.0,0.5,1,0.33333334,0.2,0.0,1,0.25,0.5,0.5,1,-1.0,0.5,0,0.5,0.0,0,0.22222222
0.27906978,0.8,1.0,0.5,0,0.8333333,0.86,1.0,1,0.25,1.0,0.5,1,-1.0,0.33333334,0,0.5,0.5,1,0.31111112
0.53488374,0.175,1.0,0.5,0,0.8333333,0.1,1.0,1,0.25,0.0,0.0,1,1.0,0.33333334,0,0.5,0.5,1,0.22222222
0.30232558,0.35,1.0,0.5,0,0.6666667,1.0,0.5,1,0.125,0.0,0.5,1,0.0,0.5,0,0.5,0.0,1,0.24444444
0.27906978,0.75,1.0,0.5,0,0.6666667,0.62,0.5,1,0.0,0.5,0.5,1,1.0,0.5,0,0.0,0.5,0,0.26666668
0.39534885,0.95,0.5,0.0,0,0.8333333,0.02,0.5,1,0.125,1.0,0.5,1,0.0,0.6666667,0,0.5,0.0,1,0.2888889
0.3488372,0.375,0.5,0.5,1,0.6666667,0.88,0.5,1,0.0,0.5,0.5,0,1.0,0.5,0,0.0,0.5,1,0.22222222
0.41860464,0.825,0.5,0.5,0,0.5,0.68,1.0,0,0.0,0.5,0.0,1,0.0,0.33333334,0,0.5,0.0,1,0.2888889
0.23255815,0.2,0.5,1.0,1,0.6666667,0.7,1.0,0,0.25,0.5,0.5,1,-1.0,0.33333334,0,0.5,0.0,1,0.17777778
0.5813953,0.8,0.5,0.5,0,0.6666667,0.28,0.5,1,0.125,0.5,0.5,0,1.0,0.8333333,0,0.0,0.0,1,0.35555556
0.60465115,0.65,1.0,0.5,0,0.6666667,0.34,0.5,1,0.125,0.0,0.5,1,1.0,0.6666667,0,0.5,0.0,1,0.35555556
0.1627907,0.2,1.0,0.5,1,0.5,0.92,0.5,1,0.25,0.0,1.0,1,1.0,0.5,0,1.0,0.0,0,0.22222222
0.5813953,0.3,0.5,0.0,0,0.6666667,0.64,0.5,1,0.25,0.5,0.0,1,-1.0,0.33333334,0,1.0,1.0,0,0.22222222
0.3255814,0.125,0.5,0.0,1,0.6666667,0.02,0.5,1,0.125,1.0,0.5,1,1.0,0.5,0,0.0,0.5,0,0.13333334
0.55813956,0.375,1.0,1.0,1,0.5,0.32,0.0,1,0.0,0.0,1.0,1,-1.0,0.6666667,0,0.0,0.0,1,0.2888889
0.44186047,0.2,0.0,0.5,1,0.33333334,0.6,0.0,1,0.5,0.0,0.5,0,0.0,0.6666667,0,0.5,0.0,0,0.22222222
0.44186047,0.65,0.0,0.5,0,0.8333333,0.14,0.5,1,0.0,0.5,1.0,1,1.0,0.6666667,0,0.0,0.5,1,0.24444444
0.41860464,1.0,1.0,0.0,1,0.16666667,0.1,0.0,1,0.25,0.0,0.5,1,1.0,0.6666667,0,0.0,0.5,1,0.31111112
0.60465115,0.0,1.0,1.0,0,0.33333334,0.06,0.0,1,0.375,0.0,0.0,0,1.0,0.33333334,0,0.0,0.5,0,0.22222222
0.27906978,0.55,0.5,1.0,0,0.5,0.64,0.5,1,0.125,0.0,0.0,1,1.0,0.5,0,0.0,0.0,0,0.22222222
0.53488374,0.575,1.0,0.5,0,0.0,0.32,1.0,1,0.25,0.5,1.0,0,1.0,0.6666667,1,1.0,0.5,1,0.33333334
0.60465115,0.925,0.5,0.5,0,0.8333333,0.38,0.5,1,0.125,0.0,0.5,0,0.0,0.33333334,0,0.0,0.5,0,0.33333334
0.53488374,0.5,0.5,0.5,1,0.5,0.06,0.5,1,0.25,0.0,0.5,1,1.0,0.6666667,1,0.0,0.0,0,0.26666668
0.76744187,0.55,0.5,1.0,1,0.8333333,0.74,1.0,1,0.375,0.0,0.5,1,1.0,0.6666667,0,0.0,0.0,0,0.44444445
0.37209302,0.475,0.0,0.0,1,1.0,0.76,0.0,1,0.375,0.5,1.0,0,0.0,0.5,0,0.0,0.5,0,0.22222222
0.5813953,0.275,0.5,0.5,1,0.5,0.82,0.5,0,0.25,0.0,0.5,0,0.0,0.5,0,0.0,0.5,0,0.24444444
0.41860464,0.05,1.0,0.5,1,0.8333333,0.66,1.0,1,0.25,0.5,0.5,1,1.0,0.5,0,0.5,0.0,1,0.26666668
0.60465115,0.4,0.0,0.5,1,0.16666667,0.78,0.0,1,0.0,0.0,0.5,0,1.0,0.6666667,0,1.0,1.0,1,0.26666668
0.44186047,0.05,0.0,0.5,0,0.6666667,0.58,1.0,1,0.25,0.0,0.5,1,1.0,0.16666667,0,0.0,0.0,0,0.15555556
0.39534885,0.55,0.5,0.5,1,0.33333334,0.5,0.5,1,0.0,0.0,0.5,0,-1.0,0.6666667,0,0.5,0.0,1,0.24444444
0.627907,0.3,0.0,1.0,0,0.6666667,0.26,0.0,1,0.125,0.0,1.0,1,0.0,0.33333334,0,0.0,0.0,1,0.24444444
0.37209302,0.525,1.0,0.0,1,0.6666667,0.06,1.0,1,0.0,0.5,0.5,1,0.0,0.33333334,0,0.0,1.0,1,0.2
0.25581396,0.125,0.0,0.5,0,0.5,0.3,0.5,1,0.25,0.5,0.5,1,0.0,0.33333334,0,0.0,0.0,1,0.11111111
0.37209302,0.925,0.5,0.5,1,0.6666667,0.68,0.5,0,0.375,0.0,0.0,0,0.0,0.5,0,1.0,0.0,0,0.33333334
0.53488374,0.9,0.5,0.5,0,0.6666667,0.92,0.5,1,0.25,0.0,0.0,1,1.0,0.5,0,0.5,0.0,0,0.37777779
0.627907,0.2,1.0,0.5,1,0.5,0.26,0.5,1,0.0,0.0,1.0,1,-1.0,0.33333334,0,0.5,0.0,1,0.26666668
0.4651163,0.35,0.5,1.0,1,1.0,0.66,0.0,1,0.125,1.0,0.5,1,0.0,0.5,0,0.0,0.5,0,0.26666668
0.627907,0.625,0.5,0.5,1,0.5,0.48,0.5,1,0.125,0.5,1.0,1,1.0,0.5,0,1.0,0.0,0,0.37777779
0.25581396,0.1,1.0,1.0,1,0.8333333,0.62,0.5,0,0.125,1.0,1.0,1,0.0,0.5,0,0.0,0.5,1,0.17777778
0.37209302,0.35,0.0,0.5,0,0.8333333,0.0,0.5,1,0.0,0.0,1.0,1,-1.0,0.33333334,0,0.0,1.0,0,0.11111111
0.39534885,0.25,0.5,0.5,1,0.0,0.12,0.5,1,0.125,1.0,1.0,1,0.0,0.6666667,0,0.0,0.0,1,0.22222222
0.41860464,0.925,1.0,0.5,1,0.8333333,0.22,1.0,1,0.25,0.5,1.0,1,0.0,0.16666667,0,1.0,0.5,1,0.37777779
0.4651163,0.85,0.5,1.0,0,0.8333333,0.9,0.0,1,0.0,0.5,1.0,0,-1.0,0.5,0,0.0,0.0,1,0.33333334
0.53488374,0.575,1.0,0.5,1,0.5,0.04,1.0,1,0.125,0.5,1.0,1,1.0,0.6666667,0,0.5,0.0,0,0.35555556
0.37209302,0.525,0.0,0.5,1,0.6666667,0.56,0.0,1,0.125,0.0,1.0,0,1.0,0.6666667,0,0.5,0.5,1,0.24444444
0.4651163,0.925,0.0,0.5,1,0.6666667,0.92,1.0,1,0.25,0.0,1.0,1,1.0,0.6666667,0,0.5,0.5,0,0.37777779
0.44186047,0.925,0.0,0.5,1,0.8333333,0.66,1.0,1,0.375,0.5,1.0,1,1.0,0.5,0,1.0,0.0,0,0.4
0.30232558,0.975,1.0,0.5,1,0.33333334,0.48,0.5,1,0.25,0.5,0.5,1,0.0,0.5,0,0.5,0.0,1,0.35555556
0.41860464,0.125,1.0,0.0,0,0.8333333,0.38,0.5,1,0.5,0.0,1.0,1,0.0,0.33333334,0,0.5,1.0,1,0.2
0.41860464,0.15,0.5,1.0,1,0.16666667,0.62,0.5,1,0.125,1.0,0.5,0,1.0,0.5,0,0.5,0.5,1,0.24444444
0.41860464,0.675,0.5,0.5,0,0.0,0.48,1.0,1,0.125,1.0,0.5,1,1.0,0.5,0,0.5,0.0,1,0.31111112
0.44186047,0.55,0.0,0.5,0,0.6666667,0.7,0.0,1,0.125,0.5,1.0,0,0.0,0.5,1,1.0,0.0,0,0.24444444
0.44186047,0.025,0.5,1.0,0,0.8333333,0.62,0.5,1,0.0,1.0,1.0,1,0.0,0.33333334,1,0.0,0.0,1,0.17777778
0.37209302,0.05,0.5,0.5,1,0.5,0.56,0.5,1,0.0,0.5,1.0,1,-1.0,0.5,0,0.0,0.0,1,0.15555556
0.627907,0.9,1.0,0.0,1,0.0,0.96,1.0,1,0.125,1.0,1.0,1,1.0,0.5,0,0.0,0.0,1,0.95555556
0.27906978,0.875,1.0,1.0,1,0.16666667,0.84,0.0,1,0.125,0.5,0.5,0,1.0,0.33333334,0,0.5,0.0,0,0.35555556
0.3488372,0.35,1.0,0.5,0,0.6666667,0.6,0.5,1,0.0,0.0,0.5,1,1.0,0.6666667,0,1.0,0.0,0,0.24444444
0.8372093,0.9,0.5,0.5,0,0.5,0.54,0.5,1,0.25,0.5,0.5,1,1.0,0.5,0,0.0,0.5,0,0.44444445
0.30232558,0.6,1.0,0.5,1,0.8333333,0.72,1.0,1,0.125,0.0,0.5,0,1.0,0.6666667,0,0.0,0.0,0,0.2888889
0.25581396,0.8,1.0,0.5,0,0.5,0.8,0.5,1,0.25,0.5,1.0,1,-1.0,0.8333333,0,0.0,0.0,1,0.31111112
0.53488374,0.425,0.5,0.0,1,0.33333334,0.3,1.0,1,0.25,0.5,1.0,0,1.0,0.5,0,0.0,0.0,1,0.2888889
0.1627907,0.125,0.5,0.5,0,0.5,0.66,0.0,1,0.375,0.5,0.5,1,-1.0,0.6666667,0,0.0,0.0,0,0.11111111
0.41860464,0.425,0.5,0.0,0,0.8333333,0.14,0.0,1,0.5,0.5,0.5,1,0.0,0.5,1,0.0,0.0,0,0.2
0.74418604,0.45,0.5,0.5,0,0.8333333,0.44,0.5,1,0.5,0.5,0.5,1,1.0,0.5,0,0.0,0.5,1,0.35555556
0.23255815,0.55,1.0,1.0,0,0.5,0.94,0.0,1,0.25,1.0,0.5,1,1.0,0.5,0,0.5,0.0,1,0.31111112
0.1627907,0.1,0.5,0.5,1,0.5,0.32,0.5,1,0.125,0.0,0.5,0,1.0,0.5,0,0.5,0.0,1,0.11111111
0.23255815,1.0,1.0,1.0,1,0.6666667,0.16,1.0,1,0.125,0.0,0.5,0,1.0,0.5,0,0.5,0.0,0,0.33333334
0.55813956,0.25,0.0,0.5,1,0.33333334,0.14,0.5,1,0.5,0.5,0.5,0,0.0,0.5,0,0.0,0.0,1,0.24444444
0.60465115,0.2,1.0,0.5,0,0.6666667,0.4,1.0,1,0.0,0.5,0.5,0,1.0,0.5,0,1.0,0.0,1,0.2888889
0.37209302,0.525,1.0,0.0,0,0.5,0.22,0.5,1,0.25,1.0,0.5,1,1.0,0.33333334,0,0.5,0.0,0,0.26666668
0.53488374,0.525,0.5,0.5,1,0.5,0.42,1.0,1,0.125,0.5,1.0,1,0.0,0.5,0,0.5,0.0,1,0.33333334
0.627907,0.45,1.0,0.5,1,0.5,0.72,0.0,1,0.0,0.0,1.0,1,0.0,0.33333334,0,0.5,0.5,1,0.31111112
0.6976744,0.775,0.5,1.0,1,0.5,0.88,1.0,1,0.25,1.0,1.0,1,-1.0,0.5,0,0.0,1.0,1,0.44444445
0.41860464,0.525,0.5,0.0,1,1.0,0.12,0.0,1,0.125,0.5,1.0,1,1.0,0.5,0,0.0,0.0,1,0.22222222
0.11627907,0.6,0.5,0.5,1,0.33333334,0.76,0.5,1,0.125,0.0,0.5,0,1.0,0.8333333,0,1.0,0.5,1,0.22222222
0.3255814,0.725,0.5,0.0,0,0.33333334,0.1,0.5,1,0.125,0.5,0.5,1,1.0,0.6666667,0,1.0,0.5,1,0.24444444
0.37209302,0.025,1.0,0.5,1,0.8333333,0.38,1.0,1,0.125,0.5,1.0,1,1.0,0.5,0,0.0,1.0,1,0.2
0.39534885,0.575,0.0,0.5,0,0.6666667,1.0,0.5,1,0.125,0.0,1.0,0,-1.0,0.33333334,0,0.0,0.0,0,0.24444444
0.41860464,0.875,0.5,1.0,1,0.6666667,0.06,0.5,1,0.375,0.0,0.5,1,1.0,0.16666667,0,0.0,0.5,0,0.33333334
0.60465115,0.025,1.0,0.0,0,0.16666667,0.02,1.0,1,0.125,0.0,0.5,0,1.0,0.16666667,0,0.5,1.0,1,0.17777778
0.627907,0.4,0.0,0.0,0,0.5,0.34,1.0,1,0.125,1.0,0.0,1,-1.0,0.6666667,0,0.5,0.0,1,0.24444444
0.41860464,0.925,0.0,0.5,1,0.6666667,0.96,0.0,1,0.125,0.5,0.5,1,1.0,0.5,0,0.5,0.0,0,0.35555556
0.60465115,0.35,0.5,1.0,0,0.33333334,0.02,1.0,1,0.25,0.5,0.5,0,1.0,0.6666667,0,0.0,1.0,1,0.2888889
0.4883721,0.45,0.5,0.5,1,0.6666667,0.22,0.5,1,0.25,1.0,0.5,1,1.0,0.8333333,0,0.0,0.5,1,0.2888889
0.44186047,0.975,0.0,0.5,0,0.5,0.6,1.0,1,0.0,0.5,1.0,1,-1.0,0.5,0,1.0,0.0,1,0.35555556
0.55813956,0.2,0.0,0.5,0,0.33333334,0.24,0.0,1,0.125,0.0,1.0,0,-1.0,0.6666667,0,0.5,0.5,0,0.17777778
0.44186047,0.075,0.0,0.0,0,0.8333333,0.06,0.0,1,0.125,0.5,0.5,1,1.0,0.6666667,0,0.0,0.0,1,0.11111111
0.7209302,0.85,0.5,1.0,1,0.8333333,0.06,0.5,1,0.125,0.5,0.5,1,0.0,0.5,0,0.0,0.0,0,0.4
0.23255815,0.875,0.5,0.5,1,0.5,0.56,0.0,1,0.5,0.5,0.5,0,-1.0,0.6666667,0,0.0,0.0,0,0.2888889
0.37209302,0.475,1.0,1.0,1,0.6666667,0.56,0.5,1,0.25,1.0,0.5,1,1.0,0.8333333,0,0.0,0.0,0,0.33333334
0.41860464,0.525,0.5,0.5,1,0.8333333,0.7,0.5,1,0.125,0.0,0.5,1,0.0,0.16666667,0,0.0,0.5,1,0.24444444
0.5116279,0.825,1.0,0.5,0,0.33333334,0.14,0.5,1,0.125,1.0,0.5,1,1.0,0.33333334,0,1.0,0.0,0,0.37777779
0.627907,0.75,1.0,0.0,1,0.6666667,0.5,0.5,1,0.125,0.0,1.0,1,0.0,0.5,1,0.0,0.5,1,0.33333334
0.44186047,0.275,1.0,1.0,1,0.33333334,0.6,0.5,1,0.25,1.0,0.0,1,1.0,0.5,0,0.0,0.0,1,0.2888889
0.23255815,0.025,0.5,0.5,1,0.16666667,0.22,0.5,1,0.375,0.5,1.0,1,0.0,0.0,1,1.0,0.0,1,0.11111111
0.55813956,0.475,1.0,0.5,0,0.33333334,0.54,0.0,0,0.25,0.0,1.0,1,0.0,0.5,0,0.0,0.0,1,0.2888889
0.55813956,0.85,1.0,1.0,0,0.16666667,0.7,1.0,1,0.125,0.5,0.5,1,0.0,0.33333334,0,0.5,0.0,0,0.42222223
0.1627907,0.9,0.5,0.5,1,0.6666667,1.0,1.0,1,0.125,1.0,0.5,1,-1.0,0.6666667,0,0.0,0.5,1,0.2888889
0.44186047,0.95,0.0,0.5,1,0.33333334,0.6,0.0,1,0.5,0.5,0.5,1,1.0,0.6666667,0,0.5,0.0,1,0.37777779
0.20930232,0.875,0.5,1.0,1,0.16666667,0.86,1.0,1,0.0,0.0,1.0,1,1.0,0.5,0,0.0,0.5,1,0.31111112
0.3488372,0.575,0.0,0.5,1,0.6666667,0.84,0.0,1,0.25,1.0,1.0,1,1.0,0.6666667,0,1.0,0.0,0,0.95555556
0.3255814,0.45,0.5,1.0,0,0.6666667,0.94,0.5,1,0.125,0.5,0.5,1,0.0,0.6666667,0,1.0,0.0,1,0.2888889
0.55813956,0.775,0.5,0.0,0,0.5,0.72,0.5,1,0.0,0.5,0.5,1,0.0,0.8333333,0,0.0,0.0,0,0.33333334
0.4651163,0.75,0.5,0.5,0,0.6666667,0.22,0.5,1,0.125,1.0,0.5,1,1.0,0.6666667,0,1.0,0.5,0,0.31111112
0.25581396,0.55,1.0,0.0,0,0.33333334,0.3,0.0,1,0.375,0.5,0.5,0,-1.0,0.5,0,0.0,0.0,0,0.2
0.55813956,0.075,0.5,0.0,0,0.33333334,0.78,1.0,1,0.125,0.5,1.0,0,0.0,0.6666667,0,0.0,0.5,1,0.22222222
0.23255815,0.925,0.5,0.5,0,0.6666667,0.52,1.0,1,0.25,0.5,1.0,1,1.0,0.33333334,0,0.0,0.5,0,0.31111112
0.4883721,0.45,0.5,0.0,0,0.8333333,0.26,1.0,1,0.25,0.5,1.0,1,0.0,0.6666667,0,0.0,0.0,1,0.26666668
0.3255814,0.375,0.5,1.0,0,0.33333334,0.66,0.0,1,0.125,1.0,0.5,0,-1.0,0.33333334,0,0.0,0.0,0,0.22222222
0.39534885,0.625,0.5,1.0,1,0.33333334,0.9,1.0,1,0.25,0.0,0.0,0,1.0,0.6666667,0,0.5,0.0,0,0.33333334
0.5116279,0.675,1.0,0.0,0,0.6666667,0.36,0.5,1,0.0,1.0,1.0,0,0.0,0.5,0,0.5,1.0,1,0.2888889
0.5116279,0.2,0.5,0.5,1,0.6666667,0.6,0.5,1,0.125,0.5,0.0,1,0.0,0.16666667,0,0.0,0.0,0,0.22222222
0.627907,0.825,0.5,0.5,0,0.5,0.58,1.0,1,0.0,0.5,0.5,1,1.0,0.6666667,0,1.0,0.0,1,0.42222223
0.44186047,0.3,0.5,0.5,1,0.8333333,0.12,0.5,1,0.5,1.0,0.5,1,-1.0,0.33333334,0,0.0,0.0,1,0.22222222
0.4883721,0.175,1.0,1.0,1,1.0,0.1,0.5,1,0.125,0.0,0.5,1,1.0,0.33333334,0,0.0,0.5,1,0.22222222
0.37209302,0.4,1.0,0.5,1,0.6666667,0.88,0.5,1,0.375,0.5,0.5,1,0.0,0.6666667,0,0.0,0.5,0,0.2888889
0.4651163,0.725,0.5,0.5,0,0.33333334,0.94,0.5,0,0.125,0.0,0.5,0,-1.0,0.5,0,1.0,1.0,0,0.2888889
0.5116279,0.975,0.5,0.5,0,0.6666667,0.9,1.0,1,0.625,0.5,0.5,1,0.0,0.6666667,0,0.0,0.5,0,0.42222223
0.41860464,0.8,1.0,0.5,0,0.33333334,0.4,1.0,1,0.25,0.5,0.5,0,-1.0,0.5,0,0.0,0.0,0,0.35555556
0.18604651,0.95,1.0,0.5,1,0.8333333,0.28,0.5,1,0.125,0.0,0.5,0,-1.0,0.5,0,0.0,0.0,1,0.26666668
0.4883721,0.15,0.5,0.5,1,0.33333334,0.94,0.0,1,0.0,1.0,0.0,1,0.0,0.5,0,0.0,0.5,0,0.2
0.4883721,0.075,0.0,0.0,1,0.5,0.88,0.5,1,0.0,0.5,0.5,1,-1.0,0.5,1,0.0,1.0,1,0.13333334
0.3488372,0.55,0.5,0.5,0,0.33333334,0.82,0.5,1,0.0,0.0,0.5,1,1.0,0.5,0,0.0,0.0,0,0.24444444
0.25581396,0.3,0.5,0.5,0,0.5,0.34,0.0,1,0.0,0.0,0.5,1,1.0,0.33333334,0,0.0,0.0,0,0.13333334
0.6511628,0.825,0.5,1.0,0,0.5,0.64,0.5,1,0.625,0.0,0.5,1,-1.0,0.5,0,0.0,0.5,1,0.4
0.5116279,0.675,0.0,0.5,0,0.6666667,0.76,1.0,1,0.25,0.5,1.0,1,0.0,0.5,0,0.0,0.0,1,0.33333334
0.41860464,0.975,0.0,0.5,0,0.5,0.58,0.5,1,0.25,0.0,0.5,0,0.0,0.33333334,0,1.0,0.0,1,0.33333334
0.27906978,0.25,0.5,0.0,1,0.5,0.6,1.0,1,0.125,1.0,0.5,1,1.0,0.6666667,0,0.5,1.0,0,0.17777778
0.3255814,0.475,1.0,0.5,1,0.33333334,0.76,0.5,1,0.375,1.0,0.5,1,0.0,0.5,0,1.0,0.5,1,0.31111112
0.627907,0.5,1.0,1.0,0,0.5,0.76,0.5,1,0.25,1.0,0.5,1,-1.0,0.33333334,0,0.0,0.0,1,0.37777779
0.4651163,0.25,0.5,1.0,1,0.16666667,0.24,0.5,1,0.25,0.0,1.0,1,0.0,0.33333334,0,0.0,0.0,0,0.24444444
0.37209302,0.6,1.0,1.0,0,0.8333333,0.4,0.5,1,0.125,1.0,0.5,1,-1.0,0.6666667,0,0.0,0.0,1,0.2888889
0.5116279,0.45,0.5,1.0,0,0.5,0.78,0.5,1,0.125,0.5,0.0,1,0.0,0.5,0,0.0,1.0,1,0.26666668
0.3255814,0.45,0.5,1.0,1,0.8333333,0.26,0.5,0,0.25,0.5,0.5,0,1.0,0.5,0,1.0,1.0,0,0.22222222
0.6511628,0.375,0.0,0.5,1,0.5,0.92,0.0,1,0.25,0.0,0.5,1,1.0,0.5,0,0.0,0.5,1,0.2888889
0.627907,0.025,1.0,0.5,1,0.0,0.84,0.0,1,0.125,0.5,1.0,0,0.0,0.6666667,0,0.5,0.0,0,0.2888889
0.37209302,0.525,1.0,0.5,0,0.33333334,0.9,1.0,1,0.25,0.5,0.5,0,1.0,0.5,0,0.0,0.0,1,0.31111112
0.3488372,0.325,1.0,1.0,1,0.5,0.3,0.0,1,0.125,0.5,0.5,0,1.0,0.6666667,0,0.5,0.5,1,0.24444444
0.069767445,0.0,0.5,0.5,1,0.5,0.1,0.5,1,0.25,0.0,0.5,0,0.0,0.33333334,0,1.0,0.0,1,0.06666667
0.23255815,0.3,1.0,0.0,0,0.6666667,0.1,1.0,1,0.0,0.5,0.0,1,0.0,0.5,1,0.5,0.0,1,0.11111111
0.25581396,0.275,1.0,1.0,1,0.5,0.56,1.0,1,0.375,0.0,0.5,1,1.0,0.6666667,0,0.5,0.5,0,0.26666668
0.4651163,0.4,0.5,0.5,1,0.33333334,0.3,0.0,1,0.25,0.0,1.0,1,-1.0,0.33333334,0,0.0,0.0,0,0.22222222
0.39534885,0.125,1.0,0.5,1,0.33333334,0.26,1.0,1,0.125,0.0,0.5,1,-1.0,0.33333334,0,0.0,1.0,1,0.15555556
0.25581396,0.5,0.5,1.0,1,0.33333334,0.22,0.5,1,0.0,1.0,1.0,0,0.0,0.33333334,0,0.0,0.0,1,0.22222222
0.39534885,0.7,1.0,1.0,0,0.6666667,0.56,0.5,1,0.0,0.5,0.5,1,0.0,0.33333334,0,0.5,0.5,1,0.31111112
0.5116279,0.625,0.0,1.0,0,0.6666667,0.54,0.5,1,0.0,1.0,0.5,1,1.0,0.6666667,0,0.5,0.0,1,0.33333334
0.5116279,0.8,0.0,1.0,1,0.33333334,0.42,1.0,1,0.25,0.0,0.5,1,1.0,0.33333334,0,0.0,0.5,1,0.33333334
0.18604651,0.45,1.0,0.5,0,0.8333333,0.14,0.0,1,0.125,0.0,1.0,1,1.0,0.8333333,0,0.0,0.5,0,0.17777778
0.41860464,0.525,0.0,0.5,1,0.6666667,0.92,1.0,1,0.0,0.5,1.0,1,0.0,0.6666667,0,1.0,0.0,1,0.31111112
0.25581396,0.8,0.0,0.5,0,0.33333334,0.42,0.0,1,0.0,0.5,1.0,0,-1.0,0.6666667,0,0.0,0.0,1,0.2
0.55813956,0.425,0.5,1.0,0,0.5,0.12,0.5,1,0.125,0.0,0.5,1,1.0,0.5,0,1.0,0.0,1,0.31111112
0.55813956,0.7,1.0,0.5,1,0.6666667,0.04,0.0,1,0.125,0.5,0.5,1,1.0,0.33333334,0,0.0,0.0,1,0.33333334
0.3255814,0.425,0.5,0.5,1,0.16666667,0.16,0.5,1,0.125,0.0,0.5,1,1.0,0.5,0,0.5,0.5,0,0.2
0.3255814,0.425,1.0,0.5,1,0.16666667,0.3,0.0,0,0.25,0.0,0.5,1,1.0,0.6666667,1,1.0,0.0,1,0.22222222
0.37209302,0.75,1.0,0.5,0,0.6666667,0.64,0.5,1,0.0,0.5,1.0,1,0.0,0.6666667,0,0.5,0.0,1,0.33333334
0.11627907,0.175,0.5,0.0,1,0.33333334,0.98,0.0,1,0.0,0.5,0.5,0,0.0,0.33333334,0,0.5,0.0,1,0.11111111
0.4883721,0.35,0.5,1.0,1,0.8333333,0.28,1.0,1,0.375,0.5,0.5,1,0.0,0.5,0,0.0,0.0,0,0.2888889
0.39534885,0.225,0.0,0.0,1,1.0,0.78,0.0,1,0.25,0.0,1.0,1,0.0,0.16666667,1,0.0,0.5,1,0.13333334
0.5813953,0.35,0.5,0.0,1,0.6666667,0.92,0.5,1,0.25,0.5,1.0,0,0.0,0.5,0,0.0,0.0,0,0.2888889
0.27906978,0.225,0.5,0.0,0,0.6666667,0.4,0.5,1,0.125,1.0,1.0,0,0.0,0.5,0,0.0,0.5,1,0.13333334
0.3488372,0.575,0.0,0.5,0,0.16666667,0.26,0.0,1,0.25,1.0,0.5,0,1.0,0.5,1,0.0,0.5,0,0.2
0.23255815,0.8,0.5,0.5,0,0.16666667,0.5,0.5,1,0.25,0.5,0.5,1,-1.0,0.5,0,0.0,0.0,0,0.24444444
0.30232558,0.775,0.5,0.5,1,0.5,0.9,0.5,1,0.25,1.0,1.0,1,1.0,0.33333334,0,0.0,0.5,1,0.33333334
0.27906978,0.375,1.0,1.0,1,0.16666667,0.02,0.5,1,0.375,0.5,0.5,0,-1.0,0.5,0,0.0,0.0,0,0.22222222
0.5813953,1.0,0.5,1.0,1,0.5,0.48,1.0,1,0.125,0.5,0.5,1,0.0,0.33333334,0,0.0,0.0,0,0.42222223
0.3488372,0.6,1.0,1.0,0,0.33333334,0.76,0.0,1,0.125,0.5,0.5,0,-1.0,0.16666667,1,0.0,0.0,1,0.24444444
0.4651163,0.4,0.0,0.5,1,0.5,0.6,1.0,1,0.375,0.0,0.5,1,-1.0,0.33333334,1,0.5,0.0,1,0.22222222
0.39534885,0.825,0.0,1.0,0,0.5,0.5,1.0,1,0.125,1.0,0.5,0,1.0,0.16666667,0,0.5,0.5,0,0.31111112
0.25581396,0.725,0.5,1.0,1,0.6666667,0.56,0.0,1,0.5,0.0,0.5,1,0.0,0.8333333,0,1.0,0.0,0,0.31111112
0.41860464,0.75,0.0,1.0,0,0.5,0.62,0.5,1,0.25,0.5,0.5,0,1.0,0.33333334,0,0.0,0.0,0,0.31111112
0.53488374,0.2,1.0,0.0,0,0.33333334,0.68,0.5,1,0.125,0.0,1.0,1,1.0,0.6666667,0,0.0,0.0,0,0.24444444
0.27906978,0.475,0.5,0.0,0,0.16666667,0.36,0.5,0,0.25,1.0,0.5,0,1.0,0.5,0,0.0,0.0,0,0.17777778
0.55813956,0.85,0.5,0.0,1,0.5,0.52,0.5,1,0.125,0.0,1.0,0,0.0,0.33333334,1,0.0,0.5,0,0.31111112
0.3255814,0.5,0.5,1.0,1,0.0,0.28,0.5,1,0.125,0.5,0.5,1,0.0,0.16666667,0,0.0,0.0,1,0.22222222
0.37209302,0.675,0.5,0.5,0,0.8333333,0.98,0.5,1,0.125,0.5,0.0,0,0.0,0.5,0,0.0,0.5,1,0.26666668
0.5116279,0.6,0.5,0.5,0,0.6666667,0.18,0.0,1,0.125,0.0,1.0,1,1.0,0.6666667,1,1.0,1.0,0,0.24444444
0.3488372,0.85,0.0,0.5,1,0.6666667,0.16,0.5,1,0.25,0.0,0.5,1,1.0,0.5,1,0.5,0.0,1,0.26666668
0.44186047,0.275,0.0,1.0,1,0.33333334,0.26,1.0,1,0.125,0.0,0.5,1,1.0,0.33333334,0,0.5,0.5,1,0.22222222
0.39534885,0.575,0.5,1.0,0,0.6666667,0.92,0.0,1,0.0,0.5,1.0,1,1.0,0.6666667,1,1.0,0.0,0,0.31111112
0.4651163,0.125,0.0,1.0,0,0.33333334,0.66,0.5,1,0.375,0.0,1.0,1,0.0,0.8333333,0,0.0,0.0,1,0.22222222
0.11627907,0.7,1.0,1.0,1,0.5,0.46,0.5,1,0.375,0.0,0.5,0,0.0,0.5,0,0.5,0.0,1,0.26666668
0.18604651,0.725,0.5,0.5,1,0.33333334,0.92,0.5,1,0.0,1.0,0.0,1,-1.0,0.6666667,0,0.0,0.0,1,0.24444444
0.53488374,0.05,0.0,0.5,0,0.5,0.9,0.5,1,0.125,1.0,0.0,1,1.0,0.5,0,0.5,1.0,0,0.2
0.5813953,0.675,0.5,1.0,0,0.16666667,0.4,0.0,1,0.125,0.0,0.5,0,1.0,0.33333334,0,0.0,0.0,0,0.33333334
0.3255814,0.425,0.5,1.0,1,0.5,0.56,0.5,1,0.0,0.0,1.0,1,0.0,0.5,0,0.0,0.5,1,0.22222222
0.41860464,0.125,0.0,0.5,1,0.16666667,0.9,0.5,1,0.25,0.5,1.0,0,0.0,0.6666667,0,0.5,0.0,1,0.22222222
0.4883721,0.425,0.0,0.0,0,1.0,0.32,0.5,1,0.25,0.0,0.5,1,1.0,0.5,0,0.5,0.5,1,0.2
0.53488374,0.2,0.5,0.0,1,0.5,0.4,0.0,1,0.125,0.0,0.0,1,0.0,0.5,0,0.5,0.0,1,0.2
0.1627907,0.425,0.5,0.0,1,0.5,0.8,0.0,1,0.125,0.5,0.5,1,0.0,0.0,0,0.0,0.5,1,0.13333334
0.3255814,0.375,1.0,0.5,0,0.6666667,0.7,0.5,1,0.125,0.0,1.0,1,0.0,0.5,0,0.0,0.0,1,0.22222222
0.39534885,0.75,1.0,0.5,1,0.16666667,0.04,0.0,1,0.625,0.5,0.5,0,1.0,0.5,1,0.0,0.5,1,0.2888889
0.53488374,0.775,0.0,1.0,1,0.33333334,0.12,0.5,1,0.125,0.0,1.0,1,1.0,0.33333334,0,0.5,0.5,1,0.33333334
0.7906977,0.6,0.0,0.5,1,0.6666667,0.84,1.0,1,0.75,0.0,1.0,1,-1.0,0.6666667,0,0.0,0.5,1,0.42222223
0.41860464,0.025,0.5,0.5,0,0.5,0.02,0.0,1,0.125,0.0,1.0,1,0.0,0.16666667,0,0.0,0.0,0,0.11111111
0.25581396,0.925,1.0,0.0,1,0.33333334,0.92,0.5,1,0.25,0.0,1.0,1,1.0,0.33333334,0,1.0,0.0,0,0.35555556
0.4883721,0.675,1.0,1.0,1,0.6666667,0.28,0.5,0,0.25,0.5,1.0,1,-1.0,0.5,0,0.0,0.5,0,0.33333334
0.627907,0.025,0.0,0.5,1,0.5,0.6,0.0,1,0.25,0.5,0.5,1,1.0,0.6666667,0,1.0,0.0,0,0.26666668
0.4651163,0.825,0.5,0.5,1,0.6666667,0.56,0.5,0,0.0,0.0,0.5,0,0.0,0.5,0,0.0,0.0,1,0.2888889
0.3255814,0.2,1.0,0.5,0,0.6666667,0.4,0.5,1,0.375,0.5,1.0,1,-1.0,0.5,0,0.0,0.0,0,0.2
0.5813953,0.575,1.0,0.0,0,0.33333334,0.04,0.5,1,0.0,0.0,1.0,1,-1.0,0.5,0,0.0,0.0,1,0.26666668
0.53488374,0.475,0.0,0.0,0,0.5,0.2,0.0,1,0.0,0.0,1.0,1,0.0,0.5,0,1.0,0.0,0,0.22222222
0.30232558,0.425,0.5,0.5,1,0.0,0.62,0.0,1,0.375,0.5,0.5,0,0.0,0.5,0,0.5,0.0,0,0.24444444
0.4883721,0.9,0.5,0.5,1,0.33333334,0.44,0.0,1,0.125,1.0,0.5,1,1.0,0.6666667,0,0.5,0.0,0,0.37777779
0.5813953,0.425,0.0,0.5,1,0.5,0.42,1.0,1,0.375,1.0,0.5,1,0.0,0.5,0,0.0,0.0,0,0.31111112
0.60465115,0.075,0.5,0.5,1,0.6666667,0.1,0.0,1,0.125,0.5,0.5,0,0.0,0.5,0,1.0,0.0,0,0.22222222
0.44186047,0.95,0.0,1.0,1,0.6666667,0.34,0.5,1,0.0,1.0,0.5,1,1.0,0.5,0,0.0,0.0,0,0.35555556
0.39534885,0.925,1.0,1.0,1,0.33333334,0.52,0.5,1,0.0,0.5,1.0,1,0.0,0.8333333,0,0.0,0.5,1,0.37777779
0.60465115,0.675,1.0,0.5,0,0.33333334,0.08,0.5,1,0.0,0.5,0.5,0,1.0,0.33333334,0,0.0,0.0,0,0.33333334
0.27906978,0.475,1.0,0.5,0,0.8333333,0.06,0.5,0,0.125,0.5,0.5,0,1.0,0.33333334,0,0.5,0.5,1,0.17777778
0.5116279,0.1,0.5,0.5,0,0.5,0.5,0.5,1,0.25,0.5,1.0,1,1.0,0.33333334,0,0.0,0.0,0,0.24444444
0.25581396,0.8,0.0,0.0,1,0.5,0.56,1.0,1,0.375,0.5,1.0,1,-1.0,0.33333334,0,0.5,0.0,1,0.26666668
0.5813953,0.075,0.5,1.0,0,0.6666667,0.26,0.0,1,0.125,1.0,1.0,1,0.0,0.5,0,1.0,0.0,1,0.26666668
0.39534885,0.075,0.5,0.5,1,0.5,0.32,0.0,1,0.25,0.5,0.5,0,-1.0,0.33333334,0,0.5,0.0,0,0.15555556
0.627907,0.525,0.5,1.0,1,0.5,0.8,1.0,1,0.375,0.5,0.5,0,-1.0,0.5,0,0.0,0.5,1,0.37777779
0.5116279,0.15,0.5,1.0,1,0.5,0.86,1.0,1,0.125,1.0,1.0,1,1.0,0.16666667,0,0.0,0.0,0,0.31111112
0.27906978,0.0,0.5,0.5,1,0.33333334,0.32,0.5,1,0.125,0.5,1.0,1,1.0,0.8333333,1,0.5,0.5,1,0.13333334
0.6511628,0.425,0.5,0.0,1,0.5,0.36,1.0,1,0.125,0.5,0.5,1,1.0,0.5,0,0.0,1.0,0,0.26666668
0.6511628,0.125,0.0,0.5,1,0.0,0.84,0.5,0,0.0,0.5,0.5,0,1.0,0.6666667,0,0.0,0.0,0,0.24444444
0.55813956,0.15,0.5,0.5,1,0.33333334,0.98,0.5,1,0.25,0.5,0.5,1,1.0,0.5,0,0.5,0.0,0,0.2888889
0.3255814,0.075,0.5,1.0,0,0.6666667,0.32,1.0,1,0.125,0.0,0.5,0,-1.0,0.6666667,0,0.5,0.0,1,0.15555556
0.39534885,0.2,1.0,0.0,1,0.6666667,0.78,0.5,1,0.0,0.5,0.0,1,-1.0,0.5,0,0.5,1.0,1,0.17777778
0.4651163,0.725,0.5,0.5,1,0.8333333,0.48,1.0,1,0.375,0.0,0.5,0,1.0,0.6666667,0,0.0,0.5,0,0.33333334
0.3488372,0.8,0.0,1.0,1,0.6666667,0.26,0.5,1,0.25,0.0,0.5,1,0.0,0.6666667,0,0.5,0.5,1,0.2888889
0.6744186,0.45,0.5,1.0,1,0.6666667,0.68,0.5,1,0.125,1.0,0.0,0,-1.0,0.16666667,0,0.5,0.0,1,0.35555556
0.4651163,0.5,1.0,0.0,0,0.5,0.46,0.5,1,0.0,0.5,0.0,0,0.0,0.33333334,0,0.0,0.5,0,0.22222222
0.069767445,0.025,0.0,1.0,1,0.33333334,0.26,0.5,1,0.5,0.5,0.5,1,0.0,0.5,0,0.0,0.5,1,0.08888889
0.4883721,0.075,1.0,0.0,1,0.6666667,0.1,0.5,1,0.25,0.5,0.5,0,0.0,0.6666667,0,0.0,0.0,1,0.2
0.39534885,0.25,0.5,1.0,0,0.5,0.86,0.5,1,0.0,0.5,1.0,1,1.0,0.5,0,0.5,0.0,1,0.26666668
0.44186047,0.55,0.5,0.5,0,0.33333334,0.88,0.5,1,0.375,0.0,0.5,0,1.0,0.33333334,0,0.0,0.0,1,0.2888889
0.39534885,0.75,1.0,1.0,1,0.33333334,0.08,0.0,1,0.125,0.5,1.0,1,-1.0,0.5,0,0.0,0.0,0,0.8888889
0.55813956,0.6,0.5,0.5,1,0.5,0.66,1.0,1,0.125,0.0,0.5,1,1.0,0.5,0,0.0,0.5,1,0.33333334
0.60465115,0.4,0.5,0.5,0,0.8333333,0.16,0.5,1,0.125,0.5,0.5,1,1.0,0.5,0,0.5,0.0,0,0.2888889
0.4883721,0.125,0.0,0.5,0,0.5,0.64,0.5,1,0.25,0.5,1.0,1,1.0,0.6666667,1,0.5,0.0,1,0.22222222
0.39534885,0.775,0.0,0.5,0,0.5,0.9,0.5,1,0.25,0.0,1.0,1,1.0,0.33333334,0,1.0,0.0,1,0.33333334
0.44186047,0.375,0.5,0.5,0,0.6666667,0.26,0.5,1,0.5,0.5,0.0,1,0.0,0.5,0,1.0,0.0,1,0.26666668
0.44186047,0.725,0.5,1.0,0,0.6666667,0.34,0.5,1,0.25,0.0,1.0,1,0.0,0.33333334,1,0.5,0.0,1,0.31111112
0.3255814,0.525,0.5,1.0,1,0.5,0.8,1.0,1,0.125,0.0,0.5,0,1.0,0.33333334,0,1.0,1.0,0,0.2888889
0.5116279,0.75,1.0,1.0,0,0.5,0.74,1.0,1,0.125,0.0,0.5,1,0.0,0.33333334,0,0.0,0.0,0,0.37777779
0.5116279,0.9,0.5,1.0,0,0.33333334,0.4,0.5,1,0.125,0.5,0.5,1,0.0,0.33333334,0,0.0,0.0,1,0.35555556
0.6511628,0.925,0.5,1.0,1,0.8333333,0.84,0.5,1,0.25,0.0,0.5,1,1.0,0.6666667,0,0.0,0.5,0,0.44444445
0.627907,0.525,0.5,1.0,0,0.33333334,0.92,0.5,1,0.0,0.5,0.5,1,0.0,0.33333334,0,0.0,0.0,1,0.33333334
0.3488372,0.5,0.5,0.5,0,0.8333333,0.46,0.5,1,0.25,0.5,0.5,0,-1.0,0.6666667,0,0.5,0.0,1,0.24444444
0.55813956,0.275,0.5,1.0,1,0.5,0.04,1.0,1,0.375,0.0,0.5,0,0.0,0.5,0,0.0,0.0,1,0.26666668
0.30232558,0.925,0.5,0.5,1,0.5,0.5,1.0,1,0.125,0.5,0.5,1,1.0,0.6666667,0,0.5,0.0,0,0.33333334
0.53488374,0.45,1.0,1.0,1,0.6666667,0.74,0.5,1,0.25,0.5,0.5,1,0.0,0.5,0,0.0,0.0,1,0.35555556
0.37209302,0.125,0.5,0.5,0,0.33333334,0.22,0.5,1,0.625,0.0,0.5,1,1.0,0.6666667,0,0.0,0.0,0,0.2
0.30232558,0.425,0.5,0.5,0,0.6666667,0.1,1.0,1,0.25,1.0,1.0,0,0.0,0.6666667,0,0.0,0.0,1,0.22222222
0.4883721,0.125,0.5,0.5,1,0.5,0.28,1.0,1,0.125,0.5,1.0,0,-1.0,0.33333334,0,0.0,0.5,1,0.2
0.069767445,0.5,0.0,0.5,1,0.6666667,0.02,0.5,1,0.5,0.5,1.0,1,-1.0,0.8333333,0,0.0,0.0,1,0.15555556
0.18604651,0.55,1.0,0.0,1,0.33333334,0.72,0.5,1,0.25,0.0,1.0,0,-1.0,0.33333334,0,0.5,1.0,0,0.2
0.41860464,0.35,0.5,1.0,1,0.33333334,0.14,1.0,1,0.125,0.5,0.5,0,1.0,0.33333334,0,0.0,0.0,0,0.24444444
0.44186047,0.075,0.5,0.5,1,0.0,0.72,0.0,1,0.0,1.0,0.5,1,0.0,0.5,0,0.5,0.0,1,0.2
0.39534885,0.95,1.0,0.5,1,0.33333334,0.24,0.0,1,0.375,0.5,1.0,1,1.0,0.5,0,0.0,1.0,0,0.35555556
0.23255815,0.775,1.0,0.0,1,0.33333334,1.0,0.0,1,0.5,0.0,0.5,1,-1.0,0.33333334,0,1.0,0.0,1,0.2888889
0.3255814,0.85,0.5,0.5,1,0.33333334,0.54,0.0,1,0.375,1.0,1.0,0,0.0,0.6666667,0,0.5,0.0,0,0.33333334
0.4883721,0.375,1.0,0.5,0,0.5,0.04,1.0,1,0.0,0.0,0.5,0,0.0,0.5,0,0.5,0.0,0,0.24444444
0.5116279,0.75,0.5,0.5,0,0.5,0.78,0.0,1,0.25,1.0,0.5,1,1.0,0.6666667,0,0.5,0.5,0,0.35555556
0.44186047,0.475,0.5,0.5,1,0.6666667,0.42,0.5,1,0.125,0.5,1.0,1,0.0,0.5,0,0.5,0.0,0,0.2888889
0.60465115,0.2,0.0,0.0,1,0.6666667,0.6,1.0,1,0.375,0.5,0.5,1,1.0,0.6666667,1,0.0,0.0,1,0.24444444
0.4883721,0.125,0.0,0.5,0,0.6666667,0.96,1.0,1,0.5,0.5,0.5,0,0.0,0.5,0,0.0,0.0,0,0.24444444
0.3488372,0.35,0.0,1.0,0,0.6666667,0.52,0.5,1,0.625,0.0,0.5,1,-1.0,0.5,0,0.5,0.5,1,0.22222222
0.39534885,0.15,0.5,0.5,1,0.5,0.8,0.5,1,0.0,0.5,0.5,1,-1.0,0.6666667,0,1.0,0.0,1,0.2
0.25581396,1.0,0.0,0.5,1,0.5,0.3,0.5,1,0.125,0.0,0.5,0,1.0,0.33333334,0,0.0,0.0,1,0.26666668
0.41860464,0.05,0.5,0.5,1,0.6666667,0.72,0.0,1,0.125,1.0,0.5,1,1.0,0.5,0,0.5,0.0,1,0.22222222
0.60465115,0.45,0.5,0.5,1,0.6666667,0.1,0.0,1,0.375,1.0,0.5,1,0.0,0.33333334,0,1.0,0.5,1,0.31111112
0.53488374,0.45,1.0,0.5,1,0.16666667,0.9,0.0,1,0.125,0.0,0.5,0,1.0,0.33333334,0,0.5,0.0,1,0.31111112
0.627907,0.3,0.0,0.5,1,0.5,0.2,0.5,1,0.5,1.0,0.5,1,0.0,0.5,0,1.0,0.0,1,0.31111112
0.39534885,0.575,0.5,1.0,0,0.0,0.3,0.0,1,0.375,0.0,0.5,1,1.0,0.6666667,0,0.5,0.5,1,0.2888889
0.627907,0.15,0.5,0.0,1,0.0,0.96,0.5,1,0.0,0.5,1.0,1,1.0,0.5,0,0.0,0.0,0,0.26666668
0.41860464,0.775,0.5,0.0,0,0.33333334,0.16,1.0,1,0.25,0.0,1.0,1,1.0,0.5,0,0.5,0.5,1,0.2888889
0.6511628,0.325,0.0,0.0,1,0.5,0.26,0.5,1,0.125,0.0,0.5,1,-1.0,0.6666667,0,1.0,1.0,0,0.22222222
0.44186047,0.6,1.0,0.5,1,0.33333334,0.58,0.5,1,0.375,0.5,0.5,1,-1.0,0.5,0,0.5,0.5,1,0.31111112
0.53488374,0.725,0.5,0.0,0,0.0,0.98,1.0,1,0.125,1.0,1.0,0,1.0,0.5,0,1.0,0.0,1,0.4
0.6511628,0.9,1.0,0.5,0,0.6666667,0.7,0.0,1,0.375,1.0,0.5,1,0.0,0.5,0,1.0,0.0,1,0.46666667
0.41860464,0.825,0.5,1.0,1,0.33333334,0.12,0.5,1,0.0,0.0,1.0,0,-1.0,0.5,0,0.5,0.0,1,0.31111112
0.4651163,0.6,1.0,0.0,1,0.6666667,0.74,0.0,1,0.25,1.0,0.5,1,1.0,0.16666667,0,1.0,1.0,0,0.31111112
0.627907,0.4,0.5,0.5,1,0.33333334,0.42,0.5,1,0.375,0.0,0.5,0,1.0,0.33333334,0,0.0,1.0,0,0.2888889
0.41860464,0.5,1.0,1.0,1,0.33333334,1.0,0.5,1,0.125,0.5,0.5,1,1.0,0.5,0,0.0,0.0,1,0.33333334
0.25581396,0.775,0.5,0.0,1,0.6666667,0.62,0.0,1,0.0,0.0,0.0,1,1.0,0.6666667,0,0.0,0.5,1,0.2
0.74418604,0.875,0.0,0.0,1,0.33333334,0.54,0.0,1,0.25,1.0,1.0,0,1.0,0.5,0,0.0,0.5,0,0.4
0.37209302,0.1,0.5,0.5,1,0.5,0.56,1.0,1,0.125,0.5,0.5,1,1.0,0.5,0,0.0,0.0,1,0.2
0.4651163,0.375,0.5,0.0,1,0.5,0.64,0.5,1,0.125,0.5,0.5,1,-1.0,0.6666667,0,0.0,0.0,1,0.22222222
0.60465115,0.775,0.0,1.0,0,0.16666667,0.74,0.5,0,0.0,0.5,0.5,1,-1.0,0.5,0,0.0,0.0,0,0.31111112
0.3488372,0.425,0.5,0.0,1,0.6666667,0.08,0.5,0,0.0,0.5,0.5,1,-1.0,0.5,0,1.0,0.0,1,0.15555556
0.30232558,0.325,1.0,0.5,1,0.33333334,0.14,1.0,1,0.25,0.5,0.5,1,0.0,0.6666667,0,0.0,0.5,0,0.2
0.4883721,0.4,0.0,1.0,0,0.16666667,0.3,0.0,1,0.0,0.5,1.0,1,0.0,0.5,0,0.0,1.0,0,0.2
0.18604651,0.6,0.5,0.5,0,0.33333334,0.48,0.5,1,0.625,1.0,0.5,1,0.0,0.33333334,0,0.0,0.0,1,0.26666668
0.39534885,1.0,0.5,0.0,1,0.6666667,0.32,1.0,0,0.375,0.0,0.5,1,-1.0,0.5,0,0.5,0.0,1,0.31111112
0.4651163,0.5,0.5,0.0,1,0.16666667,0.22,0.5,1,0.25,1.0,0.5,1,1.0,0.5,0,0.0,0.0,1,0.26666668
0.39534885,0.2,0.0,1.0,0,0.6666667,0.92,0.5,1,0.125,1.0,0.5,1,0.0,0.5,0,0.0,0.5,1,0.22222222
0.23255815,0.175,0.5,1.0,0,0.6666667,0.04,1.0,1,0.375,1.0,1.0,1,-1.0,0.5,0,0.5,0.5,0,0.17777778
0.6744186,0.05,0.0,0.0,1,0.5,0.94,0.5,1,0.0,1.0,0.5,0,0.0,0.8333333,0,0.5,0.0,0,0.24444444
0.4651163,0.55,0.5,1.0,0,0.5,0.9,1.0,1,0.125,1.0,0.5,1,-1.0,0.5,0,0.0,0.0,1,0.33333334
0.6511628,0.55,0.5,1.0,0,0.5,0.68,0.0,1,0.125,0.0,0.5,0,1.0,0.33333334,0,0.0,0.0,1,0.33333334
0.39534885,0.2,1.0,1.0,1,0.6666667,0.04,1.0,1,0.0,1.0,1.0,1,1.0,0.5,0,0.5,0.0,1,0.26666668
0.3255814,0.7,0.0,0.5,1,0.33333334,0.22,0.5,1,0.0,1.0,0.5,1,0.0,0.6666667,1,1.0,1.0,1,0.22222222
0.4883721,0.75,0.0,1.0,0,0.16666667,0.98,0.5,1,0.125,0.0,0.0,0,1.0,0.33333334,0,0.5,0.0,0,0.33333334
0.41860464,0.25,0.5,0.5,1,0.5,0.9,1.0,0,0.0,0.5,1.0,0,1.0,0.5,0,0.5,0.0,0,0.24444444
0.27906978,0.35,0.5,1.0,1,0.6666667,0.96,1.0,1,0.125,1.0,1.0,1,-1.0,0.33333334,0,0.0,0.0,1,0.24444444
0.6511628,1.0,0.5,0.0,1,0.6666667,1.0,0.0,1,0.0,0.0,0.5,0,0.0,0.8333333,1,0.0,0.0,1,0.37777779
0.3488372,0.375,1.0,0.0,1,1.0,0.06,1.0,1,0.0,0.0,0.0,1,1.0,0.6666667,0,0.5,0.0,0,0.2
0.18604651,0.75,1.0,1.0,1,0.5,0.58,0.0,1,0.5,1.0,1.0,1,1.0,0.6666667,0,0.0,0.0,1,0.33333334
0.627907,0.45,0.5,1.0,0,0.5,0.84,0.0,1,0.125,0.5,1.0,1,1.0,0.5,0,1.0,0.5,0,0.35555556
0.37209302,0.8,0.5,0.5,0,0.5,0.32,0.0,1,0.25,0.0,0.5,1,-1.0,0.5,0,0.0,0.0,1,0.24444444
0.3488372,0.775,1.0,0.5,1,0.33333334,0.44,1.0,1,0.0,1.0,1.0,1,-1.0,0.33333334,0,1.0,0.0,0,0.33333334
0.18604651,0.675,0.0,0.5,1,0.33333334,0.28,0.5,1,0.125,1.0,0.5,1,0.0,0.33333334,0,0.0,0.0,0,0.2
0.6744186,0.85,0.5,0.0,0,0.16666667,0.04,0.0,0,0.375,1.0,0.5,0,0.0,0.33333334,0,1.0,0.5,0,0.33333334
0.25581396,0.95,0.5,0.0,1,0.0,0.08,0.5,1,0.25,0.5,1.0,0,0.0,0.5,0,0.0,0.0,0,0.26666668
0.44186047,0.575,0.5,0.0,0,0.33333334,0.02,0.0,1,0.25,0.5,0.5,1,0.0,0.6666667,0,0.0,0.5,0,0.22222222
0.55813956,0.225,1.0,0.5,0,0.5,0.52,0.5,1,0.125,1.0,0.5,1,1.0,0.33333334,0,0.0,0.0,0,0.2888889
0.5116279,0.4,1.0,0.5,0,0.6666667,0.62,0.5,1,0.375,0.0,1.0,1,1.0,0.33333334,0,0.0,0.0,0,0.31111112
0.44186047,0.75,0.5,0.0,1,0.33333334,0.3,0.0,1,0.375,0.0,0.5,1,-1.0,0.33333334,0,1.0,0.0,0,0.2888889
0.20930232,0.65,1.0,1.0,1,0.33333334,0.82,1.0,1,0.25,0.0,0.5,0,1.0,0.5,0,0.0,1.0,0,0.2888889
0.3255814,0.175,0.5,0.0,1,0.8333333,0.88,0.5,1,0.0,0.5,0.5,1,1.0,0.6666667,0,1.0,0.0,1,0.2
